ISO-10303-21;
HEADER;
FILE_DESCRIPTION (( 'STEP AP203' ),
    '1' );
FILE_NAME ('KleinBottle.STEP',
    '2019-07-27T18:16:51',
    ( '' ),
    ( '' ),
    'SwSTEP 2.0',
    'SolidWorks 2019',
    '' );
FILE_SCHEMA (( 'CONFIG_CONTROL_DESIGN' ));
ENDSEC;

DATA;
#1 = CARTESIAN_POINT ( 'NONE',  ( -12.30461438829069643, 10.15306706476067866, 1.506880662536266916E-15 ) ) ;
#2 = CARTESIAN_POINT ( 'NONE',  ( -35.62244566189049522, 74.61151667661569320, 20.29654063444031564 ) ) ;
#3 = CARTESIAN_POINT ( 'NONE',  ( -14.48155018532771265, 91.15695547926254960, 11.91096864956318591 ) ) ;
#4 = CARTESIAN_POINT ( 'NONE',  ( 0.0000000000000000000, 30.00000000000000000, -8.999999999999994671 ) ) ;
#5 = CARTESIAN_POINT ( 'NONE',  ( 9.250144553976072714, 110.1348626610737114, -5.459543247184132753 ) ) ;
#6 = CARTESIAN_POINT ( 'NONE',  ( -14.24698615946264724, 90.82676301480465497, -13.15956607445342463 ) ) ;
#7 = CARTESIAN_POINT ( 'NONE',  ( -30.83473273654141167, 74.63786608645470722, 25.07793015732878317 ) ) ;
#8 = CARTESIAN_POINT ( 'NONE',  ( -46.45531524098672094, 57.74839613087388557, 10.88576798256375433 ) ) ;
#9 = AXIS2_PLACEMENT_3D ( 'NONE', #1779, #2759, #2338 ) ;
#10 = ORIENTED_EDGE ( 'NONE', *, *, #1352, .F. ) ;
#11 = CARTESIAN_POINT ( 'NONE',  ( -56.89316250396849739, 75.15770121917870483, -9.504116058181724114 ) ) ;
#12 = DIRECTION ( 'NONE',  ( 0.1041366963596878498, 0.1495448406646489314, 0.9832557597603356347 ) ) ;
#13 = ADVANCED_FACE ( 'NONE', ( #2444 ), #560, .T. ) ;
#14 = CIRCLE ( 'NONE', #2217, 10.00000000000000178 ) ;
#15 = CARTESIAN_POINT ( 'NONE',  ( -22.41887471888016847, 0.5939137725713746763, 2.745520316496212001E-15 ) ) ;
#16 = CARTESIAN_POINT ( 'NONE',  ( -51.80876268788786376, 80.55073418368139926, 9.265606736001908317 ) ) ;
#17 = CIRCLE ( 'NONE', #1916, 9.000000000000001776 ) ;
#18 = CARTESIAN_POINT ( 'NONE',  ( -11.66248621688090736, 12.78624204773031359, 1.428242641560332584E-15 ) ) ;
#19 = CARTESIAN_POINT ( 'NONE',  ( -14.45546972135220187, 91.13219064946311221, 12.01230447823912684 ) ) ;
#20 = CARTESIAN_POINT ( 'NONE',  ( 0.0000000000000000000, 30.00000000000000000, 0.0000000000000000000 ) ) ;
#21 = FACE_OUTER_BOUND ( 'NONE', #2788, .T. ) ;
#22 = CARTESIAN_POINT ( 'NONE',  ( -9.248472523729004635, 110.1348626610737114, 0.1758699726582316492 ) ) ;
#23 = CARTESIAN_POINT ( 'NONE',  ( -14.35276123902993817, 91.01993851137572733, -12.45560439841454503 ) ) ;
#24 = CARTESIAN_POINT ( 'NONE',  ( -16.48861435244508300, 88.61737064443538259, -17.30253533442400027 ) ) ;
#25 = ORIENTED_EDGE ( 'NONE', *, *, #1269, .T. ) ;
#26 = CARTESIAN_POINT ( 'NONE',  ( -19.81543968750800389, 85.45331275402683957, 21.00159557303469882 ) ) ;
#27 = CARTESIAN_POINT ( 'NONE',  ( -45.97242586195491754, 65.99876892419990781, 1.912522215022914196 ) ) ;
#28 = ORIENTED_EDGE ( 'NONE', *, *, #2483, .T. ) ;
#29 = CARTESIAN_POINT ( 'NONE',  ( -47.70530082832512164, 53.97319232344376871, -13.34228230033580154 ) ) ;
#30 = DIRECTION ( 'NONE',  ( -0.0000000000000000000, 1.000000000000000000, -0.0000000000000000000 ) ) ;
#31 = CARTESIAN_POINT ( 'NONE',  ( -44.48713148111288973, 59.48600511389467727, -18.74963864738484176 ) ) ;
#32 = EDGE_CURVE ( 'NONE', #3137, #540, #861, .T. ) ;
#33 = CARTESIAN_POINT ( 'NONE',  ( -39.91529876385604325, 76.74071790569499285, 9.239467576021572981 ) ) ;
#34 = CARTESIAN_POINT ( 'NONE',  ( -15.82127902802891661, 91.91804525603252785, 7.675286594379762128 ) ) ;
#35 = CARTESIAN_POINT ( 'NONE',  ( -43.27868331660958745, 61.42056456528824526, -17.33148355261754503 ) ) ;
#36 = CARTESIAN_POINT ( 'NONE',  ( -28.14954242635965898, 83.91251744162704540, 1.421306837346465679 ) ) ;
#37 = CARTESIAN_POINT ( 'NONE',  ( -15.79817936513842191, 76.23661453321705039, 0.0008610205662259973972 ) ) ;
#38 = CARTESIAN_POINT ( 'NONE',  ( -19.23143110096320640, 72.26652132716947108, -8.760789808938071133 ) ) ;
#39 = CARTESIAN_POINT ( 'NONE',  ( -41.75107132689900169, 83.91487277298162439, -2.800642928455633562 ) ) ;
#40 = CARTESIAN_POINT ( 'NONE',  ( -29.10515912469078970, 76.37767117445471854, 25.08147637724344392 ) ) ;
#41 = CARTESIAN_POINT ( 'NONE',  ( -34.49012180166288033, 58.19963453386463215, 13.81199548889706818 ) ) ;
#42 = ORIENTED_EDGE ( 'NONE', *, *, #32, .T. ) ;
#43 = CARTESIAN_POINT ( 'NONE',  ( -59.45111360719733540, 71.67157660104589922, -6.698205161350860415 ) ) ;
#44 = DIRECTION ( 'NONE',  ( -1.000000000000000000, 0.0000000000000000000, 0.0000000000000000000 ) ) ;
#45 =( LENGTH_UNIT ( ) NAMED_UNIT ( * ) SI_UNIT ( .MILLI., .METRE. ) );
#46 = CARTESIAN_POINT ( 'NONE',  ( -11.08407426922550520, 17.05051159162364627, 22.16814853845101396 ) ) ;
#47 = CARTESIAN_POINT ( 'NONE',  ( -41.32186980544470600, 74.89287946456070699, 9.839988949259367956 ) ) ;
#48 = CARTESIAN_POINT ( 'NONE',  ( -16.05944095477832079, 92.01642010093306112, 6.839460704485839315 ) ) ;
#49 = CARTESIAN_POINT ( 'NONE',  ( 15.84226779065708435, 3.177435360218610061, 0.0000000000000000000 ) ) ;
#50 = CARTESIAN_POINT ( 'NONE',  ( -8.998373185182593659, 112.9799908217111977, 0.1711140560764235763 ) ) ;
#51 = CARTESIAN_POINT ( 'NONE',  ( -33.69551634283133268, 87.62369620801243286, -3.309496639594581513 ) ) ;
#52 = ORIENTED_EDGE ( 'NONE', *, *, #806, .F. ) ;
#53 = CARTESIAN_POINT ( 'NONE',  ( -33.71410307957605568, 87.32083165105467515, 4.109390618447334553 ) ) ;
#54 = CARTESIAN_POINT ( 'NONE',  ( -44.34456099385540995, 68.79020657011589890, 7.371709361326303167 ) ) ;
#55 = CARTESIAN_POINT ( 'NONE',  ( -38.29021041441985318, 163.1159673639782000, 0.0000000000000000000 ) ) ;
#56 = ORIENTED_EDGE ( 'NONE', *, *, #378, .F. ) ;
#57 = CARTESIAN_POINT ( 'NONE',  ( -46.50001741130112265, 67.21696994819234305, -8.226429361312025179 ) ) ;
#58 = CARTESIAN_POINT ( 'NONE',  ( -14.24095925742111035, 90.73416914713166648, -13.46964486699726926 ) ) ;
#59 = CARTESIAN_POINT ( 'NONE',  ( -40.33373173141988843, 84.14436790149164835, 1.048760777071621852 ) ) ;
#60 = CLOSED_SHELL ( 'NONE', ( #1480, #589, #3092, #1015, #1590, #156, #1266, #2441, #2632, #1865, #2594, #208, #2775, #1209, #336, #2011, #1119, #3006, #438, #571, #2582, #1775, #2154, #1525, #1406, #1733, #2252, #975, #787, #13, #1640, #2671, #2272, #1310, #2498, #2268, #1841, #2056, #143, #2114, #2904, #1287 ) ) ;
#61 = APPLICATION_PROTOCOL_DEFINITION ( 'international standard', 'config_control_design', 1994, #1690 ) ;
#62 = CARTESIAN_POINT ( 'NONE',  ( 15.24334744844122369, 3.907375199354365058, 0.0000000000000000000 ) ) ;
#63 = AXIS2_PLACEMENT_3D ( 'NONE', #915, #1899, #1654 ) ;
#64 = CARTESIAN_POINT ( 'NONE',  ( -41.00334443178511634, 75.32087280424950393, 9.728952431830311554 ) ) ;
#65 = AXIS2_PLACEMENT_3D ( 'NONE', #409, #854, #611 ) ;
#66 = CARTESIAN_POINT ( 'NONE',  ( 21.97267762108947409, 1.488848490817998194, 0.0000000000000000000 ) ) ;
#67 = CARTESIAN_POINT ( 'NONE',  ( -49.42206703340119134, 51.03031130214916544, 7.243606855441662162 ) ) ;
#68 = CARTESIAN_POINT ( 'NONE',  ( -43.27868331659215073, 61.42056456530794861, 17.33148355264304641 ) ) ;
#69 = TOROIDAL_SURFACE ( 'NONE', #1297, 44.33272143741645266, 10.00000000000000000 ) ;
#70 = CARTESIAN_POINT ( 'NONE',  ( -21.61601883378269306, 70.76765778098187809, -9.730836606974818892 ) ) ;
#71 = DIRECTION ( 'NONE',  ( -0.0000000000000000000, -0.0000000000000000000, -1.000000000000000000 ) ) ;
#72 = AXIS2_PLACEMENT_3D ( 'NONE', #82, #2723, #290 ) ;
#73 = EDGE_CURVE ( 'NONE', #1948, #2407, #2552, .T. ) ;
#74 = CARTESIAN_POINT ( 'NONE',  ( -51.26633289139277139, 80.94541426766407710, -8.994184437224504336 ) ) ;
#75 = CARTESIAN_POINT ( 'NONE',  ( -16.74124707341530538, 73.88960978211501640, 6.615367803577650641 ) ) ;
#76 = CARTESIAN_POINT ( 'NONE',  ( 0.0000000000000000000, 45.55931007230138619, 0.0000000000000000000 ) ) ;
#77 = CARTESIAN_POINT ( 'NONE',  ( -35.43966945280189407, 63.52944184540873351, -2.728161621870224263 ) ) ;
#78 = ORIENTED_EDGE ( 'NONE', *, *, #3159, .F. ) ;
#79 = CARTESIAN_POINT ( 'NONE',  ( -42.82165597213322883, 72.79758551940379618, -10.10937247696131003 ) ) ;
#80 = CARTESIAN_POINT ( 'NONE',  ( -15.84226779065708790, 3.177435360218610061, -31.68453558131416159 ) ) ;
#81 = CARTESIAN_POINT ( 'NONE',  ( -45.65511124289076150, 58.69072758528839273, 12.99351311120346075 ) ) ;
#82 = CARTESIAN_POINT ( 'NONE',  ( 0.0000000000000000000, 20.00000000000000355, 0.0000000000000000000 ) ) ;
#83 = CARTESIAN_POINT ( 'NONE',  ( -20.53382593412608870, 71.43817122779509532, 9.417343278255376759 ) ) ;
#84 = CARTESIAN_POINT ( 'NONE',  ( -46.16950278644129924, 56.60485011786713017, 16.51315991636726110 ) ) ;
#85 = CARTESIAN_POINT ( 'NONE',  ( 9.999999999999991118, 8.284271247461900245, -19.99999999999999289 ) ) ;
#86 = CARTESIAN_POINT ( 'NONE',  ( -15.79817936513843257, 76.23661453321705039, 0.0008610205662522708685 ) ) ;
#87 = CARTESIAN_POINT ( 'NONE',  ( -38.70100904875086201, 66.45874202129758146, -22.15161732505932335 ) ) ;
#88 = CARTESIAN_POINT ( 'NONE',  ( -12.81293605090225896, 97.70829599837496460, 0.2436522038814762370 ) ) ;
#89 = CARTESIAN_POINT ( 'NONE',  ( -20.53768013680980786, 71.43578963794092829, -9.418386977222445111 ) ) ;
#90 = CARTESIAN_POINT ( 'NONE',  ( -35.89444119565686719, 69.43639226212610538, -23.82093874719899418 ) ) ;
#91 = CARTESIAN_POINT ( 'NONE',  ( -15.64354708262360738, 74.69821776549521530, -4.785970867236423842 ) ) ;
#92 = DIRECTION ( 'NONE',  ( -0.0000000000000000000, 1.000000000000000000, -0.0000000000000000000 ) ) ;
#93 = CARTESIAN_POINT ( 'NONE',  ( -45.65670449369834927, 58.68886608848512765, 12.98984592757831003 ) ) ;
#94 = CC_DESIGN_PERSON_AND_ORGANIZATION_ASSIGNMENT ( #642, #3058, ( #2928 ) ) ;
#95 = EDGE_LOOP ( 'NONE', ( #1392, #2193, #2346, #967 ) ) ;
#96 = CARTESIAN_POINT ( 'NONE',  ( -38.63238268607963732, 69.49283932884006276, -21.47163409157694502 ) ) ;
#97 = CARTESIAN_POINT ( 'NONE',  ( 11.08407426922550876, 17.05051159162364627, -2.714815215063711442E-15 ) ) ;
#98 = CARTESIAN_POINT ( 'NONE',  ( -33.50222861771676008, 83.60636279178194741, 1.474591898946353563 ) ) ;
#99 = CARTESIAN_POINT ( 'NONE',  ( 19.60194514364727780, 90.73416914713162384, 0.0000000000000000000 ) ) ;
#100 = CARTESIAN_POINT ( 'NONE',  ( -54.86223683414502972, 77.60751645855930292, 10.00440661307881207 ) ) ;
#101 = CARTESIAN_POINT ( 'NONE',  ( -14.14213566318341364, -3.469446951953614189E-15, 1.731912117302519704E-15 ) ) ;
#102 = DIRECTION ( 'NONE',  ( -0.0000000000000000000, -1.000000000000000000, -0.0000000000000000000 ) ) ;
#103 = B_SPLINE_CURVE_WITH_KNOTS ( 'NONE', 3,
 ( #1793, #2316, #2771, #115, #1602, #356, #2755, #2580, #1349, #2335, #373, #2282, #81, #410, #3091, #2119 ),
 .UNSPECIFIED., .F., .F.,
 ( 4, 2, 2, 2, 2, 2, 2, 4 ),
 ( 0.01961919478256150817, 0.02206555951980632146, 0.02451192425705113476, 0.02940465373154075093, 0.03062783610016316105, 0.03185101846878556769, 0.03429738320603037405, 0.03919011268051997982 ),
 .UNSPECIFIED. ) ;
#104 = CARTESIAN_POINT ( 'NONE',  ( -39.88044327600664474, 65.18460715202991196, -21.20480627865802248 ) ) ;
#105 = CARTESIAN_POINT ( 'NONE',  ( -18.80755429274772084, 91.07739003064354222, 0.3576465249528668067 ) ) ;
#106 = CARTESIAN_POINT ( 'NONE',  ( -15.72451596806939378, 76.08338282797700458, 1.350133772224510365 ) ) ;
#107 = CARTESIAN_POINT ( 'NONE',  ( -37.78786909293410190, 67.43666320991637519, -22.79122552132144719 ) ) ;
#108 = CARTESIAN_POINT ( 'NONE',  ( -50.99313564903293639, 81.13692995540706931, -8.853297106878773803 ) ) ;
#109 = FACE_OUTER_BOUND ( 'NONE', #2662, .T. ) ;
#110 = CARTESIAN_POINT ( 'NONE',  ( -43.27868331659214363, 61.42056456530794151, 17.33148355264305351 ) ) ;
#111 = CARTESIAN_POINT ( 'NONE',  ( -35.13236183336472607, 63.66109340517311921, -3.364700995689285712 ) ) ;
#112 = ORIENTED_EDGE ( 'NONE', *, *, #315, .T. ) ;
#113 = CARTESIAN_POINT ( 'NONE',  ( -30.92439710391751362, 82.48552128046515008, -14.30885638542191884 ) ) ;
#114 = CARTESIAN_POINT ( 'NONE',  ( 17.69534827954809586, 1.619570076684997417, -35.39069655909620593 ) ) ;
#115 = CARTESIAN_POINT ( 'NONE',  ( -48.06099529469250342, 55.81936406377317184, 3.246522002420005659 ) ) ;
#116 = EDGE_CURVE ( 'NONE', #738, #1434, #1902, .T. ) ;
#117 = CARTESIAN_POINT ( 'NONE',  ( -46.62263551741875744, 67.02323967625770251, 8.069460228777780131 ) ) ;
#118 = CARTESIAN_POINT ( 'NONE',  ( 0.0000000000000000000, 20.00000000000000355, 0.0000000000000000000 ) ) ;
#119 = CARTESIAN_POINT ( 'NONE',  ( -15.57342203781532675, 74.80540531842714813, -4.549331061245817764 ) ) ;
#120 = CIRCLE ( 'NONE', #2468, 9.000000000000007105 ) ;
#121 = CARTESIAN_POINT ( 'NONE',  ( -38.29021041441978213, 114.1159673639782000, 0.0000000000000000000 ) ) ;
#122 = CARTESIAN_POINT ( 'NONE',  ( 12.81525250008625783, 97.70829599837496460, -3.157738827364031664E-15 ) ) ;
#123 = CARTESIAN_POINT ( 'NONE',  ( 20.81640068260460197, -3.469446951953614189E-15, 0.0000000000000000000 ) ) ;
#124 = AXIS2_PLACEMENT_3D ( 'NONE', #993, #230, #2688 ) ;
#125 = CARTESIAN_POINT ( 'NONE',  ( -30.71390097456202284, 65.69588279974091449, -7.935191723513675299 ) ) ;
#126 = TOROIDAL_SURFACE ( 'NONE', #1556, 44.33272143741645266, 9.000000000000001776 ) ;
#127 = CARTESIAN_POINT ( 'NONE',  ( -15.58162790787003438, 74.80264161393417055, -4.557897394280256975 ) ) ;
#128 = DIRECTION ( 'NONE',  ( 0.0000000000000000000, 0.0000000000000000000, -1.000000000000000000 ) ) ;
#129 = CARTESIAN_POINT ( 'NONE',  ( -20.00000000000001066, 91.65153076140052235, 2.449293598294707696E-15 ) ) ;
#130 = CIRCLE ( 'NONE', #991, 9.000000000000008882 ) ;
#131 = CARTESIAN_POINT ( 'NONE',  ( -46.68177707089611062, 55.72716785722138866, 15.61116081843174186 ) ) ;
#132 = ORIENTED_EDGE ( 'NONE', *, *, #2838, .T. ) ;
#133 = CARTESIAN_POINT ( 'NONE',  ( -35.30607057278054128, 75.14836351934346226, -20.10594319015329745 ) ) ;
#134 = CARTESIAN_POINT ( 'NONE',  ( -15.86859999207556804, 90.35294849348720447, -12.51962284066846642 ) ) ;
#135 = CARTESIAN_POINT ( 'NONE',  ( -29.17082869800644218, 85.30849585635115773, -9.695867517080687392 ) ) ;
#136 = CARTESIAN_POINT ( 'NONE',  ( -42.62691494931431890, 62.66950037147533692, 20.37471489942755554 ) ) ;
#137 = DIRECTION ( 'NONE',  ( 1.000000000000000000, 0.0000000000000000000, -1.224646799147353207E-16 ) ) ;
#138 = EDGE_CURVE ( 'NONE', #2736, #1535, #1859, .T. ) ;
#139 = CARTESIAN_POINT ( 'NONE',  ( -40.51138670898421879, 83.19564434062564828, 1.102182119232617714E-15 ) ) ;
#140 = CARTESIAN_POINT ( 'NONE',  ( -13.95086443972870605, 95.74422717311718145, 1.708488148145239526E-15 ) ) ;
#141 = CARTESIAN_POINT ( 'NONE',  ( -0.1041240495924383863, 102.2110523352603195, -10.95213067288955422 ) ) ;
#142 = CARTESIAN_POINT ( 'NONE',  ( -15.78703758700849846, 74.52572886612401248, 5.178442690381086955 ) ) ;
#143 = ADVANCED_FACE ( 'NONE', ( #885 ), #2027, .F. ) ;
#144 = CARTESIAN_POINT ( 'NONE',  ( -41.62889104923230832, 73.26346136270500153, -10.40204263255474437 ) ) ;
#145 = CARTESIAN_POINT ( 'NONE',  ( -53.61653946098096668, 78.92794240022156771, -9.873810284824534378 ) ) ;
#146 = CARTESIAN_POINT ( 'NONE',  ( -16.84623400612969135, 92.31317730489450923, -2.849667553880470994 ) ) ;
#147 = ORIENTED_EDGE ( 'NONE', *, *, #3049, .F. ) ;
#148 = CARTESIAN_POINT ( 'NONE',  ( -31.79668090444202377, 81.04551880418914322, -15.95754981588040344 ) ) ;
#149 = CARTESIAN_POINT ( 'NONE',  ( -42.83655302973286894, 71.29455573367671661, -9.399152214938998995 ) ) ;
#150 = CARTESIAN_POINT ( 'NONE',  ( -32.05855796837975902, 80.61011985838317173, 16.38992192780935397 ) ) ;
#151 = CARTESIAN_POINT ( 'NONE',  ( -11.00000000000000178, 18.52522561770877729, 1.347111479062088602E-15 ) ) ;
#152 = CARTESIAN_POINT ( 'NONE',  ( -43.57261396402991238, 61.05143435087523329, 19.65604224057154070 ) ) ;
#153 = CARTESIAN_POINT ( 'NONE',  ( -19.60194514364719964, 90.73416914713166648, 39.20389028729439929 ) ) ;
#154 = CARTESIAN_POINT ( 'NONE',  ( -14.63291250405037758, 90.36637944263851807, -14.28875019327226248 ) ) ;
#155 = CARTESIAN_POINT ( 'NONE',  ( -53.36412399298039588, 79.18553495196192671, 9.829862568458439753 ) ) ;
#156 = ADVANCED_FACE ( 'NONE', ( #1464 ), #1151, .T. ) ;
#157 = CARTESIAN_POINT ( 'NONE',  ( -15.59626079154972800, 75.75958737801717291, -2.424061185440060662 ) ) ;
#158 = CARTESIAN_POINT ( 'NONE',  ( -17.01518134785180791, 92.37245299629427109, -0.2353487010225743248 ) ) ;
#159 = VERTEX_POINT ( 'NONE', #2269 ) ;
#160 = CARTESIAN_POINT ( 'NONE',  ( -37.79137466102765330, 67.43155582206090060, 22.77421429043073076 ) ) ;
#161 = CARTESIAN_POINT ( 'NONE',  ( -9.999999999999992895, 8.284271247461902021, 1.224646799147352665E-15 ) ) ;
#162 = CARTESIAN_POINT ( 'NONE',  ( -42.64131689848566253, 62.64504421040115290, 20.39908350822692640 ) ) ;
#163 = DATE_TIME_ROLE ( 'classification_date' ) ;
#164 = CARTESIAN_POINT ( 'NONE',  ( -50.05114515795708030, 49.95167105455678325, 1.376058526130755411 ) ) ;
#165 = CARTESIAN_POINT ( 'NONE',  ( -8.999999999999998224, 115.8257569495584107, 17.99999999999999645 ) ) ;
#166 =( BOUNDED_SURFACE ( )  B_SPLINE_SURFACE ( 3, 2, ( 
 ( #2090, #3042, #2544 ),
 ( #325, #805, #2300 ),
 ( #3057, #855, #2021 ),
 ( #1557, #2561, #1538 ),
 ( #2791, #98, #59 ),
 ( #820, #580, #1081 ) ),
 .UNSPECIFIED., .F., .F., .F. ) 
 B_SPLINE_SURFACE_WITH_KNOTS ( ( 4, 2, 4 ),
 ( 3, 3 ),
 ( -1.908195823574487804E-16, 0.004719179142107277763, 0.009438358284214746347 ),
 ( 0.0000000000000000000, 1.000000000000000000 ),
 .UNSPECIFIED. ) 
 GEOMETRIC_REPRESENTATION_ITEM ( )  RATIONAL_B_SPLINE_SURFACE ( (
 ( 1.000000000000000000, 0.9453847718495781427, 1.000000000000000000),
 ( 1.000000000000000000, 0.9458668792048747775, 1.000000000000000000),
 ( 1.000000000000000000, 0.9461011433176381713, 1.000000000000000000),
 ( 1.000000000000000000, 0.9461011433176381713, 1.000000000000000000),
 ( 1.000000000000000000, 0.9458668792048743335, 1.000000000000000000),
 ( 1.000000000000000000, 0.9453847718495782537, 1.000000000000000000) ) ) 
 REPRESENTATION_ITEM ( '' )  SURFACE ( )  );
#167 = CARTESIAN_POINT ( 'NONE',  ( 17.69534827954810297, 1.619570076684997417, 0.0000000000000000000 ) ) ;
#168 = DIRECTION ( 'NONE',  ( 0.0000000000000000000, 0.0000000000000000000, -1.000000000000000000 ) ) ;
#169 = CIRCLE ( 'NONE', #63, 9.999999999999998224 ) ;
#170 = CARTESIAN_POINT ( 'NONE',  ( -47.97860273902422534, 55.91983298340942810, -4.045407274975314493 ) ) ;
#171 = CARTESIAN_POINT ( 'NONE',  ( -15.58271410237860444, 75.71716145552977650, -2.536392158346942871 ) ) ;
#172 = AXIS2_PLACEMENT_3D ( 'NONE', #2970, #2422, #773 ) ;
#173 = CARTESIAN_POINT ( 'NONE',  ( -16.97647137531255979, 92.35892071139727477, -1.364675889688169663 ) ) ;
#174 = EDGE_CURVE ( 'NONE', #2430, #2376, #1672, .T. ) ;
#175 = CIRCLE ( 'NONE', #2521, 21.97267762108947053 ) ;
#176 = ORIENTED_EDGE ( 'NONE', *, *, #2654, .T. ) ;
#177 = CARTESIAN_POINT ( 'NONE',  ( -28.07997172755534621, 86.96452041033795410, -4.697815889759579200 ) ) ;
#178 = CARTESIAN_POINT ( 'NONE',  ( -14.14213566318341542, -3.469446951953614189E-15, 1.731912117302519704E-15 ) ) ;
#179 = CARTESIAN_POINT ( 'NONE',  ( 16.59247315451354865, 92.69986550085179999, 0.0000000000000000000 ) ) ;
#180 = EDGE_LOOP ( 'NONE', ( #2918, #1240, #638, #1426 ) ) ;
#181 = CARTESIAN_POINT ( 'NONE',  ( -49.73889997224297588, 50.48707594323270342, -5.295113930285879178 ) ) ;
#182 = CARTESIAN_POINT ( 'NONE',  ( 18.04718298784626640, 91.54474346039792465, 36.09436597569252569 ) ) ;
#183 = CARTESIAN_POINT ( 'NONE',  ( -47.40602982774751695, 82.87720263068376880, 6.662659570766098938 ) ) ;
#184 = CARTESIAN_POINT ( 'NONE',  ( -58.60477871965530738, 72.86406797998108686, 8.044594977144484460 ) ) ;
#185 = CARTESIAN_POINT ( 'NONE',  ( -15.54944243181843788, 75.59867160984356360, -2.832363466740082103 ) ) ;
#186 = CARTESIAN_POINT ( 'NONE',  ( 10.00000000000000178, 115.8257569495584249, -2.449293598294706907E-15 ) ) ;
#187 = ORIENTED_EDGE ( 'NONE', *, *, #708, .T. ) ;
#188 = CARTESIAN_POINT ( 'NONE',  ( -28.68933503054497081, 86.05348803598967322, -7.879824283640441962 ) ) ;
#189 = CARTESIAN_POINT ( 'NONE',  ( -43.27868331660970114, 61.42056456528833053, -17.33148355261757700 ) ) ;
#190 = EDGE_LOOP ( 'NONE', ( #755, #1093, #273, #1861, #2623, #2752 ) ) ;
#191 = CARTESIAN_POINT ( 'NONE',  ( -59.94581157350526013, 70.96132900292006696, 5.604448294018761878 ) ) ;
#192 = CARTESIAN_POINT ( 'NONE',  ( -15.90113068190875012, 93.38763986676970319, 31.80226136381750024 ) ) ;
#193 = CARTESIAN_POINT ( 'NONE',  ( -15.56497203098496129, 75.65688820165590300, 2.689784453143003962 ) ) ;
#194 = CARTESIAN_POINT ( 'NONE',  ( -15.79817936513842191, 76.23661453321705039, 0.0008610205662259973972 ) ) ;
#195 = CARTESIAN_POINT ( 'NONE',  ( -37.79137466101464327, 67.43155582202906828, 22.77421429048277091 ) ) ;
#196 = CARTESIAN_POINT ( 'NONE',  ( -15.59694324154409983, 75.76166512942803877, -2.418464549301094113 ) ) ;
#197 = CARTESIAN_POINT ( 'NONE',  ( -31.46749606009142397, 65.32996410229029038, -7.425170265419660964 ) ) ;
#198 = FACE_OUTER_BOUND ( 'NONE', #3103, .T. ) ;
#199 = ORIENTED_EDGE ( 'NONE', *, *, #2391, .F. ) ;
#200 = CARTESIAN_POINT ( 'NONE',  ( -34.60503581517446037, 82.55818609646978246, -4.207170245410155829 ) ) ;
#201 = CARTESIAN_POINT ( 'NONE',  ( -16.65897424492543877, 75.02329442459020470, -5.258189538204629976 ) ) ;
#202 = CARTESIAN_POINT ( 'NONE',  ( 0.0000000000000000000, 91.65153076140050814, 0.0000000000000000000 ) ) ;
#203 = EDGE_LOOP ( 'NONE', ( #2149, #1809, #904, #2879, #1722, #594 ) ) ;
#204 = CARTESIAN_POINT ( 'NONE',  ( -48.07298232317855735, 64.70596095413954174, 5.211204437699005432 ) ) ;
#205 = DIRECTION ( 'NONE',  ( -1.000000000000000000, 0.0000000000000000000, 0.0000000000000000000 ) ) ;
#206 = CARTESIAN_POINT ( 'NONE',  ( -15.49741786443713032, 75.26085326379512708, 3.591623400074961392 ) ) ;
#207 = DIRECTION ( 'NONE',  ( -0.0000000000000000000, 1.000000000000000000, -0.0000000000000000000 ) ) ;
#208 = ADVANCED_FACE ( 'NONE', ( #810 ), #2617, .T. ) ;
#209 = CARTESIAN_POINT ( 'NONE',  ( -88.29021041441981765, 114.1159673639782000, 0.0000000000000000000 ) ) ;
#210 = CARTESIAN_POINT ( 'NONE',  ( -15.63733595450644742, 75.87576439919710936, -2.093657417113265140 ) ) ;
#211 = CARTESIAN_POINT ( 'NONE',  ( -30.79817276831049355, 65.65494666133768931, -7.878125229660349227 ) ) ;
#212 = CIRCLE ( 'NONE', #1550, 10.00000000000000888 ) ;
#213 = ORIENTED_EDGE ( 'NONE', *, *, #2189, .T. ) ;
#214 = CARTESIAN_POINT ( 'NONE',  ( -39.60307616425259880, 65.48693402076699499, 21.45812279418377244 ) ) ;
#215 = CARTESIAN_POINT ( 'NONE',  ( -46.04895261611596169, 65.86482472163893931, 0.9537798468657757711 ) ) ;
#216 = ORIENTED_EDGE ( 'NONE', *, *, #1161, .F. ) ;
#217 = CIRCLE ( 'NONE', #667, 10.00000000000000178 ) ;
#218 = CARTESIAN_POINT ( 'NONE',  ( -48.65826581787656124, 63.75939698041575809, -2.831624470910310443 ) ) ;
#219 = CARTESIAN_POINT ( 'NONE',  ( 20.74453695970511191, 1.023516902891065117, -41.48907391941024514 ) ) ;
#220 = CARTESIAN_POINT ( 'NONE',  ( -15.52681182896598777, 75.49842871069826344, 3.067595826690618033 ) ) ;
#221 = CIRCLE ( 'NONE', #369, 20.00000000000000355 ) ;
#222 = CARTESIAN_POINT ( 'NONE',  ( 0.0000000000000000000, 30.00000000000000000, 0.0000000000000000000 ) ) ;
#223 = EDGE_CURVE ( 'NONE', #2527, #2736, #2370, .T. ) ;
#224 = CARTESIAN_POINT ( 'NONE',  ( -33.71115748418208824, 87.77102560446604684, 2.822392534889455629 ) ) ;
#225 = ORIENTED_EDGE ( 'NONE', *, *, #294, .F. ) ;
#226 = CARTESIAN_POINT ( 'NONE',  ( -29.79673363234752159, 75.68467659306678286, 25.11150123765390418 ) ) ;
#227 = CARTESIAN_POINT ( 'NONE',  ( -34.80051983397795112, 63.80586009790003033, 3.901831247797908020 ) ) ;
#228 = ORIENTED_EDGE ( 'NONE', *, *, #970, .T. ) ;
#229 = CARTESIAN_POINT ( 'NONE',  ( -57.93943430298389075, 73.77251399057894332, -8.733138978947632580 ) ) ;
#230 = DIRECTION ( 'NONE',  ( -0.0000000000000000000, -0.0000000000000000000, -1.000000000000000000 ) ) ;
#231 = CARTESIAN_POINT ( 'NONE',  ( -48.39439059097844620, 52.79211096284201687, -11.46726824330027128 ) ) ;
#232 = DIRECTION ( 'NONE',  ( 0.0000000000000000000, 0.0000000000000000000, -1.000000000000000000 ) ) ;
#233 = CARTESIAN_POINT ( 'NONE',  ( -14.81869311088263252, 91.40857885282507311, 10.78321383483286056 ) ) ;
#234 = CARTESIAN_POINT ( 'NONE',  ( -10.00000000000000178, 115.8257569495584249, 1.836970198721030772E-15 ) ) ;
#235 = CARTESIAN_POINT ( 'NONE',  ( -15.70338365195079966, 74.61737302871475208, 4.967033202405505499 ) ) ;
#236 = CARTESIAN_POINT ( 'NONE',  ( -14.80487258386881422, 91.40013606713503691, -10.82531602100519130 ) ) ;
#237 = EDGE_CURVE ( 'NONE', #337, #3137, #2251, .T. ) ;
#238 = CARTESIAN_POINT ( 'NONE',  ( -48.48211077974755057, 82.50423308571929226, -7.363308729387230578 ) ) ;
#239 = CARTESIAN_POINT ( 'NONE',  ( -36.85032146450209467, 68.42955831039193981, 23.32918564248049265 ) ) ;
#240 = CARTESIAN_POINT ( 'NONE',  ( -35.48365736813298810, 63.51075488833900096, -2.554500812693634604 ) ) ;
#241 = EDGE_LOOP ( 'NONE', ( #450, #28, #407, #537 ) ) ;
#242 = CARTESIAN_POINT ( 'NONE',  ( -48.07969507833417566, 64.69517486620473790, -5.197037325864988233 ) ) ;
#243 = DIRECTION ( 'NONE',  ( 0.0000000000000000000, 0.0000000000000000000, 1.000000000000000000 ) ) ;
#244 = CARTESIAN_POINT ( 'NONE',  ( -41.32314767008571721, 64.89878527432048827, -21.05544146753274504 ) ) ;
#245 = CARTESIAN_POINT ( 'NONE',  ( -56.44822186172456213, 75.71913909340160842, 9.695624010538180571 ) ) ;
#246 = CARTESIAN_POINT ( 'NONE',  ( -15.24334744844122369, 3.907375199354365058, 1.866771666102451906E-15 ) ) ;
#247 = CARTESIAN_POINT ( 'NONE',  ( -49.84164053508091285, 81.86158972425943148, 8.209481383921030329 ) ) ;
#248 = CARTESIAN_POINT ( 'NONE',  ( -14.57597504761212903, 91.23667541408171644, 11.57214578033575236 ) ) ;
#249 = DIRECTION ( 'NONE',  ( 1.224646799147353207E-16, -0.0000000000000000000, 1.000000000000000000 ) ) ;
#250 = CARTESIAN_POINT ( 'NONE',  ( -41.02600931898643211, 84.00046410262864072, 2.188679222039802141 ) ) ;
#251 = CARTESIAN_POINT ( 'NONE',  ( -14.24095925742117075, 90.73416914713165227, 13.46964486699720531 ) ) ;
#252 = CARTESIAN_POINT ( 'NONE',  ( -15.24949891944918257, 91.65053195831409028, -9.483535609896653895 ) ) ;
#253 = CARTESIAN_POINT ( 'NONE',  ( -33.70082741526168491, 87.70347486952881866, -3.059867617598196254 ) ) ;
#254 = ORIENTED_EDGE ( 'NONE', *, *, #1176, .F. ) ;
#255 = CARTESIAN_POINT ( 'NONE',  ( -24.95934709020718145, 68.77601492908645753, 9.952988345883071020 ) ) ;
#256 = CARTESIAN_POINT ( 'NONE',  ( -35.85602270325175311, 63.35230497005586869, -1.302182102218551796 ) ) ;
#257 = EDGE_CURVE ( 'NONE', #2387, #2601, #947, .T. ) ;
#258 = TOROIDAL_SURFACE ( 'NONE', #1912, 40.00000000000001421, 9.000000000000001776 ) ;
#259 = VERTEX_POINT ( 'NONE', #828 ) ;
#260 = CARTESIAN_POINT ( 'NONE',  ( -44.04434983303331563, 60.24400448826317245, -19.21094696823355363 ) ) ;
#261 = CARTESIAN_POINT ( 'NONE',  ( -35.97807572843743174, 63.30068552412508609, 1.235561127405971822E-12 ) ) ;
#262 = CARTESIAN_POINT ( 'NONE',  ( -45.07435972945172153, 58.48053769988211315, -18.06355865760663804 ) ) ;
#263 = CIRCLE ( 'NONE', #1812, 9.000000000000001776 ) ;
#264 = CARTESIAN_POINT ( 'NONE',  ( -16.26745956551777894, 92.09814895199622242, 6.033656671097139323 ) ) ;
#265 = CARTESIAN_POINT ( 'NONE',  ( -38.29021041441982476, 145.1159673639781715, 0.0000000000000000000 ) ) ;
#266 = APPROVAL_PERSON_ORGANIZATION ( #2107, #500, #1142 ) ;
#267 = CARTESIAN_POINT ( 'NONE',  ( -5.547235488988197183, 110.1348626610737114, -9.197823936510031828 ) ) ;
#268 = CARTESIAN_POINT ( 'NONE',  ( -15.71600032368253252, 76.06460502815932045, 1.432532123767529253 ) ) ;
#269 = CARTESIAN_POINT ( 'NONE',  ( -34.22145165774893627, 85.75743511763468518, -6.752503741888211231 ) ) ;
#270 = VERTEX_POINT ( 'NONE', #1609 ) ;
#271 = CARTESIAN_POINT ( 'NONE',  ( -35.25664519677192743, 70.10820130688686902, 24.14920928202470662 ) ) ;
#272 = CARTESIAN_POINT ( 'NONE',  ( -35.50709234853522389, 63.50063997231914215, 2.555121069900634367 ) ) ;
#273 = ORIENTED_EDGE ( 'NONE', *, *, #1080, .T. ) ;
#274 = CARTESIAN_POINT ( 'NONE',  ( -47.37826903214126872, 54.53365278300056218, -14.11976712485197361 ) ) ;
#275 = CARTESIAN_POINT ( 'NONE',  ( -18.92844170756269406, 1.095297274017316358, 2.318065555001391382E-15 ) ) ;
#276 = CARTESIAN_POINT ( 'NONE',  ( -49.54841227256311953, 50.81369480907508773, -6.608368374513314158 ) ) ;
#277 = MECHANICAL_CONTEXT ( 'NONE', #598, 'mechanical' ) ;
#278 = CARTESIAN_POINT ( 'NONE',  ( -15.23564529896185782, 91.64345643415629183, 9.525271946583734106 ) ) ;
#279 = CARTESIAN_POINT ( 'NONE',  ( -29.79673363236738481, 75.68467659308245743, 25.11150123761140307 ) ) ;
#280 = CARTESIAN_POINT ( 'NONE',  ( -5.397225860587662183, 115.8257569495584107, -8.949094248803714180 ) ) ;
#281 = CARTESIAN_POINT ( 'NONE',  ( -15.59846515291008373, 75.76628114679587611, 2.405994617404041414 ) ) ;
#282 = ORIENTED_EDGE ( 'NONE', *, *, #2315, .T. ) ;
#283 = CARTESIAN_POINT ( 'NONE',  ( -37.16604417582419728, 68.09565023271110817, 23.15267807294619118 ) ) ;
#284 = CARTESIAN_POINT ( 'NONE',  ( 10.00000000000000178, 115.8257569495584249, 0.0000000000000000000 ) ) ;
#285 = CARTESIAN_POINT ( 'NONE',  ( -35.97807572843743174, 63.30068552412508609, 1.235561127405971822E-12 ) ) ;
#286 = ORIENTED_EDGE ( 'NONE', *, *, #2870, .F. ) ;
#287 = CARTESIAN_POINT ( 'NONE',  ( -47.71834462160069279, 65.27659231526634187, -6.146019004288513443 ) ) ;
#288 = CARTESIAN_POINT ( 'NONE',  ( 15.84226779065708435, 3.177435360218610061, -3.880236508212681747E-15 ) ) ;
#289 = CARTESIAN_POINT ( 'NONE',  ( -47.37268108826788904, 54.54323871872258422, -14.14443939572622178 ) ) ;
#290 = DIRECTION ( 'NONE',  ( 0.0000000000000000000, 0.0000000000000000000, -1.000000000000000000 ) ) ;
#291 = CARTESIAN_POINT ( 'NONE',  ( 11.41531168535118468, 14.18095978761979126, 0.0000000000000000000 ) ) ;
#292 = CARTESIAN_POINT ( 'NONE',  ( -32.86940819012305326, 79.25724020956235449, 17.61622159512986130 ) ) ;
#293 = CARTESIAN_POINT ( 'NONE',  ( -15.14304425183163794, 91.59541502143373748, 9.803190409713840481 ) ) ;
#294 = EDGE_CURVE ( 'NONE', #943, #1980, #1522, .T. ) ;
#295 = CARTESIAN_POINT ( 'NONE',  ( 9.999999999999998224, 20.00000000000000355, 0.0000000000000000000 ) ) ;
#296 = SPHERICAL_SURFACE ( 'NONE', #884, 49.24433110364409316 ) ;
#297 = CARTESIAN_POINT ( 'NONE',  ( -6.568199363069642693, 102.2110523352603195, -10.89067544389234676 ) ) ;
#298 = CARTESIAN_POINT ( 'NONE',  ( -15.64713849714675220, 75.90129509935869123, 2.015384128416828791 ) ) ;
#299 = ORIENTED_EDGE ( 'NONE', *, *, #1058, .F. ) ;
#300 = DIRECTION ( 'NONE',  ( 0.0000000000000000000, 1.000000000000000000, 0.0000000000000000000 ) ) ;
#301 = DIRECTION ( 'NONE',  ( -0.0000000000000000000, -0.0000000000000000000, -1.000000000000000000 ) ) ;
#302 = VERTEX_POINT ( 'NONE', #209 ) ;
#303 = CARTESIAN_POINT ( 'NONE',  ( -41.23367175595247858, 75.01770990443286280, -9.825961422625764996 ) ) ;
#304 = CARTESIAN_POINT ( 'NONE',  ( -20.38207899584355332, 84.94833508924838839, -7.933113883328849703 ) ) ;
#305 = CARTESIAN_POINT ( 'NONE',  ( 22.41887471888016492, 0.5939137725713728999, 0.0000000000000000000 ) ) ;
#306 = AXIS2_PLACEMENT_3D ( 'NONE', #2947, #2256, #767 ) ;
#307 = CARTESIAN_POINT ( 'NONE',  ( -38.29021041441978213, 114.1159673639782000, 1.102182119232617911E-15 ) ) ;
#308 = AXIS2_PLACEMENT_3D ( 'NONE', #2751, #1788, #2032 ) ;
#309 = CARTESIAN_POINT ( 'NONE',  ( -38.60685322801565889, 78.33007781134899972, 8.389252151468834739 ) ) ;
#310 = DIRECTION ( 'NONE',  ( 0.0000000000000000000, 0.0000000000000000000, -1.000000000000000000 ) ) ;
#311 = CIRCLE ( 'NONE', #2122, 10.00000000000000888 ) ;
#312 = CARTESIAN_POINT ( 'NONE',  ( -15.76933734004975740, 76.18219152138128436, -0.9161606402299599106 ) ) ;
#313 = CARTESIAN_POINT ( 'NONE',  ( -33.60778552763741089, 83.47616756769181734, 2.207428366723639179 ) ) ;
#314 = CARTESIAN_POINT ( 'NONE',  ( -35.24566294865734051, 70.11437345351869510, -24.09892810268345542 ) ) ;
#315 = EDGE_CURVE ( 'NONE', #673, #2407, #984, .T. ) ;
#316 = CARTESIAN_POINT ( 'NONE',  ( 10.95262562556356478, 102.2110523352603195, -6.464367440320556213 ) ) ;
#317 = CARTESIAN_POINT ( 'NONE',  ( -37.16554369935227697, 68.09753900436955121, -23.16708189615476954 ) ) ;
#318 = CARTESIAN_POINT ( 'NONE',  ( -15.50112630579062234, 75.31586869303637855, -3.473095631423114948 ) ) ;
#319 = SPHERICAL_SURFACE ( 'NONE', #1607, 50.24433110364409316 ) ;
#320 = DIRECTION ( 'NONE',  ( 0.4758096084059330044, 0.5378046566137407725, 0.6959679359519150843 ) ) ;
#321 = CARTESIAN_POINT ( 'NONE',  ( -18.92844170756269406, 1.095297274017316358, 2.318065555001391382E-15 ) ) ;
#322 = VERTEX_POINT ( 'NONE', #2382 ) ;
#323 = CARTESIAN_POINT ( 'NONE',  ( -38.97952267827389505, 77.88842068770468074, -8.654181152433659818 ) ) ;
#324 = CARTESIAN_POINT ( 'NONE',  ( -11.00000000000000000, 20.00000000000000355, 1.347111479062088405E-15 ) ) ;
#325 = CARTESIAN_POINT ( 'NONE',  ( -27.80068668106603980, 87.36672219731268285, -2.250403608067971462 ) ) ;
#326 = CARTESIAN_POINT ( 'NONE',  ( -46.81582014510061640, 66.71726068484778693, 7.802849728414703812 ) ) ;
#327 = CARTESIAN_POINT ( 'NONE',  ( -38.29021041441978213, 114.1159673639782000, 1.102182119232617911E-15 ) ) ;
#328 = CARTESIAN_POINT ( 'NONE',  ( -15.60766674928694897, 75.81680637554154600, -2.298571329926755613 ) ) ;
#329 = CARTESIAN_POINT ( 'NONE',  ( -15.99463849187517717, 89.08397793876780213, -16.58383366788847013 ) ) ;
#330 = CARTESIAN_POINT ( 'NONE',  ( 12.81525250008625250, 97.70829599837497881, -7.563711554943388649 ) ) ;
#331 = CARTESIAN_POINT ( 'NONE',  ( -18.53649965591498727, 72.71356403400068302, -8.317773737966794201 ) ) ;
#332 = CARTESIAN_POINT ( 'NONE',  ( -37.90483524896205836, 79.24128287866604126, -10.84892818143545590 ) ) ;
#333 = CARTESIAN_POINT ( 'NONE',  ( -52.84819818471334685, 79.65911363599740014, -9.663272431317176725 ) ) ;
#334 = CARTESIAN_POINT ( 'NONE',  ( -27.74213158124184631, 87.45044210978255705, 1.924956698055934944E-11 ) ) ;
#335 = CARTESIAN_POINT ( 'NONE',  ( 1.224646799147350495E-15, 20.00000000000000355, 9.999999999999976907 ) ) ;
#336 = ADVANCED_FACE ( 'NONE', ( #1639 ), #258, .F. ) ;
#337 = VERTEX_POINT ( 'NONE', #2425 ) ;
#338 = CARTESIAN_POINT ( 'NONE',  ( -39.91133041606865817, 76.74011328527039666, -9.225450084538504569 ) ) ;
#339 =( BOUNDED_CURVE ( )  B_SPLINE_CURVE ( 3, ( #1340, #2323, #123, #1118 ),
 .UNSPECIFIED., .F., .T. ) 
 B_SPLINE_CURVE_WITH_KNOTS ( ( 4, 4 ),
 ( 6.038874701480452245, 6.283185307179586232 ),
 .UNSPECIFIED. ) 
 CURVE ( )  GEOMETRIC_REPRESENTATION_ITEM ( )  RATIONAL_B_SPLINE_CURVE ( ( 1.000000000000000000, 0.9950322093539780699, 0.9950322093539780699, 1.000000000000000000 ) ) 
 REPRESENTATION_ITEM ( '' )  );
#340 = CARTESIAN_POINT ( 'NONE',  ( 17.69534827954810297, 1.619570076684997417, -4.334110326069241473E-15 ) ) ;
#341 = CARTESIAN_POINT ( 'NONE',  ( -21.62671770916059444, 0.1989596473990740688, 43.25343541832119598 ) ) ;
#342 = PERSON_AND_ORGANIZATION_ROLE ( 'classification_officer' ) ;
#343 = CARTESIAN_POINT ( 'NONE',  ( -45.34288759668741875, 58.02065140281094813, 17.70153588157934621 ) ) ;
#344 = DIRECTION ( 'NONE',  ( 0.0000000000000000000, -1.000000000000000000, 0.0000000000000000000 ) ) ;
#345 = CARTESIAN_POINT ( 'NONE',  ( -15.89591059071746315, 74.45284956128472231, -5.367188376428471130 ) ) ;
#346 = CARTESIAN_POINT ( 'NONE',  ( -41.29492094982230554, 63.64296299056472606, -19.91437731842349734 ) ) ;
#347 = CARTESIAN_POINT ( 'NONE',  ( -15.89825643801910005, 93.38763986676970319, 0.3023229963536303022 ) ) ;
#348 = CARTESIAN_POINT ( 'NONE',  ( -40.85310193166690595, 74.51163158897284688, -10.73848749788785639 ) ) ;
#349 = CARTESIAN_POINT ( 'NONE',  ( -57.49130067607355699, 74.37598513585908222, -9.132779744506592579 ) ) ;
#350 = CARTESIAN_POINT ( 'NONE',  ( 10.00000000000000178, 103.7349440686690087, 0.0000000000000000000 ) ) ;
#351 = CARTESIAN_POINT ( 'NONE',  ( -11.08407426922550876, 17.05051159162364627, 1.357407607531855721E-15 ) ) ;
#352 = ORIENTED_EDGE ( 'NONE', *, *, #1501, .T. ) ;
#353 = CARTESIAN_POINT ( 'NONE',  ( -54.43805857471225806, 78.08298711552878046, -10.00617410515745220 ) ) ;
#354 = CARTESIAN_POINT ( 'NONE',  ( 11.41531168535117935, 14.18095978761978948, -22.83062337070236936 ) ) ;
#355 = EDGE_CURVE ( 'NONE', #673, #1201, #212, .T. ) ;
#356 = CARTESIAN_POINT ( 'NONE',  ( -47.65055111859241777, 56.31831261547691980, 6.425738754227666938 ) ) ;
#357 = COORDINATED_UNIVERSAL_TIME_OFFSET ( 5, 0, .BEHIND. ) ;
#358 = CARTESIAN_POINT ( 'NONE',  ( -42.30223270589435458, 63.22484026667639512, 20.57670793317212343 ) ) ;
#359 = CARTESIAN_POINT ( 'NONE',  ( -17.01515374860822760, 92.37244342549278997, 0.002778284018757558663 ) ) ;
#360 = CARTESIAN_POINT ( 'NONE',  ( -33.71115748418213798, 87.77102560446608948, -2.822392534889445415 ) ) ;
#361 = AXIS2_PLACEMENT_3D ( 'NONE', #1671, #881, #1883 ) ;
#362 = CARTESIAN_POINT ( 'NONE',  ( -9.000000000000005329, 112.9799908217111977, 1.102182119232618503E-15 ) ) ;
#363 = CARTESIAN_POINT ( 'NONE',  ( 18.04718298784626640, 91.54474346039792465, -4.499439015814843401E-15 ) ) ;
#364 = CARTESIAN_POINT ( 'NONE',  ( -15.52426735037431804, 75.48529326413509466, 3.097608685300240694 ) ) ;
#365 = CARTESIAN_POINT ( 'NONE',  ( -39.00239717932665684, 66.13456141870084082, -21.92533487567743222 ) ) ;
#366 = AXIS2_PLACEMENT_3D ( 'NONE', #76, #521, #1292 ) ;
#367 = CARTESIAN_POINT ( 'NONE',  ( -15.72717888074042314, 74.59361677152730863, -5.022958118662693927 ) ) ;
#368 = CARTESIAN_POINT ( 'NONE',  ( -15.48709327521250678, 91.76756678430650993, -8.756507645473400103 ) ) ;
#369 = AXIS2_PLACEMENT_3D ( 'NONE', #2386, #1887, #2400 ) ;
#370 = EDGE_LOOP ( 'NONE', ( #2618, #1966, #2703, #1937 ) ) ;
#371 = CARTESIAN_POINT ( 'NONE',  ( -52.79160352056767636, 79.71012125059544928, -9.643772011305037140 ) ) ;
#372 = DIRECTION ( 'NONE',  ( 0.0000000000000000000, 0.0000000000000000000, -1.000000000000000000 ) ) ;
#373 = CARTESIAN_POINT ( 'NONE',  ( -46.32796513013408202, 57.89910343674629445, 11.25248822375507451 ) ) ;
#374 = CALENDAR_DATE ( 2019, 27, 7 ) ;
#375 = CARTESIAN_POINT ( 'NONE',  ( -17.92608924831437278, 73.11018437513941137, 7.839312707861823881 ) ) ;
#376 = CARTESIAN_POINT ( 'NONE',  ( -55.07671560130511068, 77.36457081672625691, 9.996650878792815220 ) ) ;
#377 = CARTESIAN_POINT ( 'NONE',  ( -10.95262562556356656, 102.2110523352603195, 1.341309791460569986E-15 ) ) ;
#378 = EDGE_CURVE ( 'NONE', #2017, #1204, #2009, .T. ) ;
#379 = CARTESIAN_POINT ( 'NONE',  ( -35.89444119566113756, 69.43639226215078963, -23.82093874716797899 ) ) ;
#380 = CARTESIAN_POINT ( 'NONE',  ( -56.22690464913753772, 75.99514171507722438, 9.776781386232345383 ) ) ;
#381 = CARTESIAN_POINT ( 'NONE',  ( -59.07792053410023669, 72.20096155825150674, -7.353018087679428660 ) ) ;
#382 = CARTESIAN_POINT ( 'NONE',  ( 10.00000000000000178, 103.7349440686690087, -2.449293598294706513E-15 ) ) ;
#383 = ORIENTED_EDGE ( 'NONE', *, *, #1161, .T. ) ;
#384 = CARTESIAN_POINT ( 'NONE',  ( -28.64633820162775635, 66.74988085734182164, 8.994006160692340046 ) ) ;
#385 = DIRECTION ( 'NONE',  ( 1.218569110023228254E-17, -0.9950371902099891530, 0.09950371902099802712 ) ) ;
#386 = CARTESIAN_POINT ( 'NONE',  ( -38.28048612357446245, 70.09222103321128827, 21.39363435520340317 ) ) ;
#387 = CARTESIAN_POINT ( 'NONE',  ( -48.19278981975867993, 53.13765743294995758, 12.02624117764194445 ) ) ;
#388 = CARTESIAN_POINT ( 'NONE',  ( -32.61885433216590258, 64.78617607563307956, 6.490147209054315525 ) ) ;
#389 = CARTESIAN_POINT ( 'NONE',  ( 20.74453695970512257, 1.023516902891065117, 41.48907391941023803 ) ) ;
#390 = EDGE_CURVE ( 'NONE', #2407, #2601, #2361, .T. ) ;
#391 = B_SPLINE_CURVE_WITH_KNOTS ( 'NONE', 3,
 ( #66, #1255, #1944, #1701, #2486, #2253, #1033, #49, #1221, #2006, #2678, #463, #1852, #827, #1608, #844, #1103, #1836 ),
 .UNSPECIFIED., .F., .F.,
 ( 4, 2, 2, 2, 2, 2, 2, 2, 4 ),
 ( 0.0000000000000000000, 0.1250000000000000000, 0.2500000000000000000, 0.3750000000000000000, 0.5000000000000000000, 0.6250000000000000000, 0.7500000000000000000, 0.8750000000000000000, 1.000000000000000000 ),
 .UNSPECIFIED. ) ;
#392 = CARTESIAN_POINT ( 'NONE',  ( -47.11914360292642812, 56.95797747983258574, -8.690752682039965649 ) ) ;
#393 = CARTESIAN_POINT ( 'NONE',  ( -17.01504368543579560, 92.37240525825879445, 0.9524046070774426775 ) ) ;
#394 = CARTESIAN_POINT ( 'NONE',  ( -16.07922720661783700, 92.02432473767531462, -6.766433613024935845 ) ) ;
#395 = EDGE_CURVE ( 'NONE', #1434, #1437, #169, .T. ) ;
#396 = EDGE_LOOP ( 'NONE', ( #1711, #939, #1258, #1756, #2965, #1615 ) ) ;
#397 = CARTESIAN_POINT ( 'NONE',  ( -39.74199929003933107, 76.29265477449257560, 11.02243589588356620 ) ) ;
#398 = FACE_OUTER_BOUND ( 'NONE', #2861, .T. ) ;
#399 = CARTESIAN_POINT ( 'NONE',  ( 18.81095450825035087, 91.07739003064354222, 0.0000000000000000000 ) ) ;
#400 = PERSON_AND_ORGANIZATION_ROLE ( 'creator' ) ;
#401 = CARTESIAN_POINT ( 'NONE',  ( -49.97384401567081369, 50.08422135183961643, -2.661904196138654033 ) ) ;
#402 = CARTESIAN_POINT ( 'NONE',  ( 12.81525250008625605, 97.70829599837496460, 25.63050500017250855 ) ) ;
#403 = CARTESIAN_POINT ( 'NONE',  ( -27.51381401970091289, 83.46682089626671086, 0.002004656657565308253 ) ) ;
#404 = CARTESIAN_POINT ( 'NONE',  ( -47.90723587121799198, 82.72088779370710654, 6.990297247676663162 ) ) ;
#405 = CARTESIAN_POINT ( 'NONE',  ( -15.55328041971588782, 75.61367621413961615, -2.796081011625606294 ) ) ;
#406 = CARTESIAN_POINT ( 'NONE',  ( -15.89673267653268773, 91.94997512174697363, -7.418451625815793093 ) ) ;
#407 = ORIENTED_EDGE ( 'NONE', *, *, #481, .F. ) ;
#408 = CARTESIAN_POINT ( 'NONE',  ( -29.34844040841347024, 85.02942249962173094, -10.28196081294425923 ) ) ;
#409 = CARTESIAN_POINT ( 'NONE',  ( 0.0000000000000000000, 30.00000000000000000, 0.0000000000000000000 ) ) ;
#410 = CARTESIAN_POINT ( 'NONE',  ( -44.74534590127230160, 59.74949523007088459, 14.96993632973220834 ) ) ;
#411 = LOCAL_TIME ( 14, 16, 51.00000000000000000, #1351 ) ;
#412 = ORIENTED_EDGE ( 'NONE', *, *, #970, .F. ) ;
#413 = CARTESIAN_POINT ( 'NONE',  ( -49.41391280887200566, 51.04428971289551242, 7.265428249215622358 ) ) ;
#414 = CARTESIAN_POINT ( 'NONE',  ( -18.81095450825035087, 91.07739003064354222, 2.303677522743526535E-15 ) ) ;
#415 = CARTESIAN_POINT ( 'NONE',  ( 9.999999999999998224, 103.7349440686690087, 19.99999999999999645 ) ) ;
#416 = CARTESIAN_POINT ( 'NONE',  ( -38.29021041441978213, 114.1159673639782000, 0.0000000000000000000 ) ) ;
#417 = CARTESIAN_POINT ( 'NONE',  ( -44.03674473956667867, 60.56037444606195663, -16.16763208338831603 ) ) ;
#418 = CARTESIAN_POINT ( 'NONE',  ( -15.77103918517893177, 76.18239587203990482, -0.7996742215385209684 ) ) ;
#419 = CARTESIAN_POINT ( 'NONE',  ( -14.92430114138569586, 91.47320161313324149, -10.45984737962526623 ) ) ;
#420 = ORIENTED_EDGE ( 'NONE', *, *, #2518, .T. ) ;
#421 = CARTESIAN_POINT ( 'NONE',  ( -42.83655302972202605, 71.29455573369428123, 9.399152214949614503 ) ) ;
#422 = CARTESIAN_POINT ( 'NONE',  ( -44.03539375718850124, 60.56191513053872910, -16.16983781065858850 ) ) ;
#423 = CARTESIAN_POINT ( 'NONE',  ( -32.87285162968526464, 79.25147148960461152, 17.62087530437086969 ) ) ;
#424 = EDGE_CURVE ( 'NONE', #1409, #1921, #1750, .T. ) ;
#425 = EDGE_LOOP ( 'NONE', ( #2312, #439, #286, #1629, #10 ) ) ;
#426 = CARTESIAN_POINT ( 'NONE',  ( -48.83773950317467438, 63.46789726026420908, -1.143132147189624082 ) ) ;
#427 = CARTESIAN_POINT ( 'NONE',  ( -10.95262562556356301, 102.2110523352603195, 21.90525125112712956 ) ) ;
#428 = CARTESIAN_POINT ( 'NONE',  ( -15.56119362737041278, 75.64326820070793644, 2.723601247444967122 ) ) ;
#429 = CARTESIAN_POINT ( 'NONE',  ( 20.74453695970512257, 1.023516902891064895, 0.0000000000000000000 ) ) ;
#430 = CARTESIAN_POINT ( 'NONE',  ( -14.26123018295575307, 90.86228416489835524, 13.03380743559584332 ) ) ;
#431 = CARTESIAN_POINT ( 'NONE',  ( -15.54398578099595696, 75.57682140647473545, -2.884858826804438614 ) ) ;
#432 = CARTESIAN_POINT ( 'NONE',  ( -14.49858295449038970, 91.17204299933177936, -11.84792260190126356 ) ) ;
#433 = ORIENTED_EDGE ( 'NONE', *, *, #2518, .F. ) ;
#434 = CARTESIAN_POINT ( 'NONE',  ( -35.88857110563684927, 81.30165825866869511, -5.895909103770772042 ) ) ;
#435 = CARTESIAN_POINT ( 'NONE',  ( -45.66899252171194235, 66.52745360336369629, -3.769877986872769426 ) ) ;
#436 = CARTESIAN_POINT ( 'NONE',  ( 0.0000000000000000000, 30.00000000000000000, 0.0000000000000000000 ) ) ;
#437 = CARTESIAN_POINT ( 'NONE',  ( -28.68631724246704096, 66.72829761911960134, 8.981264406889104990 ) ) ;
#438 = ADVANCED_FACE ( 'NONE', ( #2628 ), #1419, .T. ) ;
#439 = ORIENTED_EDGE ( 'NONE', *, *, #237, .F. ) ;
#440 = CARTESIAN_POINT ( 'NONE',  ( -48.44048970579495972, 64.11230577656000662, 3.941376201633155940 ) ) ;
#441 = DIRECTION ( 'NONE',  ( -0.0000000000000000000, -1.000000000000000000, -0.0000000000000000000 ) ) ;
#442 = DIRECTION ( 'NONE',  ( -0.0000000000000000000, -1.000000000000000000, -0.0000000000000000000 ) ) ;
#443 = CARTESIAN_POINT ( 'NONE',  ( 14.14213566318341364, -3.469446951953614189E-15, 0.0000000000000000000 ) ) ;
#444 = CARTESIAN_POINT ( 'NONE',  ( -13.90433454570115046, 94.29651742646719015, 1.702789879566688199E-15 ) ) ;
#445 = DIRECTION ( 'NONE',  ( 0.0000000000000000000, 0.0000000000000000000, 1.000000000000000000 ) ) ;
#446 =( BOUNDED_SURFACE ( )  B_SPLINE_SURFACE ( 3, 3, ( 
 ( #1439, #2721, #2937, #1727 ),
 ( #2705, #2228, #2952, #757 ),
 ( #1741, #507, #219, #2182 ),
 ( #1697, #1505, #3152, #2482 ),
 ( #275, #2668, #1263, #961 ),
 ( #1939, #1555, #114, #340 ),
 ( #1332, #1758, #524, #839 ),
 ( #1079, #80, #2071, #288 ),
 ( #2314, #2299, #1111, #1588 ),
 ( #2036, #3005, #2738, #3024 ),
 ( #2560, #3041, #1521, #3056 ),
 ( #1570, #2770, #2754, #2020 ),
 ( #804, #1095, #1792, #2989 ),
 ( #1832, #1278, #2281, #2806 ),
 ( #1046, #2089, #354, #2053 ),
 ( #558, #819, #2529, #97 ),
 ( #596, #1348, #2790, #2543 ),
 ( #324, #2495, #2261, #2333 ) ),
 .UNSPECIFIED., .F., .F., .F. ) 
 B_SPLINE_SURFACE_WITH_KNOTS ( ( 4, 2, 2, 2, 2, 2, 2, 2, 4 ),
 ( 4, 4 ),
 ( 0.0000000000000000000, 0.1250000000000000000, 0.2500000000000000000, 0.3750000000000000000, 0.5000000000000000000, 0.6250000000000000000, 0.7500000000000000000, 0.8750000000000000000, 1.000000000000000000 ),
 ( 0.0000000000000000000, 1.000000000000000000 ),
 .UNSPECIFIED. ) 
 GEOMETRIC_REPRESENTATION_ITEM ( )  RATIONAL_B_SPLINE_SURFACE ( (
 ( 1.000000000000000000, 0.3333333333333334259, 0.3333333333333334259, 1.000000000000000000),
 ( 1.000000000000000000, 0.3333333333333334259, 0.3333333333333334259, 1.000000000000000000),
 ( 1.000000000000000000, 0.3333333333333334259, 0.3333333333333334259, 1.000000000000000000),
 ( 1.000000000000000000, 0.3333333333333334259, 0.3333333333333334259, 1.000000000000000000),
 ( 1.000000000000000000, 0.3333333333333334259, 0.3333333333333334259, 1.000000000000000000),
 ( 1.000000000000000000, 0.3333333333333334259, 0.3333333333333334259, 1.000000000000000000),
 ( 1.000000000000000000, 0.3333333333333334259, 0.3333333333333334259, 1.000000000000000000),
 ( 1.000000000000000000, 0.3333333333333334259, 0.3333333333333334259, 1.000000000000000000),
 ( 1.000000000000000000, 0.3333333333333334259, 0.3333333333333334259, 1.000000000000000000),
 ( 1.000000000000000000, 0.3333333333333334259, 0.3333333333333334259, 1.000000000000000000),
 ( 1.000000000000000000, 0.3333333333333334259, 0.3333333333333334259, 1.000000000000000000),
 ( 1.000000000000000000, 0.3333333333333334259, 0.3333333333333334259, 1.000000000000000000),
 ( 1.000000000000000000, 0.3333333333333334259, 0.3333333333333334259, 1.000000000000000000),
 ( 1.000000000000000000, 0.3333333333333334259, 0.3333333333333334259, 1.000000000000000000),
 ( 1.000000000000000000, 0.3333333333333334259, 0.3333333333333334259, 1.000000000000000000),
 ( 1.000000000000000000, 0.3333333333333334259, 0.3333333333333334259, 1.000000000000000000),
 ( 1.000000000000000000, 0.3333333333333334259, 0.3333333333333334259, 1.000000000000000000),
 ( 1.000000000000000000, 0.3333333333333334259, 0.3333333333333334259, 1.000000000000000000) ) ) 
 REPRESENTATION_ITEM ( '' )  SURFACE ( )  );
#447 = CARTESIAN_POINT ( 'NONE',  ( -15.52374299620235298, 75.48252456542979871, -3.103919860148912413 ) ) ;
#448 = CARTESIAN_POINT ( 'NONE',  ( -14.57584437070617511, 91.23685643027624792, -11.57187283308268100 ) ) ;
#449 = AXIS2_PLACEMENT_3D ( 'NONE', #121, #2060, #2321 ) ;
#450 = ORIENTED_EDGE ( 'NONE', *, *, #424, .T. ) ;
#451 = CARTESIAN_POINT ( 'NONE',  ( -21.65470075016780527, 83.68933240829778697, 22.49564334885399575 ) ) ;
#452 = CARTESIAN_POINT ( 'NONE',  ( -45.95684883202381599, 58.33956291216378531, -12.33777114147959608 ) ) ;
#453 = AXIS2_PLACEMENT_3D ( 'NONE', #1249, #12, #2001 ) ;
#454 = ORIENTED_EDGE ( 'NONE', *, *, #3108, .F. ) ;
#455 = CIRCLE ( 'NONE', #1703, 50.24433110364409316 ) ;
#456 = CARTESIAN_POINT ( 'NONE',  ( -59.62972852089714593, 71.41629735323165562, -6.339834326949484122 ) ) ;
#457 = DIRECTION ( 'NONE',  ( 0.0000000000000000000, 0.0000000000000000000, -1.000000000000000000 ) ) ;
#458 = CARTESIAN_POINT ( 'NONE',  ( -38.62527641415434942, 69.50495446230404184, -21.47087727826851733 ) ) ;
#459 = CARTESIAN_POINT ( 'NONE',  ( -13.61112125455437649, 6.663431988327886302, 27.22224250910875298 ) ) ;
#460 = CARTESIAN_POINT ( 'NONE',  ( -30.91870145317647101, 82.49486712284185330, 14.29699172490945358 ) ) ;
#461 = CARTESIAN_POINT ( 'NONE',  ( -16.25207639449734032, 92.09217001144027392, 6.096742672850502309 ) ) ;
#462 = EDGE_CURVE ( 'NONE', #302, #2177, #1652, .T. ) ;
#463 = CARTESIAN_POINT ( 'NONE',  ( 12.69960888379111275, 8.914741298072964781, 0.0000000000000000000 ) ) ;
#464 = CARTESIAN_POINT ( 'NONE',  ( -9.352273033656818058, 110.1348626610737114, -5.282686422764696133 ) ) ;
#465 = CARTESIAN_POINT ( 'NONE',  ( -14.23836735959520183, 90.77996876020593220, -13.31878120466327964 ) ) ;
#466 = CARTESIAN_POINT ( 'NONE',  ( -22.96358359020878126, 82.42168138591553372, -23.23374694656150297 ) ) ;
#467 =( BOUNDED_SURFACE ( )  B_SPLINE_SURFACE ( 3, 3, ( 
 ( #927, #695, #1194, #2125 ),
 ( #1685, #415, #3126, #3096 ),
 ( #1636, #2608, #677, #444 ),
 ( #1914, #2126, #2412, #2855 ) ),
 .UNSPECIFIED., .F., .F., .F. ) 
 B_SPLINE_SURFACE_WITH_KNOTS ( ( 4, 4 ),
 ( 4, 4 ),
 ( 0.0000000000000000000, 1.000000000000000000 ),
 ( 0.0000000000000000000, 1.000000000000000000 ),
 .UNSPECIFIED. ) 
 GEOMETRIC_REPRESENTATION_ITEM ( )  RATIONAL_B_SPLINE_SURFACE ( (
 ( 1.000000000000000000, 0.3333333333333334259, 0.3333333333333334259, 1.000000000000000000),
 ( 0.8537519759938320130, 0.2845839919979440968, 0.2845839919979440968, 0.8537519759938320130),
 ( 0.8537519759938320130, 0.2845839919979440968, 0.2845839919979440968, 0.8537519759938320130),
 ( 1.000000000000000000, 0.3333333333333334259, 0.3333333333333334259, 1.000000000000000000) ) ) 
 REPRESENTATION_ITEM ( '' )  SURFACE ( )  );
#468 = CARTESIAN_POINT ( 'NONE',  ( -44.96715718514657567, 83.46942651821559878, -5.057550534648252771 ) ) ;
#469 = CARTESIAN_POINT ( 'NONE',  ( -19.21670668834928364, 86.02566288349871115, 20.45586934856962813 ) ) ;
#470 = CARTESIAN_POINT ( 'NONE',  ( -48.06269400409136949, 55.81729256275377082, 3.228135132461735335 ) ) ;
#471 = ORIENTED_EDGE ( 'NONE', *, *, #1352, .T. ) ;
#472 = CARTESIAN_POINT ( 'NONE',  ( -46.68496132379156904, 55.72171277629237807, -15.60615335344264132 ) ) ;
#473 = DIRECTION ( 'NONE',  ( 1.000000000000000000, 1.040834085586083468E-15, 0.0000000000000000000 ) ) ;
#474 = CARTESIAN_POINT ( 'NONE',  ( 21.62671770916060154, 0.1989596473990740688, -5.297018123717381370E-15 ) ) ;
#475 = CARTESIAN_POINT ( 'NONE',  ( -46.47833120734295420, 57.72285534992983713, -10.93116808982595067 ) ) ;
#476 = CARTESIAN_POINT ( 'NONE',  ( 15.24334744844122369, 3.907375199354365058, 30.48669489688244028 ) ) ;
#477 = CARTESIAN_POINT ( 'NONE',  ( -54.08008996691128800, 78.45290014189848193, 9.951316214893109802 ) ) ;
#478 = CARTESIAN_POINT ( 'NONE',  ( -16.27403813337819471, 92.10070523160149492, 6.006499370111687774 ) ) ;
#479 = DIRECTION ( 'NONE',  ( 1.000000000000000000, 0.0000000000000000000, 0.0000000000000000000 ) ) ;
#480 = DIRECTION ( 'NONE',  ( 0.0000000000000000000, 0.0000000000000000000, 1.000000000000000000 ) ) ;
#481 = EDGE_CURVE ( 'NONE', #1138, #1190, #2166, .T. ) ;
#482 = CARTESIAN_POINT ( 'NONE',  ( -15.78993174731230908, 74.53118864373359997, 5.169884776001063997 ) ) ;
#483 = CARTESIAN_POINT ( 'NONE',  ( -14.43836634416841846, 91.11595853958365865, -12.07873524418892863 ) ) ;
#484 = CARTESIAN_POINT ( 'NONE',  ( -18.04109432703506855, 87.14735836279864145, -19.33444607304815577 ) ) ;
#485 = EDGE_CURVE ( 'NONE', #2376, #2601, #1941, .T. ) ;
#486 = CARTESIAN_POINT ( 'NONE',  ( -50.16713384486727278, 81.67443746630058854, -8.403281410341167046 ) ) ;
#487 = CARTESIAN_POINT ( 'NONE',  ( -39.42587282692738171, 76.79861609788881083, 11.04915219986263963 ) ) ;
#488 = CARTESIAN_POINT ( 'NONE',  ( -47.97965308614629976, 55.91855601502172135, 4.037228415163740536 ) ) ;
#489 = ORIENTED_EDGE ( 'NONE', *, *, #2537, .T. ) ;
#490 = CARTESIAN_POINT ( 'NONE',  ( -45.08308377398070377, 58.46559809890967330, -18.05247287048133842 ) ) ;
#491 = CARTESIAN_POINT ( 'NONE',  ( -35.97807572843731805, 63.30068552412526373, 0.3507206957925880775 ) ) ;
#492 = CARTESIAN_POINT ( 'NONE',  ( -20.00000009524667632, -3.469446951953614189E-15, -40.00000019049333844 ) ) ;
#493 = CARTESIAN_POINT ( 'NONE',  ( -41.15624434289000533, 74.21877636610393836, 0.0000000000000000000 ) ) ;
#494 = CARTESIAN_POINT ( 'NONE',  ( 12.69960888379111275, 8.914741298072964781, 25.39921776758222194 ) ) ;
#495 = CARTESIAN_POINT ( 'NONE',  ( -43.37425175772697372, 71.99391157453078449, 10.08355959931622436 ) ) ;
#496 = CARTESIAN_POINT ( 'NONE',  ( -16.78204833690528730, 92.29031973186528148, 3.353867505465784049 ) ) ;
#497 = CARTESIAN_POINT ( 'NONE',  ( 0.0000000000000000000, 115.8257569495584249, 0.0000000000000000000 ) ) ;
#498 = CARTESIAN_POINT ( 'NONE',  ( -0.09722304340249179888, 104.7498357589306863, -10.22625877429790009 ) ) ;
#499 = CARTESIAN_POINT ( 'NONE',  ( -20.72565175438067442, 84.58064116497335760, -21.74931250919015469 ) ) ;
#500 = APPROVAL ( #2074, 'UNSPECIFIED' ) ;
#501 = ORIENTED_EDGE ( 'NONE', *, *, #2208, .T. ) ;
#502 = CARTESIAN_POINT ( 'NONE',  ( -28.06531038300341763, 67.05634047349657578, 9.225542756554157009 ) ) ;
#503 = CARTESIAN_POINT ( 'NONE',  ( -47.33228945556858491, 56.70352664838240031, 7.942709292808093124 ) ) ;
#504 = AXIS2_PLACEMENT_3D ( 'NONE', #1651, #1179, #205 ) ;
#505 = EDGE_LOOP ( 'NONE', ( #771, #1273, #1007, #1586, #2223, #2650 ) ) ;
#506 = CARTESIAN_POINT ( 'NONE',  ( -46.29484988761936393, 67.54026732211382011, -8.469535272254598013 ) ) ;
#507 = CARTESIAN_POINT ( 'NONE',  ( -20.74453695970512612, 1.023516902891065117, -41.48907391941023803 ) ) ;
#508 = CONICAL_SURFACE ( 'NONE', #172, 8.999999999999994671, 0.09966865249116041436 ) ;
#509 = CARTESIAN_POINT ( 'NONE',  ( -20.00000009524667632, -3.469446951953614189E-15, 2.449293609959059843E-15 ) ) ;
#510 = PERSON_AND_ORGANIZATION ( #1933, #2841 ) ;
#511 = CIRCLE ( 'NONE', #1655, 10.00000000000000888 ) ;
#512 = CARTESIAN_POINT ( 'NONE',  ( 11.08407426922550876, 17.05051159162364627, 22.16814853845101396 ) ) ;
#513 = CARTESIAN_POINT ( 'NONE',  ( -14.91043135309853618, 91.46493737776125954, 10.50198834488011812 ) ) ;
#514 = CIRCLE ( 'NONE', #2279, 11.00000000000000000 ) ;
#515 = FACE_OUTER_BOUND ( 'NONE', #2159, .T. ) ;
#516 = CARTESIAN_POINT ( 'NONE',  ( -15.50713326252762059, 75.44154879285427739, 3.217812843392184874 ) ) ;
#517 = CARTESIAN_POINT ( 'NONE',  ( -15.68460591466683240, 75.99303446484886138, 1.709378637982605253 ) ) ;
#518 = CARTESIAN_POINT ( 'NONE',  ( -17.74013919691031660, 73.23099233822861720, -7.704109147042722761 ) ) ;
#519 = VERTEX_POINT ( 'NONE', #2994 ) ;
#520 = CARTESIAN_POINT ( 'NONE',  ( -34.42042641639827849, 85.30020065278397112, 7.344239626493976658 ) ) ;
#521 = DIRECTION ( 'NONE',  ( 1.224646799147353207E-16, -0.0000000000000000000, 1.000000000000000000 ) ) ;
#522 = ORIENTED_EDGE ( 'NONE', *, *, #2960, .F. ) ;
#523 = CARTESIAN_POINT ( 'NONE',  ( -59.51197393216204290, 71.58473865911693679, -6.580069666497991854 ) ) ;
#524 = CARTESIAN_POINT ( 'NONE',  ( 17.06908240175222247, 2.033223015840947223, -34.13816480350445204 ) ) ;
#525 = EDGE_CURVE ( 'NONE', #1980, #3147, #615, .T. ) ;
#526 = CARTESIAN_POINT ( 'NONE',  ( -22.41887471888017203, 0.5939137725713728999, -44.83774943776032273 ) ) ;
#527 = DIRECTION ( 'NONE',  ( 0.0000000000000000000, 0.0000000000000000000, -1.000000000000000000 ) ) ;
#528 = CARTESIAN_POINT ( 'NONE',  ( 12.30461438829069643, 10.15306706476067866, 0.0000000000000000000 ) ) ;
#529 = CARTESIAN_POINT ( 'NONE',  ( -48.59653734711100270, 82.44618484814942860, 7.433155185654834796 ) ) ;
#530 = CARTESIAN_POINT ( 'NONE',  ( -16.83811052702603916, 92.31029157188102374, 2.917596588319331108 ) ) ;
#531 = DIRECTION ( 'NONE',  ( -1.000000000000000000, 0.0000000000000000000, 0.0000000000000000000 ) ) ;
#532 = CARTESIAN_POINT ( 'NONE',  ( -50.05211927435395580, 49.95000070117318813, 1.346492027846292627 ) ) ;
#533 = CARTESIAN_POINT ( 'NONE',  ( -15.07798611375464404, 89.94775251791413950, 15.08544304273671344 ) ) ;
#534 = CARTESIAN_POINT ( 'NONE',  ( 16.59247315451354154, 92.69986550085179999, -9.793071258099468324 ) ) ;
#535 = CARTESIAN_POINT ( 'NONE',  ( -15.66636403717151360, 75.94966676426145114, 1.860713939480457935 ) ) ;
#536 = CARTESIAN_POINT ( 'NONE',  ( -23.62196888759605073, 81.78246004135836245, -23.57650800448164574 ) ) ;
#537 = ORIENTED_EDGE ( 'NONE', *, *, #1388, .F. ) ;
#538 = DIRECTION ( 'NONE',  ( 1.000000000000000000, 0.0000000000000000000, 0.0000000000000000000 ) ) ;
#539 = CARTESIAN_POINT ( 'NONE',  ( -42.83655302972203316, 71.29455573369426702, 9.399152214949623385 ) ) ;
#540 = VERTEX_POINT ( 'NONE', #2512 ) ;
#541 = CARTESIAN_POINT ( 'NONE',  ( -31.41558146093711912, 81.67638132988432176, -15.27166795056924720 ) ) ;
#542 = CARTESIAN_POINT ( 'NONE',  ( -19.05629131308738167, 87.95184751829026482, -9.916140587236480286 ) ) ;
#543 = CARTESIAN_POINT ( 'NONE',  ( -27.91984913698493287, 87.19559971000126097, -3.375532169330574650 ) ) ;
#544 = DIRECTION ( 'NONE',  ( 0.0000000000000000000, 0.0000000000000000000, 1.000000000000000000 ) ) ;
#545 = EDGE_CURVE ( 'NONE', #1044, #2509, #770, .T. ) ;
#546 = CARTESIAN_POINT ( 'NONE',  ( -34.82643478282943761, 75.95934693251784608, 19.68663088597972788 ) ) ;
#547 = CARTESIAN_POINT ( 'NONE',  ( 0.0000000000000000000, 45.55931007230138619, 0.0000000000000000000 ) ) ;
#548 = CARTESIAN_POINT ( 'NONE',  ( -15.47494262025961653, 75.22315344826343164, -3.673546663986817062 ) ) ;
#549 = CARTESIAN_POINT ( 'NONE',  ( -21.99422876776685598, 83.35898532261846583, -22.64251439442455904 ) ) ;
#550 = CARTESIAN_POINT ( 'NONE',  ( -38.10187937281519055, 67.10040664335423344, 22.57160740773131025 ) ) ;
#551 = CARTESIAN_POINT ( 'NONE',  ( -40.37590345162214334, 75.27750116907077427, -10.89738084844647759 ) ) ;
#552 = CARTESIAN_POINT ( 'NONE',  ( -15.49872280682960124, 75.28156769508508717, -3.547083104930262909 ) ) ;
#553 = CARTESIAN_POINT ( 'NONE',  ( -33.69548337617475653, 87.62156690798371983, 3.315745213259654545 ) ) ;
#554 = CARTESIAN_POINT ( 'NONE',  ( -10.00000000000000178, 115.8257569495584249, 1.224646799147353454E-15 ) ) ;
#555 = CARTESIAN_POINT ( 'NONE',  ( -17.69534827954810297, 1.619570076684997417, 2.167055163034620736E-15 ) ) ;
#556 = ORIENTED_EDGE ( 'NONE', *, *, #2818, .T. ) ;
#557 = CARTESIAN_POINT ( 'NONE',  ( -55.50465194586516304, 76.86808270676340271, -9.951310947549723451 ) ) ;
#558 = CARTESIAN_POINT ( 'NONE',  ( -11.08407426922550876, 17.05051159162364627, 1.357407607531855721E-15 ) ) ;
#559 = CARTESIAN_POINT ( 'NONE',  ( -28.27675480854386691, 86.67819001164733095, -5.997896332434065059 ) ) ;
#560 = TOROIDAL_SURFACE ( 'NONE', #306, 44.33272143741645266, 10.00000000000000000 ) ;
#561 = CARTESIAN_POINT ( 'NONE',  ( -32.10678893377579612, 65.02802523697913273, -6.905997744438368002 ) ) ;
#562 = CARTESIAN_POINT ( 'NONE',  ( -23.84041388286249585, 69.42681401135371289, 10.00633626442288815 ) ) ;
#563 = TOROIDAL_SURFACE ( 'NONE', #2120, 40.00000000000001421, 9.000000000000001776 ) ;
#564 = CARTESIAN_POINT ( 'NONE',  ( -44.47861017607023371, 59.50061489262002823, 18.76797137809649385 ) ) ;
#565 = DIRECTION ( 'NONE',  ( -1.000000000000000000, 0.0000000000000000000, 0.0000000000000000000 ) ) ;
#566 = CIRCLE ( 'NONE', #1048, 9.000000000000001776 ) ;
#567 = CARTESIAN_POINT ( 'NONE',  ( -15.67428166789052213, 75.97263803268423032, -1.836482313705092739 ) ) ;
#568 = CARTESIAN_POINT ( 'NONE',  ( -40.44865645345910821, 84.06889324433478805, -1.573059714035810908 ) ) ;
#569 = CARTESIAN_POINT ( 'NONE',  ( -18.24643731844769690, 91.54474346039792465, -10.30660742464458579 ) ) ;
#570 = CARTESIAN_POINT ( 'NONE',  ( 0.0000000000000000000, 45.55931007230138619, 0.0000000000000000000 ) ) ;
#571 = ADVANCED_FACE ( 'NONE', ( #2041 ), #2213, .F. ) ;
#572 = CARTESIAN_POINT ( 'NONE',  ( -39.42019989362899679, 76.80751962633459584, -11.05757823645389415 ) ) ;
#573 = CARTESIAN_POINT ( 'NONE',  ( -60.92263756287425025, 69.53151669595008855, -0.3604536870380604663 ) ) ;
#574 = CARTESIAN_POINT ( 'NONE',  ( -38.29021041441978213, 115.8257569495584107, 0.0000000000000000000 ) ) ;
#575 = CARTESIAN_POINT ( 'NONE',  ( -27.74213158124249290, 87.45044210978161914, 1.125177389789696392 ) ) ;
#576 = CARTESIAN_POINT ( 'NONE',  ( -15.24334744844122369, 3.907375199354365058, 1.866771666102451906E-15 ) ) ;
#577 = ORIENTED_EDGE ( 'NONE', *, *, #1622, .F. ) ;
#578 = CARTESIAN_POINT ( 'NONE',  ( -44.94150711305739065, 69.64226109823788136, -9.581732603005217896 ) ) ;
#579 = CARTESIAN_POINT ( 'NONE',  ( -20.18653366653346382, 80.57086375420850288, -6.061139409632724906 ) ) ;
#580 = CARTESIAN_POINT ( 'NONE',  ( -33.60778552763740379, 83.47616756769188839, 2.207428366723410473 ) ) ;
#581 = ORIENTED_EDGE ( 'NONE', *, *, #545, .F. ) ;
#582 = CARTESIAN_POINT ( 'NONE',  ( -43.26182414939354715, 61.58327878007532519, 19.91452975900282496 ) ) ;
#583 = CARTESIAN_POINT ( 'NONE',  ( -38.29021041441978213, 114.1159673639782000, 0.0000000000000000000 ) ) ;
#584 = CARTESIAN_POINT ( 'NONE',  ( -17.01526386175618555, 92.37248161027410731, -0.9472807953074094955 ) ) ;
#585 = CARTESIAN_POINT ( 'NONE',  ( -40.44865645345910821, 84.06889324433478805, 1.573059714035820456 ) ) ;
#586 = CARTESIAN_POINT ( 'NONE',  ( -16.07669099799594647, 93.38763986676970319, -9.081013455494568731 ) ) ;
#587 = CARTESIAN_POINT ( 'NONE',  ( -15.50423781801987921, 75.35002311984692369, 3.398929641699494297 ) ) ;
#588 = CARTESIAN_POINT ( 'NONE',  ( -39.88044327600568550, 65.18460715203576683, -21.20480627865442713 ) ) ;
#589 = ADVANCED_FACE ( 'NONE', ( #1818 ), #2777, .F. ) ;
#590 = CARTESIAN_POINT ( 'NONE',  ( -60.48871784992267209, 70.17097449258666586, -3.856443484539911370 ) ) ;
#591 = DIRECTION ( 'NONE',  ( 0.0000000000000000000, -1.000000000000000000, 0.0000000000000000000 ) ) ;
#592 = CARTESIAN_POINT ( 'NONE',  ( -27.91984913698493287, 87.19559971000126097, -3.375532169330574650 ) ) ;
#593 = CARTESIAN_POINT ( 'NONE',  ( -32.10678893377579612, 65.02802523697913273, -6.905997744438368002 ) ) ;
#594 = ORIENTED_EDGE ( 'NONE', *, *, #825, .F. ) ;
#595 = CARTESIAN_POINT ( 'NONE',  ( -33.45918667441655003, 78.26581467467740083, -18.32238628799427715 ) ) ;
#596 = CARTESIAN_POINT ( 'NONE',  ( -11.00000000000000178, 18.52522561770877729, 1.347111479062088602E-15 ) ) ;
#597 = CARTESIAN_POINT ( 'NONE',  ( 20.81640068260459842, -3.469446951953614189E-15, 41.63280136520919683 ) ) ;
#598 = APPLICATION_CONTEXT ( 'configuration controlled 3d designs of mechanical parts and assemblies' ) ;
#599 = APPROVAL_STATUS ( 'not_yet_approved' ) ;
#600 = CARTESIAN_POINT ( 'NONE',  ( -58.17226305783729856, 73.45651223521561235, 8.506147670214074807 ) ) ;
#601 = DIRECTION ( 'NONE',  ( 0.0000000000000000000, 0.0000000000000000000, 1.000000000000000000 ) ) ;
#602 = CARTESIAN_POINT ( 'NONE',  ( -16.54556403646839513, 92.20618563072011398, -4.877656726556975464 ) ) ;
#603 = CARTESIAN_POINT ( 'NONE',  ( -43.27868331660958745, 61.42056456528824526, -17.33148355261754503 ) ) ;
#604 = CARTESIAN_POINT ( 'NONE',  ( 9.634887945381823471, 92.69986550085179999, -16.68482377280031415 ) ) ;
#605 = CARTESIAN_POINT ( 'NONE',  ( -15.52528479080835133, 75.49060336961301232, 3.085489867009644893 ) ) ;
#606 = CARTESIAN_POINT ( 'NONE',  ( -40.21546919788052321, 75.53457932918027495, -10.93809123036741404 ) ) ;
#607 = CARTESIAN_POINT ( 'NONE',  ( -60.02237722132451836, 70.85170460417057825, -5.448728931509319473 ) ) ;
#608 = CARTESIAN_POINT ( 'NONE',  ( -15.72961530709287459, 91.87890483920460838, -7.984497601395208477 ) ) ;
#609 = ORIENTED_EDGE ( 'NONE', *, *, #2427, .T. ) ;
#610 = CARTESIAN_POINT ( 'NONE',  ( -39.68338918559351924, 77.02639981285626902, -9.097052154093562493 ) ) ;
#611 = DIRECTION ( 'NONE',  ( 0.0000000000000000000, 0.0000000000000000000, -1.000000000000000000 ) ) ;
#612 = CARTESIAN_POINT ( 'NONE',  ( -20.81640068260459842, -3.469446951953614189E-15, 41.63280136520919683 ) ) ;
#613 = CARTESIAN_POINT ( 'NONE',  ( -46.67368717684018975, 55.74102893563006234, 15.62624858799450678 ) ) ;
#614 = DIRECTION ( 'NONE',  ( 0.4758096084052388375, 0.5378046566130777473, -0.6959679359529020726 ) ) ;
#615 = CIRCLE ( 'NONE', #2266, 10.00000000000000533 ) ;
#616 = CARTESIAN_POINT ( 'NONE',  ( -9.250144553976070938, 110.1348626610737114, 1.132815991967711635E-15 ) ) ;
#617 = AXIS2_PLACEMENT_3D ( 'NONE', #1890, #921, #372 ) ;
#618 = CARTESIAN_POINT ( 'NONE',  ( -37.61545724773107935, 79.70997007332529449, -10.74200338319280412 ) ) ;
#619 = CIRCLE ( 'NONE', #3085, 9.000000000000001776 ) ;
#620 = CARTESIAN_POINT ( 'NONE',  ( -60.92263756287464105, 69.53151669594947748, -1.971970529340426728E-11 ) ) ;
#621 = CARTESIAN_POINT ( 'NONE',  ( -16.29636931600919780, 92.10937655111503375, -5.913581318316245117 ) ) ;
#622 = AXIS2_PLACEMENT_3D ( 'NONE', #775, #1743, #2230 ) ;
#623 = CARTESIAN_POINT ( 'NONE',  ( -9.000000000000001776, 30.00000000000000000, -1.102182119232617911E-15 ) ) ;
#624 = EDGE_LOOP ( 'NONE', ( #3160, #2847, #489, #1469, #2819 ) ) ;
#625 = APPROVAL_PERSON_ORGANIZATION ( #1814, #645, #856 ) ;
#626 = CARTESIAN_POINT ( 'NONE',  ( -35.36191211297891357, 81.82774760422806537, -5.261894147553038970 ) ) ;
#627 = DIRECTION ( 'NONE',  ( 0.0000000000000000000, 0.0000000000000000000, 1.000000000000000000 ) ) ;
#628 = CARTESIAN_POINT ( 'NONE',  ( -45.35472854243448637, 58.00038846681182747, 17.69508196101205755 ) ) ;
#629 = EDGE_CURVE ( 'NONE', #1186, #2527, #2974, .T. ) ;
#630 = CARTESIAN_POINT ( 'NONE',  ( -39.29609188351328442, 68.36047317647009436, 21.46784133891630475 ) ) ;
#631 = DIRECTION ( 'NONE',  ( 0.0000000000000000000, 0.0000000000000000000, -1.000000000000000000 ) ) ;
#632 = CARTESIAN_POINT ( 'NONE',  ( -14.24095925742117075, 90.73416914713165227, 13.46964486699720531 ) ) ;
#633 = CARTESIAN_POINT ( 'NONE',  ( -60.87919211831734145, 69.59593975393130449, 1.432679135598535991 ) ) ;
#634 = CARTESIAN_POINT ( 'NONE',  ( -17.01515374860822760, 92.37244342549278997, 0.002778284018757558663 ) ) ;
#635 = CARTESIAN_POINT ( 'NONE',  ( -16.85497808958596266, 92.31627977153502229, -2.774968523067939952 ) ) ;
#636 = CARTESIAN_POINT ( 'NONE',  ( -20.38207899584353555, 84.94833508924843102, 7.933113883328797300 ) ) ;
#637 = CARTESIAN_POINT ( 'NONE',  ( -47.59140453379649216, 54.16839788673017608, 13.63414937755112710 ) ) ;
#638 = ORIENTED_EDGE ( 'NONE', *, *, #912, .T. ) ;
#639 = CARTESIAN_POINT ( 'NONE',  ( -43.27868331659214363, 61.42056456530794151, 17.33148355264304641 ) ) ;
#640 = DIRECTION ( 'NONE',  ( 0.0000000000000000000, 0.0000000000000000000, -1.000000000000000000 ) ) ;
#641 = CARTESIAN_POINT ( 'NONE',  ( -27.91984913698495063, 87.19559971000124676, 3.375532169330590637 ) ) ;
#642 = PERSON_AND_ORGANIZATION ( #1933, #2841 ) ;
#643 = CARTESIAN_POINT ( 'NONE',  ( -48.72877824629813404, 63.64488767778269107, 2.292194780536938925 ) ) ;
#644 = FACE_OUTER_BOUND ( 'NONE', #2683, .T. ) ;
#645 = APPROVAL ( #599, 'UNSPECIFIED' ) ;
#646 = FACE_OUTER_BOUND ( 'NONE', #241, .T. ) ;
#647 = EDGE_CURVE ( 'NONE', #2541, #1454, #1444, .T. ) ;
#648 = CARTESIAN_POINT ( 'NONE',  ( -54.11449859257568562, 78.41954137302646188, 9.960144731742225588 ) ) ;
#649 = CARTESIAN_POINT ( 'NONE',  ( -15.71877937037028161, 76.07073498126916888, -1.405657543345839366 ) ) ;
#650 = CARTESIAN_POINT ( 'NONE',  ( -16.55571558603799076, 92.20790231482740751, -4.719290250403166631 ) ) ;
#651 = ORIENTED_EDGE ( 'NONE', *, *, #664, .T. ) ;
#652 = DIRECTION ( 'NONE',  ( -0.0000000000000000000, -1.000000000000000000, -0.0000000000000000000 ) ) ;
#653 = CARTESIAN_POINT ( 'NONE',  ( -32.10678893377594534, 65.02802523697920378, -6.905997744438387542 ) ) ;
#654 = CARTESIAN_POINT ( 'NONE',  ( 19.60194514364727780, 90.73416914713162384, 0.0000000000000000000 ) ) ;
#655 = ORIENTED_EDGE ( 'NONE', *, *, #1932, .T. ) ;
#656 = CARTESIAN_POINT ( 'NONE',  ( -48.28683574086802111, 52.97645512580697158, 11.74618725295928101 ) ) ;
#657 = CARTESIAN_POINT ( 'NONE',  ( 15.90113068190875545, 93.38763986676970319, 0.0000000000000000000 ) ) ;
#658 = CARTESIAN_POINT ( 'NONE',  ( -15.51860427395469699, 75.45531179695466051, 3.165941144428622955 ) ) ;
#659 = CARTESIAN_POINT ( 'NONE',  ( -14.14213566318341364, -3.469446951953614189E-15, 1.731912117302519901E-15 ) ) ;
#660 = DIRECTION ( 'NONE',  ( -0.0000000000000000000, -1.000000000000000000, -0.0000000000000000000 ) ) ;
#661 =( BOUNDED_SURFACE ( )  B_SPLINE_SURFACE ( 3, 3, ( 
 ( #554, #1313, #2587, #186 ),
 ( #2817, #1643, #918, #382 ),
 ( #2328, #1627, #1843, #1153 ),
 ( #129, #3068, #1377, #2859 ) ),
 .UNSPECIFIED., .F., .F., .F. ) 
 B_SPLINE_SURFACE_WITH_KNOTS ( ( 4, 4 ),
 ( 4, 4 ),
 ( 0.0000000000000000000, 1.000000000000000000 ),
 ( 0.0000000000000000000, 1.000000000000000000 ),
 .UNSPECIFIED. ) 
 GEOMETRIC_REPRESENTATION_ITEM ( )  RATIONAL_B_SPLINE_SURFACE ( (
 ( 1.000000000000000000, 0.3333333333333334259, 0.3333333333333334259, 1.000000000000000000),
 ( 0.8537519759938320130, 0.2845839919979440968, 0.2845839919979440968, 0.8537519759938320130),
 ( 0.8537519759938320130, 0.2845839919979440968, 0.2845839919979440968, 0.8537519759938320130),
 ( 1.000000000000000000, 0.3333333333333334259, 0.3333333333333334259, 1.000000000000000000) ) ) 
 REPRESENTATION_ITEM ( '' )  SURFACE ( )  );
#662 = CIRCLE ( 'NONE', #2514, 53.33272143741645976 ) ;
#663 = CARTESIAN_POINT ( 'NONE',  ( -50.17137461271999399, 81.67170802759679304, 8.405609323300554436 ) ) ;
#664 = EDGE_CURVE ( 'NONE', #2835, #1454, #715, .T. ) ;
#665 = CARTESIAN_POINT ( 'NONE',  ( -16.02075318719229813, 92.00229821149824261, 7.059232959263210816 ) ) ;
#666 = CARTESIAN_POINT ( 'NONE',  ( -16.28572486588200974, 92.10524584149928273, -5.958027157066558388 ) ) ;
#667 = AXIS2_PLACEMENT_3D ( 'NONE', #815, #2539, #2766 ) ;
#668 = EDGE_CURVE ( 'NONE', #702, #2541, #662, .T. ) ;
#669 = ORIENTED_EDGE ( 'NONE', *, *, #766, .T. ) ;
#670 = CARTESIAN_POINT ( 'NONE',  ( -45.76281856942185300, 83.31871227554498205, -5.584511117357315868 ) ) ;
#671 = AXIS2_PLACEMENT_3D ( 'NONE', #1378, #2633, #732 ) ;
#672 = CARTESIAN_POINT ( 'NONE',  ( -37.26357034698468595, 71.82425699924975504, 21.16336881857549912 ) ) ;
#673 = VERTEX_POINT ( 'NONE', #1320 ) ;
#674 = CARTESIAN_POINT ( 'NONE',  ( -50.05258999093088335, 49.94919354606489037, -0.6423708027096011186 ) ) ;
#675 = CARTESIAN_POINT ( 'NONE',  ( -9.000000000000001776, 115.8257569495584107, 1.102182119232617911E-15 ) ) ;
#676 = CARTESIAN_POINT ( 'NONE',  ( -15.58843106807783130, 74.79099382474828417, 4.583186165813994961 ) ) ;
#677 = CARTESIAN_POINT ( 'NONE',  ( -13.90433454570114691, 94.29651742646717594, 27.80866909140229382 ) ) ;
#678 = CARTESIAN_POINT ( 'NONE',  ( -18.92844170756269406, 1.095297274017316358, 2.318065555001391382E-15 ) ) ;
#679 = CARTESIAN_POINT ( 'NONE',  ( -29.34730486548497908, 85.03045321103130050, 10.26504480345696990 ) ) ;
#680 = CARTESIAN_POINT ( 'NONE',  ( -14.27454993991122301, 90.89628626015792179, 12.91362949959415474 ) ) ;
#681 =( BOUNDED_SURFACE ( )  B_SPLINE_SURFACE ( 3, 3, ( 
 ( #909, #1683, #165, #675 ),
 ( #1144, #2867, #1881, #1667 ),
 ( #2640, #2151, #1894, #2895 ),
 ( #3095, #1635, #2607, #1371 ),
 ( #3124, #1192, #427, #377 ),
 ( #2882, #402, #2409, #945 ),
 ( #1428, #3140, #1398, #2165 ),
 ( #657, #876, #192, #1621 ),
 ( #896, #2379, #1911, #2394 ),
 ( #2852, #182, #2626, #1164 ),
 ( #1927, #693, #2139, #414 ),
 ( #1415, #925, #153, #2109 ) ),
 .UNSPECIFIED., .F., .F., .F. ) 
 B_SPLINE_SURFACE_WITH_KNOTS ( ( 4, 2, 2, 2, 2, 4 ),
 ( 4, 4 ),
 ( 0.0000000000000000000, 0.2499999999999999445, 0.4999999999999998890, 0.7499999999999997780, 0.8749999999999998890, 1.000000000000000000 ),
 ( 0.0000000000000000000, 1.000000000000000000 ),
 .UNSPECIFIED. ) 
 GEOMETRIC_REPRESENTATION_ITEM ( )  RATIONAL_B_SPLINE_SURFACE ( (
 ( 1.000000000000000000, 0.3333333333333334259, 0.3333333333333334259, 1.000000000000000000),
 ( 1.000000000000000000, 0.3333333333333334259, 0.3333333333333334259, 1.000000000000000000),
 ( 1.000000000000000000, 0.3333333333333334259, 0.3333333333333334259, 1.000000000000000000),
 ( 1.000000000000000000, 0.3333333333333334259, 0.3333333333333334259, 1.000000000000000000),
 ( 1.000000000000000000, 0.3333333333333334259, 0.3333333333333334259, 1.000000000000000000),
 ( 1.000000000000000000, 0.3333333333333334259, 0.3333333333333334259, 1.000000000000000000),
 ( 1.000000000000000000, 0.3333333333333334259, 0.3333333333333334259, 1.000000000000000000),
 ( 1.000000000000000000, 0.3333333333333334259, 0.3333333333333334259, 1.000000000000000000),
 ( 1.000000000000000000, 0.3333333333333334259, 0.3333333333333334259, 1.000000000000000000),
 ( 1.000000000000000000, 0.3333333333333334259, 0.3333333333333334259, 1.000000000000000000),
 ( 1.000000000000000000, 0.3333333333333334259, 0.3333333333333334259, 1.000000000000000000),
 ( 1.000000000000000000, 0.3333333333333334259, 0.3333333333333334259, 1.000000000000000000) ) ) 
 REPRESENTATION_ITEM ( '' )  SURFACE ( )  );
#682 = CARTESIAN_POINT ( 'NONE',  ( -15.51547263780970454, 75.43557268968913831, -3.210088622158959293 ) ) ;
#683 = CARTESIAN_POINT ( 'NONE',  ( -14.64374468047219047, 91.28857445741013521, -11.34294081617743721 ) ) ;
#684 = EDGE_CURVE ( 'NONE', #1157, #1553, #1043, .T. ) ;
#685 = ORIENTED_EDGE ( 'NONE', *, *, #1622, .T. ) ;
#686 = FACE_OUTER_BOUND ( 'NONE', #1708, .T. ) ;
#687 = CARTESIAN_POINT ( 'NONE',  ( -47.11597354591857822, 56.96177518969222575, -8.702856923383619048 ) ) ;
#688 = CARTESIAN_POINT ( 'NONE',  ( -31.28407666651681396, 81.89405567933167163, 15.03467609594146381 ) ) ;
#689 = EDGE_CURVE ( 'NONE', #1691, #1553, #2831, .T. ) ;
#690 = CARTESIAN_POINT ( 'NONE',  ( -26.47894988669128935, 67.91424704866348350, 9.727528414584734051 ) ) ;
#691 = ORIENTED_EDGE ( 'NONE', *, *, #174, .F. ) ;
#692 = CARTESIAN_POINT ( 'NONE',  ( -48.87124649223367356, 63.41343582782354105, -0.2757719498812554737 ) ) ;
#693 = CARTESIAN_POINT ( 'NONE',  ( 18.81095450825035087, 91.07739003064354222, 37.62190901650069463 ) ) ;
#694 = CARTESIAN_POINT ( 'NONE',  ( -15.62828179314157495, 74.72155675088070836, 4.734447038551797604 ) ) ;
#695 = CARTESIAN_POINT ( 'NONE',  ( 10.00000000000000178, 115.8257569495584249, 20.00000000000000000 ) ) ;
#696 = CARTESIAN_POINT ( 'NONE',  ( -36.14785241371998126, 81.03570854535865919, 6.179384266956918559 ) ) ;
#697 = CARTESIAN_POINT ( 'NONE',  ( -14.29109808692855665, 90.92981730915501259, 12.79294032833116290 ) ) ;
#698 = CARTESIAN_POINT ( 'NONE',  ( -15.79819604879580730, 76.23664758277747922, -0.2240221539263956840 ) ) ;
#699 = CARTESIAN_POINT ( 'NONE',  ( -15.18561100460047086, 91.61791368649896583, -9.676021428143316783 ) ) ;
#700 = B_SPLINE_CURVE_WITH_KNOTS ( 'NONE', 3,
 ( #37, #1308, #2270, #2747, #2474, #2290, #2505, #1052, #1766, #1529, #2306, #812, #106, #268, #1546, #1802, #1257, #2780, #517, #2998, #535, #2237, #298, #1784, #1020, #1088, #1994, #764, #1749, #1513, #1286, #2489, #281, #1272, #2255, #2167, #946, #2081, #193, #428, #2655, #1928, #1839, #1429, #2410, #220, #605, #3048, #364, #1416, #658, #1180, #2569, #2097, #587, #1207, #3141, #2183, #2395, #206, #2814, #3064, #2798, #3125, #1193, #1684, #2152, #910, #926, #1440, #2896, #3153, #1579, #676, #2883, #2551, #694, #1360, #1913, #142, #2342 ),
 .UNSPECIFIED., .F., .F.,
 ( 4, 1, 1, 2, 2, 1, 1, 2, 2, 1, 1, 2, 2, 1, 1, 1, 2, 2, 1, 1, 1, 1, 2, 2, 2, 1, 2, 2, 2, 1, 1, 1, 2, 2, 2, 1, 1, 2, 2, 1, 1, 2, 2, 1, 1, 2, 2, 2, 1, 1, 2, 2, 4 ),
 ( 0.0000000000000000000, 0.06249999999990918376, 0.09374999999986395605, 0.1093749999998416822, 0.1249999999998194222, 0.1874999999997304934, 0.2187499999996861400, 0.2343749999996646571, 0.2499999999996431743, 0.2812499999996000422, 0.2968749999995793920, 0.3046874999995700661, 0.3124999999995607958, 0.3437499999995192179, 0.3593749999994974020, 0.3671874999994866329, 0.3710937499994823030, 0.3749999999994779731, 0.4062499999994547140, 0.4218749999994429456, 0.4296874999994358957, 0.4335937499994325095, 0.4355468749994318989, 0.4374999999994312883, 0.4687499999994189093, 0.4843749999994126920, 0.4921874999994084177, 0.4999999999994041433, 0.5312499999993834932, 0.5468749999993730571, 0.5546874999993697264, 0.5585937499993697264, 0.5605468749993717248, 0.5624999999993736122, 0.5937499999994143574, 0.6093749999994347855, 0.6171874999994449995, 0.6210937499994516608, 0.6249999999994583222, 0.6562499999995059508, 0.6718749999995281552, 0.6796874999995409228, 0.6874999999995536903, 0.7187499999996127542, 0.7343749999996421751, 0.7421874999996552758, 0.7499999999996683764, 0.8124999999997586375, 0.8437499999998050448, 0.8593749999998269162, 0.8671874999998362421, 0.8749999999998455680, 1.000000000000000000 ),
 .UNSPECIFIED. ) ;
#701 = CARTESIAN_POINT ( 'NONE',  ( -21.65470075035021225, 83.68933240833479204, 22.49564334861314308 ) ) ;
#702 = VERTEX_POINT ( 'NONE', #1101 ) ;
#703 = CARTESIAN_POINT ( 'NONE',  ( -20.11879104470127189, 85.16283146768111578, 21.26127093015496428 ) ) ;
#704 = CARTESIAN_POINT ( 'NONE',  ( -47.75956927143580089, 56.18588981898334112, -5.634711082702763996 ) ) ;
#705 = EDGE_LOOP ( 'NONE', ( #817, #2402, #2666, #3070, #187 ) ) ;
#706 = CARTESIAN_POINT ( 'NONE',  ( -48.86456861283605946, 63.42429235624732797, -0.5674739482181601069 ) ) ;
#707 = CARTESIAN_POINT ( 'NONE',  ( -14.24095925742111035, 90.73416914713166648, -13.46964486699726926 ) ) ;
#708 = EDGE_CURVE ( 'NONE', #322, #302, #1495, .T. ) ;
#709 = CARTESIAN_POINT ( 'NONE',  ( -39.30094306094087386, 68.35246297200251320, -21.49863178424335786 ) ) ;
#710 = CARTESIAN_POINT ( 'NONE',  ( -30.33437430992763950, 83.45198135686985097, 13.04860998036984832 ) ) ;
#711 = CARTESIAN_POINT ( 'NONE',  ( -16.87070964257660322, 92.32187308690454586, 2.645202288435339000 ) ) ;
#712 = CARTESIAN_POINT ( 'NONE',  ( -20.00000000000000000, 91.65153076140050814, 2.597406957395458863E-15 ) ) ;
#713 = CARTESIAN_POINT ( 'NONE',  ( 9.000000000000005329, 112.9799908217111977, -2.249719507907421701E-15 ) ) ;
#714 = CARTESIAN_POINT ( 'NONE',  ( -14.34890904849556570, 91.01499485531194011, -12.47449496481166342 ) ) ;
#715 = CIRCLE ( 'NONE', #1097, 35.33272143741645266 ) ;
#716 = CARTESIAN_POINT ( 'NONE',  ( -17.10590150588505409, 73.64865997896102101, -7.033102569921732439 ) ) ;
#717 = CIRCLE ( 'NONE', #1197, 28.29021041441977147 ) ;
#718 = ORIENTED_EDGE ( 'NONE', *, *, #223, .T. ) ;
#719 = CARTESIAN_POINT ( 'NONE',  ( -19.53803358312757155, 72.06893944208341907, 8.963737106164877844 ) ) ;
#720 = CARTESIAN_POINT ( 'NONE',  ( -48.05891998272928589, 55.82189448680964716, -3.267992333968138929 ) ) ;
#721 = CIRCLE ( 'NONE', #2782, 49.00000000000001421 ) ;
#722 = ORIENTED_EDGE ( 'NONE', *, *, #1879, .T. ) ;
#723 = CC_DESIGN_APPROVAL ( #1657, ( #1518 ) ) ;
#724 = CARTESIAN_POINT ( 'NONE',  ( -46.82596463470483172, 66.70129211363493482, -7.792210365975934749 ) ) ;
#725 = CARTESIAN_POINT ( 'NONE',  ( -34.95718885792825148, 63.73754991304182482, 3.645954925421282855 ) ) ;
#726 = CARTESIAN_POINT ( 'NONE',  ( -37.26968203525401435, 71.81342844186819718, -21.13378890563376089 ) ) ;
#727 = CARTESIAN_POINT ( 'NONE',  ( -60.48925464014600806, 70.17018565030180355, 3.853965123458600761 ) ) ;
#728 = EDGE_CURVE ( 'NONE', #2331, #2145, #2665, .T. ) ;
#729 = CARTESIAN_POINT ( 'NONE',  ( -40.35858907826334985, 76.17303631881829062, 9.466400967153335344 ) ) ;
#730 = CARTESIAN_POINT ( 'NONE',  ( -14.89252149726690178, 91.45416904062788888, 10.55653874866367126 ) ) ;
#731 = DIRECTION ( 'NONE',  ( 0.0000000000000000000, 0.0000000000000000000, 1.000000000000000000 ) ) ;
#732 = DIRECTION ( 'NONE',  ( -1.000000000000000000, 0.0000000000000000000, 0.0000000000000000000 ) ) ;
#733 = CARTESIAN_POINT ( 'NONE',  ( -6.132880292799458566, 104.7498357589306721, -10.16887659967549240 ) ) ;
#734 = CARTESIAN_POINT ( 'NONE',  ( -14.93058260951375438, 91.47691941184780262, -10.44079710468469813 ) ) ;
#735 = EDGE_LOOP ( 'NONE', ( #42, #1790, #2226, #1644, #1413 ) ) ;
#736 = CARTESIAN_POINT ( 'NONE',  ( -34.00014333074222606, 86.29923504085137154, 6.001433050745058395 ) ) ;
#737 = CARTESIAN_POINT ( 'NONE',  ( -45.32023430984315127, 67.13003808107957582, -5.071519428841177124 ) ) ;
#738 = VERTEX_POINT ( 'NONE', #2826 ) ;
#739 = CARTESIAN_POINT ( 'NONE',  ( -48.56728737399121343, 52.49572297613841698, -10.86480368844209998 ) ) ;
#740 = CARTESIAN_POINT ( 'NONE',  ( 0.0000000000000000000, 45.55931007230138619, 0.0000000000000000000 ) ) ;
#741 = CARTESIAN_POINT ( 'NONE',  ( 22.41887471888015426, 0.5939137725713728999, -44.83774943776032984 ) ) ;
#742 = CARTESIAN_POINT ( 'NONE',  ( -52.85587671832058732, 79.66463858602054415, 9.678186012639063307 ) ) ;
#743 = CARTESIAN_POINT ( 'NONE',  ( 12.69960888379111275, 8.914741298072964781, 0.0000000000000000000 ) ) ;
#744 = CARTESIAN_POINT ( 'NONE',  ( -38.97559295855191408, 77.89316338851841692, 8.651562731350193047 ) ) ;
#745 = CARTESIAN_POINT ( 'NONE',  ( -15.19261526383140293, 91.62129950938142997, 9.654619050260263791 ) ) ;
#746 = CC_DESIGN_PERSON_AND_ORGANIZATION_ASSIGNMENT ( #1082, #3026, ( #877 ) ) ;
#747 = CARTESIAN_POINT ( 'NONE',  ( -14.24095925742117075, 90.73416914713165227, 13.46964486699720531 ) ) ;
#748 = CARTESIAN_POINT ( 'NONE',  ( -41.72878786236774573, 83.91744577276548966, 2.788627771308059167 ) ) ;
#749 = CARTESIAN_POINT ( 'NONE',  ( -15.79814537414876696, 76.23654719852980577, 0.4590349777187250346 ) ) ;
#750 = CARTESIAN_POINT ( 'NONE',  ( -14.36125177853770829, 91.03059402840315784, -12.41472252566327938 ) ) ;
#751 = EDGE_CURVE ( 'NONE', #2736, #2527, #120, .T. ) ;
#752 = VERTEX_POINT ( 'NONE', #2351 ) ;
#753 = CARTESIAN_POINT ( 'NONE',  ( -22.68568873319076928, 70.11552038266043496, 9.928556821423430989 ) ) ;
#754 = CARTESIAN_POINT ( 'NONE',  ( -33.16975669951580841, 64.53353589415822000, -5.953940887218978517 ) ) ;
#755 = ORIENTED_EDGE ( 'NONE', *, *, #116, .F. ) ;
#756 = CARTESIAN_POINT ( 'NONE',  ( -45.18311424206228111, 69.27126764233473466, -9.436773919851505710 ) ) ;
#757 = CARTESIAN_POINT ( 'NONE',  ( 21.35399576888963935, 1.180385715512802358, -5.230220513475364507E-15 ) ) ;
#758 = CARTESIAN_POINT ( 'NONE',  ( 20.81640068260460197, -3.469446951953614189E-15, -5.098547693144101783E-15 ) ) ;
#759 = APPROVAL_DATE_TIME ( #2954, #1657 ) ;
#760 = CARTESIAN_POINT ( 'NONE',  ( 11.66248621688090736, 12.78624204773031359, 0.0000000000000000000 ) ) ;
#761 = CARTESIAN_POINT ( 'NONE',  ( -42.43457349227865905, 73.35416548054999453, 10.09617107979928896 ) ) ;
#762 = CARTESIAN_POINT ( 'NONE',  ( -16.06507758226705462, 92.01867420789079688, 6.818723567257629625 ) ) ;
#763 = CARTESIAN_POINT ( 'NONE',  ( -15.47494762872109497, 75.22291490099748046, 3.674044555560926462 ) ) ;
#764 = CARTESIAN_POINT ( 'NONE',  ( -15.62364067812200652, 75.83929142914729482, 2.202634135121478209 ) ) ;
#765 = CARTESIAN_POINT ( 'NONE',  ( -20.20405238484408983, 71.64788214224027740, -9.257845903390382603 ) ) ;
#766 = EDGE_CURVE ( 'NONE', #1454, #2209, #3080, .T. ) ;
#767 = DIRECTION ( 'NONE',  ( 1.000000000000000000, 0.0000000000000000000, 0.0000000000000000000 ) ) ;
#768 = CARTESIAN_POINT ( 'NONE',  ( -39.26916767886417858, 77.04943171022632953, 11.05342117944905134 ) ) ;
#769 = CARTESIAN_POINT ( 'NONE',  ( -27.80068150940937244, 87.36672962386580821, -2.250354779547300232 ) ) ;
#770 = CIRCLE ( 'NONE', #878, 9.999999999999998224 ) ;
#771 = ORIENTED_EDGE ( 'NONE', *, *, #1372, .T. ) ;
#772 = CARTESIAN_POINT ( 'NONE',  ( -48.01516550347656676, 53.44211645620926276, -12.54389794224604771 ) ) ;
#773 = DIRECTION ( 'NONE',  ( 0.0000000000000000000, 0.0000000000000000000, -1.000000000000000000 ) ) ;
#774 = CARTESIAN_POINT ( 'NONE',  ( -32.87817927035130339, 79.24105527222542378, -17.59282141031252422 ) ) ;
#775 = CARTESIAN_POINT ( 'NONE',  ( -38.29021041441978213, 114.1159673639782000, 0.0000000000000000000 ) ) ;
#776 = CIRCLE ( 'NONE', #2579, 20.00000009524667277 ) ;
#777 = CARTESIAN_POINT ( 'NONE',  ( 15.84226779065708612, 3.177435360218610061, 31.68453558131416159 ) ) ;
#778 = CARTESIAN_POINT ( 'NONE',  ( -36.59482567027858124, 72.96158448615993564, 20.88567183286252416 ) ) ;
#779 = CARTESIAN_POINT ( 'NONE',  ( -16.83400581327454404, 92.30883253247003495, 2.951325635038721806 ) ) ;
#780 = CARTESIAN_POINT ( 'NONE',  ( -19.21670668828643258, 86.02566288348410239, 20.45586934865718121 ) ) ;
#781 = CARTESIAN_POINT ( 'NONE',  ( -29.53741884222176495, 84.86930036239897390, 2.206410776068594704 ) ) ;
#782 = B_SPLINE_CURVE_WITH_KNOTS ( 'NONE', 3,
 ( #1614, #158, #1903, #3101, #2873, #1107, #173, #2369, #2084, #1405, #2345, #635, #2832, #146, #2356, #2113, #3084, #650, #886, #1873, #3052, #902, #1886, #621, #2599, #1857, #666, #1171, #2846, #1390, #2101, #850, #394, #2144, #1363, #2616, #406, #1659, #867, #2574, #3116, #1344, #608, #1597, #368, #2157, #2697, #2203, #966, #2945, #252, #2416, #699, #1689, #1421, #1704, #1223, #1237, #734, #419, #1735, #954, #236, #1447, #1433, #683, #2221, #2660, #983, #448, #1674, #432, #2930, #3131, #1931, #483, #2888, #2644, #750, #23, #714, #1964, #2399, #2188, #1721, #2429, #1001, #6, #465, #1479 ),
 .UNSPECIFIED., .F., .F.,
 ( 4, 1, 1, 2, 2, 1, 1, 1, 1, 2, 2, 2, 2, 1, 1, 1, 1, 2, 2, 1, 1, 1, 2, 2, 1, 1, 1, 1, 2, 2, 2, 1, 1, 1, 1, 2, 2, 2, 1, 1, 1, 2, 2, 2, 1, 1, 2, 2, 1, 1, 2, 2, 1, 1, 2, 2, 1, 1, 2, 2, 4 ),
 ( 0.0000000000000000000, 0.06249999999999787670, 0.09374999999999680811, 0.1093749999999962252, 0.1249999999999956701, 0.1874999999999938660, 0.2187499999999929778, 0.2343749999999924782, 0.2421874999999922284, 0.2460937499999920341, 0.2499999999999918399, 0.3749999999999861777, 0.4374999999999832911, 0.4687499999999819589, 0.4843749999999813483, 0.4921874999999811817, 0.4960937499999811262, 0.4980468749999811262, 0.4999999999999811262, 0.5312499999999821254, 0.5468749999999826805, 0.5546874999999830136, 0.5585937499999832356, 0.5624999999999834577, 0.5937499999999875655, 0.6093749999999897859, 0.6171874999999910072, 0.6210937499999914513, 0.6230468749999915623, 0.6249999999999917843, 0.6874999999999885647, 0.7187499999999868994, 0.7343749999999859002, 0.7421874999999852340, 0.7460937499999851230, 0.7480468749999847899, 0.7499999999999844569, 0.7812499999999780176, 0.7968749999999745759, 0.8046874999999731326, 0.8085937499999723554, 0.8105468749999723554, 0.8124999999999723554, 0.8437499999999766853, 0.8593749999999785727, 0.8671874999999792388, 0.8710937499999794609, 0.8749999999999797939, 0.8906249999999819034, 0.8984374999999830136, 0.9023437499999831246, 0.9062499999999832356, 0.9218749999999839018, 0.9296874999999843459, 0.9335937499999846789, 0.9374999999999851230, 0.9531249999999876765, 0.9609374999999893419, 0.9648437499999901190, 0.9687499999999908962, 1.000000000000000000 ),
 .UNSPECIFIED. ) ;
#783 = CARTESIAN_POINT ( 'NONE',  ( -16.08417887099642485, 74.32682326775348258, -5.693576224270651132 ) ) ;
#784 = EDGE_LOOP ( 'NONE', ( #2392, #213, #1124, #216 ) ) ;
#785 = DIRECTION ( 'NONE',  ( -0.0000000000000000000, -0.0000000000000000000, -1.000000000000000000 ) ) ;
#786 = CARTESIAN_POINT ( 'NONE',  ( -33.18076004008747049, 64.52748277025446555, 5.964413932181401812 ) ) ;
#787 = ADVANCED_FACE ( 'NONE', ( #644 ), #681, .T. ) ;
#788 = VERTEX_POINT ( 'NONE', #3076 ) ;
#789 = CARTESIAN_POINT ( 'NONE',  ( -58.02238373273242189, 73.66026590488441173, -8.655113355893147897 ) ) ;
#790 = CARTESIAN_POINT ( 'NONE',  ( -17.95872534201335213, 89.12215728936662629, -10.96682650394971859 ) ) ;
#791 = DIRECTION ( 'NONE',  ( 0.0000000000000000000, 0.0000000000000000000, 1.000000000000000000 ) ) ;
#792 = CARTESIAN_POINT ( 'NONE',  ( -48.91600920909019123, 82.30733035116314511, 7.635844666356352839 ) ) ;
#793 = DIRECTION ( 'NONE',  ( 1.000000000000000000, 0.0000000000000000000, 0.0000000000000000000 ) ) ;
#794 = MANIFOLD_SOLID_BREP ( 'Fillet2', #60 ) ;
#795 = DIRECTION ( 'NONE',  ( 1.000000000000000000, 0.0000000000000000000, 0.0000000000000000000 ) ) ;
#796 = CARTESIAN_POINT ( 'NONE',  ( -10.95262562556356656, 102.2110523352603195, 1.341309791460569986E-15 ) ) ;
#797 = CARTESIAN_POINT ( 'NONE',  ( -41.29481710948898865, 63.64302896968658274, 19.91392076441761105 ) ) ;
#798 = CARTESIAN_POINT ( 'NONE',  ( -17.92731942886712915, 73.10938962268852492, -7.840161726760995542 ) ) ;
#799 = CARTESIAN_POINT ( 'NONE',  ( 0.0000000000000000000, 0.5939137725713728999, 0.0000000000000000000 ) ) ;
#800 = CARTESIAN_POINT ( 'NONE',  ( -15.55139730618388327, 74.87846845260287409, -4.396625059647530698 ) ) ;
#801 = CARTESIAN_POINT ( 'NONE',  ( -27.91984913698493287, 87.19559971000126097, -3.375532169330574650 ) ) ;
#802 = ORIENTED_EDGE ( 'NONE', *, *, #485, .F. ) ;
#803 = CARTESIAN_POINT ( 'NONE',  ( -47.93586103365699813, 82.69866770814356016, -7.007567748183380019 ) ) ;
#804 = CARTESIAN_POINT ( 'NONE',  ( -12.30461438829069643, 10.15306706476067866, 1.506880662536266916E-15 ) ) ;
#805 = CARTESIAN_POINT ( 'NONE',  ( -33.50222861787628403, 83.60636279189945697, -1.474591898944118684 ) ) ;
#806 = EDGE_CURVE ( 'NONE', #159, #3137, #1497, .T. ) ;
#807 = CARTESIAN_POINT ( 'NONE',  ( -58.40841011667590976, 73.13300881812749310, 8.249239401390477511 ) ) ;
#808 = CARTESIAN_POINT ( 'NONE',  ( 9.999999999999992895, 8.284271247461902021, -2.449293598294706119E-15 ) ) ;
#809 = CARTESIAN_POINT ( 'NONE',  ( -32.47264478776943974, 86.90550664757908805, -2.718267043811877670 ) ) ;
#810 = FACE_OUTER_BOUND ( 'NONE', #735, .T. ) ;
#811 = CARTESIAN_POINT ( 'NONE',  ( 10.95262562556356656, 102.2110523352603195, -2.710505431213761085E-15 ) ) ;
#812 = CARTESIAN_POINT ( 'NONE',  ( -15.72765807334931054, 76.09027291697772455, 1.319003314732237531 ) ) ;
#813 = CARTESIAN_POINT ( 'NONE',  ( -27.29120432505589022, 67.47145252636262569, -9.491821560397754709 ) ) ;
#814 = CARTESIAN_POINT ( 'NONE',  ( -15.49894715400572309, 75.14404768998768702, -3.838918453615062898 ) ) ;
#815 = CARTESIAN_POINT ( 'NONE',  ( -78.29021041441980344, 114.1159673639782000, 0.0000000000000000000 ) ) ;
#816 = CARTESIAN_POINT ( 'NONE',  ( -19.53423666221587141, 0.9813403534398139616, 2.392254040216954334E-15 ) ) ;
#817 = ORIENTED_EDGE ( 'NONE', *, *, #868, .F. ) ;
#818 = CARTESIAN_POINT ( 'NONE',  ( -38.61291233038485160, 78.32294009515160838, -8.393647696546699066 ) ) ;
#819 = CARTESIAN_POINT ( 'NONE',  ( -11.08407426922551231, 17.05051159162364627, -22.16814853845101396 ) ) ;
#820 = CARTESIAN_POINT ( 'NONE',  ( -27.91984913698493642, 87.19559971000136045, 3.375532169330240695 ) ) ;
#821 = ORIENTED_EDGE ( 'NONE', *, *, #424, .F. ) ;
#822 = CONICAL_SURFACE ( 'NONE', #65, 8.999999999999994671, 0.09966865249116041436 ) ;
#823 = CARTESIAN_POINT ( 'NONE',  ( -56.87898647269406638, 75.17176035342973250, 9.494989703994281882 ) ) ;
#824 = CARTESIAN_POINT ( 'NONE',  ( -16.96497625329042691, 92.35491242943639634, 1.553731337452366912 ) ) ;
#825 = EDGE_CURVE ( 'NONE', #2087, #519, #1869, .T. ) ;
#826 = AXIS2_PLACEMENT_3D ( 'NONE', #2275, #1754, #2067 ) ;
#827 = CARTESIAN_POINT ( 'NONE',  ( 11.66248621688090736, 12.78624204773031359, 0.0000000000000000000 ) ) ;
#828 = CARTESIAN_POINT ( 'NONE',  ( -15.89591059071747026, 74.45284956128472231, 5.367188376428463137 ) ) ;
#829 = CARTESIAN_POINT ( 'NONE',  ( -8.366218481295174314, 95.74422717311719566, -13.87195563593516567 ) ) ;
#830 = CIRCLE ( 'NONE', #1246, 10.00000000000000178 ) ;
#831 = CARTESIAN_POINT ( 'NONE',  ( -16.10145790543489852, 74.31525672739016386, -5.723531705091396304 ) ) ;
#832 = CARTESIAN_POINT ( 'NONE',  ( -35.41679520559604555, 83.41039906611010224, -9.017971891963448172 ) ) ;
#833 = CARTESIAN_POINT ( 'NONE',  ( -58.24583069786289258, 73.35667274595979848, -8.435523990869841171 ) ) ;
#834 = CARTESIAN_POINT ( 'NONE',  ( 0.0000000000000000000, 20.00000000000000355, 0.0000000000000000000 ) ) ;
#835 = FACE_OUTER_BOUND ( 'NONE', #370, .T. ) ;
#836 = CARTESIAN_POINT ( 'NONE',  ( -20.74453695970512257, 1.023516902891064895, 2.540473078749684534E-15 ) ) ;
#837 = ORIENTED_EDGE ( 'NONE', *, *, #2614, .T. ) ;
#838 = CARTESIAN_POINT ( 'NONE',  ( -37.27611769489473659, 71.80247860052870124, -21.13605006579894052 ) ) ;
#839 = CARTESIAN_POINT ( 'NONE',  ( 17.06908240175222957, 2.033223015840947223, -4.180719425537656755E-15 ) ) ;
#840 = CARTESIAN_POINT ( 'NONE',  ( 21.62671770916060154, 0.1989596473990740688, 0.0000000000000000000 ) ) ;
#841 = CARTESIAN_POINT ( 'NONE',  ( -16.82169701280499297, 73.83628540250543892, 6.715792000473800094 ) ) ;
#842 = CARTESIAN_POINT ( 'NONE',  ( -58.86139946089360109, 72.50655890786056545, 7.695434471569704726 ) ) ;
#843 = CARTESIAN_POINT ( 'NONE',  ( -20.00000009524667632, -3.469446951953614189E-15, -40.00000019049333844 ) ) ;
#844 = CARTESIAN_POINT ( 'NONE',  ( 11.08407426922550876, 17.05051159162364627, 0.0000000000000000000 ) ) ;
#845 = CARTESIAN_POINT ( 'NONE',  ( -9.000000000000001776, 115.8257569495584249, 1.751364028477786573E-15 ) ) ;
#846 = CARTESIAN_POINT ( 'NONE',  ( 15.90113068190875723, 93.38763986676970319, -3.930232875259953573E-15 ) ) ;
#847 = FACE_OUTER_BOUND ( 'NONE', #3118, .T. ) ;
#848 = CARTESIAN_POINT ( 'NONE',  ( -27.72503234611020773, 77.75270422137667481, -24.91735054398809623 ) ) ;
#849 = CARTESIAN_POINT ( 'NONE',  ( -58.06223990912857857, 73.60704921969082193, -8.622945709510752010 ) ) ;
#850 = CARTESIAN_POINT ( 'NONE',  ( -16.08816920788203220, 92.02788323566832673, -6.733225219367675152 ) ) ;
#851 = CARTESIAN_POINT ( 'NONE',  ( -48.19969731059693174, 53.12581757582230324, 12.00599967095671161 ) ) ;
#852 = ORIENTED_EDGE ( 'NONE', *, *, #1134, .F. ) ;
#853 = CARTESIAN_POINT ( 'NONE',  ( -54.87371113596028493, 77.60031104558281356, -10.01870711052834118 ) ) ;
#854 = DIRECTION ( 'NONE',  ( 0.0000000000000000000, -1.000000000000000000, 0.0000000000000000000 ) ) ;
#855 = CARTESIAN_POINT ( 'NONE',  ( -33.45034150720665167, 83.67021696051281765, -0.7370768784120921291 ) ) ;
#856 = APPROVAL_ROLE ( '' ) ;
#857 = CARTESIAN_POINT ( 'NONE',  ( 11.00000000000000000, 20.00000000000000355, 0.0000000000000000000 ) ) ;
#858 = ORIENTED_EDGE ( 'NONE', *, *, #2698, .F. ) ;
#859 = CARTESIAN_POINT ( 'NONE',  ( -57.42057832892157876, 74.46613226944590735, 9.160075103700730637 ) ) ;
#860 = CARTESIAN_POINT ( 'NONE',  ( 14.14213566318341364, -3.469446951953614189E-15, -3.463824234605039802E-15 ) ) ;
#861 = B_SPLINE_CURVE_WITH_KNOTS ( 'NONE', 3,
 ( #2239, #1021, #2716, #2700, #39, #1515, #1768, #2749, #468, #986, #1531, #2506, #238, #1289, #486, #108, #74, #3051, #3036, #2800, #333, #1074, #145, #2586, #2048, #2344, #1121, #1566, #349, #849, #833, #1106, #3067, #381, #2538, #2325, #1548, #607, #1842, #590, #1376, #2083, #2816, #1326, #1342, #573, #620 ),
 .UNSPECIFIED., .F., .F.,
 ( 4, 2, 2, 2, 2, 2, 2, 2, 2, 2, 2, 2, 2, 2, 2, 2, 2, 2, 2, 2, 2, 1, 2, 4 ),
 ( 8.673617379884035472E-18, 0.001076008388590278270, 0.002152016777180547867, 0.004304033554361082724, 0.006456050331541617580, 0.008608067108722153304, 0.01076008388590268816, 0.01291210066308322302, 0.01398810905167347310, 0.01506411744026372318, 0.01614012582885397673, 0.01721613421744422334, 0.01936815099462470963, 0.02152016777180519591, 0.02367218454898568220, 0.02474819293757591493, 0.02582420132616615460, 0.02690020971475638734, 0.02797621810334662007, 0.03012823488052710635, 0.03120424326911735297, 0.03228025165770758570, 0.03335626004629782537, 0.03443226843488806505 ),
 .UNSPECIFIED. ) ;
#862 = CARTESIAN_POINT ( 'NONE',  ( -15.83956355538153993, 74.49056811982703152, -5.269503372087365634 ) ) ;
#863 = CARTESIAN_POINT ( 'NONE',  ( -31.18294277159976957, 74.29159270198061904, -25.11994625815150073 ) ) ;
#864 = CARTESIAN_POINT ( 'NONE',  ( -16.77566640598395153, 92.69986550085179999, -9.475833825295177704 ) ) ;
#865 = CARTESIAN_POINT ( 'NONE',  ( -43.27868331660958745, 61.42056456528823105, -17.33148355261755214 ) ) ;
#866 = CARTESIAN_POINT ( 'NONE',  ( -15.60637015944380401, 74.75495343657978253, -4.660691041714493998 ) ) ;
#867 = CARTESIAN_POINT ( 'NONE',  ( -15.84262181842959905, 91.92714177198702430, -7.603148894881572417 ) ) ;
#868 = EDGE_CURVE ( 'NONE', #540, #302, #2068, .T. ) ;
#869 = CARTESIAN_POINT ( 'NONE',  ( -15.86859999207553429, 90.35294849348721868, 12.51962284066838471 ) ) ;
#870 = ORIENTED_EDGE ( 'NONE', *, *, #1542, .F. ) ;
#871 = CARTESIAN_POINT ( 'NONE',  ( -36.95263342215275770, 80.19805287578805064, -7.023254054992721152 ) ) ;
#872 = CARTESIAN_POINT ( 'NONE',  ( -44.18962455026366598, 59.99535053513886851, 19.07398349942037896 ) ) ;
#873 = EDGE_CURVE ( 'NONE', #2278, #2177, #14, .T. ) ;
#874 = DATE_AND_TIME ( #2362, #1612 ) ;
#875 = CARTESIAN_POINT ( 'NONE',  ( -46.68768666477465246, 66.92030557809110292, 7.982421150061893123 ) ) ;
#876 = CARTESIAN_POINT ( 'NONE',  ( 15.90113068190875545, 93.38763986676970319, 31.80226136381750024 ) ) ;
#877 = PRODUCT ( 'KleinBottle', 'KleinBottle', '', ( #277 ) ) ;
#878 = AXIS2_PLACEMENT_3D ( 'NONE', #118, #1606, #310 ) ;
#879 = CARTESIAN_POINT ( 'NONE',  ( -9.999999999999998224, 20.00000000000000355, 1.224646799147353059E-15 ) ) ;
#880 = TOROIDAL_SURFACE ( 'NONE', #2669, 38.29021041441976791, 10.00000000000000178 ) ;
#881 = DIRECTION ( 'NONE',  ( 0.0000000000000000000, -1.000000000000000000, 0.0000000000000000000 ) ) ;
#882 = AXIS2_PLACEMENT_3D ( 'NONE', #202, #2148, #1647 ) ;
#883 = CARTESIAN_POINT ( 'NONE',  ( -44.37616712781613160, 83.56666735226664855, 4.666535592772345531 ) ) ;
#884 = AXIS2_PLACEMENT_3D ( 'NONE', #1305, #480, #795 ) ;
#885 = FACE_OUTER_BOUND ( 'NONE', #3087, .T. ) ;
#886 = CARTESIAN_POINT ( 'NONE',  ( -16.50529735126389497, 92.18911278252919317, -4.973278022380584140 ) ) ;
#887 = CIRCLE ( 'NONE', #2476, 10.00000000000000178 ) ;
#888 = CARTESIAN_POINT ( 'NONE',  ( -20.16852937801545664, 85.76803104166485525, 8.403355237867765837 ) ) ;
#889 = ORIENTED_EDGE ( 'NONE', *, *, #708, .F. ) ;
#890 = CARTESIAN_POINT ( 'NONE',  ( -29.22363776400019120, 66.44947445711841283, 8.738303798453951998 ) ) ;
#891 = CARTESIAN_POINT ( 'NONE',  ( 9.999999999999998224, 20.00000000000000355, 0.0000000000000000000 ) ) ;
#892 = EDGE_CURVE ( 'NONE', #1816, #2017, #1248, .T. ) ;
#893 = CARTESIAN_POINT ( 'NONE',  ( -15.89591059071746315, 74.45284956128472231, -5.367188376428471130 ) ) ;
#894 = SHAPE_DEFINITION_REPRESENTATION ( #2570, #978 ) ;
#895 = CARTESIAN_POINT ( 'NONE',  ( -47.99742075179992895, 53.47252346716250315, 12.57916814161300856 ) ) ;
#896 = CARTESIAN_POINT ( 'NONE',  ( 16.59247315451354865, 92.69986550085179999, 0.0000000000000000000 ) ) ;
#897 = CARTESIAN_POINT ( 'NONE',  ( -17.06908240175222602, 2.033223015840947223, 34.13816480350445204 ) ) ;
#898 = CARTESIAN_POINT ( 'NONE',  ( -44.33272143741645266, 30.00000000000000000, 0.0000000000000000000 ) ) ;
#899 =( BOUNDED_CURVE ( )  B_SPLINE_CURVE ( 3, ( #1863, #178, #161, #2837 ),
 .UNSPECIFIED., .F., .T. ) 
 B_SPLINE_CURVE_WITH_KNOTS ( ( 4, 4 ),
 ( 4.717167838622280515E-48, 1.570796326794896780 ),
 .UNSPECIFIED. ) 
 CURVE ( )  GEOMETRIC_REPRESENTATION_ITEM ( )  RATIONAL_B_SPLINE_CURVE ( ( 1.000000000000000000, 0.8047378541243649375, 0.8047378541243649375, 1.000000000000000000 ) ) 
 REPRESENTATION_ITEM ( '' )  );
#900 = CARTESIAN_POINT ( 'NONE',  ( -48.48688275301376649, 82.50232642858358645, 7.366380197597686141 ) ) ;
#901 = CARTESIAN_POINT ( 'NONE',  ( -15.68134370811289813, 75.98536120304943609, -1.736763382873766526 ) ) ;
#902 = CARTESIAN_POINT ( 'NONE',  ( -16.33443935673533076, 92.12410185667519613, -5.752453410215116136 ) ) ;
#903 = DIRECTION ( 'NONE',  ( 0.0000000000000000000, 0.0000000000000000000, -1.000000000000000000 ) ) ;
#904 = ORIENTED_EDGE ( 'NONE', *, *, #2964, .F. ) ;
#905 = CARTESIAN_POINT ( 'NONE',  ( -29.91355683549007694, 84.13203604400048619, -11.98345921535037384 ) ) ;
#906 = CARTESIAN_POINT ( 'NONE',  ( 0.0000000000000000000, 30.00000000000000000, -10.00000000000000888 ) ) ;
#907 = ORIENTED_EDGE ( 'NONE', *, *, #138, .F. ) ;
#908 = CARTESIAN_POINT ( 'NONE',  ( -60.67384398196074358, 69.89888009163389881, 2.938412440642269807 ) ) ;
#909 = CARTESIAN_POINT ( 'NONE',  ( 9.000000000000001776, 115.8257569495584107, 0.0000000000000000000 ) ) ;
#910 = CARTESIAN_POINT ( 'NONE',  ( -15.51061951488801505, 75.03808882192956276, 4.061145607419097026 ) ) ;
#911 = CARTESIAN_POINT ( 'NONE',  ( 9.999999999999996447, 8.284271247461900245, 19.99999999999998934 ) ) ;
#912 = EDGE_CURVE ( 'NONE', #1535, #2387, #2168, .T. ) ;
#913 = CARTESIAN_POINT ( 'NONE',  ( 17.69534827954810297, 1.619570076684997417, 35.39069655909619883 ) ) ;
#914 = CARTESIAN_POINT ( 'NONE',  ( -35.74704916110322017, 81.44309247289250209, 5.725833659339345516 ) ) ;
#915 = CARTESIAN_POINT ( 'NONE',  ( 0.0000000000000000000, 20.00000000000000355, 0.0000000000000000000 ) ) ;
#916 = CARTESIAN_POINT ( 'NONE',  ( -60.74914011173778050, 69.78794325788501851, 2.485587803291093856 ) ) ;
#917 = CARTESIAN_POINT ( 'NONE',  ( -15.52700901649746257, 75.49980319319439559, -3.064534841904910767 ) ) ;
#918 = CARTESIAN_POINT ( 'NONE',  ( 9.999999999999994671, 103.7349440686690087, -19.99999999999999645 ) ) ;
#919 = EDGE_LOOP ( 'NONE', ( #176, #1676, #2987, #2719 ) ) ;
#920 = CARTESIAN_POINT ( 'NONE',  ( -40.70794870658718168, 84.03790831789302729, -1.883713658505320909 ) ) ;
#921 = DIRECTION ( 'NONE',  ( 0.0000000000000000000, -1.000000000000000000, 0.0000000000000000000 ) ) ;
#922 = CARTESIAN_POINT ( 'NONE',  ( -36.60071098844712623, 72.95158343039717863, 20.88851619739939025 ) ) ;
#923 = ORIENTED_EDGE ( 'NONE', *, *, #73, .T. ) ;
#924 = CARTESIAN_POINT ( 'NONE',  ( -60.78965202686413249, 69.72815119496175384, 2.179965511739601070 ) ) ;
#925 = CARTESIAN_POINT ( 'NONE',  ( 19.60194514364720320, 90.73416914713166648, 39.20389028729439929 ) ) ;
#926 = CARTESIAN_POINT ( 'NONE',  ( -15.51277868053959885, 75.02541702670508528, 4.087676723905698140 ) ) ;
#927 = CARTESIAN_POINT ( 'NONE',  ( 10.00000000000000178, 115.8257569495584249, 0.0000000000000000000 ) ) ;
#928 = CARTESIAN_POINT ( 'NONE',  ( -42.90919422137891814, 83.77278634726626194, 3.663909388010254009 ) ) ;
#929 = DIRECTION ( 'NONE',  ( -0.0000000000000000000, -1.000000000000000000, -0.0000000000000000000 ) ) ;
#930 = EDGE_CURVE ( 'NONE', #1138, #2968, #1808, .T. ) ;
#931 = AXIS2_PLACEMENT_3D ( 'NONE', #2352, #1799, #2110 ) ;
#932 = CARTESIAN_POINT ( 'NONE',  ( -15.63966829105492273, 75.88189929188948213, -2.075058189776978423 ) ) ;
#933 = AXIS2_PLACEMENT_3D ( 'NONE', #1159, #2118, #627 ) ;
#934 = DIRECTION ( 'NONE',  ( 0.0000000000000000000, 0.0000000000000000000, 1.000000000000000000 ) ) ;
#935 = AXIS2_PLACEMENT_3D ( 'NONE', #2984, #785, #1769 ) ;
#936 = B_SPLINE_CURVE_WITH_KNOTS ( 'NONE', 3,
 ( #285, #1789, #1275, #2311, #2085, #77, #111, #1059, #3021, #2258, #2033, #593 ),
 .UNSPECIFIED., .F., .F.,
 ( 4, 2, 2, 2, 2, 4 ),
 ( 0.008353788503014885833, 0.009402720300794514124, 0.01045165209857414415, 0.01254951569413339379, 0.01464737928969264691, 0.01674524288525190002 ),
 .UNSPECIFIED. ) ;
#937 = CARTESIAN_POINT ( 'NONE',  ( -20.18653366653344960, 80.57086375420853130, 6.061139409632686714 ) ) ;
#938 = CARTESIAN_POINT ( 'NONE',  ( -17.51741392110276152, 87.64333826949312822, 18.65575598878473329 ) ) ;
#939 = ORIENTED_EDGE ( 'NONE', *, *, #2986, .F. ) ;
#940 = CARTESIAN_POINT ( 'NONE',  ( -43.33710855341644219, 83.71697152311575962, -3.960615718651642414 ) ) ;
#941 = CARTESIAN_POINT ( 'NONE',  ( -44.88446889146929664, 67.87705495642092046, -6.312990226973820285 ) ) ;
#942 = APPROVAL_PERSON_ORGANIZATION ( #2756, #1657, #1252 ) ;
#943 = VERTEX_POINT ( 'NONE', #707 ) ;
#944 = CARTESIAN_POINT ( 'NONE',  ( -60.88868401341991188, 69.58184439940120569, 1.261054482507816488 ) ) ;
#945 = CARTESIAN_POINT ( 'NONE',  ( -12.81525250008625783, 97.70829599837496460, 1.569415795449575121E-15 ) ) ;
#946 = CARTESIAN_POINT ( 'NONE',  ( -15.57586051820129391, 75.69458380787305884, 2.594639938493985554 ) ) ;
#947 = B_SPLINE_CURVE_WITH_KNOTS ( 'NONE', 3,
 ( #845, #362, #616, #1116, #796, #1782, #140, #3031, #2828, #1374 ),
 .UNSPECIFIED., .F., .F.,
 ( 4, 2, 2, 2, 4 ),
 ( 0.0000000000000000000, 0.2499999999999999445, 0.4999999999999998890, 0.7499999999999997780, 0.8574234769917239429 ),
 .UNSPECIFIED. ) ;
#948 = CARTESIAN_POINT ( 'NONE',  ( 0.0000000000000000000, 30.00000000000000000, 0.0000000000000000000 ) ) ;
#949 = CARTESIAN_POINT ( 'NONE',  ( 21.97267762108946698, 1.488848490817995751, 0.0000000000000000000 ) ) ;
#950 = CARTESIAN_POINT ( 'NONE',  ( -29.16959961362014653, 85.30969297776925941, 9.677195131471803435 ) ) ;
#951 = CARTESIAN_POINT ( 'NONE',  ( -14.33597671988199806, 90.99778105202312872, 12.53986395703020840 ) ) ;
#952 = CC_DESIGN_DATE_AND_TIME_ASSIGNMENT ( #2792, #3074, ( #1518 ) ) ;
#953 = CARTESIAN_POINT ( 'NONE',  ( -15.69029207623946398, 76.00641259108002146, -1.661604881700292635 ) ) ;
#954 = CARTESIAN_POINT ( 'NONE',  ( -14.86035558636014287, 91.43512375710507456, -10.65409730428280000 ) ) ;
#955 = EDGE_CURVE ( 'NONE', #3137, #1498, #2977, .T. ) ;
#956 = ORIENTED_EDGE ( 'NONE', *, *, #2099, .F. ) ;
#957 = CARTESIAN_POINT ( 'NONE',  ( -37.06474361184179145, 80.61062620851294014, 10.46582497507642628 ) ) ;
#958 = CARTESIAN_POINT ( 'NONE',  ( -44.53587139659906313, 68.46931172200994808, -7.053124255470181403 ) ) ;
#959 = ORIENTED_EDGE ( 'NONE', *, *, #2171, .F. ) ;
#960 = CARTESIAN_POINT ( 'NONE',  ( -59.99564984328208794, 70.88922340512941389, 5.473938044213555010 ) ) ;
#961 = CARTESIAN_POINT ( 'NONE',  ( 18.92844170756269406, 1.095297274017316358, -4.636131110002782763E-15 ) ) ;
#962 = CARTESIAN_POINT ( 'NONE',  ( 20.00000009524667632, -3.469446951953614189E-15, -4.898587219918119686E-15 ) ) ;
#963 = CARTESIAN_POINT ( 'NONE',  ( -36.28137024395521593, 80.89801918061148456, 6.323296725132953711 ) ) ;
#964 = CARTESIAN_POINT ( 'NONE',  ( -14.86765813087164290, 91.43903688745520242, 10.63253456474821945 ) ) ;
#965 = CARTESIAN_POINT ( 'NONE',  ( 5.226104071462559730, 112.9799908217111977, -9.050092325408096272 ) ) ;
#966 = CARTESIAN_POINT ( 'NONE',  ( -15.26470376711086629, 91.65826778117819629, -9.437666427618255582 ) ) ;
#967 = ORIENTED_EDGE ( 'NONE', *, *, #1717, .F. ) ;
#968 = CARTESIAN_POINT ( 'NONE',  ( -32.22002952766500528, 73.23161753281920028, 24.92712549254084209 ) ) ;
#969 = CARTESIAN_POINT ( 'NONE',  ( -35.05649413620422195, 63.69451266288994873, -3.467787976797016558 ) ) ;
#970 = EDGE_CURVE ( 'NONE', #2145, #1598, #2833, .T. ) ;
#971 = ORIENTED_EDGE ( 'NONE', *, *, #1372, .F. ) ;
#972 = CARTESIAN_POINT ( 'NONE',  ( -46.22529178759968715, 67.64962650084393658, -8.546732312977464829 ) ) ;
#973 = CARTESIAN_POINT ( 'NONE',  ( -33.99133456486114824, 64.16255883770293167, 5.044779051094613997 ) ) ;
#974 = CARTESIAN_POINT ( 'NONE',  ( -49.73537902037274705, 50.49311311867646168, -5.322321882659428738 ) ) ;
#975 = ADVANCED_FACE ( 'NONE', ( #2907 ), #508, .F. ) ;
#976 = CARTESIAN_POINT ( 'NONE',  ( -48.19929694879880344, 55.65049035444857140, -0.8163411107772917674 ) ) ;
#977 = CARTESIAN_POINT ( 'NONE',  ( -11.41531168535118468, 14.18095978761979126, 1.397972491673470651E-15 ) ) ;
#978 = ADVANCED_BREP_SHAPE_REPRESENTATION ( 'KleinBottle', ( #794, #2730 ), #2679 ) ;
#979 = CARTESIAN_POINT ( 'NONE',  ( -53.03312523410765777, 79.50003248411955781, 9.733104978042776523 ) ) ;
#980 = CARTESIAN_POINT ( 'NONE',  ( -15.74042219926885267, 91.88309902912594396, 7.945162703931007542 ) ) ;
#981 = CARTESIAN_POINT ( 'NONE',  ( -13.90433454570114336, 94.29651742646717594, 1.702789879566687410E-15 ) ) ;
#982 = CARTESIAN_POINT ( 'NONE',  ( 9.250144553976072714, 110.1348626610737114, -2.263272035063490506E-15 ) ) ;
#983 = CARTESIAN_POINT ( 'NONE',  ( -14.60831493174926088, 91.26186917006012322, -11.46170222855888632 ) ) ;
#984 = CIRCLE ( 'NONE', #1238, 54.33272143741645976 ) ;
#985 = CARTESIAN_POINT ( 'NONE',  ( -15.75374979780816354, 89.31122136776549780, -16.21227771272348406 ) ) ;
#986 = CARTESIAN_POINT ( 'NONE',  ( -46.14940998413620576, 83.22760444558841186, -5.838181592388852259 ) ) ;
#987 = CARTESIAN_POINT ( 'NONE',  ( -36.05769673633223249, 82.29291508622716833, 9.724161648642910549 ) ) ;
#988 = CARTESIAN_POINT ( 'NONE',  ( -34.53025219960584025, 63.92343803433803373, -4.359246609508675263 ) ) ;
#989 = AXIS2_PLACEMENT_3D ( 'NONE', #1805, #591, #128 ) ;
#990 = ORIENTED_EDGE ( 'NONE', *, *, #2854, .T. ) ;
#991 = AXIS2_PLACEMENT_3D ( 'NONE', #2038, #1299, #1760 ) ;
#992 = CARTESIAN_POINT ( 'NONE',  ( -41.82908173247139416, 64.03387058324071290, -20.82363535439387192 ) ) ;
#993 = CARTESIAN_POINT ( 'NONE',  ( -38.29021041441978213, 114.1159673639782000, 0.0000000000000000000 ) ) ;
#994 = CARTESIAN_POINT ( 'NONE',  ( -49.61766255119336932, 81.97800696718391578, 8.073254546865221926 ) ) ;
#995 = CARTESIAN_POINT ( 'NONE',  ( -14.12772647820410299, 5.650676201709704749, 1.730147501076196368E-15 ) ) ;
#996 = CARTESIAN_POINT ( 'NONE',  ( -35.30189153947291203, 75.15478187612936267, 20.07065081132823536 ) ) ;
#997 = CARTESIAN_POINT ( 'NONE',  ( -15.22844360387669482, 91.63976543763624250, 9.546946326464809118 ) ) ;
#998 = DIRECTION ( 'NONE',  ( -0.0000000000000000000, -0.0000000000000000000, -1.000000000000000000 ) ) ;
#999 = FACE_OUTER_BOUND ( 'NONE', #396, .T. ) ;
#1000 = CARTESIAN_POINT ( 'NONE',  ( -14.27788915410503279, 90.92131665762414627, 12.83078055368613946 ) ) ;
#1001 = CARTESIAN_POINT ( 'NONE',  ( -14.26814051511140669, 90.88010919551918221, -12.97085200857016751 ) ) ;
#1002 = CARTESIAN_POINT ( 'NONE',  ( -16.98244661453938775, 73.73016402021525550, -6.894462879042509762 ) ) ;
#1003 = ORIENTED_EDGE ( 'NONE', *, *, #294, .T. ) ;
#1004 = CARTESIAN_POINT ( 'NONE',  ( -35.62000387161588577, 83.05052454597203848, 9.266824216074708076 ) ) ;
#1005 = CARTESIAN_POINT ( 'NONE',  ( -45.91450602983466212, 66.10005869619735108, 2.389142121285291243 ) ) ;
#1006 =( BOUNDED_SURFACE ( )  B_SPLINE_SURFACE ( 2, 3, ( 
 ( #1820, #1543, #2811, #2532, #2320, #1561, #1373, #2094, #2303, #602, #3012, #1781, #584, #1115 ),
 ( #360, #2339, #1050, #809, #2286, #2776, #2795, #1575, #2548, #1798, #1085, #2995, #2025, #3061 ),
 ( #345, #862, #1069, #1337, #2827, #119, #2760, #548, #2513, #328, #567, #312, #1304, #86 ) ),
 .UNSPECIFIED., .F., .F., .F. ) 
 B_SPLINE_SURFACE_WITH_KNOTS ( ( 3, 3 ),
 ( 4, 2, 2, 2, 2, 2, 4 ),
 ( 0.0000000000000000000, 1.000000000000000000 ),
 ( 5.702468927983017188, 5.738767541131872818, 5.775066154280729336, 5.847663380578442371, 5.992857833173868443, 6.138052285769293626, 6.283246738364718809 ),
 .UNSPECIFIED. ) 
 GEOMETRIC_REPRESENTATION_ITEM ( )  RATIONAL_B_SPLINE_SURFACE ( (
 ( 1.000000000000000000, 1.000000000000000000, 1.000000000000000000, 1.000000000000000000, 1.000000000000000000, 1.000000000000000000, 1.000000000000000000, 1.000000000000000000, 1.000000000000000000, 1.000000000000000000, 1.000000000000000000, 1.000000000000000000, 1.000000000000000000, 1.000000000000000000),
 ( 0.4078295215110598892, 0.4132695042135854369, 0.4193226470471057010, 0.4321014652930242339, 0.4388191842760840178, 0.4591114235731021953, 0.4727273813033824879, 0.5101652867285555448, 0.5304316443594553343, 0.5606929928637499616, 0.5710464653787700184, 0.5845401194749230145, 0.5876738242854252503, 0.5876946393180803030),
 ( 1.000000000000000000, 1.000000000000000000, 1.000000000000000000, 1.000000000000000000, 1.000000000000000000, 1.000000000000000000, 1.000000000000000000, 1.000000000000000000, 1.000000000000000000, 1.000000000000000000, 1.000000000000000000, 1.000000000000000000, 1.000000000000000000, 1.000000000000000000) ) ) 
 REPRESENTATION_ITEM ( '' )  SURFACE ( )  );
#1007 = ORIENTED_EDGE ( 'NONE', *, *, #116, .T. ) ;
#1008 = CARTESIAN_POINT ( 'NONE',  ( -48.43800888209377575, 64.11626451671658344, -3.920318172186163963 ) ) ;
#1009 = CARTESIAN_POINT ( 'NONE',  ( -35.41476421900810578, 63.54024097174956864, 2.724056220761028602 ) ) ;
#1010 = CARTESIAN_POINT ( 'NONE',  ( -40.64972642989965124, 66.04946613368259989, -21.27681121786066143 ) ) ;
#1011 = COORDINATED_UNIVERSAL_TIME_OFFSET ( 5, 0, .BEHIND. ) ;
#1012 = CARTESIAN_POINT ( 'NONE',  ( 14.12772647820410299, 5.650676201709704749, 28.25545295640819532 ) ) ;
#1013 = CARTESIAN_POINT ( 'NONE',  ( -34.20247129237159811, 77.01346653926651697, 19.11629016368888401 ) ) ;
#1014 = CARTESIAN_POINT ( 'NONE',  ( -14.91451256113522206, 91.46737628004919429, 10.48957876773728159 ) ) ;
#1015 = ADVANCED_FACE ( 'NONE', ( #2652 ), #446, .T. ) ;
#1016 = CARTESIAN_POINT ( 'NONE',  ( 1.347111479062088405E-15, 20.00000000000000355, 11.00000000000000000 ) ) ;
#1017 = CARTESIAN_POINT ( 'NONE',  ( -27.91984913698495063, 87.19559971000123255, 3.375532169330591081 ) ) ;
#1018 = CARTESIAN_POINT ( 'NONE',  ( -32.22002952765344475, 73.23161753278115782, 24.92712549259785249 ) ) ;
#1019 = CARTESIAN_POINT ( 'NONE',  ( -32.16896339413582950, 86.69307756328633729, 2.687813623825487497 ) ) ;
#1020 = CARTESIAN_POINT ( 'NONE',  ( -15.64240499083322256, 75.88904438669939623, 2.053217909547419673 ) ) ;
#1021 = CARTESIAN_POINT ( 'NONE',  ( -40.68147290089041235, 84.04107212547057770, -1.851993417088412697 ) ) ;
#1022 = CARTESIAN_POINT ( 'NONE',  ( -23.42955670694980341, 69.67000477708721462, 9.994102279950546119 ) ) ;
#1023 = CARTESIAN_POINT ( 'NONE',  ( -9.999999999999998224, 20.00000000000000355, 1.836970204553206451E-15 ) ) ;
#1024 = ORIENTED_EDGE ( 'NONE', *, *, #485, .T. ) ;
#1025 = CARTESIAN_POINT ( 'NONE',  ( -60.23173503558394515, 70.54647858875733846, -4.792235668383370673 ) ) ;
#1026 =( BOUNDED_SURFACE ( )  B_SPLINE_SURFACE ( 3, 2, ( 
 ( #1017, #313, #1991 ),
 ( #2287, #3013, #1719 ),
 ( #2456, #1477, #250 ),
 ( #1235, #2943, #748 ),
 ( #2711, #2365, #2641 ),
 ( #2413, #1418, #928 ),
 ( #2438, #2185, #1882 ),
 ( #1443, #914, #2885 ),
 ( #950, #1638, #3155 ),
 ( #679, #696, #1898 ),
 ( #2657, #963, #2397 ),
 ( #1460, #2424, #1167 ),
 ( #710, #1698, #2674 ),
 ( #460, #2610, #183 ),
 ( #1540, #1508, #2741 ),
 ( #2469, #2993, #2249 ),
 ( #2500, #309, #1490 ),
 ( #1253, #744, #529 ),
 ( #2232, #2452, #792 ),
 ( #292, #33, #247 ),
 ( #1281, #729, #2709 ),
 ( #1013, #2263, #1031 ),
 ( #2215, #64, #2199 ),
 ( #2023, #1988, #2758 ),
 ( #546, #47, #2975 ),
 ( #996, #1976, #1730 ),
 ( #2, #2004, #2956 ),
 ( #778, #761, #979 ),
 ( #1958, #2926, #2692 ),
 ( #2939, #1745, #477 ),
 ( #1474, #495, #2531 ),
 ( #1353, #2092, #2318 ),
 ( #2301, #1605, #1113 ),
 ( #630, #2058, #100 ),
 ( #1620, #3028, #376 ),
 ( #2793, #1591, #3059 ),
 ( #2337, #1129, #2592 ),
 ( #358, #2773, #1850 ),
 ( #136, #2108, #823 ),
 ( #582, #2564, #1817 ),
 ( #152, #2284, #859 ),
 ( #3010, #1573, #1370 ),
 ( #564, #1301, #3075 ),
 ( #2546, #117, #600 ),
 ( #2809, #875, #2350 ),
 ( #343, #326, #807 ),
 ( #1334, #1100, #2076 ),
 ( #84, #2825, #842 ),
 ( #613, #1867, #2842 ),
 ( #1066, #2040, #1796 ),
 ( #1559, #1650, #1427 ),
 ( #1205, #2393, #3151 ),
 ( #895, #2164, #3123 ),
 ( #387, #204, #191 ),
 ( #656, #1178, #960 ),
 ( #1938, #1383, #2408 ),
 ( #2363, #440, #1397 ),
 ( #1893, #2378, #2625 ),
 ( #413, #1926, #2150 ),
 ( #2894, #1414, #1880 ),
 ( #2866, #1666, #908 ),
 ( #2651, #643, #1910 ),
 ( #2181, #2906, #924 ),
 ( #3139, #2881, #944 ),
 ( #164, #1438, #1163 ),
 ( #674, #692, #2123 ),
 ( #1682, #706, #2639 ),
 ( #401, #426, #1696 ),
 ( #1143, #2421, #3094 ),
 ( #181, #1191, #2138 ),
 ( #1634, #218, #2606 ),
 ( #2851, #3110, #2969 ),
 ( #2919, #1008, #1262 ),
 ( #2019, #2464, #1025 ),
 ( #739, #2244, #2667 ),
 ( #1757, #242, #1984 ),
 ( #772, #1216, #2737 ),
 ( #29, #2988, #2494 ),
 ( #2936, #1726, #456 ),
 ( #274, #287, #523 ),
 ( #2704, #1229, #43 ),
 ( #472, #1520, #2260 ),
 ( #1277, #1455, #2951 ),
 ( #2481, #724, #2434 ),
 ( #490, #2000, #1504 ),
 ( #1712, #57, #789 ),
 ( #1045, #1485, #229 ),
 ( #2194, #506, #3164 ),
 ( #260, #972, #1952 ),
 ( #2687, #2448, #1247 ),
 ( #2210, #1470, #11 ),
 ( #992, #756, #2720 ),
 ( #1971, #2227, #1740 ),
 ( #2577, #578, #1366 ),
 ( #1831, #2559, #2789 ),
 ( #2769, #2088, #1587 ),
 ( #1125, #2528, #557 ),
 ( #2104, #1554, #853 ),
 ( #96, #2070, #353 ),
 ( #2805, #1599, #3071 ),
 ( #838, #79, #2332 ),
 ( #1110, #1569, #2280 ),
 ( #1078, #3040, #371 ),
 ( #133, #2052, #3004 ),
 ( #3055, #303, #2298 ),
 ( #1061, #2035, #1773 ),
 ( #595, #1316, #2542 ),
 ( #1845, #338, #2820 ),
 ( #1347, #610, #2347 ),
 ( #1331, #2753, #1536 ),
 ( #148, #323, #3023 ),
 ( #541, #818, #2510 ),
 ( #1295, #1094, #803 ),
 ( #1810, #2313, #1791 ),
 ( #113, #1862, #2117 ),
 ( #2403, #1380, #2635 ),
 ( #905, #871, #670 ),
 ( #408, #1158, #2862 ),
 ( #1662, #434, #2836 ),
 ( #1906, #626, #940 ),
 ( #188, #2372, #2848 ),
 ( #3104, #200, #2619 ),
 ( #1187, #1889, #2359 ),
 ( #177, #2146, #1393 ),
 ( #1922, #2134, #920 ),
 ( #1616, #1410, #2890 ) ),
 .UNSPECIFIED., .F., .F., .F. ) 
 B_SPLINE_SURFACE_WITH_KNOTS ( ( 4, 2, 2, 2, 2, 2, 2, 2, 2, 2, 2, 2, 2, 2, 2, 2, 2, 2, 2, 2, 2, 2, 2, 2, 2, 2, 2, 2, 2, 2, 2, 2, 2, 2, 2, 2, 2, 2, 2, 2, 2, 2, 2, 2, 2, 2, 2, 2, 2, 2, 2, 2, 2, 2, 2, 2, 2, 2, 2, 2, 2, 2, 4 ),
 ( 3, 3 ),
 ( 0.09775220244333990283, 0.1005541524990306024, 0.1033561025547213019, 0.1061580526104120015, 0.1075590276382573512, 0.1089600026661027010, 0.1145639027774841001, 0.1159648778053294499, 0.1173658528331747997, 0.1201678028888655131, 0.1257717030002469261, 0.1271726780280922897, 0.1285736530559376256, 0.1313756031116283252, 0.1369795032230097243, 0.1383804782508550879, 0.1397814532787004238, 0.1425834033343911234, 0.1481873034457725224, 0.1509892535014632220, 0.1537912035571539215, 0.1565931536128446211, 0.1579941286406899570, 0.1593951036685353206, 0.1649990037799167197, 0.1678009538356074193, 0.1692019288634527552, 0.1706029038912981188, 0.1762068040026795179, 0.1776077790305248816, 0.1790087540583702175, 0.1818107041140609170, 0.1874146042254423161, 0.1902165542811330157, 0.1930185043368237152, 0.1986224044482051143, 0.2014243545038958139, 0.2042263045595865134, 0.2070282546152772130, 0.2084292296431225489, 0.2098302046709679125, 0.2154341047823493116, 0.2182360548380400112, 0.2196370298658853470, 0.2210380048937307107, 0.2266419050051121098, 0.2280428800329574734, 0.2294438550608028093, 0.2322458051164935089, 0.2378497052278749080, 0.2406516552835656075, 0.2434536053392563071, 0.2490575054506377062, 0.2518594555063283780, 0.2546614055620191053, 0.2574633556177098326, 0.2588643306455551407, 0.2602653056734005044, 0.2658692057847819035, 0.2686711558404726308, 0.2714731058961633026, 0.2742750559518539744, 0.2770770060075447017 ),
 ( 0.0000000000000000000, 1.000000000000000000 ),
 .UNSPECIFIED. ) 
 GEOMETRIC_REPRESENTATION_ITEM ( )  RATIONAL_B_SPLINE_SURFACE ( (
 ( 1.000000000000000000, 0.9453847718495779207, 1.000000000000000000),
 ( 1.000000000000000000, 0.9435434405847795691, 1.000000000000000000),
 ( 1.000000000000000000, 0.9412500255632892943, 1.000000000000000000),
 ( 1.000000000000000000, 0.9360584961840537899, 1.000000000000000000),
 ( 1.000000000000000000, 0.9331617774734239923, 1.000000000000000000),
 ( 1.000000000000000000, 0.9270388517437022635, 1.000000000000000000),
 ( 1.000000000000000000, 0.9238131879089356291, 1.000000000000000000),
 ( 1.000000000000000000, 0.9188913850673176009, 1.000000000000000000),
 ( 1.000000000000000000, 0.9172340458457159951, 1.000000000000000000),
 ( 1.000000000000000000, 0.9139409275780112640, 1.000000000000000000),
 ( 1.000000000000000000, 0.9123019448056965963, 1.000000000000000000),
 ( 1.000000000000000000, 0.9041856251058463245, 1.000000000000000000),
 ( 1.000000000000000000, 0.8979748136061718178, 1.000000000000000000),
 ( 1.000000000000000000, 0.8908501739346206261, 1.000000000000000000),
 ( 1.000000000000000000, 0.8894554776045073829, 1.000000000000000000),
 ( 1.000000000000000000, 0.8867279790814575069, 1.000000000000000000),
 ( 1.000000000000000000, 0.8853922943801095791, 1.000000000000000000),
 ( 1.000000000000000000, 0.8815109906823219710, 1.000000000000000000),
 ( 1.000000000000000000, 0.8790841446269784809, 1.000000000000000000),
 ( 1.000000000000000000, 0.8722365170220879316, 1.000000000000000000),
 ( 1.000000000000000000, 0.8682472505723665135, 1.000000000000000000),
 ( 1.000000000000000000, 0.8638031922842913657, 1.000000000000000000),
 ( 1.000000000000000000, 0.8629415716746345888, 1.000000000000000000),
 ( 1.000000000000000000, 0.8612686561336603264, 1.000000000000000000),
 ( 1.000000000000000000, 0.8604586706200195723, 1.000000000000000000),
 ( 1.000000000000000000, 0.8581219223105587268, 1.000000000000000000),
 ( 1.000000000000000000, 0.8566794535887903850, 1.000000000000000000),
 ( 1.000000000000000000, 0.8526343360683721340, 1.000000000000000000),
 ( 1.000000000000000000, 0.8503107973820095422, 1.000000000000000000),
 ( 1.000000000000000000, 0.8477226357947109658, 1.000000000000000000),
 ( 1.000000000000000000, 0.8472199005911569270, 1.000000000000000000),
 ( 1.000000000000000000, 0.8462496991710068972, 1.000000000000000000),
 ( 1.000000000000000000, 0.8457830593871723535, 1.000000000000000000),
 ( 1.000000000000000000, 0.8444326405625378618, 1.000000000000000000),
 ( 1.000000000000000000, 0.8435981464639932259, 1.000000000000000000),
 ( 1.000000000000000000, 0.8412542497449402301, 1.000000000000000000),
 ( 1.000000000000000000, 0.8399024739301462761, 1.000000000000000000),
 ( 1.000000000000000000, 0.8380902674360812821, 1.000000000000000000),
 ( 1.000000000000000000, 0.8375303199685160127, 1.000000000000000000),
 ( 1.000000000000000000, 0.8364871153404105364, 1.000000000000000000),
 ( 1.000000000000000000, 0.8360028827497176795, 1.000000000000000000),
 ( 1.000000000000000000, 0.8350959989155428698, 1.000000000000000000),
 ( 1.000000000000000000, 0.8346733847502082471, 1.000000000000000000),
 ( 1.000000000000000000, 0.8340783647693168490, 1.000000000000000000),
 ( 1.000000000000000000, 0.8338865310955870802, 1.000000000000000000),
 ( 1.000000000000000000, 0.8335148947010732057, 1.000000000000000000),
 ( 1.000000000000000000, 0.8333350185187448078, 1.000000000000000000),
 ( 1.000000000000000000, 0.8324725247744110268, 1.000000000000000000),
 ( 1.000000000000000000, 0.8318907055683184559, 1.000000000000000000),
 ( 1.000000000000000000, 0.8311336640047739532, 1.000000000000000000),
 ( 1.000000000000000000, 0.8309009348477797152, 1.000000000000000000),
 ( 1.000000000000000000, 0.8305778645838408636, 1.000000000000000000),
 ( 1.000000000000000000, 0.8304742830132614273, 1.000000000000000000),
 ( 1.000000000000000000, 0.8302771632108105759, 1.000000000000000000),
 ( 1.000000000000000000, 0.8301834862630355083, 1.000000000000000000),
 ( 1.000000000000000000, 0.8297377251220069416, 1.000000000000000000),
 ( 1.000000000000000000, 0.8294524661503518415, 1.000000000000000000),
 ( 1.000000000000000000, 0.8291681597948541427, 1.000000000000000000),
 ( 1.000000000000000000, 0.8291149737206896519, 1.000000000000000000),
 ( 1.000000000000000000, 0.8290157616121279771, 1.000000000000000000),
 ( 1.000000000000000000, 0.8289696400444038771, 1.000000000000000000),
 ( 1.000000000000000000, 0.8288425641842177560, 1.000000000000000000),
 ( 1.000000000000000000, 0.8287731768935483467, 1.000000000000000000),
 ( 1.000000000000000000, 0.8286072488206409625, 1.000000000000000000),
 ( 1.000000000000000000, 0.8285523096434462831, 1.000000000000000000),
 ( 1.000000000000000000, 0.8285510653731005259, 1.000000000000000000),
 ( 1.000000000000000000, 0.8285645627764883780, 1.000000000000000000),
 ( 1.000000000000000000, 0.8286190527263979089, 1.000000000000000000),
 ( 1.000000000000000000, 0.8286599339959993538, 1.000000000000000000),
 ( 1.000000000000000000, 0.8288239999657326385, 1.000000000000000000),
 ( 1.000000000000000000, 0.8289878371690947434, 1.000000000000000000),
 ( 1.000000000000000000, 0.8293299584287947557, 1.000000000000000000),
 ( 1.000000000000000000, 0.8294590417806847471, 1.000000000000000000),
 ( 1.000000000000000000, 0.8297475810960251996, 1.000000000000000000),
 ( 1.000000000000000000, 0.8299072829124598538, 1.000000000000000000),
 ( 1.000000000000000000, 0.8302608940342843802, 1.000000000000000000),
 ( 1.000000000000000000, 0.8304547889189344279, 1.000000000000000000),
 ( 1.000000000000000000, 0.8307751081309037167, 1.000000000000000000),
 ( 1.000000000000000000, 0.8308868091246421894, 1.000000000000000000),
 ( 1.000000000000000000, 0.8311209189802248876, 1.000000000000000000),
 ( 1.000000000000000000, 0.8312433693119023470, 1.000000000000000000),
 ( 1.000000000000000000, 0.8318777207379933758, 1.000000000000000000),
 ( 1.000000000000000000, 0.8324595045343998745, 1.000000000000000000),
 ( 1.000000000000000000, 0.8334832956133859660, 1.000000000000000000),
 ( 1.000000000000000000, 0.8338499903047807971, 1.000000000000000000),
 ( 1.000000000000000000, 0.8344462243244878952, 1.000000000000000000),
 ( 1.000000000000000000, 0.8346531844161869662, 1.000000000000000000),
 ( 1.000000000000000000, 0.8350799345367433402, 1.000000000000000000),
 ( 1.000000000000000000, 0.8353000608206949673, 1.000000000000000000),
 ( 1.000000000000000000, 0.8364373763489018065, 1.000000000000000000),
 ( 1.000000000000000000, 0.8374622902963387849, 1.000000000000000000),
 ( 1.000000000000000000, 0.8389546204035160937, 1.000000000000000000),
 ( 1.000000000000000000, 0.8392638047803236967, 1.000000000000000000),
 ( 1.000000000000000000, 0.8399060392947123033, 1.000000000000000000),
 ( 1.000000000000000000, 0.8402399998658204305, 1.000000000000000000),
 ( 1.000000000000000000, 0.8412744720113860541, 1.000000000000000000),
 ( 1.000000000000000000, 0.8420059878579769785, 1.000000000000000000),
 ( 1.000000000000000000, 0.8443520958490440265, 1.000000000000000000),
 ( 1.000000000000000000, 0.8461145750951334366, 1.000000000000000000),
 ( 1.000000000000000000, 0.8492107408492066689, 1.000000000000000000),
 ( 1.000000000000000000, 0.8503237970835404447, 1.000000000000000000),
 ( 1.000000000000000000, 0.8526907374055348043, 1.000000000000000000),
 ( 1.000000000000000000, 0.8539486648619999398, 1.000000000000000000),
 ( 1.000000000000000000, 0.8579918488376668817, 1.000000000000000000),
 ( 1.000000000000000000, 0.8610417916818249306, 1.000000000000000000),
 ( 1.000000000000000000, 0.8664033137897995118, 1.000000000000000000),
 ( 1.000000000000000000, 0.8683065914897782900, 1.000000000000000000),
 ( 1.000000000000000000, 0.8723476682931043946, 1.000000000000000000),
 ( 1.000000000000000000, 0.8744902477777360961, 1.000000000000000000),
 ( 1.000000000000000000, 0.8790516962654002509, 1.000000000000000000),
 ( 1.000000000000000000, 0.8814707761437652334, 1.000000000000000000),
 ( 1.000000000000000000, 0.8853277716431229294, 1.000000000000000000),
 ( 1.000000000000000000, 0.8866514477880728107, 1.000000000000000000),
 ( 1.000000000000000000, 0.8893772164013982184, 1.000000000000000000),
 ( 1.000000000000000000, 0.8907825972115788193, 1.000000000000000000),
 ( 1.000000000000000000, 0.8979446760140686878, 1.000000000000000000),
 ( 1.000000000000000000, 0.9041605268446119004, 1.000000000000000000),
 ( 1.000000000000000000, 0.9138545878767323494, 1.000000000000000000),
 ( 1.000000000000000000, 0.9171425320563643124, 1.000000000000000000),
 ( 1.000000000000000000, 0.9236838805749381098, 1.000000000000000000),
 ( 1.000000000000000000, 0.9269488189188886951, 1.000000000000000000),
 ( 1.000000000000000000, 0.9331196148754453690, 1.000000000000000000),
 ( 1.000000000000000000, 0.9360335525339374962, 1.000000000000000000),
 ( 1.000000000000000000, 0.9412462099190465059, 1.000000000000000000),
 ( 1.000000000000000000, 0.9435435518054032800, 1.000000000000000000),
 ( 1.000000000000000000, 0.9453847718495782537, 1.000000000000000000) ) ) 
 REPRESENTATION_ITEM ( '' )  SURFACE ( )  );
#1027 = CARTESIAN_POINT ( 'NONE',  ( -20.00000009524667632, -3.469446951953614189E-15, 2.449293609959059448E-15 ) ) ;
#1028 = CARTESIAN_POINT ( 'NONE',  ( -48.72728947936110444, 52.22143910878967432, -10.30576995713280120 ) ) ;
#1029 = APPLICATION_PROTOCOL_DEFINITION ( 'international standard', 'config_control_design', 1994, #598 ) ;
#1030 = CARTESIAN_POINT ( 'NONE',  ( 13.61112125455438182, 6.663431988327886302, 27.22224250910875298 ) ) ;
#1031 = CARTESIAN_POINT ( 'NONE',  ( -51.10312983317242441, 81.05757217855614272, 8.908540766277161183 ) ) ;
#1032 = CARTESIAN_POINT ( 'NONE',  ( -14.58866183356886737, 91.24667195260133212, 11.52853023234979268 ) ) ;
#1033 = CARTESIAN_POINT ( 'NONE',  ( 17.06908240175222957, 2.033223015840947223, 0.0000000000000000000 ) ) ;
#1034 = CARTESIAN_POINT ( 'NONE',  ( -18.92231109304854897, 86.30658642454625351, 20.17060454075098264 ) ) ;
#1035 = EDGE_CURVE ( 'NONE', #943, #1948, #2170, .T. ) ;
#1036 = CARTESIAN_POINT ( 'NONE',  ( -27.51397439237451437, 83.46684870253275790, 0.2860710049586924208 ) ) ;
#1037 = FACE_OUTER_BOUND ( 'NONE', #1970, .T. ) ;
#1038 = CARTESIAN_POINT ( 'NONE',  ( -18.30108036721900433, 72.86476862641977448, -8.170746794362269583 ) ) ;
#1039 = EDGE_CURVE ( 'NONE', #1204, #2509, #2958, .T. ) ;
#1040 = ORIENTED_EDGE ( 'NONE', *, *, #1584, .F. ) ;
#1041 = FACE_OUTER_BOUND ( 'NONE', #1225, .T. ) ;
#1042 = CARTESIAN_POINT ( 'NONE',  ( -32.66411152503410875, 64.76480104401207427, 6.453393646156674102 ) ) ;
#1043 = CIRCLE ( 'NONE', #9, 21.97267762108947053 ) ;
#1044 = VERTEX_POINT ( 'NONE', #2389 ) ;
#1045 = CARTESIAN_POINT ( 'NONE',  ( -44.49596457446579478, 59.47088228842116564, -18.73990624743135314 ) ) ;
#1046 = CARTESIAN_POINT ( 'NONE',  ( -11.41531168535118468, 14.18095978761979126, 1.397972491673470651E-15 ) ) ;
#1047 = CARTESIAN_POINT ( 'NONE',  ( -28.84173967980354547, 85.81981634151873095, -8.496502311002741337 ) ) ;
#1048 = AXIS2_PLACEMENT_3D ( 'NONE', #436, #2892, #2136 ) ;
#1049 = CARTESIAN_POINT ( 'NONE',  ( 14.14213566318340654, -3.469446951953613794E-15, -28.28427132636682018 ) ) ;
#1050 = CARTESIAN_POINT ( 'NONE',  ( -33.09292635912985503, 87.33917728875798048, -2.774201582231254903 ) ) ;
#1051 = CARTESIAN_POINT ( 'NONE',  ( -14.10489236514629496, 95.74422717311719566, -7.967231401795483059 ) ) ;
#1052 = CARTESIAN_POINT ( 'NONE',  ( -15.77132318561866597, 76.18302356161808575, 0.8007717469213284645 ) ) ;
#1053 = DIRECTION ( 'NONE',  ( -1.000000000000000000, 0.0000000000000000000, 0.0000000000000000000 ) ) ;
#1054 = CC_DESIGN_PERSON_AND_ORGANIZATION_ASSIGNMENT ( #510, #1633, ( #1518 ) ) ;
#1055 = CARTESIAN_POINT ( 'NONE',  ( -15.79240363309462225, 74.52911220444551077, -5.174983916716565879 ) ) ;
#1056 = CARTESIAN_POINT ( 'NONE',  ( -15.07077950428458202, 89.95479458238578729, 15.09586300978581264 ) ) ;
#1057 = CARTESIAN_POINT ( 'NONE',  ( -34.41653866608674406, 63.97417149122092184, 4.481308882158738349 ) ) ;
#1058 = EDGE_CURVE ( 'NONE', #2017, #1437, #899, .T. ) ;
#1059 = CARTESIAN_POINT ( 'NONE',  ( -34.40886157840749604, 63.97681003750081885, -4.530031408683838023 ) ) ;
#1060 = ORIENTED_EDGE ( 'NONE', *, *, #728, .T. ) ;
#1061 = CARTESIAN_POINT ( 'NONE',  ( -33.75762108509489678, 77.76360542039680013, -18.66163844282955253 ) ) ;
#1062 = CARTESIAN_POINT ( 'NONE',  ( -19.89673369846552831, 79.68362186444085182, -5.801428738403508589 ) ) ;
#1063 = CARTESIAN_POINT ( 'NONE',  ( -20.00000009524667632, -3.469446951953614189E-15, 2.449293609959059843E-15 ) ) ;
#1064 = DIRECTION ( 'NONE',  ( -0.0000000000000000000, -1.000000000000000000, -0.0000000000000000000 ) ) ;
#1065 = CARTESIAN_POINT ( 'NONE',  ( -21.61917180929284399, 70.76570744761686171, 9.731713592701026982 ) ) ;
#1066 = CARTESIAN_POINT ( 'NONE',  ( -47.36456624771538770, 54.55714495094379402, 14.16250215741305141 ) ) ;
#1067 = CARTESIAN_POINT ( 'NONE',  ( -17.00090917679538549, 92.36744396521355327, 0.9550087639571087639 ) ) ;
#1068 = B_SPLINE_CURVE_WITH_KNOTS ( 'NONE', 3,
 ( #801, #769, #1770, #1076 ),
 .UNSPECIFIED., .F., .F.,
 ( 4, 4 ),
 ( 0.0000000000000000000, 0.003375532169349824627 ),
 .UNSPECIFIED. ) ;
#1069 = CARTESIAN_POINT ( 'NONE',  ( -15.78990516356211238, 74.53121040921527651, -5.169831406421958597 ) ) ;
#1070 = CARTESIAN_POINT ( 'NONE',  ( -39.00239717932687000, 66.13456141867568761, -21.92533487570059947 ) ) ;
#1071 = CARTESIAN_POINT ( 'NONE',  ( 15.90113068190875367, 93.38763986676970319, -9.385032864128787011 ) ) ;
#1072 = DIRECTION ( 'NONE',  ( 1.000000000000000000, 0.0000000000000000000, 0.0000000000000000000 ) ) ;
#1073 = CARTESIAN_POINT ( 'NONE',  ( -29.21652470161281201, 66.45396113434043173, -8.736488872286113150 ) ) ;
#1074 = CARTESIAN_POINT ( 'NONE',  ( -53.36087016946810024, 79.17884800582413618, -9.813337913112034627 ) ) ;
#1075 = CARTESIAN_POINT ( 'NONE',  ( -33.70072788339480496, 87.70282400758468100, 3.062155727791251891 ) ) ;
#1076 = CARTESIAN_POINT ( 'NONE',  ( -27.74213158124184631, 87.45044210978255705, 1.924956698055934944E-11 ) ) ;
#1077 = ORIENTED_EDGE ( 'NONE', *, *, #1601, .T. ) ;
#1078 = CARTESIAN_POINT ( 'NONE',  ( -36.27933964197314509, 73.49688909109590895, -20.69397770940540582 ) ) ;
#1079 = CARTESIAN_POINT ( 'NONE',  ( -15.84226779065708435, 3.177435360218610061, 1.940118254106340873E-15 ) ) ;
#1080 = EDGE_CURVE ( 'NONE', #702, #788, #1960, .T. ) ;
#1081 = CARTESIAN_POINT ( 'NONE',  ( -40.44865645345912242, 84.06889324433485911, 1.573059714035672574 ) ) ;
#1082 = PERSON_AND_ORGANIZATION ( #1933, #2841 ) ;
#1083 = ORIENTED_EDGE ( 'NONE', *, *, #1975, .T. ) ;
#1084 = CARTESIAN_POINT ( 'NONE',  ( 9.999999999999998224, 20.00000000000000355, -2.449293598294705724E-15 ) ) ;
#1085 = CARTESIAN_POINT ( 'NONE',  ( -27.89795983424621184, 83.73702491449878949, -1.134679003100890649 ) ) ;
#1086 = CARTESIAN_POINT ( 'NONE',  ( -19.18007570512297377, 86.06335775346563821, -20.50553285995976793 ) ) ;
#1087 = CARTESIAN_POINT ( 'NONE',  ( 18.81095450825034732, 91.07739003064354222, -11.10244483849303698 ) ) ;
#1088 = CARTESIAN_POINT ( 'NONE',  ( -15.64130899279729903, 75.88618820028834477, 2.061968643911204158 ) ) ;
#1089 = CARTESIAN_POINT ( 'NONE',  ( -28.44824404982070121, 66.85299861624241657, -9.081516395566758604 ) ) ;
#1090 = CARTESIAN_POINT ( 'NONE',  ( -15.63906299966363811, 74.70489818010162253, -4.771179302764175567 ) ) ;
#1091 = DIRECTION ( 'NONE',  ( 0.0000000000000000000, 0.0000000000000000000, 1.000000000000000000 ) ) ;
#1092 = CARTESIAN_POINT ( 'NONE',  ( -41.80110197679583450, 65.24190839158222843, 0.0000000000000000000 ) ) ;
#1093 = ORIENTED_EDGE ( 'NONE', *, *, #2295, .T. ) ;
#1094 = CARTESIAN_POINT ( 'NONE',  ( -38.48938529748403425, 78.46789624207048064, -8.302891872825686193 ) ) ;
#1095 = CARTESIAN_POINT ( 'NONE',  ( -12.30461438829070175, 10.15306706476068044, -24.60922877658138930 ) ) ;
#1096 = CARTESIAN_POINT ( 'NONE',  ( -29.91220887534088746, 84.13419884806555160, -11.97979107542298394 ) ) ;
#1097 = AXIS2_PLACEMENT_3D ( 'NONE', #1302, #601, #793 ) ;
#1098 = DATE_AND_TIME ( #1848, #411 ) ;
#1099 = AXIS2_PLACEMENT_3D ( 'NONE', #740, #3165, #44 ) ;
#1100 = CARTESIAN_POINT ( 'NONE',  ( -46.87893221023242774, 66.61710163455694556, 7.710240771246431812 ) ) ;
#1101 = CARTESIAN_POINT ( 'NONE',  ( 9.000000000000001776, 30.00000000000000000, 0.0000000000000000000 ) ) ;
#1102 = CIRCLE ( 'NONE', #2276, 30.00000000000001421 ) ;
#1103 = CARTESIAN_POINT ( 'NONE',  ( 11.00000000000000178, 18.52522561770877729, 0.0000000000000000000 ) ) ;
#1104 = CARTESIAN_POINT ( 'NONE',  ( -9.535777080997981159, 93.38763986676970319, -15.81119079277177342 ) ) ;
#1105 = CARTESIAN_POINT ( 'NONE',  ( -42.33423516652511864, 62.48806846687377714, -18.71293028615714249 ) ) ;
#1106 = CARTESIAN_POINT ( 'NONE',  ( -58.59473892932540906, 72.87633502952441233, -8.032392462622221174 ) ) ;
#1107 = CARTESIAN_POINT ( 'NONE',  ( -16.97967405839558808, 92.36003823266786128, -1.307034969734171659 ) ) ;
#1108 = CARTESIAN_POINT ( 'NONE',  ( -29.75776718848845803, 66.17687445932986634, 8.467699828428667530 ) ) ;
#1109 = EDGE_LOOP ( 'NONE', ( #433, #1999, #1379, #2588, #1172 ) ) ;
#1110 = CARTESIAN_POINT ( 'NONE',  ( -36.60839838447127192, 72.93788031468154998, -20.86107658764139927 ) ) ;
#1111 = CARTESIAN_POINT ( 'NONE',  ( 15.24334744844121836, 3.907375199354365058, -30.48669489688244738 ) ) ;
#1112 = CARTESIAN_POINT ( 'NONE',  ( -29.34749556853942210, 85.03091168289107316, -10.27891996796178908 ) ) ;
#1113 = CARTESIAN_POINT ( 'NONE',  ( -54.53206872142851580, 77.97071179672259689, 9.994241662612314059 ) ) ;
#1114 = CARTESIAN_POINT ( 'NONE',  ( 0.0000000000000000000, 20.00000000000000355, 0.0000000000000000000 ) ) ;
#1115 = CARTESIAN_POINT ( 'NONE',  ( -17.01515374860822760, 92.37244342549278997, 0.002778284018765115118 ) ) ;
#1116 = CARTESIAN_POINT ( 'NONE',  ( -10.22672092310498293, 104.7498357589306863, 1.252412104425378322E-15 ) ) ;
#1117 = CARTESIAN_POINT ( 'NONE',  ( 7.441538140835721293, 97.70829599837497881, -12.88657981102194405 ) ) ;
#1118 = CARTESIAN_POINT ( 'NONE',  ( 20.00000009524667632, -3.469446951953614189E-15, 0.0000000000000000000 ) ) ;
#1119 = ADVANCED_FACE ( 'NONE', ( #2161 ), #822, .F. ) ;
#1120 = CARTESIAN_POINT ( 'NONE',  ( -42.83655302973273393, 71.29455573367670240, -9.399152214938961691 ) ) ;
#1121 = CARTESIAN_POINT ( 'NONE',  ( -56.23680952333840821, 75.98752441817909187, -9.793248841976700092 ) ) ;
#1122 = CARTESIAN_POINT ( 'NONE',  ( 9.000000000000001776, 115.8257569495584249, 0.0000000000000000000 ) ) ;
#1123 = CARTESIAN_POINT ( 'NONE',  ( -19.89673369846551054, 79.68362186444085182, 5.801428738403470398 ) ) ;
#1124 = ORIENTED_EDGE ( 'NONE', *, *, #2854, .F. ) ;
#1125 = CARTESIAN_POINT ( 'NONE',  ( -40.32063587362063117, 66.61157469800946274, -21.35390661315101113 ) ) ;
#1126 = CARTESIAN_POINT ( 'NONE',  ( -43.66690138289676071, 60.98176408649856484, -16.76363599051957465 ) ) ;
#1127 = CARTESIAN_POINT ( 'NONE',  ( -28.27655918934167190, 86.67842676727173057, 5.995364157944591099 ) ) ;
#1128 = CARTESIAN_POINT ( 'NONE',  ( 11.00000000000000000, 20.00000000000000355, 21.99999999999999645 ) ) ;
#1129 = CARTESIAN_POINT ( 'NONE',  ( -44.93448850943835993, 69.65460210718558187, 9.602604035082064726 ) ) ;
#1130 = DIRECTION ( 'NONE',  ( 1.000000000000000000, 1.393499969507555423E-15, -0.0000000000000000000 ) ) ;
#1131 = CARTESIAN_POINT ( 'NONE',  ( -9.999999999999994671, 8.284271247461900245, 19.99999999999998934 ) ) ;
#1132 = CARTESIAN_POINT ( 'NONE',  ( -21.04030749407874623, 84.27822868453517913, -21.98632118058410256 ) ) ;
#1133 = CARTESIAN_POINT ( 'NONE',  ( -45.05274695327209145, 59.39176493064032059, -14.30260733168353049 ) ) ;
#1134 = EDGE_CURVE ( 'NONE', #2490, #270, #2622, .T. ) ;
#1135 = DIRECTION ( 'NONE',  ( -0.0000000000000000000, -0.0000000000000000000, -1.000000000000000000 ) ) ;
#1136 = DIRECTION ( 'NONE',  ( 0.0000000000000000000, -0.9950371902099891530, -0.09950371902099802712 ) ) ;
#1137 = B_SPLINE_CURVE_WITH_KNOTS ( 'NONE', 3,
 ( #2850, #1425, #1618, #2591, #2649, #3136, #1412, #1877, #179, #2390, #399, #654 ),
 .UNSPECIFIED., .F., .F.,
 ( 4, 2, 2, 2, 2, 4 ),
 ( 0.0000000000000000000, 0.2499999999999999445, 0.4999999999999998890, 0.7499999999999997780, 0.8749999999999998890, 1.000000000000000000 ),
 .UNSPECIFIED. ) ;
#1138 = VERTEX_POINT ( 'NONE', #3089 ) ;
#1139 = CARTESIAN_POINT ( 'NONE',  ( -32.10678893376326215, 65.02802523698503023, 6.905997744448530540 ) ) ;
#1140 = CARTESIAN_POINT ( 'NONE',  ( -18.57479811594799202, 77.17315658289037117, -5.306759337971348245 ) ) ;
#1141 = CARTESIAN_POINT ( 'NONE',  ( -10.00000000000000178, 115.8257569495584249, 1.836970198721030772E-15 ) ) ;
#1142 = APPROVAL_ROLE ( '' ) ;
#1143 = CARTESIAN_POINT ( 'NONE',  ( -49.92663327478868496, 50.16517427422819253, -3.325166229407423568 ) ) ;
#1144 = CARTESIAN_POINT ( 'NONE',  ( 9.000000000000005329, 112.9799908217111977, 0.0000000000000000000 ) ) ;
#1145 = AXIS2_PLACEMENT_3D ( 'NONE', #2059, #344, #3045 ) ;
#1146 = CARTESIAN_POINT ( 'NONE',  ( 17.06908240175222957, 2.033223015840947223, 0.0000000000000000000 ) ) ;
#1147 = CARTESIAN_POINT ( 'NONE',  ( -14.34046872753158119, 91.00386346764008749, 12.51683201381712074 ) ) ;
#1148 = AXIS2_PLACEMENT_3D ( 'NONE', #1747, #2201, #1492 ) ;
#1149 = CARTESIAN_POINT ( 'NONE',  ( 22.41887471888016847, 0.5939137725713746763, 0.0000000000000000000 ) ) ;
#1150 = AXIS2_PLACEMENT_3D ( 'NONE', #307, #2497, #1539 ) ;
#1151 =( BOUNDED_SURFACE ( )  B_SPLINE_SURFACE ( 3, 3, ( 
 ( #2008, #2488, #280, #2979, #2912, #1512, #2746 ),
 ( #50, #2187, #1734, #1945, #965, #2680, #713 ),
 ( #22, #464, #267, #2442, #1222, #5, #982 ),
 ( #1962, #2712, #733, #498, #1493, #2472, #1339 ),
 ( #2534, #3063, #297, #141, #2322, #316, #811 ),
 ( #88, #2096, #1545, #1854, #1117, #330, #122 ),
 ( #2516, #1051, #829, #1307, #2289, #1358, #1323 ),
 ( #347, #586, #1104, #1563, #1577, #1071, #846 ),
 ( #2045, #864, #3015, #1800, #604, #534, #2779 ),
 ( #1594, #569, #1822, #2080, #2305, #2550, #363 ),
 ( #105, #2797, #2026, #3047, #1838, #1087, #1528 ),
 ( #2813, #2061, #2568, #3032, #2504, #2341, #1285 ) ),
 .UNSPECIFIED., .F., .F., .F. ) 
 B_SPLINE_SURFACE_WITH_KNOTS ( ( 4, 2, 2, 2, 2, 4 ),
 ( 4, 3, 4 ),
 ( 0.0000000000000000000, 0.2499999999999999445, 0.4999999999999998890, 0.7499999999999997780, 0.8749999999999998890, 1.000000000000000000 ),
 ( 0.0000000000000000000, 0.5000000000000000000, 1.000000000000000000 ),
 .UNSPECIFIED. ) 
 GEOMETRIC_REPRESENTATION_ITEM ( )  RATIONAL_B_SPLINE_SURFACE ( (
 ( 1.000000000000000000, 0.8024917367981604377, 0.8024917367981604377, 1.000000000000000000, 0.8024917367981604377, 0.8024917367981604377, 1.000000000000000000),
 ( 1.000000000000000000, 0.8024917367981604377, 0.8024917367981604377, 1.000000000000000000, 0.8024917367981604377, 0.8024917367981604377, 1.000000000000000000),
 ( 1.000000000000000000, 0.8024917367981604377, 0.8024917367981604377, 1.000000000000000000, 0.8024917367981604377, 0.8024917367981604377, 1.000000000000000000),
 ( 1.000000000000000000, 0.8024917367981604377, 0.8024917367981604377, 1.000000000000000000, 0.8024917367981604377, 0.8024917367981604377, 1.000000000000000000),
 ( 1.000000000000000000, 0.8024917367981604377, 0.8024917367981604377, 1.000000000000000000, 0.8024917367981604377, 0.8024917367981604377, 1.000000000000000000),
 ( 1.000000000000000000, 0.8024917367981604377, 0.8024917367981604377, 1.000000000000000000, 0.8024917367981604377, 0.8024917367981604377, 1.000000000000000000),
 ( 1.000000000000000000, 0.8024917367981604377, 0.8024917367981604377, 1.000000000000000000, 0.8024917367981604377, 0.8024917367981604377, 1.000000000000000000),
 ( 1.000000000000000000, 0.8024917367981604377, 0.8024917367981604377, 1.000000000000000000, 0.8024917367981604377, 0.8024917367981604377, 1.000000000000000000),
 ( 1.000000000000000000, 0.8024917367981604377, 0.8024917367981604377, 1.000000000000000000, 0.8024917367981604377, 0.8024917367981604377, 1.000000000000000000),
 ( 1.000000000000000000, 0.8024917367981604377, 0.8024917367981604377, 1.000000000000000000, 0.8024917367981604377, 0.8024917367981604377, 1.000000000000000000),
 ( 1.000000000000000000, 0.8024917367981604377, 0.8024917367981604377, 1.000000000000000000, 0.8024917367981604377, 0.8024917367981604377, 1.000000000000000000),
 ( 1.000000000000000000, 0.8024917367981604377, 0.8024917367981604377, 1.000000000000000000, 0.8024917367981604377, 0.8024917367981604377, 1.000000000000000000) ) ) 
 REPRESENTATION_ITEM ( '' )  SURFACE ( )  );
#1152 = CARTESIAN_POINT ( 'NONE',  ( -15.65938908220303105, 75.93248046304202603, -1.917284880434928285 ) ) ;
#1153 = CARTESIAN_POINT ( 'NONE',  ( 13.90433454570115046, 94.29651742646719015, -3.405579759133376397E-15 ) ) ;
#1154 = CC_DESIGN_PERSON_AND_ORGANIZATION_ASSIGNMENT ( #2121, #400, ( #2928 ) ) ;
#1155 = CARTESIAN_POINT ( 'NONE',  ( -15.07490787996395554, 90.60725161670785610, 13.01360115789809768 ) ) ;
#1156 = CARTESIAN_POINT ( 'NONE',  ( -47.90323516345477373, 53.63395383213843104, 12.83303732567964239 ) ) ;
#1157 = VERTEX_POINT ( 'NONE', #1600 ) ;
#1158 = CARTESIAN_POINT ( 'NONE',  ( -36.15470752648784014, 81.03013955326802886, -6.191346930681233651 ) ) ;
#1159 = CARTESIAN_POINT ( 'NONE',  ( 0.0000000000000000000, 30.00000000000000000, 0.0000000000000000000 ) ) ;
#1160 = DIRECTION ( 'NONE',  ( -0.0000000000000000000, -0.0000000000000000000, -1.000000000000000000 ) ) ;
#1161 = EDGE_CURVE ( 'NONE', #2278, #1921, #717, .T. ) ;
#1162 = ORIENTED_EDGE ( 'NONE', *, *, #2295, .F. ) ;
#1163 = CARTESIAN_POINT ( 'NONE',  ( -60.92213016750333310, 69.53226798378398144, 0.6412684350275054124 ) ) ;
#1164 = CARTESIAN_POINT ( 'NONE',  ( -18.04718298784626640, 91.54474346039792465, 2.210142487969249573E-15 ) ) ;
#1165 = CARTESIAN_POINT ( 'NONE',  ( 9.999999999999992895, 8.284271247461902021, 0.0000000000000000000 ) ) ;
#1166 = CARTESIAN_POINT ( 'NONE',  ( -17.06908240175222957, 2.033223015840947223, 2.090359712768828377E-15 ) ) ;
#1167 = CARTESIAN_POINT ( 'NONE',  ( -45.75977572484391231, 83.31946272600941938, 5.582530600036078816 ) ) ;
#1168 = DIRECTION ( 'NONE',  ( -0.0000000000000000000, 1.000000000000000000, -0.0000000000000000000 ) ) ;
#1169 = CARTESIAN_POINT ( 'NONE',  ( -41.47599127471097091, 83.94733350986285814, 2.579150038936477429 ) ) ;
#1170 = CARTESIAN_POINT ( 'NONE',  ( -15.62889400677205920, 75.85328629707748860, -2.160927321014315616 ) ) ;
#1171 = CARTESIAN_POINT ( 'NONE',  ( -16.24854060959334134, 92.09080103530881445, -6.112632819771229187 ) ) ;
#1172 = ORIENTED_EDGE ( 'NONE', *, *, #1932, .F. ) ;
#1173 = CARTESIAN_POINT ( 'NONE',  ( -32.10678893376328347, 65.02802523698504444, 6.905997744448532316 ) ) ;
#1174 = CARTESIAN_POINT ( 'NONE',  ( -15.89591059071746315, 74.45284956128472231, -5.367188376428471130 ) ) ;
#1175 = CARTESIAN_POINT ( 'NONE',  ( -31.79506438185631367, 81.04820998440651181, 15.95495347834565614 ) ) ;
#1176 = EDGE_CURVE ( 'NONE', #270, #2331, #1876, .T. ) ;
#1177 = ORIENTED_EDGE ( 'NONE', *, *, #1680, .T. ) ;
#1178 = CARTESIAN_POINT ( 'NONE',  ( -48.11371437936669082, 64.64026984430120137, 5.087297854111282547 ) ) ;
#1179 = DIRECTION ( 'NONE',  ( -0.0000000000000000000, -0.0000000000000000000, -1.000000000000000000 ) ) ;
#1180 = CARTESIAN_POINT ( 'NONE',  ( -15.51423780609668412, 75.42843312083800811, 3.226170431293242657 ) ) ;
#1181 = DIRECTION ( 'NONE',  ( -1.000000000000000000, 0.0000000000000000000, 0.0000000000000000000 ) ) ;
#1182 = CARTESIAN_POINT ( 'NONE',  ( -37.16604417583718600, 68.09565023274292628, 23.15267807289421143 ) ) ;
#1183 = CARTESIAN_POINT ( 'NONE',  ( -15.51950992804657936, 75.45931845793873549, -3.156595908000444872 ) ) ;
#1184 = CARTESIAN_POINT ( 'NONE',  ( -23.84276047792302222, 69.42543021633545663, -10.00636563729462125 ) ) ;
#1185 = CARTESIAN_POINT ( 'NONE',  ( -29.10515912471062450, 76.37767117447295107, 25.08147637719794432 ) ) ;
#1186 = VERTEX_POINT ( 'NONE', #1381 ) ;
#1187 = CARTESIAN_POINT ( 'NONE',  ( -28.29196703391434653, 86.65228382458215606, -5.989811268955122614 ) ) ;
#1188 = DIRECTION ( 'NONE',  ( 0.0000000000000000000, 0.0000000000000000000, 1.000000000000000000 ) ) ;
#1189 = CARTESIAN_POINT ( 'NONE',  ( -40.65182186109054641, 66.04615407478317479, 21.30717953512165508 ) ) ;
#1190 = VERTEX_POINT ( 'NONE', #3072 ) ;
#1191 = CARTESIAN_POINT ( 'NONE',  ( -48.73765383128984752, 63.63048762895165567, -2.276171509877121135 ) ) ;
#1192 = CARTESIAN_POINT ( 'NONE',  ( 10.95262562556356656, 102.2110523352603195, 21.90525125112712956 ) ) ;
#1193 = CARTESIAN_POINT ( 'NONE',  ( -15.49864841028275642, 75.14364334862217731, 3.839846558900427809 ) ) ;
#1194 = CARTESIAN_POINT ( 'NONE',  ( -10.00000000000000000, 115.8257569495584249, 20.00000000000000000 ) ) ;
#1195 = AXIS2_PLACEMENT_3D ( 'NONE', #1354, #2024, #2794 ) ;
#1196 = CARTESIAN_POINT ( 'NONE',  ( -15.63483874993783296, 75.86916702894052378, -2.113563212583605466 ) ) ;
#1197 = AXIS2_PLACEMENT_3D ( 'NONE', #2578, #2636, #3105 ) ;
#1198 = CARTESIAN_POINT ( 'NONE',  ( -29.40865324886585341, 66.35201781814649280, -8.665481974809754462 ) ) ;
#1199 = TOROIDAL_SURFACE ( 'NONE', #2072, 38.29021041441976791, 10.00000000000000178 ) ;
#1200 = CARTESIAN_POINT ( 'NONE',  ( -35.25664519680483977, 70.10820130695412900, 24.14920928190712957 ) ) ;
#1201 = VERTEX_POINT ( 'NONE', #906 ) ;
#1202 = CARTESIAN_POINT ( 'NONE',  ( -38.10187937281362736, 67.10040664339439331, 22.57160740769583995 ) ) ;
#1203 = CARTESIAN_POINT ( 'NONE',  ( -35.97761459636593173, 63.30088029128763338, -0.3340779601948428712 ) ) ;
#1204 = VERTEX_POINT ( 'NONE', #2620 ) ;
#1205 = CARTESIAN_POINT ( 'NONE',  ( -47.89597091145193275, 53.64640429574976821, 12.85229131996501906 ) ) ;
#1206 = CARTESIAN_POINT ( 'NONE',  ( -35.83883485444073358, 63.35958491442442408, 1.391654536743100357 ) ) ;
#1207 = CARTESIAN_POINT ( 'NONE',  ( -15.50336461316826053, 75.34116522673923555, 3.418212235421382861 ) ) ;
#1208 = CARTESIAN_POINT ( 'NONE',  ( 0.0000000000000000000, -3.469446951953614189E-15, 0.0000000000000000000 ) ) ;
#1209 = ADVANCED_FACE ( 'NONE', ( #398 ), #2012, .T. ) ;
#1210 = CARTESIAN_POINT ( 'NONE',  ( -15.89591059071747026, 74.45284956128472231, 5.367188376428463137 ) ) ;
#1211 = CARTESIAN_POINT ( 'NONE',  ( -26.48016419241482211, 67.91355316769588057, -9.727382547493265363 ) ) ;
#1212 = ORIENTED_EDGE ( 'NONE', *, *, #892, .F. ) ;
#1213 = CARTESIAN_POINT ( 'NONE',  ( -36.79876926281102101, 81.04955718646989737, 10.30312274983330489 ) ) ;
#1214 = CARTESIAN_POINT ( 'NONE',  ( -44.72674605876570553, 59.76871901704429746, -14.94217524802982311 ) ) ;
#1215 = ORIENTED_EDGE ( 'NONE', *, *, #2757, .T. ) ;
#1216 = CARTESIAN_POINT ( 'NONE',  ( -47.99602830674996312, 64.83004125619841318, -5.440449633776752947 ) ) ;
#1217 = CARTESIAN_POINT ( 'NONE',  ( -35.94984504323109320, 63.31259676095039879, 0.6991657781363342927 ) ) ;
#1218 = CARTESIAN_POINT ( 'NONE',  ( -48.00798880422750159, 53.45441722382440020, -12.56360224067855924 ) ) ;
#1219 = CARTESIAN_POINT ( 'NONE',  ( -12.69960888379111097, 8.914741298072964781, 25.39921776758222194 ) ) ;
#1220 = CARTESIAN_POINT ( 'NONE',  ( -15.01994293103729916, 91.52868789811702754, 10.17138542355168873 ) ) ;
#1221 = CARTESIAN_POINT ( 'NONE',  ( 15.24334744844122369, 3.907375199354365058, 0.0000000000000000000 ) ) ;
#1222 = CARTESIAN_POINT ( 'NONE',  ( 5.371357568350172862, 110.1348626610737114, -9.301629137428257366 ) ) ;
#1223 = CARTESIAN_POINT ( 'NONE',  ( -14.96228430114521402, 91.49550599861127864, -10.34488463024915994 ) ) ;
#1224 = CARTESIAN_POINT ( 'NONE',  ( -15.99463849194370013, 89.08397793876783055, -16.58383366782313573 ) ) ;
#1225 = EDGE_LOOP ( 'NONE', ( #907, #2163, #1519, #420 ) ) ;
#1226 = CARTESIAN_POINT ( 'NONE',  ( -21.59281685058469336, 70.78191208139962498, 9.724814764956796864 ) ) ;
#1227 = CARTESIAN_POINT ( 'NONE',  ( -45.68780784065381084, 66.49505889019377491, 3.778283543323530225 ) ) ;
#1228 = ORIENTED_EDGE ( 'NONE', *, *, #462, .F. ) ;
#1229 = CARTESIAN_POINT ( 'NONE',  ( -47.66858695246719435, 65.35646523093532778, -6.260436924817224025 ) ) ;
#1230 = CARTESIAN_POINT ( 'NONE',  ( -35.54399245878826719, 63.48500225215346404, 2.400087477105032008 ) ) ;
#1231 = CARTESIAN_POINT ( 'NONE',  ( -49.97198380366992154, 50.08741108298563915, -2.691132405080918666 ) ) ;
#1232 = CARTESIAN_POINT ( 'NONE',  ( -59.52278534480109329, 71.57051215789886101, 6.597620005233054030 ) ) ;
#1233 = CARTESIAN_POINT ( 'NONE',  ( -14.12772647820409766, 5.650676201709704749, 28.25545295640819532 ) ) ;
#1234 = CARTESIAN_POINT ( 'NONE',  ( -15.34008978236201592, 91.69680083186251807, 9.210615241364124017 ) ) ;
#1235 = CARTESIAN_POINT ( 'NONE',  ( -28.29093809555697447, 86.65380709584140106, 5.983944961829387843 ) ) ;
#1236 = CARTESIAN_POINT ( 'NONE',  ( -14.41111307258812246, 91.09704892656536401, 12.16242229443238720 ) ) ;
#1237 = CARTESIAN_POINT ( 'NONE',  ( -14.94003354267991668, 91.48249589820373728, -10.41215779712639034 ) ) ;
#1238 = AXIS2_PLACEMENT_3D ( 'NONE', #898, #2856, #2611 ) ;
#1239 = CARTESIAN_POINT ( 'NONE',  ( -33.70049898210470474, 87.47970282558539168, -3.704474595222603917 ) ) ;
#1240 = ORIENTED_EDGE ( 'NONE', *, *, #138, .T. ) ;
#1241 = CARTESIAN_POINT ( 'NONE',  ( -27.87177512918412248, 67.15951391608848553, 9.295874928281310901 ) ) ;
#1242 = CARTESIAN_POINT ( 'NONE',  ( -35.97852407141341757, 63.30049615866034429, 0.3158006890491202867 ) ) ;
#1243 = AXIS2_PLACEMENT_3D ( 'NONE', #834, #92, #1091 ) ;
#1244 = B_SPLINE_CURVE_WITH_KNOTS ( 'NONE', 3,
 ( #1829, #1771, #836, #816, #321, #555, #2803, #2787, #576, #2526, #2296, #3053, #1585, #1314, #2557, #351, #1345, #2330 ),
 .UNSPECIFIED., .F., .F.,
 ( 4, 2, 2, 2, 2, 2, 2, 2, 4 ),
 ( 0.0000000000000000000, 0.1250000000000000000, 0.2500000000000000000, 0.3750000000000000000, 0.5000000000000000000, 0.6250000000000000000, 0.7500000000000000000, 0.8750000000000000000, 1.000000000000000000 ),
 .UNSPECIFIED. ) ;
#1245 = ORIENTED_EDGE ( 'NONE', *, *, #1501, .F. ) ;
#1246 = AXIS2_PLACEMENT_3D ( 'NONE', #493, #2247, #527 ) ;
#1247 = CARTESIAN_POINT ( 'NONE',  ( -57.25578106903898146, 74.68554046378682187, -9.289498728872253253 ) ) ;
#1248 =( BOUNDED_CURVE ( )  B_SPLINE_CURVE ( 3, ( #1471, #2435, #2195, #1027 ),
 .UNSPECIFIED., .F., .T. ) 
 B_SPLINE_CURVE_WITH_KNOTS ( ( 4, 4 ),
 ( 6.038874701480452245, 6.283185307179586232 ),
 .UNSPECIFIED. ) 
 CURVE ( )  GEOMETRIC_REPRESENTATION_ITEM ( )  RATIONAL_B_SPLINE_CURVE ( ( 1.000000000000000000, 0.9950322093539780699, 0.9950322093539780699, 1.000000000000000000 ) ) 
 REPRESENTATION_ITEM ( '' )  );
#1249 = CARTESIAN_POINT ( 'NONE',  ( -39.03348067459734949, 103.7691270007964874, -4.719179142107435609 ) ) ;
#1250 = EDGE_CURVE ( 'NONE', #3054, #1157, #1604, .T. ) ;
#1251 = CARTESIAN_POINT ( 'NONE',  ( 21.62671770916059444, 0.1989596473990740688, -43.25343541832121019 ) ) ;
#1252 = APPROVAL_ROLE ( '' ) ;
#1253 = CARTESIAN_POINT ( 'NONE',  ( -31.79236436802681354, 81.05269201950352453, 15.95035091476160893 ) ) ;
#1254 = CARTESIAN_POINT ( 'NONE',  ( -16.81298884937337235, 92.30135496596361122, 3.119570719187012564 ) ) ;
#1255 = CARTESIAN_POINT ( 'NONE',  ( 21.35399576888963935, 1.180385715512802358, 0.0000000000000000000 ) ) ;
#1256 = CARTESIAN_POINT ( 'NONE',  ( -14.50197316432550210, 91.17992780310501644, 11.82257463477353276 ) ) ;
#1257 = CARTESIAN_POINT ( 'NONE',  ( -15.69005408620639486, 76.00574535622187966, 1.663155046823229455 ) ) ;
#1258 = ORIENTED_EDGE ( 'NONE', *, *, #32, .F. ) ;
#1259 = CARTESIAN_POINT ( 'NONE',  ( -37.20176432759953400, 80.38576220129039029, 10.54102985037822648 ) ) ;
#1260 = CARTESIAN_POINT ( 'NONE',  ( -46.69231679055007334, 57.46711371512168398, 10.15883077858376460 ) ) ;
#1261 = EDGE_LOOP ( 'NONE', ( #2731, #2876, #2463, #1909, #971 ) ) ;
#1262 = CARTESIAN_POINT ( 'NONE',  ( -60.39249378513871136, 70.31184860506644441, -4.234960034481220603 ) ) ;
#1263 = CARTESIAN_POINT ( 'NONE',  ( 18.92844170756268340, 1.095297274017316136, -37.85688341512538813 ) ) ;
#1264 = CARTESIAN_POINT ( 'NONE',  ( -43.27154943423069255, 61.56674234734794737, -19.94063022965472243 ) ) ;
#1265 = DIRECTION ( 'NONE',  ( -1.000000000000000000, 0.0000000000000000000, 0.0000000000000000000 ) ) ;
#1266 = ADVANCED_FACE ( 'NONE', ( #2603 ), #880, .T. ) ;
#1267 = CARTESIAN_POINT ( 'NONE',  ( -15.81198068436883197, 91.91406479123001816, 7.706581819694121371 ) ) ;
#1268 = CARTESIAN_POINT ( 'NONE',  ( -15.79817936513842191, 76.23661453321705039, 0.0008610205662259973972 ) ) ;
#1269 = EDGE_CURVE ( 'NONE', #2177, #2278, #3083, .T. ) ;
#1270 = CARTESIAN_POINT ( 'NONE',  ( -30.83473273653149604, 74.63786608644689125, 25.07793015735003550 ) ) ;
#1271 = CARTESIAN_POINT ( 'NONE',  ( -15.66648256393478000, 74.66292556422860116, 4.863827500711636276 ) ) ;
#1272 = CARTESIAN_POINT ( 'NONE',  ( -15.59783741844750082, 75.76438063399311318, 2.411133685556675399 ) ) ;
#1273 = ORIENTED_EDGE ( 'NONE', *, *, #1953, .T. ) ;
#1274 = CARTESIAN_POINT ( 'NONE',  ( -38.48063806223514405, 78.31243307201376069, 11.03201316066217075 ) ) ;
#1275 = CARTESIAN_POINT ( 'NONE',  ( -35.94885062006814991, 63.31301699427097418, -0.7076809023136709786 ) ) ;
#1276 = ORIENTED_EDGE ( 'NONE', *, *, #1900, .F. ) ;
#1277 = CARTESIAN_POINT ( 'NONE',  ( -46.18070491821701040, 56.58565791821938973, -16.49377883141662693 ) ) ;
#1278 = CARTESIAN_POINT ( 'NONE',  ( -11.66248621688090914, 12.78624204773031536, -23.32497243376180762 ) ) ;
#1279 = CARTESIAN_POINT ( 'NONE',  ( -47.59438203521293786, 54.16329493931922912, -13.62681365239769882 ) ) ;
#1280 = CARTESIAN_POINT ( 'NONE',  ( 11.00000000000000000, 18.52522561770877729, 22.00000000000000000 ) ) ;
#1281 = CARTESIAN_POINT ( 'NONE',  ( -33.44343710265079039, 78.29335619329195595, 18.33890502018777013 ) ) ;
#1282 = CARTESIAN_POINT ( 'NONE',  ( -14.14213566318341542, -3.469446951953613794E-15, -28.28427132636681662 ) ) ;
#1283 = DIRECTION ( 'NONE',  ( 0.0000000000000000000, 0.0000000000000000000, 1.000000000000000000 ) ) ;
#1284 = B_SPLINE_CURVE_WITH_KNOTS ( 'NONE', 3,
 ( #1551, #575, #1533, #2015 ),
 .UNSPECIFIED., .F., .F.,
 ( 4, 4 ),
 ( 0.003375532169349824627, 0.006751064338661165280 ),
 .UNSPECIFIED. ) ;
#1285 = CARTESIAN_POINT ( 'NONE',  ( 19.60194514364720675, 90.73416914713166648, -4.797594613248357120E-15 ) ) ;
#1286 = CARTESIAN_POINT ( 'NONE',  ( -15.60086132068764364, 75.77349752802248872, 2.386413715863101359 ) ) ;
#1287 = ADVANCED_FACE ( 'NONE', ( #2373 ), #2536, .F. ) ;
#1288 = CARTESIAN_POINT ( 'NONE',  ( -31.42881341333725231, 65.34823396689500896, -7.456584610611963981 ) ) ;
#1289 = CARTESIAN_POINT ( 'NONE',  ( -49.61191358469780965, 81.98097581784662680, -8.069748333382920080 ) ) ;
#1290 = CARTESIAN_POINT ( 'NONE',  ( -16.08605977771849993, 74.32556419367828937, 5.696837023737168160 ) ) ;
#1291 = AXIS2_PLACEMENT_3D ( 'NONE', #1114, #2093, #3060 ) ;
#1292 = DIRECTION ( 'NONE',  ( 1.000000000000000000, 0.0000000000000000000, -1.224646799147353207E-16 ) ) ;
#1293 = VECTOR ( 'NONE', #385, 1000.000000000000114 ) ;
#1294 = ORIENTED_EDGE ( 'NONE', *, *, #825, .T. ) ;
#1295 = CARTESIAN_POINT ( 'NONE',  ( -31.29069231893710068, 81.88264342163141407, -15.03710898681033648 ) ) ;
#1296 = CARTESIAN_POINT ( 'NONE',  ( -20.55588928812512606, 83.23839905728715394, -7.082158146751718952 ) ) ;
#1297 = AXIS2_PLACEMENT_3D ( 'NONE', #3019, #2326, #2309 ) ;
#1298 = CARTESIAN_POINT ( 'NONE',  ( -28.68884680872787030, 86.05423269402648145, -7.877746776913710391 ) ) ;
#1299 = DIRECTION ( 'NONE',  ( -0.9974297749468560292, 0.07165084821175615737, 0.0000000000000000000 ) ) ;
#1300 = DIRECTION ( 'NONE',  ( -1.000000000000000000, 0.0000000000000000000, 0.0000000000000000000 ) ) ;
#1301 = CARTESIAN_POINT ( 'NONE',  ( -46.42451752190271463, 67.33623156488093286, 8.322494278710992788 ) ) ;
#1302 = CARTESIAN_POINT ( 'NONE',  ( -44.33272143741645266, 30.00000000000000000, -1.102182119232617911E-15 ) ) ;
#1303 = AXIS2_PLACEMENT_3D ( 'NONE', #2972, #1064, #2467 ) ;
#1304 = CARTESIAN_POINT ( 'NONE',  ( -15.79821336645905205, 76.23668188827444681, -0.4574512512065514458 ) ) ;
#1305 = CARTESIAN_POINT ( 'NONE',  ( 0.0000000000000000000, 45.55931007230138619, 0.0000000000000000000 ) ) ;
#1306 = CARTESIAN_POINT ( 'NONE',  ( -40.29180768659222167, 84.17191425354465650, -0.5255634850203952935 ) ) ;
#1307 = CARTESIAN_POINT ( 'NONE',  ( -0.1326276045982309193, 95.74422717311718145, -13.95023399567855193 ) ) ;
#1308 = CARTESIAN_POINT ( 'NONE',  ( -15.79817102732173062, 76.23659801636111411, 0.1132487594659513375 ) ) ;
#1309 = CARTESIAN_POINT ( 'NONE',  ( -33.92153650631718165, 71.48756966312440397, -24.55648479904581194 ) ) ;
#1310 = ADVANCED_FACE ( 'NONE', ( #835 ), #563, .F. ) ;
#1311 = CARTESIAN_POINT ( 'NONE',  ( -15.50169318255408335, 75.32280016211566931, -3.458089704485917348 ) ) ;
#1312 = CARTESIAN_POINT ( 'NONE',  ( -14.24095925742105528, 90.73416914713168069, 13.46964486699723729 ) ) ;
#1313 = CARTESIAN_POINT ( 'NONE',  ( -10.00000000000000355, 115.8257569495584249, -20.00000000000000000 ) ) ;
#1314 = CARTESIAN_POINT ( 'NONE',  ( -11.66248621688090736, 12.78624204773031359, 1.428242641560332584E-15 ) ) ;
#1315 = ORIENTED_EDGE ( 'NONE', *, *, #355, .F. ) ;
#1316 = CARTESIAN_POINT ( 'NONE',  ( -40.35981610247790741, 76.16715775116493603, -9.455996718323206096 ) ) ;
#1317 = CARTESIAN_POINT ( 'NONE',  ( -15.07490787996398751, 90.60725161670781347, -13.01360115789817762 ) ) ;
#1318 = CARTESIAN_POINT ( 'NONE',  ( -30.33458990512021813, 83.45166622911784771, -13.04977035150814224 ) ) ;
#1319 = CARTESIAN_POINT ( 'NONE',  ( -24.21560482200313658, 69.20654141269038462, 10.00315400430987189 ) ) ;
#1320 = CARTESIAN_POINT ( 'NONE',  ( 10.00000000000000533, 30.00000000000000000, 0.0000000000000000000 ) ) ;
#1321 = CARTESIAN_POINT ( 'NONE',  ( 0.0000000000000000000, 20.00000000000000355, 0.0000000000000000000 ) ) ;
#1322 = CARTESIAN_POINT ( 'NONE',  ( -18.04109432721320516, 87.14735836279915304, -19.33444607287857053 ) ) ;
#1323 = CARTESIAN_POINT ( 'NONE',  ( 13.95086443972870960, 95.74422717311718145, -3.361026734705063745E-15 ) ) ;
#1324 = CARTESIAN_POINT ( 'NONE',  ( -17.08285103451586906, 73.66360856139540658, -7.017453463150886250 ) ) ;
#1325 = CARTESIAN_POINT ( 'NONE',  ( -38.80131842492596661, 77.79879508853034054, -11.04066140964821940 ) ) ;
#1326 = CARTESIAN_POINT ( 'NONE',  ( -60.86757309193443888, 69.61300741447527685, -1.439290587421158341 ) ) ;
#1327 = CARTESIAN_POINT ( 'NONE',  ( -15.89591059071741164, 74.45284956128475073, 5.367188376428394747 ) ) ;
#1328 = B_SPLINE_CURVE_WITH_KNOTS ( 'NONE', 3,
 ( #2496, #2212, #1506, #1231, #2196, #974, #276, #2670, #1472, #1028, #231, #1218, #1279, #289, #2229, #2450, #1487, #262, #2466, #31, #1940, #2484, #1264, #1985, #1742, #244, #1010, #2908, #709, #458, #2246, #726, #2953, #2002, #2971, #2436, #1954, #3166, #774, #3025, #1833, #2530, #3007, #1318, #1096, #1112, #135, #1047, #1298, #559, #1589, #543 ),
 .UNSPECIFIED., .F., .F.,
 ( 4, 2, 2, 2, 2, 1, 2, 2, 2, 2, 2, 2, 2, 2, 2, 2, 2, 2, 2, 2, 1, 2, 2, 2, 2, 2, 4 ),
 ( 0.06430174917780388799, 0.06631012217440863943, 0.06831849517101340474, 0.07233524116422290762, 0.07434361416082767293, 0.07635198715743243825, 0.07836036015403718968, 0.08036873315064195500, 0.08438547914385147175, 0.08639385214045623707, 0.08739803863875861278, 0.08840222513706100238, 0.09241897113027053301, 0.09442734412687531220, 0.09643571712348009140, 0.1004524631166895943, 0.1024608361132943735, 0.1044692091098991388, 0.1084859551031087249, 0.1104943280997134902, 0.1125027010963182694, 0.1145110740929230209, 0.1165194470895278001, 0.1205361930827373168, 0.1225445660793420821, 0.1245529390759468197, 0.1285696850691563364 ),
 .UNSPECIFIED. ) ;
#1329 = CARTESIAN_POINT ( 'NONE',  ( -31.46700528683609477, 65.33019589514452719, 7.425568824511904253 ) ) ;
#1330 = EDGE_LOOP ( 'NONE', ( #2034, #282, #2190, #1083, #352, #522, #2889 ) ) ;
#1331 = CARTESIAN_POINT ( 'NONE',  ( -32.05931105144198767, 80.60886552385936454, -16.39111198221543830 ) ) ;
#1332 = CARTESIAN_POINT ( 'NONE',  ( -17.06908240175222957, 2.033223015840947223, 2.090359712768828377E-15 ) ) ;
#1333 = CARTESIAN_POINT ( 'NONE',  ( -21.62671770916060154, 0.1989596473990740688, 2.648509061858690685E-15 ) ) ;
#1334 = CARTESIAN_POINT ( 'NONE',  ( -45.48332641238017970, 57.78012599250899228, 17.50785955829315199 ) ) ;
#1335 = DIRECTION ( 'NONE',  ( -0.0000000000000000000, -0.0000000000000000000, -1.000000000000000000 ) ) ;
#1336 =( BOUNDED_SURFACE ( )  B_SPLINE_SURFACE ( 3, 3, ( 
 ( #2140, #1653, #2853, #1399 ),
 ( #443, #1430, #1441, #659 ),
 ( #1165, #911, #1131, #2153 ),
 ( #3142, #2411, #3077, #879 ) ),
 .UNSPECIFIED., .F., .F., .F. ) 
 B_SPLINE_SURFACE_WITH_KNOTS ( ( 4, 4 ),
 ( 4, 4 ),
 ( 0.0000000000000000000, 1.000000000000000000 ),
 ( 0.0000000000000000000, 1.000000000000000000 ),
 .UNSPECIFIED. ) 
 GEOMETRIC_REPRESENTATION_ITEM ( )  RATIONAL_B_SPLINE_SURFACE ( (
 ( 1.000000000000000000, 0.3333333333333334259, 0.3333333333333334259, 1.000000000000000000),
 ( 0.8047378541243649375, 0.2682459513747884050, 0.2682459513747884050, 0.8047378541243649375),
 ( 0.8047378541243649375, 0.2682459513747884050, 0.2682459513747884050, 0.8047378541243649375),
 ( 1.000000000000000000, 0.3333333333333334259, 0.3333333333333334259, 1.000000000000000000) ) ) 
 REPRESENTATION_ITEM ( '' )  SURFACE ( )  );
#1337 = CARTESIAN_POINT ( 'NONE',  ( -15.70334068305086639, 74.61742052737858444, -4.966923547179507459 ) ) ;
#1338 = CARTESIAN_POINT ( 'NONE',  ( -22.96358359027061979, 82.42168138593343940, -23.23374694647146654 ) ) ;
#1339 = CARTESIAN_POINT ( 'NONE',  ( 10.22672092310498293, 104.7498357589306863, -2.534322578184866614E-15 ) ) ;
#1340 = CARTESIAN_POINT ( 'NONE',  ( 22.41887471888016847, 0.5939137725713746763, 0.0000000000000000000 ) ) ;
#1341 = CARTESIAN_POINT ( 'NONE',  ( -21.58723602026754307, 70.78534104115612990, -9.723514126780223421 ) ) ;
#1342 = CARTESIAN_POINT ( 'NONE',  ( -60.91148238755120303, 69.54803978638106798, -0.7242859451090311040 ) ) ;
#1343 = CARTESIAN_POINT ( 'NONE',  ( -38.29021041441984607, 164.1159673639782000, 0.0000000000000000000 ) ) ;
#1344 = CARTESIAN_POINT ( 'NONE',  ( -15.82753751241837747, 91.92071909522903184, -7.654173373735572383 ) ) ;
#1345 = CARTESIAN_POINT ( 'NONE',  ( -11.00000000000000178, 18.52522561770877729, 1.347111479062088602E-15 ) ) ;
#1346 = ORIENTED_EDGE ( 'NONE', *, *, #2715, .T. ) ;
#1347 = CARTESIAN_POINT ( 'NONE',  ( -32.60181424386144755, 79.70369497781285872, -17.21110112373718337 ) ) ;
#1348 = CARTESIAN_POINT ( 'NONE',  ( -11.00000000000000533, 18.52522561770877729, -22.00000000000000000 ) ) ;
#1349 = CARTESIAN_POINT ( 'NONE',  ( -46.68990556287398164, 57.46998094457331518, 10.16652758571024862 ) ) ;
#1350 = VECTOR ( 'NONE', #2355, 1000.000000000000227 ) ;
#1351 = COORDINATED_UNIVERSAL_TIME_OFFSET ( 5, 0, .BEHIND. ) ;
#1352 = EDGE_CURVE ( 'NONE', #1498, #2137, #1068, .T. ) ;
#1353 = CARTESIAN_POINT ( 'NONE',  ( -38.61627017707170495, 69.51980130940671643, 21.43094995376127798 ) ) ;
#1354 = CARTESIAN_POINT ( 'NONE',  ( -41.15624434289003375, 74.21877636610393836, 0.0000000000000000000 ) ) ;
#1355 = CIRCLE ( 'NONE', #1448, 34.33272143741645266 ) ;
#1356 = FACE_OUTER_BOUND ( 'NONE', #2932, .T. ) ;
#1357 = CARTESIAN_POINT ( 'NONE',  ( -14.24095925742111035, 90.73416914713166648, -13.46964486699726926 ) ) ;
#1358 = CARTESIAN_POINT ( 'NONE',  ( 13.95086443972870782, 95.74422717311719566, -8.233962972131422475 ) ) ;
#1359 = AXIS2_PLACEMENT_3D ( 'NONE', #2824, #1795, #1300 ) ;
#1360 = CARTESIAN_POINT ( 'NONE',  ( -15.63146856755264658, 74.71652507607782923, 4.745515074612169037 ) ) ;
#1361 = CARTESIAN_POINT ( 'NONE',  ( -22.31710959875385569, 70.33876793137474692, -9.874831460946049688 ) ) ;
#1362 = CARTESIAN_POINT ( 'NONE',  ( -15.53800333522896082, 74.91745453897236473, -4.314218729344822201 ) ) ;
#1363 = CARTESIAN_POINT ( 'NONE',  ( -16.02989550658162798, 92.00463453726038665, -6.948584414847535307 ) ) ;
#1364 = LOCAL_TIME ( 14, 16, 51.00000000000000000, #3107 ) ;
#1365 = ORIENTED_EDGE ( 'NONE', *, *, #873, .F. ) ;
#1366 = CARTESIAN_POINT ( 'NONE',  ( -56.11688619627807384, 76.12922225437371537, -9.806953488278196573 ) ) ;
#1367 = DIRECTION ( 'NONE',  ( -0.0000000000000000000, -0.0000000000000000000, -1.000000000000000000 ) ) ;
#1368 = FACE_OUTER_BOUND ( 'NONE', #95, .T. ) ;
#1369 = CARTESIAN_POINT ( 'NONE',  ( -18.54102521909676327, 72.71062807321312960, 8.321205795917805403 ) ) ;
#1370 = CARTESIAN_POINT ( 'NONE',  ( -57.76367795887605183, 74.00968953207490131, 8.892916238689014818 ) ) ;
#1371 = CARTESIAN_POINT ( 'NONE',  ( -10.22672092310498293, 104.7498357589306863, 1.252412104425378322E-15 ) ) ;
#1372 = EDGE_CURVE ( 'NONE', #788, #2835, #2921, .T. ) ;
#1373 = CARTESIAN_POINT ( 'NONE',  ( -15.03142340477862682, 91.53918577368986575, -10.14056162925888493 ) ) ;
#1374 = CARTESIAN_POINT ( 'NONE',  ( -17.01515374860822760, 92.37244342549278997, 0.002778284018757558663 ) ) ;
#1375 = CARTESIAN_POINT ( 'NONE',  ( -51.26515181399567211, 80.95988957203981329, 9.001477271771253896 ) ) ;
#1376 = CARTESIAN_POINT ( 'NONE',  ( -60.56489776724526308, 70.05914280091991486, -3.518001690599416698 ) ) ;
#1377 = CARTESIAN_POINT ( 'NONE',  ( 20.00000000000000000, 91.65153076140050814, -40.00000000000002132 ) ) ;
#1378 = CARTESIAN_POINT ( 'NONE',  ( -38.29021041441978213, 114.1159673639782000, 0.0000000000000000000 ) ) ;
#1379 = ORIENTED_EDGE ( 'NONE', *, *, #1584, .T. ) ;
#1380 = CARTESIAN_POINT ( 'NONE',  ( -37.47656729528785036, 79.62706876939809320, -7.497814858108731606 ) ) ;
#1381 = CARTESIAN_POINT ( 'NONE',  ( -69.29021041441978923, 114.1159673639782000, 1.102182119232617122E-15 ) ) ;
#1382 = CARTESIAN_POINT ( 'NONE',  ( -41.31912677412072554, 64.90583000689973403, 21.08954136283787051 ) ) ;
#1383 = CARTESIAN_POINT ( 'NONE',  ( -48.30942577093006207, 64.32443858001202841, 4.461401504385681172 ) ) ;
#1384 = CARTESIAN_POINT ( 'NONE',  ( -33.10234260631595760, 64.56348858135962132, 6.039179769205393455 ) ) ;
#1385 = CARTESIAN_POINT ( 'NONE',  ( -18.92844170756269051, 1.095297274017316136, 37.85688341512538102 ) ) ;
#1386 = DIRECTION ( 'NONE',  ( 1.000000000000000000, 0.0000000000000000000, 0.0000000000000000000 ) ) ;
#1387 = CARTESIAN_POINT ( 'NONE',  ( -60.92263756287464105, 69.53151669594947748, -1.971970529340426728E-11 ) ) ;
#1388 = EDGE_CURVE ( 'NONE', #1409, #1138, #1453, .T. ) ;
#1389 = CARTESIAN_POINT ( 'NONE',  ( -15.55548560715430995, 75.62209215947258656, -2.775595272078246190 ) ) ;
#1390 = CARTESIAN_POINT ( 'NONE',  ( -16.13288015920648633, 92.04559609074492244, -6.565563482011704366 ) ) ;
#1391 = CARTESIAN_POINT ( 'NONE',  ( -18.57479811594796715, 77.17315658289037117, 5.306759337971314494 ) ) ;
#1392 = ORIENTED_EDGE ( 'NONE', *, *, #2960, .T. ) ;
#1393 = CARTESIAN_POINT ( 'NONE',  ( -41.02655288758079877, 84.00040089850872960, -2.189268106346759613 ) ) ;
#1394 = DIRECTION ( 'NONE',  ( -1.000000000000000000, 0.0000000000000000000, 0.0000000000000000000 ) ) ;
#1395 = CARTESIAN_POINT ( 'NONE',  ( -28.06109444007511300, 86.99276529059261520, 4.709166350722433059 ) ) ;
#1396 = EDGE_LOOP ( 'NONE', ( #2477, #25, #383, #821 ) ) ;
#1397 = CARTESIAN_POINT ( 'NONE',  ( -60.39550403094379760, 70.30763046394000071, 4.258464936722017313 ) ) ;
#1398 = CARTESIAN_POINT ( 'NONE',  ( -13.95086443972870249, 95.74422717311719566, 27.90172887945740499 ) ) ;
#1399 = CARTESIAN_POINT ( 'NONE',  ( -20.00000009524667632, -3.469446951953614189E-15, 2.449293609959059843E-15 ) ) ;
#1400 = CARTESIAN_POINT ( 'NONE',  ( 19.53423666221587141, 0.9813403534398139616, 39.06847332443173570 ) ) ;
#1401 = CARTESIAN_POINT ( 'NONE',  ( -17.01515374860822760, 92.37244342549278997, 0.002778284018757558663 ) ) ;
#1402 = TOROIDAL_SURFACE ( 'NONE', #1148, 40.00000000000001421, 10.00000000000000178 ) ;
#1403 = CARTESIAN_POINT ( 'NONE',  ( -48.17109064357416770, 55.68499749162358370, -1.636546139650479237 ) ) ;
#1404 = CARTESIAN_POINT ( 'NONE',  ( -15.59713517680530970, 75.76224914859862736, -2.416890873318330524 ) ) ;
#1405 = CARTESIAN_POINT ( 'NONE',  ( -16.88968812759268090, 92.32855468783698427, -2.460173985682407860 ) ) ;
#1406 = ADVANCED_FACE ( 'NONE', ( #2767 ), #2519, .T. ) ;
#1407 = CARTESIAN_POINT ( 'NONE',  ( -15.89591059071747026, 74.45284956128472231, 5.367188376428463137 ) ) ;
#1408 = CARTESIAN_POINT ( 'NONE',  ( -48.00458624374401495, 53.46024196256944094, 12.55953261731115589 ) ) ;
#1409 = VERTEX_POINT ( 'NONE', #284 ) ;
#1410 = CARTESIAN_POINT ( 'NONE',  ( -33.60778552763738958, 83.47616756769184576, -2.207428366723627189 ) ) ;
#1411 = DIRECTION ( 'NONE',  ( 0.0000000000000000000, 0.0000000000000000000, -1.000000000000000000 ) ) ;
#1412 = CARTESIAN_POINT ( 'NONE',  ( 13.95086443972870605, 95.74422717311718145, 0.0000000000000000000 ) ) ;
#1413 = ORIENTED_EDGE ( 'NONE', *, *, #806, .T. ) ;
#1414 = CARTESIAN_POINT ( 'NONE',  ( -48.64582896000282375, 63.77948354241978990, 2.852678254274469083 ) ) ;
#1415 = CARTESIAN_POINT ( 'NONE',  ( 19.60194514364720320, 90.73416914713166648, 0.0000000000000000000 ) ) ;
#1416 = CARTESIAN_POINT ( 'NONE',  ( -15.52420786632858096, 75.48498403470313178, 3.098314602570212184 ) ) ;
#1417 = CARTESIAN_POINT ( 'NONE',  ( 21.97267762108946698, 1.488848490817995751, 43.94535524217893396 ) ) ;
#1418 = CARTESIAN_POINT ( 'NONE',  ( -35.09308233531869803, 82.09036980852603449, 4.912135002675658058 ) ) ;
#1419 = SPHERICAL_SURFACE ( 'NONE', #2327, 50.24433110364409316 ) ;
#1420 = CARTESIAN_POINT ( 'NONE',  ( -38.29021041441978213, 115.8257569495584107, 0.0000000000000000000 ) ) ;
#1421 = CARTESIAN_POINT ( 'NONE',  ( -15.04762323648215627, 91.54379273645524506, -10.08856329756815384 ) ) ;
#1422 = ORIENTED_EDGE ( 'NONE', *, *, #2353, .F. ) ;
#1423 = CARTESIAN_POINT ( 'NONE',  ( -41.62899253860417303, 73.26328375992250130, 10.40167337233779321 ) ) ;
#1424 = CARTESIAN_POINT ( 'NONE',  ( -43.30366925230578801, 70.52604506002906248, -8.901813405042704019 ) ) ;
#1425 = CARTESIAN_POINT ( 'NONE',  ( 9.000000000000005329, 112.9799908217111977, 0.0000000000000000000 ) ) ;
#1426 = ORIENTED_EDGE ( 'NONE', *, *, #2941, .F. ) ;
#1427 = CARTESIAN_POINT ( 'NONE',  ( -59.62196588915702478, 71.42759841120803799, 6.362180193052804356 ) ) ;
#1428 = CARTESIAN_POINT ( 'NONE',  ( 13.95086443972870605, 95.74422717311718145, 0.0000000000000000000 ) ) ;
#1429 = CARTESIAN_POINT ( 'NONE',  ( -15.53384402984696777, 75.53232722719336323, 2.989402147779511854 ) ) ;
#1430 = CARTESIAN_POINT ( 'NONE',  ( 14.14213566318341186, -3.469446951953613794E-15, 28.28427132636681662 ) ) ;
#1431 = DIRECTION ( 'NONE',  ( 1.000000000000000000, 0.0000000000000000000, 0.0000000000000000000 ) ) ;
#1432 = CARTESIAN_POINT ( 'NONE',  ( -15.59522795977122200, 75.75643675539741650, -2.432536294299515234 ) ) ;
#1433 = CARTESIAN_POINT ( 'NONE',  ( -14.68696295005280383, 91.32011544867582131, -11.20055417075972137 ) ) ;
#1434 = VERTEX_POINT ( 'NONE', #335 ) ;
#1435 = CARTESIAN_POINT ( 'NONE',  ( -29.60147909018169443, 66.25613197051345082, 8.550320990503315954 ) ) ;
#1436 = CARTESIAN_POINT ( 'NONE',  ( -45.91234209778407660, 66.10383554080955548, -2.404392492598793396 ) ) ;
#1437 = VERTEX_POINT ( 'NONE', #1023 ) ;
#1438 = CARTESIAN_POINT ( 'NONE',  ( -48.87063187883823190, 63.41443493524930375, 0.5907456692136079379 ) ) ;
#1439 = CARTESIAN_POINT ( 'NONE',  ( -21.97267762108946698, 1.488848490817995751, 2.690876931736389561E-15 ) ) ;
#1440 = CARTESIAN_POINT ( 'NONE',  ( -15.51377307146438689, 75.01987282953220415, 4.099284929301479252 ) ) ;
#1441 = CARTESIAN_POINT ( 'NONE',  ( -14.14213566318340831, -3.469446951953613794E-15, 28.28427132636681662 ) ) ;
#1442 = EDGE_CURVE ( 'NONE', #2087, #2430, #2624, .T. ) ;
#1443 = CARTESIAN_POINT ( 'NONE',  ( -29.08347550506940138, 85.44425220462804305, 9.378142905647889549 ) ) ;
#1444 = CIRCLE ( 'NONE', #1195, 9.000000000000008882 ) ;
#1445 = CARTESIAN_POINT ( 'NONE',  ( -14.80077155814010759, 91.41017060315471099, 10.80858631593653385 ) ) ;
#1446 = AXIS2_PLACEMENT_3D ( 'NONE', #2449, #30, #243 ) ;
#1447 = CARTESIAN_POINT ( 'NONE',  ( -14.72560675528020369, 91.34691249166741045, -11.07642768341131401 ) ) ;
#1448 = AXIS2_PLACEMENT_3D ( 'NONE', #1494, #2962, #1072 ) ;
#1449 = ORIENTED_EDGE ( 'NONE', *, *, #668, .F. ) ;
#1450 = CARTESIAN_POINT ( 'NONE',  ( -33.89895368853457569, 86.58431669582903112, 5.549670087296919796 ) ) ;
#1451 = CARTESIAN_POINT ( 'NONE',  ( -35.23425767754684301, 63.61720852201759158, 3.164895393684628466 ) ) ;
#1452 = CIRCLE ( 'NONE', #2018, 29.29021041441977502 ) ;
#1453 =( BOUNDED_CURVE ( )  B_SPLINE_CURVE ( 3, ( #3002, #350, #1998, #1828 ),
 .UNSPECIFIED., .F., .T. ) 
 B_SPLINE_CURVE_WITH_KNOTS ( ( 4, 4 ),
 ( 4.712388980384689674, 6.062641760814684311 ),
 .UNSPECIFIED. ) 
 CURVE ( )  GEOMETRIC_REPRESENTATION_ITEM ( )  RATIONAL_B_SPLINE_CURVE ( ( 1.000000000000000000, 0.8537519759938323460, 0.8537519759938323460, 1.000000000000000000 ) ) 
 REPRESENTATION_ITEM ( '' )  );
#1454 = VERTEX_POINT ( 'NONE', #1092 ) ;
#1455 = CARTESIAN_POINT ( 'NONE',  ( -47.19151176548235327, 66.12034116359824054, -7.228982557408934362 ) ) ;
#1456 = CARTESIAN_POINT ( 'NONE',  ( -34.40213070069047063, 63.98032186469986016, 4.508040698059995854 ) ) ;
#1457 = CARTESIAN_POINT ( 'NONE',  ( -21.62671770916060865, 0.1989596473990740688, -43.25343541832119598 ) ) ;
#1458 = CC_DESIGN_SECURITY_CLASSIFICATION ( #1819, ( #2928 ) ) ;
#1459 = CARTESIAN_POINT ( 'NONE',  ( -60.92263756287545107, 69.53151669594829798, 0.7211731004678030299 ) ) ;
#1460 = CARTESIAN_POINT ( 'NONE',  ( -29.91175622138456092, 84.13496223386262329, 11.97920934497100731 ) ) ;
#1461 = CARTESIAN_POINT ( 'NONE',  ( -16.94370859161546505, 92.34749469540049915, 1.859353236219357219 ) ) ;
#1462 = EDGE_CURVE ( 'NONE', #2137, #2433, #1284, .T. ) ;
#1463 = CARTESIAN_POINT ( 'NONE',  ( 0.0000000000000000000, 1.488848490817998194, 0.0000000000000000000 ) ) ;
#1464 = FACE_OUTER_BOUND ( 'NONE', #1109, .T. ) ;
#1465 = FACE_OUTER_BOUND ( 'NONE', #3122, .T. ) ;
#1466 = ORIENTED_EDGE ( 'NONE', *, *, #1717, .T. ) ;
#1467 = CARTESIAN_POINT ( 'NONE',  ( -18.32185535717328406, 72.85296832322146088, 8.150957599985630964 ) ) ;
#1468 = CARTESIAN_POINT ( 'NONE',  ( -43.74173572866548199, 69.79945905736386180, -8.334229516907253554 ) ) ;
#1469 = ORIENTED_EDGE ( 'NONE', *, *, #728, .F. ) ;
#1470 = CARTESIAN_POINT ( 'NONE',  ( -45.57659188438001507, 68.66442842529029633, -9.172429644755190736 ) ) ;
#1471 = CARTESIAN_POINT ( 'NONE',  ( -22.41887471888016847, 0.5939137725713746763, 2.745520316496212001E-15 ) ) ;
#1472 = CARTESIAN_POINT ( 'NONE',  ( -49.03318088803188601, 51.69704088060177583, -9.111368187050862488 ) ) ;
#1473 = CARTESIAN_POINT ( 'NONE',  ( -43.27868331660958745, 61.42056456528824526, -17.33148355261754503 ) ) ;
#1474 = CARTESIAN_POINT ( 'NONE',  ( -38.27493801264434126, 70.10156896081760181, 21.38489484215201841 ) ) ;
#1475 = CARTESIAN_POINT ( 'NONE',  ( -16.27842055922472042, 92.10240805398218811, 5.988367719917786047 ) ) ;
#1476 = FACE_OUTER_BOUND ( 'NONE', #2273, .T. ) ;
#1477 = CARTESIAN_POINT ( 'NONE',  ( -33.94754066394725811, 83.16930501696849376, 3.044386876879964454 ) ) ;
#1478 = CARTESIAN_POINT ( 'NONE',  ( -15.03094701295559155, 91.53891912235218342, 10.14197304413697864 ) ) ;
#1479 = CARTESIAN_POINT ( 'NONE',  ( -14.24095925742111035, 90.73416914713166648, -13.46964486699726926 ) ) ;
#1480 = ADVANCED_FACE ( 'NONE', ( #2508 ), #2727, .F. ) ;
#1481 = ORIENTED_EDGE ( 'NONE', *, *, #930, .T. ) ;
#1482 = CARTESIAN_POINT ( 'NONE',  ( -33.79567575703704563, 86.92190360526936388, 4.955298085660940544 ) ) ;
#1483 = CARTESIAN_POINT ( 'NONE',  ( -46.47518977704616816, 57.72657685253955151, -10.94008624269803676 ) ) ;
#1484 = VERTEX_POINT ( 'NONE', #2733 ) ;
#1485 = CARTESIAN_POINT ( 'NONE',  ( -46.43215564108106719, 67.32402968451914660, -8.309467890078998664 ) ) ;
#1486 = DIRECTION ( 'NONE',  ( 0.0000000000000000000, 0.0000000000000000000, -1.000000000000000000 ) ) ;
#1487 = CARTESIAN_POINT ( 'NONE',  ( -45.35630587016532189, 57.99768670085117606, -17.69271534612783370 ) ) ;
#1488 = DIRECTION ( 'NONE',  ( -0.0000000000000000000, 1.000000000000000000, -0.0000000000000000000 ) ) ;
#1489 = CARTESIAN_POINT ( 'NONE',  ( 11.41531168535118468, 14.18095978761978948, 22.83062337070236225 ) ) ;
#1490 = CARTESIAN_POINT ( 'NONE',  ( -48.09649971437871585, 82.63993428685652987, 7.111540908592541399 ) ) ;
#1491 = CARTESIAN_POINT ( 'NONE',  ( -16.10529535884350238, 92.03473196209361618, 6.670313528787099600 ) ) ;
#1492 = DIRECTION ( 'NONE',  ( -1.000000000000000000, 0.0000000000000000000, 0.0000000000000000000 ) ) ;
#1493 = CARTESIAN_POINT ( 'NONE',  ( 5.938434205994474802, 104.7498357589306721, -10.28364094892030600 ) ) ;
#1494 = CARTESIAN_POINT ( 'NONE',  ( -44.33272143741645266, 30.00000000000000000, -1.224646799147353256E-15 ) ) ;
#1495 = CIRCLE ( 'NONE', #1145, 10.00000000000000178 ) ;
#1496 = CARTESIAN_POINT ( 'NONE',  ( -19.07361686923890787, 72.36771799924952120, -8.666350037251504546 ) ) ;
#1497 = CIRCLE ( 'NONE', #2329, 10.00000000000000178 ) ;
#1498 = VERTEX_POINT ( 'NONE', #592 ) ;
#1499 = CARTESIAN_POINT ( 'NONE',  ( -26.12871663959072777, 68.10900799357872870, 9.805244863988477277 ) ) ;
#1500 = CARTESIAN_POINT ( 'NONE',  ( -45.10992540721871791, 67.49057701961496036, 5.671378722833708252 ) ) ;
#1501 = EDGE_CURVE ( 'NONE', #1484, #1816, #1755, .T. ) ;
#1502 = CIRCLE ( 'NONE', #1243, 11.00000000000000000 ) ;
#1503 = ORIENTED_EDGE ( 'NONE', *, *, #390, .F. ) ;
#1504 = CARTESIAN_POINT ( 'NONE',  ( -58.26552184975790283, 73.32965199785327570, -8.412782455233390522 ) ) ;
#1505 = CARTESIAN_POINT ( 'NONE',  ( -19.53423666221587496, 0.9813403534398139616, -39.06847332443173570 ) ) ;
#1506 = CARTESIAN_POINT ( 'NONE',  ( -50.03592718341877799, 49.97776600301800443, -1.352144867539418760 ) ) ;
#1507 = CARTESIAN_POINT ( 'NONE',  ( -38.29021041441978213, 115.8257569495584107, 0.0000000000000000000 ) ) ;
#1508 = CARTESIAN_POINT ( 'NONE',  ( -38.23192413281410040, 78.76680221586903485, 8.107096330059565759 ) ) ;
#1509 = CARTESIAN_POINT ( 'NONE',  ( -15.10151587536563156, 91.57318627636922770, 9.927327382621990992 ) ) ;
#1510 = CARTESIAN_POINT ( 'NONE',  ( -44.33272143741645266, 30.00000000000000000, 0.0000000000000000000 ) ) ;
#1511 = CARTESIAN_POINT ( 'NONE',  ( -36.85032146449386659, 68.42955831037514258, 23.32918564250988069 ) ) ;
#1512 = CARTESIAN_POINT ( 'NONE',  ( 9.000000000000000000, 115.8257569495584107, -5.311905012720765207 ) ) ;
#1513 = CARTESIAN_POINT ( 'NONE',  ( -15.60419564536581838, 75.78344235489805669, 2.359255325238323486 ) ) ;
#1514 = CARTESIAN_POINT ( 'NONE',  ( -33.72594502449778275, 87.25641210883019028, -4.250721541335815701 ) ) ;
#1515 = CARTESIAN_POINT ( 'NONE',  ( -42.60204547348283910, 83.81222845663023691, -3.452820958805678409 ) ) ;
#1516 = CARTESIAN_POINT ( 'NONE',  ( -20.19080810418326877, 71.65423840213465212, 9.276550726608952857 ) ) ;
#1517 = FACE_OUTER_BOUND ( 'NONE', #2116, .T. ) ;
#1518 = PRODUCT_DEFINITION ( 'UNKNOWN', '', #2928, #2621 ) ;
#1519 = ORIENTED_EDGE ( 'NONE', *, *, #2941, .T. ) ;
#1520 = CARTESIAN_POINT ( 'NONE',  ( -47.41438857277591978, 65.76411619482675519, -6.819015457824375126 ) ) ;
#1521 = CARTESIAN_POINT ( 'NONE',  ( 13.61112125455437649, 6.663431988327886302, -27.22224250910876009 ) ) ;
#1522 = B_SPLINE_CURVE_WITH_KNOTS ( 'NONE', 3,
 ( #1357, #154, #2533, #2044, #329, #2549, #2796, #1322, #1086, #2762, #1132, #2095, #549, #1338, #2340, #2304, #1821, #2584, #1837, #1544, #863, #1853, #2515, #314, #379, #1576, #2288, #87, #1070, #3014, #104, #346, #2812, #603 ),
 .UNSPECIFIED., .F., .F.,
 ( 4, 2, 2, 2, 2, 2, 2, 2, 2, 2, 2, 2, 2, 2, 2, 2, 4 ),
 ( 0.07536592745705271434, 0.07830001285575480252, 0.07976705555510585355, 0.08123409825445690458, 0.08710226905186110868, 0.08856931175121214583, 0.09003635445056318298, 0.09297043984926525728, 0.09590452524796734546, 0.09883861064666941976, 0.1047067814440736100, 0.1076408668427756843, 0.1105749522414777586, 0.1135090376401798606, 0.1149760803395308839, 0.1164431230388819349, 0.1223112938362860003 ),
 .UNSPECIFIED. ) ;
#1523 = CARTESIAN_POINT ( 'NONE',  ( 20.81640068260458776, -3.469446951953614189E-15, -41.63280136520919683 ) ) ;
#1524 = CARTESIAN_POINT ( 'NONE',  ( -40.44865645345910821, 84.06889324433478805, -1.573059714035810908 ) ) ;
#1525 = ADVANCED_FACE ( 'NONE', ( #1517 ), #661, .F. ) ;
#1526 = CARTESIAN_POINT ( 'NONE',  ( -14.96754173992816206, 91.49896768560323324, 10.32846994172648003 ) ) ;
#1527 = CARTESIAN_POINT ( 'NONE',  ( -43.27868331659215073, 61.42056456530794861, 17.33148355264304641 ) ) ;
#1528 = CARTESIAN_POINT ( 'NONE',  ( 18.81095450825035442, 91.07739003064354222, -4.607859233063393845E-15 ) ) ;
#1529 = CARTESIAN_POINT ( 'NONE',  ( -15.74172780157974749, 76.12083970293633683, 1.173303972676993823 ) ) ;
#1530 = CARTESIAN_POINT ( 'NONE',  ( -33.71115748418220903, 87.77102560446587631, -2.822392534889782034 ) ) ;
#1531 = CARTESIAN_POINT ( 'NONE',  ( -46.73772813611604704, 83.08339708962827785, -6.225592802104748635 ) ) ;
#1532 = FACE_OUTER_BOUND ( 'NONE', #1772, .T. ) ;
#1533 = CARTESIAN_POINT ( 'NONE',  ( -27.80068150941076155, 87.36672962386388974, 2.250354779560140184 ) ) ;
#1534 = CARTESIAN_POINT ( 'NONE',  ( -32.10678893376328347, 65.02802523698504444, 6.905997744448532316 ) ) ;
#1535 = VERTEX_POINT ( 'NONE', #1122 ) ;
#1536 = CARTESIAN_POINT ( 'NONE',  ( -48.92031968185376911, 82.30538776778330146, -7.638557902560903834 ) ) ;
#1537 = CARTESIAN_POINT ( 'NONE',  ( -19.50559784758767279, 87.26987263903455982, -9.394924962642871691 ) ) ;
#1538 = CARTESIAN_POINT ( 'NONE',  ( -40.27768868565283356, 84.18118980031739795, 0.5243532380119488856 ) ) ;
#1539 = DIRECTION ( 'NONE',  ( -1.000000000000000000, 0.0000000000000000000, 0.0000000000000000000 ) ) ;
#1540 = CARTESIAN_POINT ( 'NONE',  ( -31.03840014304467942, 82.29823199783790244, 14.54221009015131827 ) ) ;
#1541 = CARTESIAN_POINT ( 'NONE',  ( -16.95674109363879012, 92.35204062622914023, 1.676110756039857597 ) ) ;
#1542 = EDGE_CURVE ( 'NONE', #1201, #1598, #2631, .T. ) ;
#1543 = CARTESIAN_POINT ( 'NONE',  ( -14.23562247373008560, 90.82847171788355922, -13.15901274073738492 ) ) ;
#1544 = CARTESIAN_POINT ( 'NONE',  ( -29.80242604823484598, 75.68295889288648937, -25.16414830841157269 ) ) ;
#1545 = CARTESIAN_POINT ( 'NONE',  ( -7.685201355936246870, 97.70829599837497881, -12.74276693838770846 ) ) ;
#1546 = CARTESIAN_POINT ( 'NONE',  ( -15.70686720843939099, 76.04429108816029270, 1.516911915718524684 ) ) ;
#1547 = CARTESIAN_POINT ( 'NONE',  ( -28.06322306195597349, 67.05664602732935009, -9.231282182767733602 ) ) ;
#1548 = CARTESIAN_POINT ( 'NONE',  ( -59.64956705479362853, 71.38810454729048161, -6.306227199006561257 ) ) ;
#1549 = CARTESIAN_POINT ( 'NONE',  ( -16.29512942078365967, 74.18603764493305164, 6.015180153501059834 ) ) ;
#1550 = AXIS2_PLACEMENT_3D ( 'NONE', #222, #1168, #2155 ) ;
#1551 = CARTESIAN_POINT ( 'NONE',  ( -27.74213158124184631, 87.45044210978255705, 1.924956698055934944E-11 ) ) ;
#1552 = AXIS2_PLACEMENT_3D ( 'NONE', #2785, #2802, #2241 ) ;
#1553 = VERTEX_POINT ( 'NONE', #2130 ) ;
#1554 = CARTESIAN_POINT ( 'NONE',  ( -43.92724116964014058, 71.17817000437015906, -10.00121755191189621 ) ) ;
#1555 = CARTESIAN_POINT ( 'NONE',  ( -17.69534827954810652, 1.619570076684997417, -35.39069655909619883 ) ) ;
#1556 = AXIS2_PLACEMENT_3D ( 'NONE', #1510, #2942, #479 ) ;
#1557 = CARTESIAN_POINT ( 'NONE',  ( -27.74213158123994205, 87.45044210978380761, 1.125177389776873316 ) ) ;
#1558 = CARTESIAN_POINT ( 'NONE',  ( -24.97065699101775138, 68.76883053933391921, 9.956773790610242258 ) ) ;
#1559 = CARTESIAN_POINT ( 'NONE',  ( -47.58388796671835053, 54.18127979773598923, 13.65221149403829770 ) ) ;
#1560 = CARTESIAN_POINT ( 'NONE',  ( -9.999999999999996447, 8.284271247461900245, -19.99999999999998934 ) ) ;
#1561 = CARTESIAN_POINT ( 'NONE',  ( -14.80113785168727425, 91.41040891276183800, -10.80745418072242359 ) ) ;
#1562 = CARTESIAN_POINT ( 'NONE',  ( -40.39203757745696066, 84.10607662990153699, -1.314758315107722231 ) ) ;
#1563 = CARTESIAN_POINT ( 'NONE',  ( -0.1511683295222388534, 93.38763986676970319, -15.90041210469997424 ) ) ;
#1564 = SPHERICAL_SURFACE ( 'NONE', #2676, 49.24433110364409316 ) ;
#1565 = CARTESIAN_POINT ( 'NONE',  ( -24.56572054915918457, 68.99954510723975432, -10.00943119916253821 ) ) ;
#1566 = CARTESIAN_POINT ( 'NONE',  ( -57.08951015200346291, 74.90501864581453617, -9.399438469639216365 ) ) ;
#1567 = CARTESIAN_POINT ( 'NONE',  ( -16.97912374424328874, 73.73214962805616324, 6.898893845755313947 ) ) ;
#1568 = ORIENTED_EDGE ( 'NONE', *, *, #1601, .F. ) ;
#1569 = CARTESIAN_POINT ( 'NONE',  ( -42.43546905901732202, 73.34939595471942653, -10.08423261840768781 ) ) ;
#1570 = CARTESIAN_POINT ( 'NONE',  ( -12.69960888379111275, 8.914741298072964781, 1.555253536995807769E-15 ) ) ;
#1571 = CARTESIAN_POINT ( 'NONE',  ( -22.41887471888015781, 0.5939137725713728999, 44.83774943776032273 ) ) ;
#1572 = ORIENTED_EDGE ( 'NONE', *, *, #390, .T. ) ;
#1573 = CARTESIAN_POINT ( 'NONE',  ( -46.28842038829694872, 67.55058696547270358, 8.480544255093255046 ) ) ;
#1574 = DIRECTION ( 'NONE',  ( 1.000000000000000000, 0.0000000000000000000, 0.0000000000000000000 ) ) ;
#1575 = CARTESIAN_POINT ( 'NONE',  ( -29.53598053103346643, 84.86888904541289946, -2.205040721511946522 ) ) ;
#1576 = CARTESIAN_POINT ( 'NONE',  ( -37.16554369934810609, 68.09753900434473906, -23.16708189618574210 ) ) ;
#1577 = CARTESIAN_POINT ( 'NONE',  ( 9.233440421953503119, 93.38763986676970319, -15.98963341662816973 ) ) ;
#1578 =( BOUNDED_CURVE ( )  B_SPLINE_CURVE ( 3, ( #234, #2726, #981, #712 ),
 .UNSPECIFIED., .F., .T. ) 
 B_SPLINE_CURVE_WITH_KNOTS ( ( 4, 4 ),
 ( 4.712388980384689674, 6.062641760814684311 ),
 .UNSPECIFIED. ) 
 CURVE ( )  GEOMETRIC_REPRESENTATION_ITEM ( )  RATIONAL_B_SPLINE_CURVE ( ( 1.000000000000000000, 0.8537519759938323460, 0.8537519759938323460, 1.000000000000000000 ) ) 
 REPRESENTATION_ITEM ( '' )  );
#1579 = CARTESIAN_POINT ( 'NONE',  ( -15.57159242317905878, 74.82782520526804149, 4.504337541324899163 ) ) ;
#1580 = CARTESIAN_POINT ( 'NONE',  ( -40.69451430989202834, 74.76635299549764113, -10.79750541371649142 ) ) ;
#1581 = CARTESIAN_POINT ( 'NONE',  ( -15.66478672336835487, 74.66810226596119549, -4.853049103676448262 ) ) ;
#1582 = CARTESIAN_POINT ( 'NONE',  ( -16.48244096596808461, 88.62355193719464808, 17.31365541137153485 ) ) ;
#1583 = CARTESIAN_POINT ( 'NONE',  ( -43.74824733975049895, 69.79044923860502081, 8.365065476739699690 ) ) ;
#1584 = EDGE_CURVE ( 'NONE', #2601, #943, #782, .T. ) ;
#1585 = CARTESIAN_POINT ( 'NONE',  ( -12.30461438829069643, 10.15306706476067866, 1.506880662536266916E-15 ) ) ;
#1586 = ORIENTED_EDGE ( 'NONE', *, *, #395, .T. ) ;
#1587 = CARTESIAN_POINT ( 'NONE',  ( -55.71112566967249791, 76.62261523024665166, -9.914390944135385908 ) ) ;
#1588 = CARTESIAN_POINT ( 'NONE',  ( 15.24334744844122369, 3.907375199354365058, -3.733543332204903812E-15 ) ) ;
#1589 = CARTESIAN_POINT ( 'NONE',  ( -28.06096050226733851, 86.99295763112989732, -4.707901713706267088 ) ) ;
#1590 = ADVANCED_FACE ( 'NONE', ( #1465 ), #2473, .T. ) ;
#1591 = CARTESIAN_POINT ( 'NONE',  ( -44.60652857751897216, 70.15538521506512382, 9.766489968262808574 ) ) ;
#1592 = CARTESIAN_POINT ( 'NONE',  ( -17.01509857038794493, 92.37242429102668950, 0.4788566060514695133 ) ) ;
#1593 = CARTESIAN_POINT ( 'NONE',  ( -14.24095925742117075, 90.73416914713165227, 13.46964486699720531 ) ) ;
#1594 = CARTESIAN_POINT ( 'NONE',  ( -18.04392082954658250, 91.54474346039792465, 0.3431251868670890937 ) ) ;
#1595 = CARTESIAN_POINT ( 'NONE',  ( -33.24450237693225318, 72.18450879144994303, -24.73636767019956295 ) ) ;
#1596 = CARTESIAN_POINT ( 'NONE',  ( -15.65193471159389738, 74.68611546256133238, -4.812869758442045232 ) ) ;
#1597 = CARTESIAN_POINT ( 'NONE',  ( -15.63293990686732293, 91.83574531252820350, -8.297394935514002867 ) ) ;
#1598 = VERTEX_POINT ( 'NONE', #2458 ) ;
#1599 = CARTESIAN_POINT ( 'NONE',  ( -43.01307286446877498, 72.52106058677431122, -10.10953575184752040 ) ) ;
#1600 = CARTESIAN_POINT ( 'NONE',  ( 21.97267762108947409, 1.488848490817998194, 0.0000000000000000000 ) ) ;
#1601 = EDGE_CURVE ( 'NONE', #3147, #1948, #2013, .T. ) ;
#1602 = CARTESIAN_POINT ( 'NONE',  ( -47.97767196629953901, 55.92096795270078502, 4.054314626360199014 ) ) ;
#1603 = AXIS2_PLACEMENT_3D ( 'NONE', #3128, #929, #168 ) ;
#1604 = CIRCLE ( 'NONE', #2423, 49.24433110364409316 ) ;
#1605 = CARTESIAN_POINT ( 'NONE',  ( -43.64868676963546790, 71.58968712621826569, 10.04479329861887571 ) ) ;
#1606 = DIRECTION ( 'NONE',  ( -0.0000000000000000000, -1.000000000000000000, -0.0000000000000000000 ) ) ;
#1607 = AXIS2_PLACEMENT_3D ( 'NONE', #2293, #2274, #538 ) ;
#1608 = CARTESIAN_POINT ( 'NONE',  ( 11.41531168535118468, 14.18095978761979126, 0.0000000000000000000 ) ) ;
#1609 = CARTESIAN_POINT ( 'NONE',  ( 1.285879139104721422E-15, 30.00000000000000000, 10.00000000000000888 ) ) ;
#1610 = CIRCLE ( 'NONE', #2075, 9.000000000000001776 ) ;
#1611 = CARTESIAN_POINT ( 'NONE',  ( -35.24566294864758476, 70.11437345347918892, -24.09892810273841235 ) ) ;
#1612 = LOCAL_TIME ( 14, 16, 51.00000000000000000, #357 ) ;
#1613 = CARTESIAN_POINT ( 'NONE',  ( -15.49680322508143426, 75.19634111221775186, -3.728655429271040767 ) ) ;
#1614 = CARTESIAN_POINT ( 'NONE',  ( -17.01515374860822760, 92.37244342549278997, 0.002778284018757558663 ) ) ;
#1615 = ORIENTED_EDGE ( 'NONE', *, *, #1975, .F. ) ;
#1616 = CARTESIAN_POINT ( 'NONE',  ( -27.91984913698493642, 87.19559971000124676, -3.375532169330571985 ) ) ;
#1617 = CARTESIAN_POINT ( 'NONE',  ( -19.09082010529253282, 77.98467168989641607, -5.424217257307940798 ) ) ;
#1618 = CARTESIAN_POINT ( 'NONE',  ( 9.250144553976070938, 110.1348626610737114, 0.0000000000000000000 ) ) ;
#1619 = PERSON_AND_ORGANIZATION ( #1933, #2841 ) ;
#1620 = CARTESIAN_POINT ( 'NONE',  ( -39.63420807240858323, 67.78348933695816925, 21.45119878529460422 ) ) ;
#1621 = CARTESIAN_POINT ( 'NONE',  ( -15.90113068190875545, 93.38763986676970319, 1.947326879242332826E-15 ) ) ;
#1622 = EDGE_CURVE ( 'NONE', #2490, #519, #1355, .T. ) ;
#1623 = CARTESIAN_POINT ( 'NONE',  ( -20.74453695970511902, 1.023516902891065117, 41.48907391941023803 ) ) ;
#1624 = CARTESIAN_POINT ( 'NONE',  ( -14.23966404570924560, 90.75705592663182131, 13.39425594684349008 ) ) ;
#1625 = CARTESIAN_POINT ( 'NONE',  ( -48.06067583074231209, 55.81975339096974409, -3.249083619908975429 ) ) ;
#1626 = CARTESIAN_POINT ( 'NONE',  ( -16.72466823614907838, 92.26999037582694996, 3.866162068644488858 ) ) ;
#1627 = CARTESIAN_POINT ( 'NONE',  ( -13.90433454570115401, 94.29651742646717594, -27.80866909140229382 ) ) ;
#1628 = CARTESIAN_POINT ( 'NONE',  ( -19.50559784758764792, 87.26987263903461667, 9.394924962642809518 ) ) ;
#1629 = ORIENTED_EDGE ( 'NONE', *, *, #1462, .F. ) ;
#1630 = CARTESIAN_POINT ( 'NONE',  ( -42.24425728470149011, 72.26647482276457879, 9.988710743150551963 ) ) ;
#1631 = CARTESIAN_POINT ( 'NONE',  ( -38.29021041441978213, 115.8257569495584107, 0.0000000000000000000 ) ) ;
#1632 = CARTESIAN_POINT ( 'NONE',  ( -34.35879271837468707, 76.74986631560332739, 19.27606845198397068 ) ) ;
#1633 = PERSON_AND_ORGANIZATION_ROLE ( 'creator' ) ;
#1634 = CARTESIAN_POINT ( 'NONE',  ( -49.55269078725756060, 50.80635892749983640, -6.582139185292986916 ) ) ;
#1635 = CARTESIAN_POINT ( 'NONE',  ( 10.22672092310498293, 104.7498357589306863, 20.45344184620996231 ) ) ;
#1636 = CARTESIAN_POINT ( 'NONE',  ( 13.90433454570115046, 94.29651742646719015, 0.0000000000000000000 ) ) ;
#1637 = CARTESIAN_POINT ( 'NONE',  ( 18.92844170756269406, 1.095297274017316136, 37.85688341512538102 ) ) ;
#1638 = CARTESIAN_POINT ( 'NONE',  ( -35.88082041578460490, 81.30811423742672162, 5.880796508642256448 ) ) ;
#1639 = FACE_OUTER_BOUND ( 'NONE', #2935, .T. ) ;
#1640 = ADVANCED_FACE ( 'NONE', ( #1037 ), #1564, .F. ) ;
#1641 = CARTESIAN_POINT ( 'NONE',  ( -43.66766873349541811, 60.98089675518045283, -16.76251358453894369 ) ) ;
#1642 = CARTESIAN_POINT ( 'NONE',  ( -15.76311165697084959, 76.16600545678339529, -0.9133014949057216558 ) ) ;
#1643 = CARTESIAN_POINT ( 'NONE',  ( -10.00000000000000000, 103.7349440686690087, -19.99999999999999645 ) ) ;
#1644 = ORIENTED_EDGE ( 'NONE', *, *, #1917, .F. ) ;
#1645 = DIRECTION ( 'NONE',  ( 0.0000000000000000000, 0.0000000000000000000, -1.000000000000000000 ) ) ;
#1646 = CARTESIAN_POINT ( 'NONE',  ( -43.07307491383862441, 70.90643858743028716, -9.163723385376226105 ) ) ;
#1647 = DIRECTION ( 'NONE',  ( 0.0000000000000000000, 0.0000000000000000000, -1.000000000000000000 ) ) ;
#1648 = CARTESIAN_POINT ( 'NONE',  ( -28.32071149826499834, 66.92031904437671130, 9.131893287231306999 ) ) ;
#1649 = ORIENTED_EDGE ( 'NONE', *, *, #1824, .T. ) ;
#1650 = CARTESIAN_POINT ( 'NONE',  ( -47.80828690431057737, 65.13215210973950775, 5.935298759210893671 ) ) ;
#1651 = CARTESIAN_POINT ( 'NONE',  ( -38.29021041441978213, 114.1159673639782000, 0.0000000000000000000 ) ) ;
#1652 = CIRCLE ( 'NONE', #1957, 50.00000000000001421 ) ;
#1653 = CARTESIAN_POINT ( 'NONE',  ( 20.00000009524667632, -3.469446951953614189E-15, 40.00000019049333844 ) ) ;
#1654 = DIRECTION ( 'NONE',  ( 0.0000000000000000000, 0.0000000000000000000, -1.000000000000000000 ) ) ;
#1655 = AXIS2_PLACEMENT_3D ( 'NONE', #948, #207, #1896 ) ;
#1656 = CARTESIAN_POINT ( 'NONE',  ( -46.15352274284521172, 83.22665287784575128, 5.840888572620151820 ) ) ;
#1657 = APPROVAL ( #2707, 'UNSPECIFIED' ) ;
#1658 = CARTESIAN_POINT ( 'NONE',  ( -15.66669799629145921, 91.86360078223471248, 8.226643248161499500 ) ) ;
#1659 = CARTESIAN_POINT ( 'NONE',  ( -15.86066752237693223, 91.93479236324849069, -7.541849300801132472 ) ) ;
#1660 = DIRECTION ( 'NONE',  ( 0.0000000000000000000, 0.0000000000000000000, -1.000000000000000000 ) ) ;
#1661 = ORIENTED_EDGE ( 'NONE', *, *, #2078, .F. ) ;
#1662 = CARTESIAN_POINT ( 'NONE',  ( -29.17164975638791091, 85.30721134309827391, -9.698684330620952920 ) ) ;
#1663 = CARTESIAN_POINT ( 'NONE',  ( 0.0000000000000000000, 30.00000000000000000, 0.0000000000000000000 ) ) ;
#1664 = CARTESIAN_POINT ( 'NONE',  ( -39.30343272623322548, 68.34794876053457813, 21.46770991257502814 ) ) ;
#1665 = ORIENTED_EDGE ( 'NONE', *, *, #1953, .F. ) ;
#1666 = CARTESIAN_POINT ( 'NONE',  ( -48.66784282562959163, 63.74377040966908226, 2.713031710758893045 ) ) ;
#1667 = CARTESIAN_POINT ( 'NONE',  ( -9.000000000000005329, 112.9799908217111977, 1.102182119232618503E-15 ) ) ;
#1668 = FACE_OUTER_BOUND ( 'NONE', #1396, .T. ) ;
#1669 = CARTESIAN_POINT ( 'NONE',  ( -17.01515374860822760, 92.37244342549278997, 0.002778284018757558663 ) ) ;
#1670 = CARTESIAN_POINT ( 'NONE',  ( -17.69534827954809941, 1.619570076684997417, 35.39069655909619883 ) ) ;
#1671 = CARTESIAN_POINT ( 'NONE',  ( 0.0000000000000000000, 115.8257569495584249, 0.0000000000000000000 ) ) ;
#1672 = B_SPLINE_CURVE_WITH_KNOTS ( 'NONE', 3,
 ( #68, #2997, #797, #1783, #2763, #550, #195, #1182, #1511, #1200, #2401, #1018, #1764, #1675, #1270, #279, #1185, #2176, #2645, #2900, #1992, #2959, #701, #2007, #3132, #780, #1034, #2487, #938, #2503, #2661, #2745, #533, #1920, #2079, #1593 ),
 .UNSPECIFIED., .F., .F.,
 ( 4, 2, 2, 2, 2, 2, 2, 2, 2, 2, 2, 2, 2, 2, 2, 2, 2, 4 ),
 ( 0.0000000000000000000, 0.005874660339903746940, 0.008811990509855613038, 0.01028065559483154479, 0.01174932067980747306, 0.01762398101971125730, 0.01909264610468722548, 0.02056131118966320059, 0.02349864135961517511, 0.02643597152956714616, 0.02937330169951911721, 0.03524796203942304196, 0.03671662712439900667, 0.03818529220937495749, 0.04112262237932687303, 0.04405995254927878857, 0.04552861763425474634, 0.04699728271923070411 ),
 .UNSPECIFIED. ) ;
#1673 = CARTESIAN_POINT ( 'NONE',  ( -15.52327829618879029, 75.48005140316260508, -3.109553151356481138 ) ) ;
#1674 = CARTESIAN_POINT ( 'NONE',  ( -14.53864251504960592, 91.20688670068564363, -11.70140083358329264 ) ) ;
#1675 = CARTESIAN_POINT ( 'NONE',  ( -31.18083961649913149, 74.28770747966984800, 25.05360920707882144 ) ) ;
#1676 = ORIENTED_EDGE ( 'NONE', *, *, #2391, .T. ) ;
#1677 = CARTESIAN_POINT ( 'NONE',  ( 0.0000000000000000000, 90.73416914713162384, 0.0000000000000000000 ) ) ;
#1678 = CARTESIAN_POINT ( 'NONE',  ( -34.51718960330194363, 63.92987951070517028, 4.337602658521889865 ) ) ;
#1679 = CARTESIAN_POINT ( 'NONE',  ( -28.68569790870371605, 86.05902987648971703, 7.864192552297795125 ) ) ;
#1680 = EDGE_CURVE ( 'NONE', #2407, #259, #700, .T. ) ;
#1681 = ORIENTED_EDGE ( 'NONE', *, *, #2698, .T. ) ;
#1682 = CARTESIAN_POINT ( 'NONE',  ( -50.03688714519288538, 49.97611992126599745, -1.321876437883327648 ) ) ;
#1683 = CARTESIAN_POINT ( 'NONE',  ( 9.000000000000001776, 115.8257569495584107, 17.99999999999999645 ) ) ;
#1684 = CARTESIAN_POINT ( 'NONE',  ( -15.50160869783714901, 75.10290087440816365, 3.925417816413162342 ) ) ;
#1685 = CARTESIAN_POINT ( 'NONE',  ( 10.00000000000000178, 103.7349440686690087, 0.0000000000000000000 ) ) ;
#1686 = CARTESIAN_POINT ( 'NONE',  ( 21.35399576888963935, 1.180385715512802580, 42.70799153777927160 ) ) ;
#1687 = CARTESIAN_POINT ( 'NONE',  ( -14.42267558102509284, 91.09979387064795731, 12.14341096128327102 ) ) ;
#1688 = CARTESIAN_POINT ( 'NONE',  ( -15.52167338029326338, 75.47137108295937935, -3.129287311812830374 ) ) ;
#1689 = CARTESIAN_POINT ( 'NONE',  ( -15.12923036343892669, 91.58829983258090124, -9.844404290414379588 ) ) ;
#1690 = APPLICATION_CONTEXT ( 'configuration controlled 3d designs of mechanical parts and assemblies' ) ;
#1691 = VERTEX_POINT ( 'NONE', #1895 ) ;
#1692 = CARTESIAN_POINT ( 'NONE',  ( -18.77027462902962185, 72.56288189469061933, 8.471882319948059958 ) ) ;
#1693 = CARTESIAN_POINT ( 'NONE',  ( -48.19981111068050694, 55.64986182363084311, 0.7925421714143682239 ) ) ;
#1694 = EDGE_CURVE ( 'NONE', #1204, #2017, #776, .T. ) ;
#1695 = ORIENTED_EDGE ( 'NONE', *, *, #73, .F. ) ;
#1696 = CARTESIAN_POINT ( 'NONE',  ( -60.88185422306740691, 69.59188071085164040, -1.240496029517720977 ) ) ;
#1697 = CARTESIAN_POINT ( 'NONE',  ( -19.53423666221587141, 0.9813403534398139616, 2.392254040216954334E-15 ) ) ;
#1698 = CARTESIAN_POINT ( 'NONE',  ( -37.47404650421805172, 79.62976323537742473, 7.495406770207893921 ) ) ;
#1699 = CARTESIAN_POINT ( 'NONE',  ( -15.58365029500823518, 91.81271130452013551, 8.452565869827163070 ) ) ;
#1700 = AXIS2_PLACEMENT_3D ( 'NONE', #2348, #3119, #1411 ) ;
#1701 = CARTESIAN_POINT ( 'NONE',  ( 19.53423666221587141, 0.9813403534398139616, 0.0000000000000000000 ) ) ;
#1702 = CARTESIAN_POINT ( 'NONE',  ( -27.58524321930126533, 83.51718848200587786, 0.5738408607493956648 ) ) ;
#1703 = AXIS2_PLACEMENT_3D ( 'NONE', #2743, #249, #2234 ) ;
#1704 = CARTESIAN_POINT ( 'NONE',  ( -15.00755969930087375, 91.52151764988681748, -10.20853900756718247 ) ) ;
#1705 = B_SPLINE_CURVE_WITH_KNOTS ( 'NONE', 3,
 ( #641, #1395, #1127, #1679, #2637, #2349, #2864, #2878, #2360, #2374, #688, #1175, #150, #423, #2106, #1632, #3106, #1891, #3120, #922, #672, #386, #3073, #1664, #2405, #1189, #1382, #162, #2162, #872, #1864, #2840, #628, #2357, #131, #2086, #637, #1156, #1408, #851, #2978, #1763, #2267, #67, #2996, #2744, #2502, #2235, #532, #2761 ),
 .UNSPECIFIED., .F., .F.,
 ( 4, 2, 2, 2, 2, 2, 2, 2, 2, 2, 2, 2, 2, 2, 2, 2, 2, 2, 2, 2, 2, 2, 2, 2, 4 ),
 ( 0.0000000000000000000, 0.004018859323612791572, 0.006028288985419189526, 0.008037718647225588348, 0.01205657797083839466, 0.01406600763264478568, 0.01607543729445117670, 0.02009429661806397260, 0.02210372627987034627, 0.02411315594167672688, 0.02813201526528943605, 0.03014144492709579584, 0.03215087458890215910, 0.03616973391251487174, 0.04018859323612757745, 0.04219802289793393724, 0.04420745255974029009, 0.04822631188335301661, 0.05023574154515939028, 0.05124045637606256670, 0.05224517120696574313, 0.05626403053057845577, 0.05827346019238482250, 0.06028288985419118229, 0.06430174917780388799 ),
 .UNSPECIFIED. ) ;
#1706 = CARTESIAN_POINT ( 'NONE',  ( -19.18007570496589764, 86.06335775347622530, -20.50553286008962317 ) ) ;
#1707 = AXIS2_PLACEMENT_3D ( 'NONE', #1507, #2739, #1265 ) ;
#1708 = EDGE_LOOP ( 'NONE', ( #556, #691, #2243, #2051 ) ) ;
#1709 = CARTESIAN_POINT ( 'NONE',  ( -37.88704033711637464, 79.26635851977270875, 10.87364056728196537 ) ) ;
#1710 = CARTESIAN_POINT ( 'NONE',  ( -48.17010079996742888, 55.68620733396073774, -1.657571548661560312 ) ) ;
#1711 = ORIENTED_EDGE ( 'NONE', *, *, #2870, .T. ) ;
#1712 = CARTESIAN_POINT ( 'NONE',  ( -44.64491637208082864, 59.21585836097038680, -18.57247585791605005 ) ) ;
#1713 = CARTESIAN_POINT ( 'NONE',  ( -35.12164003488054220, 63.66639653576114455, 3.346105354212832506 ) ) ;
#1714 = CARTESIAN_POINT ( 'NONE',  ( -38.29021041441978213, 115.8257569495584107, 0.0000000000000000000 ) ) ;
#1715 = CARTESIAN_POINT ( 'NONE',  ( -58.24936957063491150, 73.35501860895818993, 8.455798555945362338 ) ) ;
#1716 = CARTESIAN_POINT ( 'NONE',  ( -15.80306462759068609, 91.91024027412430542, 7.736536638994707005 ) ) ;
#1717 = EDGE_CURVE ( 'NONE', #2968, #1204, #339, .T. ) ;
#1718 = DIRECTION ( 'NONE',  ( 0.0000000000000000000, 0.0000000000000000000, -1.000000000000000000 ) ) ;
#1719 = CARTESIAN_POINT ( 'NONE',  ( -40.70795532817000151, 84.03790752662096963, 1.883721591754126790 ) ) ;
#1720 = CARTESIAN_POINT ( 'NONE',  ( -14.23562459911381062, 90.82843415976634560, 13.15913645707623481 ) ) ;
#1721 = CARTESIAN_POINT ( 'NONE',  ( -14.27528295036593065, 90.89641665914930968, -12.91272688766241217 ) ) ;
#1722 = ORIENTED_EDGE ( 'NONE', *, *, #2734, .F. ) ;
#1723 = CARTESIAN_POINT ( 'NONE',  ( -18.61916522926358297, 72.66043382132563977, 8.368410656604964970 ) ) ;
#1724 = CARTESIAN_POINT ( 'NONE',  ( -35.21286208522379013, 63.62704689124003465, -3.165460940816812396 ) ) ;
#1725 = ORIENTED_EDGE ( 'NONE', *, *, #3066, .T. ) ;
#1726 = CARTESIAN_POINT ( 'NONE',  ( -47.81461363960231381, 65.12192692869184896, -5.914245622115408274 ) ) ;
#1727 = CARTESIAN_POINT ( 'NONE',  ( 21.97267762108946698, 1.488848490817995751, -5.381753863472779121E-15 ) ) ;
#1728 = CARTESIAN_POINT ( 'NONE',  ( -20.81640068260460197, -3.469446951953614189E-15, -41.63280136520919683 ) ) ;
#1729 = CARTESIAN_POINT ( 'NONE',  ( -60.69443458803014124, 69.86861880403756686, 2.836264320356461699 ) ) ;
#1730 = CARTESIAN_POINT ( 'NONE',  ( -52.03520692716190865, 80.35797433467135420, 9.353290278969479843 ) ) ;
#1731 = CARTESIAN_POINT ( 'NONE',  ( -16.03411461655008807, 92.00626068363290244, 6.932112960931330115 ) ) ;
#1732 = CARTESIAN_POINT ( 'NONE',  ( -27.91984913698495063, 87.19559971000124676, 3.375532169330590637 ) ) ;
#1733 = ADVANCED_FACE ( 'NONE', ( #1668 ), #1199, .T. ) ;
#1734 = CARTESIAN_POINT ( 'NONE',  ( -5.397225860587663071, 112.9799908217111977, -8.949094248803719509 ) ) ;
#1735 = CARTESIAN_POINT ( 'NONE',  ( -14.92165433334930036, 91.47163110415141318, -10.46787983080498385 ) ) ;
#1736 = CARTESIAN_POINT ( 'NONE',  ( -33.87529538683280350, 86.62018548589679767, -5.532954298668362192 ) ) ;
#1737 = CARTESIAN_POINT ( 'NONE',  ( -35.04487881095773361, 84.08795413039057109, 8.491680469140547416 ) ) ;
#1738 = CARTESIAN_POINT ( 'NONE',  ( -45.76212896614366343, 66.36555474711842351, -3.320812074268222780 ) ) ;
#1739 = ORIENTED_EDGE ( 'NONE', *, *, #3144, .F. ) ;
#1740 = CARTESIAN_POINT ( 'NONE',  ( -56.31492711927155881, 75.88433829042280365, -9.740773429903454073 ) ) ;
#1741 = CARTESIAN_POINT ( 'NONE',  ( -20.74453695970512257, 1.023516902891064895, 2.540473078749684534E-15 ) ) ;
#1742 = CARTESIAN_POINT ( 'NONE',  ( -41.65706203763323145, 64.32800284210277653, -20.91333498500856436 ) ) ;
#1743 = DIRECTION ( 'NONE',  ( -0.0000000000000000000, -0.0000000000000000000, -1.000000000000000000 ) ) ;
#1744 = CARTESIAN_POINT ( 'NONE',  ( 11.66248621688090559, 12.78624204773031536, 23.32497243376180762 ) ) ;
#1745 = CARTESIAN_POINT ( 'NONE',  ( -43.28133983672818630, 72.12997028280153700, 10.09243781986091548 ) ) ;
#1746 = CARTESIAN_POINT ( 'NONE',  ( -16.64928223774083094, 92.24237931674080926, 4.208678060242591279 ) ) ;
#1747 = CARTESIAN_POINT ( 'NONE',  ( -38.29021041441978213, 114.1159673639782000, 0.0000000000000000000 ) ) ;
#1748 = CARTESIAN_POINT ( 'NONE',  ( -15.67413479499243500, 75.97229125186197507, 1.837605382277306187 ) ) ;
#1749 = CARTESIAN_POINT ( 'NONE',  ( -15.61078850873991897, 75.80277996339839319, 2.305840354764924882 ) ) ;
#1750 = CIRCLE ( 'NONE', #361, 10.00000000000000178 ) ;
#1751 = CARTESIAN_POINT ( 'NONE',  ( -34.12412343616232135, 85.98596586692102051, -6.450827789653580169 ) ) ;
#1752 = ORIENTED_EDGE ( 'NONE', *, *, #684, .T. ) ;
#1753 = CARTESIAN_POINT ( 'NONE',  ( -21.23285682869116187, 71.00441695497214312, 9.627500159643641808 ) ) ;
#1754 = DIRECTION ( 'NONE',  ( 0.0000000000000000000, 0.0000000000000000000, 1.000000000000000000 ) ) ;
#1755 = CIRCLE ( 'NONE', #366, 50.24433110364409316 ) ;
#1756 = ORIENTED_EDGE ( 'NONE', *, *, #955, .T. ) ;
#1757 = CARTESIAN_POINT ( 'NONE',  ( -48.20813134235767450, 53.11136565366136608, -11.99507044592862570 ) ) ;
#1758 = CARTESIAN_POINT ( 'NONE',  ( -17.06908240175223312, 2.033223015840947223, -34.13816480350445204 ) ) ;
#1759 = CARTESIAN_POINT ( 'NONE',  ( -20.81640068260460197, -3.469446951953614189E-15, 2.549273846572050891E-15 ) ) ;
#1760 = DIRECTION ( 'NONE',  ( -0.07165084821175643492, -0.9974297749468560292, 0.0000000000000000000 ) ) ;
#1761 = CARTESIAN_POINT ( 'NONE',  ( -11.08407426922550876, 17.05051159162364627, 1.357407607531855721E-15 ) ) ;
#1762 = CARTESIAN_POINT ( 'NONE',  ( -14.55717043835165114, 91.22168775787480399, 11.63723348966927773 ) ) ;
#1763 = CARTESIAN_POINT ( 'NONE',  ( -48.74530876413687253, 52.19057044806984891, 10.30620190813955261 ) ) ;
#1764 = CARTESIAN_POINT ( 'NONE',  ( -31.87322167209914880, 73.58485903882846912, 24.97829570752542594 ) ) ;
#1765 = CARTESIAN_POINT ( 'NONE',  ( -15.57347622334457959, 74.80529890282168992, 4.549560274201036592 ) ) ;
#1766 = CARTESIAN_POINT ( 'NONE',  ( -15.75938605449788632, 76.15845756861385496, 0.9711587105929538888 ) ) ;
#1767 = CARTESIAN_POINT ( 'NONE',  ( -21.04030749412448031, 84.27822868454923366, -21.98632118051587625 ) ) ;
#1768 = CARTESIAN_POINT ( 'NONE',  ( -43.19119097125086171, 83.73844411123556597, -3.861847456759840203 ) ) ;
#1769 = DIRECTION ( 'NONE',  ( -1.000000000000000000, 0.0000000000000000000, 0.0000000000000000000 ) ) ;
#1770 = CARTESIAN_POINT ( 'NONE',  ( -27.74213158124114642, 87.45044210978353760, -1.125177389764025371 ) ) ;
#1771 = CARTESIAN_POINT ( 'NONE',  ( -21.35399576888963935, 1.180385715512802358, 2.615110256737682253E-15 ) ) ;
#1772 = EDGE_LOOP ( 'NONE', ( #2057, #2103, #1481, #147, #1245, #1649, #471 ) ) ;
#1773 = CARTESIAN_POINT ( 'NONE',  ( -50.70044452859607986, 81.33199118472450095, -8.696664750837342694 ) ) ;
#1774 = CARTESIAN_POINT ( 'NONE',  ( -17.31059070330048399, 89.61035911205073035, -11.49617732866755304 ) ) ;
#1775 = ADVANCED_FACE ( 'NONE', ( #847 ), #2677, .F. ) ;
#1776 = CARTESIAN_POINT ( 'NONE',  ( 20.00000009524667632, -3.469446951953614189E-15, 40.00000019049333844 ) ) ;
#1777 = DIRECTION ( 'NONE',  ( 1.000000000000000000, 0.0000000000000000000, 0.0000000000000000000 ) ) ;
#1778 = CARTESIAN_POINT ( 'NONE',  ( -18.86145756595169587, 72.50372401198555394, 8.539676917550615087 ) ) ;
#1779 = CARTESIAN_POINT ( 'NONE',  ( 0.0000000000000000000, 1.488848490817998194, 0.0000000000000000000 ) ) ;
#1780 =( BOUNDED_SURFACE ( )  B_SPLINE_SURFACE ( 3, 2, ( 
 ( #639, #421, #1139 ),
 ( #2178, #1630, #2160 ),
 ( #3088, #1423, #3134 ),
 ( #214, #2647, #1435 ),
 ( #2418, #2602, #890 ),
 ( #1202, #2589, #384 ),
 ( #160, #397, #2491 ),
 ( #283, #487, #502 ),
 ( #239, #768, #1241 ),
 ( #271, #1274, #2445 ),
 ( #2206, #1709, #1499 ),
 ( #968, #1259, #2732 ),
 ( #1997, #957, #255 ),
 ( #2948, #1213, #1935 ),
 ( #7, #2478, #1981 ),
 ( #226, #2240, #3148 ),
 ( #40, #987, #1022 ),
 ( #2717, #1004, #753 ),
 ( #1949, #2916, #2684 ),
 ( #2902, #1737, #1226 ),
 ( #2966, #1967, #1753 ),
 ( #2933, #520, #1516 ),
 ( #451, #2224, #719 ),
 ( #703, #736, #1692 ),
 ( #26, #2663, #1723 ),
 ( #469, #1450, #1467 ),
 ( #2431, #2191, #2701 ),
 ( #3161, #1482, #2461 ),
 ( #1787, #2523, #2555 ),
 ( #1582, #53, #1567 ),
 ( #2257, #2801, #75 ),
 ( #1056, #553, #1549 ),
 ( #2065, #1075, #1290 ),
 ( #1312, #2750, #1327 ) ),
 .UNSPECIFIED., .F., .F., .F. ) 
 B_SPLINE_SURFACE_WITH_KNOTS ( ( 4, 2, 2, 2, 2, 2, 2, 2, 2, 2, 2, 2, 2, 2, 2, 2, 4 ),
 ( 3, 3 ),
 ( 0.0000000000000000000, 0.004681698590146394189, 0.007022547885219590849, 0.008192972532756189613, 0.009363397180292788377, 0.01404509577043918170, 0.01521552041797578046, 0.01638594506551237923, 0.01872679436058557675, 0.02106764365565877428, 0.02340849295073196834, 0.02809019154087836340, 0.02926061618841496043, 0.03043104083595156092, 0.03277189013102475845, 0.03511273942609795251, 0.03745358872117115351 ),
 ( 0.0000000000000000000, 1.000000000000000000 ),
 .UNSPECIFIED. ) 
 GEOMETRIC_REPRESENTATION_ITEM ( )  RATIONAL_B_SPLINE_SURFACE ( (
 ( 1.000000000000000000, 0.6194438010513023674, 1.000000000000000000),
 ( 1.000000000000000000, 0.6073598841279961302, 1.000000000000000000),
 ( 1.000000000000000000, 0.5951048594163454997, 1.000000000000000000),
 ( 1.000000000000000000, 0.5768364808478309014, 1.000000000000000000),
 ( 1.000000000000000000, 0.5707637748953575674, 1.000000000000000000),
 ( 1.000000000000000000, 0.5616999772483503017, 1.000000000000000000),
 ( 1.000000000000000000, 0.5586889878794454312, 1.000000000000000000),
 ( 1.000000000000000000, 0.5527540809936923871, 1.000000000000000000),
 ( 1.000000000000000000, 0.5498211742552538972, 1.000000000000000000),
 ( 1.000000000000000000, 0.5353257783969256334, 1.000000000000000000),
 ( 1.000000000000000000, 0.5242735050305238342, 1.000000000000000000),
 ( 1.000000000000000000, 0.5110455377786807807, 1.000000000000000000),
 ( 1.000000000000000000, 0.5084221383576881248, 1.000000000000000000),
 ( 1.000000000000000000, 0.5032857177734280096, 1.000000000000000000),
 ( 1.000000000000000000, 0.5007682761994559639, 1.000000000000000000),
 ( 1.000000000000000000, 0.4933584977863104126, 1.000000000000000000),
 ( 1.000000000000000000, 0.4886084335968930437, 1.000000000000000000),
 ( 1.000000000000000000, 0.4794432386405481084, 1.000000000000000000),
 ( 1.000000000000000000, 0.4750281673263927473, 1.000000000000000000),
 ( 1.000000000000000000, 0.4664965258099993406, 1.000000000000000000),
 ( 1.000000000000000000, 0.4623649121644251569, 1.000000000000000000),
 ( 1.000000000000000000, 0.4506571076940679155, 1.000000000000000000),
 ( 1.000000000000000000, 0.4436621845001602060, 1.000000000000000000),
 ( 1.000000000000000000, 0.4357159632598571197, 1.000000000000000000),
 ( 1.000000000000000000, 0.4341671530943213564, 1.000000000000000000),
 ( 1.000000000000000000, 0.4311471262862806575, 1.000000000000000000),
 ( 1.000000000000000000, 0.4296809842356318909, 1.000000000000000000),
 ( 1.000000000000000000, 0.4254479544877818320, 1.000000000000000000),
 ( 1.000000000000000000, 0.4228282412794215350, 1.000000000000000000),
 ( 1.000000000000000000, 0.4179486603570541359, 1.000000000000000000),
 ( 1.000000000000000000, 0.4156889027275412762, 1.000000000000000000),
 ( 1.000000000000000000, 0.4115031938853322413, 1.000000000000000000),
 ( 1.000000000000000000, 0.4095691937397005211, 1.000000000000000000),
 ( 1.000000000000000000, 0.4078295215110611105, 1.000000000000000000) ) ) 
 REPRESENTATION_ITEM ( '' )  SURFACE ( )  );
#1781 = CARTESIAN_POINT ( 'NONE',  ( -16.96005636405430650, 92.35361103403113248, -1.896779663051386455 ) ) ;
#1782 = CARTESIAN_POINT ( 'NONE',  ( -12.81525250008625783, 97.70829599837496460, 1.569415795449575121E-15 ) ) ;
#1783 = CARTESIAN_POINT ( 'NONE',  ( -39.60307616425316724, 65.48693402076969505, 21.45812279418013802 ) ) ;
#1784 = CARTESIAN_POINT ( 'NONE',  ( -15.64430317610357157, 75.89396886842568790, 2.038051868391101973 ) ) ;
#1785 = CARTESIAN_POINT ( 'NONE',  ( -20.54067332012848723, 71.43605894843398119, -9.394424349556125264 ) ) ;
#1786 = CARTESIAN_POINT ( 'NONE',  ( -15.52548462582313960, 74.96469611219811213, -4.214938339382600319 ) ) ;
#1787 = CARTESIAN_POINT ( 'NONE',  ( -17.51741392108058193, 87.64333826949319928, 18.65575598880569785 ) ) ;
#1788 = DIRECTION ( 'NONE',  ( 0.0000000000000000000, 1.000000000000000000, 0.0000000000000000000 ) ) ;
#1789 = CARTESIAN_POINT ( 'NONE',  ( -35.97807572843745305, 63.30068552412519978, -0.3523020385980806801 ) ) ;
#1790 = ORIENTED_EDGE ( 'NONE', *, *, #868, .T. ) ;
#1791 = CARTESIAN_POINT ( 'NONE',  ( -47.59092751348999428, 82.81746201430399879, -6.783356794205801066 ) ) ;
#1792 = CARTESIAN_POINT ( 'NONE',  ( 12.30461438829069110, 10.15306706476068044, -24.60922877658139285 ) ) ;
#1793 = CARTESIAN_POINT ( 'NONE',  ( -48.19929694879958504, 55.65049035444718584, -2.975504204230886333E-11 ) ) ;
#1794 = CARTESIAN_POINT ( 'NONE',  ( 0.0000000000000000000, 20.00000000000000355, 0.0000000000000000000 ) ) ;
#1795 = DIRECTION ( 'NONE',  ( -0.0000000000000000000, -0.0000000000000000000, -1.000000000000000000 ) ) ;
#1796 = CARTESIAN_POINT ( 'NONE',  ( -59.50477417232887944, 71.59527484832798905, 6.599984973096987950 ) ) ;
#1797 = DIRECTION ( 'NONE',  ( -1.000000000000000000, 0.0000000000000000000, 0.0000000000000000000 ) ) ;
#1798 = CARTESIAN_POINT ( 'NONE',  ( -28.14837059472824521, 83.91226850997902886, -1.418887854883817079 ) ) ;
#1799 = DIRECTION ( 'NONE',  ( 1.000000000000000000, 1.393499969507555423E-15, -0.0000000000000000000 ) ) ;
#1800 = CARTESIAN_POINT ( 'NONE',  ( -0.1577407606783668981, 92.69986550085179999, -16.59172333531611443 ) ) ;
#1801 =( BOUNDED_SURFACE ( )  B_SPLINE_SURFACE ( 3, 3, ( 
 ( #305, #2807, #1571, #2054 ),
 ( #840, #1813, #341, #1333 ),
 ( #2822, #597, #612, #2990 ),
 ( #2073, #1776, #1847, #1063 ) ),
 .UNSPECIFIED., .F., .F., .T. ) 
 B_SPLINE_SURFACE_WITH_KNOTS ( ( 4, 4 ),
 ( 4, 4 ),
 ( 0.0000000000000000000, 1.000000000000000000 ),
 ( 0.0000000000000000000, 1.000000000000000000 ),
 .UNSPECIFIED. ) 
 GEOMETRIC_REPRESENTATION_ITEM ( )  RATIONAL_B_SPLINE_SURFACE ( (
 ( 1.000000000000000000, 0.3333333333333334259, 0.3333333333333334259, 1.000000000000000000),
 ( 0.9950322093539780699, 0.3316774031179927640, 0.3316774031179927640, 0.9950322093539780699),
 ( 0.9950322093539780699, 0.3316774031179927640, 0.3316774031179927640, 0.9950322093539780699),
 ( 1.000000000000000000, 0.3333333333333334259, 0.3333333333333334259, 1.000000000000000000) ) ) 
 REPRESENTATION_ITEM ( '' )  SURFACE ( )  );
#1802 = CARTESIAN_POINT ( 'NONE',  ( -15.69523613528377481, 76.01774772865546481, 1.618773532050101327 ) ) ;
#1803 = CARTESIAN_POINT ( 'NONE',  ( -21.23226699916917681, 71.00478833366898357, -9.627258150560088268 ) ) ;
#1804 = CARTESIAN_POINT ( 'NONE',  ( -15.50436615740136759, 75.35287524801969994, -3.392829488122552029 ) ) ;
#1805 = CARTESIAN_POINT ( 'NONE',  ( 0.0000000000000000000, 20.00000000000000355, 0.0000000000000000000 ) ) ;
#1806 = AXIS2_PLACEMENT_3D ( 'NONE', #547, #2302, #137 ) ;
#1807 = DIRECTION ( 'NONE',  ( 0.0000000000000000000, -0.7912788120000421310, 0.6114555107935505385 ) ) ;
#1808 = CIRCLE ( 'NONE', #1099, 50.24433110364409316 ) ;
#1809 = ORIENTED_EDGE ( 'NONE', *, *, #1879, .F. ) ;
#1810 = CARTESIAN_POINT ( 'NONE',  ( -31.04522672308860010, 82.28700691249939325, -14.55598847940898466 ) ) ;
#1811 = CARTESIAN_POINT ( 'NONE',  ( -20.51613019961834894, 82.34835340465117781, -6.701540521954964191 ) ) ;
#1812 = AXIS2_PLACEMENT_3D ( 'NONE', #2184, #2656, #2169 ) ;
#1813 = CARTESIAN_POINT ( 'NONE',  ( 21.62671770916060510, 0.1989596473990740688, 43.25343541832119598 ) ) ;
#1814 = PERSON_AND_ORGANIZATION ( #1933, #2841 ) ;
#1815 = TOROIDAL_SURFACE ( 'NONE', #671, 40.00000000000001421, 9.000000000000001776 ) ;
#1816 = VERTEX_POINT ( 'NONE', #15 ) ;
#1817 = CARTESIAN_POINT ( 'NONE',  ( -57.24384469184084168, 74.69860848932222552, 9.280535013839665837 ) ) ;
#1818 = FACE_OUTER_BOUND ( 'NONE', #1888, .T. ) ;
#1819 = SECURITY_CLASSIFICATION ( '', '', #2317 ) ;
#1820 = CARTESIAN_POINT ( 'NONE',  ( -14.24095925742111035, 90.73416914713166648, -13.46964486699726926 ) ) ;
#1821 = CARTESIAN_POINT ( 'NONE',  ( -25.64377017993172458, 79.80704687100164563, -24.40240084030400425 ) ) ;
#1822 = CARTESIAN_POINT ( 'NONE',  ( -10.82274697030683797, 91.54474346039792465, -17.94510460929369700 ) ) ;
#1823 = DIRECTION ( 'NONE',  ( 1.000000000000000000, 0.0000000000000000000, 0.0000000000000000000 ) ) ;
#1824 = EDGE_CURVE ( 'NONE', #1484, #1498, #1328, .T. ) ;
#1825 = CARTESIAN_POINT ( 'NONE',  ( -25.73695887298306317, 68.33219257139889180, -9.856588376751744818 ) ) ;
#1826 = CARTESIAN_POINT ( 'NONE',  ( -15.51626713590564499, 75.00682350973892198, -4.126614646264562758 ) ) ;
#1827 = CARTESIAN_POINT ( 'NONE',  ( 11.00000000000000000, 20.00000000000000355, 0.0000000000000000000 ) ) ;
#1828 = CARTESIAN_POINT ( 'NONE',  ( 20.00000000000000000, 91.65153076140050814, 0.0000000000000000000 ) ) ;
#1829 = CARTESIAN_POINT ( 'NONE',  ( -21.97267762108947409, 1.488848490817998194, 2.690876931736389955E-15 ) ) ;
#1830 = ORIENTED_EDGE ( 'NONE', *, *, #1035, .F. ) ;
#1831 = CARTESIAN_POINT ( 'NONE',  ( -41.16307395091500609, 65.17230283387789314, -21.10779388016387159 ) ) ;
#1832 = CARTESIAN_POINT ( 'NONE',  ( -11.66248621688090736, 12.78624204773031359, 1.428242641560332584E-15 ) ) ;
#1833 = CARTESIAN_POINT ( 'NONE',  ( -31.79395497120083292, 81.05004392023745652, -15.95290432290587290 ) ) ;
#1834 = CARTESIAN_POINT ( 'NONE',  ( -10.99999999999999822, 18.52522561770877729, 22.00000000000000000 ) ) ;
#1835 = CARTESIAN_POINT ( 'NONE',  ( -20.00000009524667632, -3.469446951953614189E-15, 2.449293609959059843E-15 ) ) ;
#1836 = CARTESIAN_POINT ( 'NONE',  ( 11.00000000000000000, 20.00000000000000355, 0.0000000000000000000 ) ) ;
#1837 = CARTESIAN_POINT ( 'NONE',  ( -27.72503234607824396, 77.75270422134286719, -24.91735054406704464 ) ) ;
#1838 = CARTESIAN_POINT ( 'NONE',  ( 10.92311177151823465, 91.07739003064354222, -18.91565278096858194 ) ) ;
#1839 = CARTESIAN_POINT ( 'NONE',  ( -15.54205497799966551, 75.56899472411851093, 2.903575317712940862 ) ) ;
#1840 = CARTESIAN_POINT ( 'NONE',  ( -39.73497333034528367, 76.30405826510040868, -11.03274520126226399 ) ) ;
#1841 = ADVANCED_FACE ( 'NONE', ( #2037 ), #166, .F. ) ;
#1842 = CARTESIAN_POINT ( 'NONE',  ( -60.23176774483884088, 70.54684604114474666, -4.836436667216155172 ) ) ;
#1843 = CARTESIAN_POINT ( 'NONE',  ( 13.90433454570114158, 94.29651742646717594, -27.80866909140229382 ) ) ;
#1844 = ORIENTED_EDGE ( 'NONE', *, *, #2483, .F. ) ;
#1845 = CARTESIAN_POINT ( 'NONE',  ( -32.88168710266897676, 79.23517816120659063, -17.59752872553437086 ) ) ;
#1846 = CARTESIAN_POINT ( 'NONE',  ( 14.14213566318341542, -3.469446951953614189E-15, 0.0000000000000000000 ) ) ;
#1847 = CARTESIAN_POINT ( 'NONE',  ( -20.00000009524666922, -3.469446951953614189E-15, 40.00000019049333844 ) ) ;
#1848 = CALENDAR_DATE ( 2019, 27, 7 ) ;
#1849 = CARTESIAN_POINT ( 'NONE',  ( -11.00000000000000000, 20.00000000000000355, 1.347111479062088405E-15 ) ) ;
#1850 = CARTESIAN_POINT ( 'NONE',  ( -56.69053532715441435, 75.41285366765839626, 9.589122151264731997 ) ) ;
#1851 = CARTESIAN_POINT ( 'NONE',  ( 9.999999999999992895, 20.00000000000000355, -19.99999999999999645 ) ) ;
#1852 = CARTESIAN_POINT ( 'NONE',  ( 12.30461438829069643, 10.15306706476067866, 0.0000000000000000000 ) ) ;
#1853 = CARTESIAN_POINT ( 'NONE',  ( -33.24450237688743925, 72.18450879141569487, -24.73636767029588768 ) ) ;
#1854 = CARTESIAN_POINT ( 'NONE',  ( -0.1218316075502618168, 97.70829599837496460, -12.81467337470482626 ) ) ;
#1855 = CARTESIAN_POINT ( 'NONE',  ( -32.10678893377578191, 65.02802523697911852, -6.905997744438373331 ) ) ;
#1856 = CARTESIAN_POINT ( 'NONE',  ( -15.49821323860536637, 75.15779709582103862, -3.809967704654805942 ) ) ;
#1857 = CARTESIAN_POINT ( 'NONE',  ( -16.28721129954833913, 92.10582296203621411, -5.951833418480811488 ) ) ;
#1858 = PRODUCT_RELATED_PRODUCT_CATEGORY ( 'detail', '', ( #877 ) ) ;
#1859 = CIRCLE ( 'NONE', #2874, 47.29021041441976081 ) ;
#1860 = CARTESIAN_POINT ( 'NONE',  ( -78.29021041441980344, 114.1159673639782000, 0.0000000000000000000 ) ) ;
#1861 = ORIENTED_EDGE ( 'NONE', *, *, #2406, .T. ) ;
#1862 = CARTESIAN_POINT ( 'NONE',  ( -38.11195471659894451, 78.90465127600998585, -8.012908881731560129 ) ) ;
#1863 = CARTESIAN_POINT ( 'NONE',  ( -20.00000009524667632, -3.469446951953614189E-15, 2.449293609959059448E-15 ) ) ;
#1864 = CARTESIAN_POINT ( 'NONE',  ( -44.48724023086334256, 59.48583970553549705, 18.75849768430082420 ) ) ;
#1865 = ADVANCED_FACE ( 'NONE', ( #1368 ), #1801, .F. ) ;
#1866 = AXIS2_PLACEMENT_3D ( 'NONE', #2245, #441, #1486 ) ;
#1867 = CARTESIAN_POINT ( 'NONE',  ( -47.40940362123114937, 65.77208451581340398, 6.828289359681599890 ) ) ;
#1868 = CARTESIAN_POINT ( 'NONE',  ( -41.15624434289000533, 74.21877636610393836, 0.0000000000000000000 ) ) ;
#1869 = B_SPLINE_CURVE_WITH_KNOTS ( 'NONE', 3,
 ( #2593, #388, #1384, #1972, #973, #1456, #2920, #725, #1713, #1009, #1230, #2211, #1206, #1217, #491, #261 ),
 .UNSPECIFIED., .F., .F.,
 ( 4, 2, 2, 2, 2, 2, 2, 4 ),
 ( 0.0000000000000000000, 0.002088447125753721892, 0.003132670688630583272, 0.004176894251507443784, 0.005221117814384304730, 0.006265341377261166543, 0.007309564940138025754, 0.008353788503014885833 ),
 .UNSPECIFIED. ) ;
#1870 = CONICAL_SURFACE ( 'NONE', #989, 11.00000000000000000, 0.09966865249116113601 ) ;
#1871 = CARTESIAN_POINT ( 'NONE',  ( -43.19323392683607210, 83.73818189622313923, 3.863267955914538643 ) ) ;
#1872 = CARTESIAN_POINT ( 'NONE',  ( -15.56518176879384363, 75.65827342698855773, -2.686955983160335570 ) ) ;
#1873 = CARTESIAN_POINT ( 'NONE',  ( -16.42528812520938430, 92.15886653993757704, -5.349503669501800118 ) ) ;
#1874 = ORIENTED_EDGE ( 'NONE', *, *, #1388, .T. ) ;
#1875 = DIRECTION ( 'NONE',  ( -0.0000000000000000000, -1.000000000000000000, -0.0000000000000000000 ) ) ;
#1876 = LINE ( 'NONE', #2849, #1293 ) ;
#1877 = CARTESIAN_POINT ( 'NONE',  ( 15.90113068190875545, 93.38763986676970319, 0.0000000000000000000 ) ) ;
#1878 = CARTESIAN_POINT ( 'NONE',  ( -27.22102873521152588, 67.50677609736861484, 9.530222176699652437 ) ) ;
#1879 = EDGE_CURVE ( 'NONE', #1691, #2430, #103, .T. ) ;
#1880 = CARTESIAN_POINT ( 'NONE',  ( -60.64689388502166878, 69.93855097002571597, 3.088891017820705187 ) ) ;
#1881 = CARTESIAN_POINT ( 'NONE',  ( -9.000000000000003553, 112.9799908217112119, 18.00000000000000711 ) ) ;
#1882 = CARTESIAN_POINT ( 'NONE',  ( -43.32071362864134301, 83.71919648796828994, 3.949325626808024126 ) ) ;
#1883 = DIRECTION ( 'NONE',  ( 0.0000000000000000000, 0.0000000000000000000, -1.000000000000000000 ) ) ;
#1884 = CARTESIAN_POINT ( 'NONE',  ( -41.75438637732389680, 83.91447875463006767, 2.803272846707043353 ) ) ;
#1885 = CARTESIAN_POINT ( 'NONE',  ( -15.59275476095764290, 75.74884608217554671, -2.452872236384333160 ) ) ;
#1886 = CARTESIAN_POINT ( 'NONE',  ( -16.30913054604045342, 92.11432103704677843, -5.859956613329174502 ) ) ;
#1887 = DIRECTION ( 'NONE',  ( 0.1041366963596880579, 0.1495448406646513462, -0.9832557597603353017 ) ) ;
#1888 = EDGE_LOOP ( 'NONE', ( #2493, #669, #2480, #1739 ) ) ;
#1889 = CARTESIAN_POINT ( 'NONE',  ( -34.37030310993229421, 82.77850444011866671, -3.831444035474677268 ) ) ;
#1890 = CARTESIAN_POINT ( 'NONE',  ( 0.0000000000000000000, 20.00000000000000355, 0.0000000000000000000 ) ) ;
#1891 = CARTESIAN_POINT ( 'NONE',  ( -35.30700745218906889, 75.14611609114643898, 20.07443707325071713 ) ) ;
#1892 = ORIENTED_EDGE ( 'NONE', *, *, #1176, .T. ) ;
#1893 = CARTESIAN_POINT ( 'NONE',  ( -49.35528466325841634, 51.14480850009943680, 7.580445945715564626 ) ) ;
#1894 = CARTESIAN_POINT ( 'NONE',  ( -9.250144553976070938, 110.1348626610737114, 18.50028910795214188 ) ) ;
#1895 = CARTESIAN_POINT ( 'NONE',  ( -48.19929694879958504, 55.65049035444718584, -2.975504204230886333E-11 ) ) ;
#1896 = DIRECTION ( 'NONE',  ( 0.0000000000000000000, 0.0000000000000000000, 1.000000000000000000 ) ) ;
#1897 = CARTESIAN_POINT ( 'NONE',  ( -21.97267762108946698, 1.488848490817995751, 2.690876931736389561E-15 ) ) ;
#1898 = CARTESIAN_POINT ( 'NONE',  ( -44.55609442021949462, 83.53360496850558548, 4.783698579390083694 ) ) ;
#1899 = DIRECTION ( 'NONE',  ( -0.0000000000000000000, -1.000000000000000000, -0.0000000000000000000 ) ) ;
#1900 = EDGE_CURVE ( 'NONE', #1190, #1138, #2426, .T. ) ;
#1901 = CARTESIAN_POINT ( 'NONE',  ( -60.01419811253926184, 70.86253297544519114, 5.433976393184211773 ) ) ;
#1902 = LINE ( 'NONE', #2368, #1350 ) ;
#1903 = CARTESIAN_POINT ( 'NONE',  ( -17.00991692624414853, 92.37060737849526504, -0.5925800510888880046 ) ) ;
#1904 = CARTESIAN_POINT ( 'NONE',  ( -20.51613019961833118, 82.34835340465119202, 6.701540521954918894 ) ) ;
#1905 = ORIENTED_EDGE ( 'NONE', *, *, #257, .F. ) ;
#1906 = CARTESIAN_POINT ( 'NONE',  ( -28.84233366560588507, 85.81890219892672178, -8.498841874458049617 ) ) ;
#1907 = CARTESIAN_POINT ( 'NONE',  ( 0.0000000000000000000, 45.55931007230138619, 0.0000000000000000000 ) ) ;
#1908 =( BOUNDED_SURFACE ( )  B_SPLINE_SURFACE ( 3, 2, ( 
 ( #2860, #1530, #2714 ),
 ( #2204, #253, #783 ),
 ( #1947, #51, #2914 ),
 ( #985, #1239, #2699 ),
 ( #1224, #2222, #1965 ),
 ( #24, #2729, #1002 ),
 ( #2931, #1514, #716 ),
 ( #484, #2946, #518 ),
 ( #1706, #1736, #1038 ),
 ( #499, #2010, #1496 ),
 ( #1767, #1751, #38 ),
 ( #2475, #269, #2238 ),
 ( #2748, #2682, #1995 ),
 ( #466, #2963, #765 ),
 ( #536, #2307, #1785 ),
 ( #2781, #2553, #1803 ),
 ( #2343, #2535, #1341 ),
 ( #2029, #832, #1361 ),
 ( #848, #3050, #2829 ),
 ( #2520, #3017, #3034 ),
 ( #2799, #2047, #1565 ),
 ( #1595, #618, #1825 ),
 ( #1309, #332, #2098 ),
 ( #1611, #2571, #2585 ),
 ( #90, #1325, #813 ),
 ( #317, #572, #1547 ),
 ( #107, #1840, #1089 ),
 ( #2291, #606, #2999 ),
 ( #365, #551, #1073 ),
 ( #3065, #1580, #2063 ),
 ( #588, #348, #2324 ),
 ( #2815, #144, #125 ),
 ( #1105, #2082, #1288 ),
 ( #865, #1120, #1855 ) ),
 .UNSPECIFIED., .F., .F., .F. ) 
 B_SPLINE_SURFACE_WITH_KNOTS ( ( 4, 2, 2, 2, 2, 2, 2, 2, 2, 2, 2, 2, 2, 2, 2, 2, 4 ),
 ( 3, 3 ),
 ( 0.06006143945447823401, 0.06239970289094740052, 0.06356883460918197337, 0.06473796632741656010, 0.06941449320035487924, 0.07058362491858946597, 0.07175275663682403882, 0.07409102007329321227, 0.07642928350976237184, 0.07876754694623153141, 0.08344407381916985056, 0.08578233725563901013, 0.08812060069210816970, 0.09045886412857732928, 0.09162799584681191600, 0.09279712756504648885, 0.09747365443798482187 ),
 ( 0.0000000000000000000, 1.000000000000000000 ),
 .UNSPECIFIED. ) 
 GEOMETRIC_REPRESENTATION_ITEM ( )  RATIONAL_B_SPLINE_SURFACE ( (
 ( 1.000000000000000000, 0.4078295215110608885, 1.000000000000000000),
 ( 1.000000000000000000, 0.4095529564385916865, 1.000000000000000000),
 ( 1.000000000000000000, 0.4114546018342361000, 1.000000000000000000),
 ( 1.000000000000000000, 0.4146037279515165097, 1.000000000000000000),
 ( 1.000000000000000000, 0.4157064221214835098, 1.000000000000000000),
 ( 1.000000000000000000, 0.4179900881480592134, 1.000000000000000000),
 ( 1.000000000000000000, 0.4191728237130297186, 1.000000000000000000),
 ( 1.000000000000000000, 0.4252974868820612042, 1.000000000000000000),
 ( 1.000000000000000000, 0.4308611085132543206, 1.000000000000000000),
 ( 1.000000000000000000, 0.4388552146030457735, 1.000000000000000000),
 ( 1.000000000000000000, 0.4405037003731530620, 1.000000000000000000),
 ( 1.000000000000000000, 0.4438711167645226774, 1.000000000000000000),
 ( 1.000000000000000000, 0.4455945885294838038, 1.000000000000000000),
 ( 1.000000000000000000, 0.4508904355195322289, 1.000000000000000000),
 ( 1.000000000000000000, 0.4545878156478040943, 1.000000000000000000),
 ( 1.000000000000000000, 0.4623584433490302570, 1.000000000000000000),
 ( 1.000000000000000000, 0.4664315554730755209, 1.000000000000000000),
 ( 1.000000000000000000, 0.4750109604792203677, 1.000000000000000000),
 ( 1.000000000000000000, 0.4794540900972013020, 1.000000000000000000),
 ( 1.000000000000000000, 0.4932341579073504789, 1.000000000000000000),
 ( 1.000000000000000000, 0.5030435891680419269, 1.000000000000000000),
 ( 1.000000000000000000, 0.5189512729352827591, 1.000000000000000000),
 ( 1.000000000000000000, 0.5243886028385141840, 1.000000000000000000),
 ( 1.000000000000000000, 0.5354700940688571498, 1.000000000000000000),
 ( 1.000000000000000000, 0.5411273047230956701, 1.000000000000000000),
 ( 1.000000000000000000, 0.5526878940868903411, 1.000000000000000000),
 ( 1.000000000000000000, 0.5585914004230951857, 1.000000000000000000),
 ( 1.000000000000000000, 0.5676352653817011706, 1.000000000000000000),
 ( 1.000000000000000000, 0.5706858081520930215, 1.000000000000000000),
 ( 1.000000000000000000, 0.5767803979128419689, 1.000000000000000000),
 ( 1.000000000000000000, 0.5798322153843769033, 1.000000000000000000),
 ( 1.000000000000000000, 0.5951037305468679373, 1.000000000000000000),
 ( 1.000000000000000000, 0.6073725095906938876, 1.000000000000000000),
 ( 1.000000000000000000, 0.6194438010515249671, 1.000000000000000000) ) ) 
 REPRESENTATION_ITEM ( '' )  SURFACE ( )  );
#1909 = ORIENTED_EDGE ( 'NONE', *, *, #664, .F. ) ;
#1910 = CARTESIAN_POINT ( 'NONE',  ( -60.74844019983916610, 69.78898601489613895, 2.484462884087222267 ) ) ;
#1911 = CARTESIAN_POINT ( 'NONE',  ( -16.59247315451354510, 92.69986550085178578, 33.18494630902709019 ) ) ;
#1912 = AXIS2_PLACEMENT_3D ( 'NONE', #3113, #3079, #2886 ) ;
#1913 = CARTESIAN_POINT ( 'NONE',  ( -15.69967057603781768, 74.61211562666809982, 4.975978701409777827 ) ) ;
#1914 = CARTESIAN_POINT ( 'NONE',  ( 20.00000000000001066, 91.65153076140052235, 0.0000000000000000000 ) ) ;
#1915 = CARTESIAN_POINT ( 'NONE',  ( -14.25717296654272204, 90.85047310585432001, 13.07519835936012065 ) ) ;
#1916 = AXIS2_PLACEMENT_3D ( 'NONE', #497, #2265, #2471 ) ;
#1917 = EDGE_CURVE ( 'NONE', #159, #322, #1102, .T. ) ;
#1918 = CARTESIAN_POINT ( 'NONE',  ( -15.71602782351317806, 76.06463980332131314, -1.431630959632607780 ) ) ;
#1919 = CARTESIAN_POINT ( 'NONE',  ( -23.09652070423829429, 69.86862433759796431, -9.971667351342151875 ) ) ;
#1920 = CARTESIAN_POINT ( 'NONE',  ( -14.64632174346815141, 90.35362023103314755, 14.29003556957981580 ) ) ;
#1921 = VERTEX_POINT ( 'NONE', #1141 ) ;
#1922 = CARTESIAN_POINT ( 'NONE',  ( -27.99043793256079482, 87.09423111916484572, -4.042029590220714397 ) ) ;
#1923 = CARTESIAN_POINT ( 'NONE',  ( -35.95256970143406505, 63.31144926536818929, -0.6604850266661210778 ) ) ;
#1924 = DIRECTION ( 'NONE',  ( -1.000000000000000000, 0.0000000000000000000, 0.0000000000000000000 ) ) ;
#1925 = ORIENTED_EDGE ( 'NONE', *, *, #1694, .T. ) ;
#1926 = CARTESIAN_POINT ( 'NONE',  ( -48.59876641406174969, 63.85580468263862741, 3.128589588058567461 ) ) ;
#1927 = CARTESIAN_POINT ( 'NONE',  ( 18.81095450825035087, 91.07739003064354222, 0.0000000000000000000 ) ) ;
#1928 = CARTESIAN_POINT ( 'NONE',  ( -15.54885322666179981, 75.59732359375836097, 2.836259776085837014 ) ) ;
#1929 = CARTESIAN_POINT ( 'NONE',  ( 0.0000000000000000000, 45.55931007230138619, 0.0000000000000000000 ) ) ;
#1930 = CARTESIAN_POINT ( 'NONE',  ( -15.70994855738432783, 76.05108431266167202, -1.487914729085121568 ) ) ;
#1931 = CARTESIAN_POINT ( 'NONE',  ( -14.46646621945478017, 91.14263047073393409, -11.96958317631125546 ) ) ;
#1932 = EDGE_CURVE ( 'NONE', #1535, #3054, #1137, .T. ) ;
#1933 = PERSON ( 'UNSPECIFIED', 'UNSPECIFIED', 'UNSPECIFIED', ('UNSPECIFIED'), ('UNSPECIFIED'), ('UNSPECIFIED') ) ;
#1934 = ORIENTED_EDGE ( 'NONE', *, *, #462, .T. ) ;
#1935 = CARTESIAN_POINT ( 'NONE',  ( -24.57172284848862276, 68.99985477708094095, 9.982998174903210398 ) ) ;
#1936 = CARTESIAN_POINT ( 'NONE',  ( -47.62498906146781508, 56.34897077172054480, -6.410846116452143306 ) ) ;
#1937 = ORIENTED_EDGE ( 'NONE', *, *, #2838, .F. ) ;
#1938 = CARTESIAN_POINT ( 'NONE',  ( -48.73919523012417443, 52.20105082890175652, 10.32828120855595166 ) ) ;
#1939 = CARTESIAN_POINT ( 'NONE',  ( -17.69534827954810297, 1.619570076684997417, 2.167055163034620736E-15 ) ) ;
#1940 = CARTESIAN_POINT ( 'NONE',  ( -44.18701369077040653, 59.99979289421562356, -19.06795554244195756 ) ) ;
#1941 = B_SPLINE_CURVE_WITH_KNOTS ( 'NONE', 3,
 ( #632, #1624, #3143, #2596, #1915, #430, #3098, #680, #697, #2642, #2366, #951, #1147, #2414, #2897, #1687, #2658, #2127, #19, #3, #2439, #1762, #248, #1032, #3156, #2470, #2675, #1989, #233, #964, #730, #2216, #513, #1014, #1526, #1220, #1509, #293, #745, #2485, #997, #278, #1977, #1234, #2200, #1699, #2693, #980, #1959, #1716, #1267, #1943, #34, #2940, #2910, #2957, #1731, #2005, #48, #762, #1491, #2250, #2927, #461, #264, #478, #1475, #2976, #2710, #2742, #1746, #2233, #2453, #496, #1254, #2724, #779, #530, #2501, #711, #2186, #1461, #1541, #824, #2583, #1067, #1592, #359 ),
 .UNSPECIFIED., .F., .F.,
 ( 4, 1, 1, 2, 2, 1, 1, 2, 2, 1, 1, 2, 2, 1, 1, 2, 2, 2, 1, 1, 1, 2, 2, 2, 1, 1, 1, 2, 2, 2, 1, 1, 1, 1, 2, 2, 1, 1, 1, 2, 2, 1, 1, 1, 1, 2, 2, 2, 2, 1, 1, 1, 2, 2, 1, 1, 2, 2, 4 ),
 ( 0.0000000000000000000, 0.01562499999999649239, 0.02343749999999525727, 0.02734374999999430664, 0.03124999999999335254, 0.04687499999998960554, 0.05468749999998786387, 0.05859374999998741285, 0.06249999999998696876, 0.07812499999998483158, 0.08593749999998394340, 0.08984374999998363809, 0.09374999999998331890, 0.1093749999999818062, 0.1171874999999810846, 0.1210937499999806960, 0.1249999999999802935, 0.1562499999999795164, 0.1718749999999795719, 0.1796874999999796552, 0.1835937499999799050, 0.1855468749999800160, 0.1874999999999801270, 0.2187499999999845124, 0.2343749999999866773, 0.2421874999999874267, 0.2460937499999877875, 0.2480468749999879541, 0.2499999999999881206, 0.3124999999999964473, 0.3437500000000003886, 0.3593750000000023315, 0.3671875000000033307, 0.3710937500000036637, 0.3730468750000038303, 0.3750000000000039968, 0.4062500000000030531, 0.4218750000000025535, 0.4296875000000022760, 0.4335937500000019429, 0.4375000000000015543, 0.4687499999999993894, 0.4843749999999981126, 0.4921874999999976130, 0.4960937499999975020, 0.4980468749999975020, 0.4999999999999975575, 0.6249999999999986677, 0.6874999999999992228, 0.7187499999999994449, 0.7343749999999995559, 0.7421874999999995559, 0.7460937499999995559, 0.7499999999999995559, 0.8124999999999998890, 0.8437500000000000000, 0.8593750000000000000, 0.8750000000000001110, 1.000000000000000000 ),
 .UNSPECIFIED. ) ;
#1942 = CARTESIAN_POINT ( 'NONE',  ( 21.35399576888963935, 1.180385715512802358, 0.0000000000000000000 ) ) ;
#1943 = CARTESIAN_POINT ( 'NONE',  ( -15.81792143445463417, 91.91660940150948989, 7.686597474636903016 ) ) ;
#1944 = CARTESIAN_POINT ( 'NONE',  ( 20.74453695970512257, 1.023516902891064895, 0.0000000000000000000 ) ) ;
#1945 = CARTESIAN_POINT ( 'NONE',  ( -0.08556089456255169812, 112.9799908217111977, -8.999593287105907891 ) ) ;
#1946 = CARTESIAN_POINT ( 'NONE',  ( -27.22211750958114251, 67.50620450601864775, -9.529771848507081700 ) ) ;
#1947 = CARTESIAN_POINT ( 'NONE',  ( -15.05996732246893188, 89.96496952637883737, -15.07699069738281494 ) ) ;
#1948 = VERTEX_POINT ( 'NONE', #893 ) ;
#1949 = CARTESIAN_POINT ( 'NONE',  ( -27.03305197096525703, 78.43813193656767169, 24.78252055242686325 ) ) ;
#1950 = CARTESIAN_POINT ( 'NONE',  ( -35.59845469566133858, 63.46176815436086116, -2.245237801448332959 ) ) ;
#1951 = ORIENTED_EDGE ( 'NONE', *, *, #2734, .T. ) ;
#1952 = CARTESIAN_POINT ( 'NONE',  ( -57.68658597807352351, 74.11220376767677465, -8.952652568031831848 ) ) ;
#1953 = EDGE_CURVE ( 'NONE', #2835, #738, #566, .T. ) ;
#1954 = CARTESIAN_POINT ( 'NONE',  ( -33.75342808967237573, 77.77066608641936796, -18.65702634065524990 ) ) ;
#1955 = CARTESIAN_POINT ( 'NONE',  ( -48.19929694879958504, 55.65049035444718584, -2.975504204230886333E-11 ) ) ;
#1956 = CARTESIAN_POINT ( 'NONE',  ( -15.24334744844122014, 3.907375199354365058, 30.48669489688244738 ) ) ;
#1957 = AXIS2_PLACEMENT_3D ( 'NONE', #416, #2398, #1181 ) ;
#1958 = CARTESIAN_POINT ( 'NONE',  ( -37.25728474806579982, 71.83495145671506066, 21.16111236844243493 ) ) ;
#1959 = CARTESIAN_POINT ( 'NONE',  ( -15.78222674999382313, 91.90126337866927031, 7.806279698289961821 ) ) ;
#1960 = CIRCLE ( 'NONE', #933, 9.000000000000001776 ) ;
#1961 = CARTESIAN_POINT ( 'NONE',  ( -38.29021041441978213, 114.1159673639782000, 0.0000000000000000000 ) ) ;
#1962 = CARTESIAN_POINT ( 'NONE',  ( -10.22487236964595780, 104.7498357589306863, 0.1944372997237910350 ) ) ;
#1963 = VECTOR ( 'NONE', #2440, 1000.000000000000227 ) ;
#1964 = CARTESIAN_POINT ( 'NONE',  ( -14.32727455398119432, 90.98646891040402807, -12.58299483999500090 ) ) ;
#1965 = CARTESIAN_POINT ( 'NONE',  ( -16.74239602623540080, 73.88899139122293036, -6.608085081508842329 ) ) ;
#1966 = ORIENTED_EDGE ( 'NONE', *, *, #647, .F. ) ;
#1967 = CARTESIAN_POINT ( 'NONE',  ( -34.87493388453472676, 84.40833393443439547, 8.210878544979536287 ) ) ;
#1968 = CARTESIAN_POINT ( 'NONE',  ( -35.78732809098647749, 63.38140076032598813, 1.608696119090578636 ) ) ;
#1969 = CC_DESIGN_APPROVAL ( #645, ( #2928 ) ) ;
#1970 = EDGE_LOOP ( 'NONE', ( #3027, #722, #2259, #956, #3022, #1752 ) ) ;
#1971 = CARTESIAN_POINT ( 'NONE',  ( -41.66407605114980583, 64.31596971501947735, -20.90212709247561307 ) ) ;
#1972 = CARTESIAN_POINT ( 'NONE',  ( -33.77564413756632433, 64.25906162162232249, 5.301151206886755674 ) ) ;
#1973 = CARTESIAN_POINT ( 'NONE',  ( 20.00000009524666567, -3.469446951953614189E-15, -40.00000019049335265 ) ) ;
#1974 = CARTESIAN_POINT ( 'NONE',  ( -47.76214820497011715, 56.18276303081929512, -5.618854143483959618 ) ) ;
#1975 = EDGE_CURVE ( 'NONE', #2433, #1484, #1705, .T. ) ;
#1976 = CARTESIAN_POINT ( 'NONE',  ( -41.63433219034828170, 74.46796990414068773, 9.934456428179652576 ) ) ;
#1977 = CARTESIAN_POINT ( 'NONE',  ( -15.23982570193323482, 91.64559463951468388, 9.512683358106993836 ) ) ;
#1978 = CARTESIAN_POINT ( 'NONE',  ( -15.53518879156581889, 74.90787580448301242, 4.333845217121716331 ) ) ;
#1979 = CARTESIAN_POINT ( 'NONE',  ( -32.10678893377579612, 65.02802523697913273, -6.905997744438368002 ) ) ;
#1980 = VERTEX_POINT ( 'NONE', #35 ) ;
#1981 = CARTESIAN_POINT ( 'NONE',  ( -24.37934748469139024, 69.11168061444476507, 9.992689233789329606 ) ) ;
#1982 = CARTESIAN_POINT ( 'NONE',  ( -46.04721534441091535, 65.86786928664695040, -0.9844260412861282061 ) ) ;
#1983 = EDGE_LOOP ( 'NONE', ( #454, #2558, #52 ) ) ;
#1984 = CARTESIAN_POINT ( 'NONE',  ( -59.95400822674766772, 70.94959976720329564, -5.589922163076662009 ) ) ;
#1985 = CARTESIAN_POINT ( 'NONE',  ( -42.63872777523096858, 62.64946843946704291, -20.39989855110807682 ) ) ;
#1986 = CALENDAR_DATE ( 2019, 27, 7 ) ;
#1987 = CARTESIAN_POINT ( 'NONE',  ( -13.61112125455438360, 6.663431988327885414, 1.666881607719653080E-15 ) ) ;
#1988 = CARTESIAN_POINT ( 'NONE',  ( -41.21622919299722554, 75.03554206115623515, 9.805123693484839364 ) ) ;
#1989 = CARTESIAN_POINT ( 'NONE',  ( -14.77809006634711331, 91.38215820555278412, 10.91015091318832653 ) ) ;
#1990 = DIRECTION ( 'NONE',  ( -0.0000000000000000000, 1.000000000000000000, -0.0000000000000000000 ) ) ;
#1991 = CARTESIAN_POINT ( 'NONE',  ( -40.44865645345915794, 84.06889324433477384, 1.573059714035831336 ) ) ;
#1992 = CARTESIAN_POINT ( 'NONE',  ( -24.96321599343732700, 80.47402144085289422, 24.16144152435595416 ) ) ;
#1993 = CARTESIAN_POINT ( 'NONE',  ( -33.09324549721049635, 87.33927739748587271, 2.774371677016009841 ) ) ;
#1994 = CARTESIAN_POINT ( 'NONE',  ( -15.63398273070708910, 75.86702761493017988, 2.120437736794841044 ) ) ;
#1995 = CARTESIAN_POINT ( 'NONE',  ( -19.71226771394032440, 71.95970356149048541, -9.022260146486360100 ) ) ;
#1996 = EDGE_LOOP ( 'NONE', ( #2014, #2069, #3163, #685, #1951, #1077, #923 ) ) ;
#1997 = CARTESIAN_POINT ( 'NONE',  ( -31.87322167212294843, 73.58485903883993728, 24.97829570748271877 ) ) ;
#1998 = CARTESIAN_POINT ( 'NONE',  ( 13.90433454570114336, 94.29651742646717594, 0.0000000000000000000 ) ) ;
#1999 = ORIENTED_EDGE ( 'NONE', *, *, #257, .T. ) ;
#2000 = CARTESIAN_POINT ( 'NONE',  ( -46.69897900513255706, 66.90259658477908999, -7.971143058963294337 ) ) ;
#2001 = DIRECTION ( 'NONE',  ( 0.0000000000000000000, -0.9886309524604468546, 0.1503623617703232773 ) ) ;
#2002 = CARTESIAN_POINT ( 'NONE',  ( -36.27355532324893517, 73.50671154071625324, -20.69084378830335780 ) ) ;
#2003 = CARTESIAN_POINT ( 'NONE',  ( 12.30461438829069643, 10.15306706476068044, 24.60922877658138930 ) ) ;
#2004 = CARTESIAN_POINT ( 'NONE',  ( -41.83712691839177467, 74.18823204740182575, 9.984103095283810347 ) ) ;
#2005 = CARTESIAN_POINT ( 'NONE',  ( -16.04931753002545136, 92.01236360044416074, 6.876569076251937140 ) ) ;
#2006 = CARTESIAN_POINT ( 'NONE',  ( 14.12772647820410299, 5.650676201709704749, 0.0000000000000000000 ) ) ;
#2007 = CARTESIAN_POINT ( 'NONE',  ( -20.11879104465568702, 85.16283146767182188, 21.26127093021520054 ) ) ;
#2008 = CARTESIAN_POINT ( 'NONE',  ( -8.998373185182590106, 115.8257569495584107, 0.1711140560764234930 ) ) ;
#2009 = CIRCLE ( 'NONE', #2066, 20.00000009524667277 ) ;
#2010 = CARTESIAN_POINT ( 'NONE',  ( -34.07951389053617675, 86.09536616239107332, -6.298764505674153469 ) ) ;
#2011 = ADVANCED_FACE ( 'NONE', ( #21 ), #296, .F. ) ;
#2012 = CONICAL_SURFACE ( 'NONE', #617, 11.00000000000000000, 0.09966865249116113601 ) ;
#2013 = B_SPLINE_CURVE_WITH_KNOTS ( 'NONE', 3,
 ( #1979, #197, #211, #1198, #3146, #1946, #1211, #2913, #2899, #2681, #1184, #1919, #2443, #2062, #70, #89, #2728, #2981, #331, #798, #3033, #1324, #3016, #2713, #831, #2046 ),
 .UNSPECIFIED., .F., .F.,
 ( 4, 2, 2, 2, 2, 2, 2, 2, 2, 2, 2, 2, 4 ),
 ( 0.0000000000000000000, 0.002611510198073555434, 0.005223020396147110868, 0.007834530594220666735, 0.009140285693257444236, 0.01044604079229422174, 0.01175179589133099924, 0.01305755099036777674, 0.01566906118844133347, 0.01697481628747810056, 0.01828057138651487112, 0.01958632648555163475, 0.02089208158458840184 ),
 .UNSPECIFIED. ) ;
#2014 = ORIENTED_EDGE ( 'NONE', *, *, #315, .F. ) ;
#2015 = CARTESIAN_POINT ( 'NONE',  ( -27.91984913698495063, 87.19559971000124676, 3.375532169330590637 ) ) ;
#2016 = AXIS2_PLACEMENT_3D ( 'NONE', #574, #3037, #2031 ) ;
#2017 = VERTEX_POINT ( 'NONE', #2043 ) ;
#2018 = AXIS2_PLACEMENT_3D ( 'NONE', #2271, #71, #1053 ) ;
#2019 = CARTESIAN_POINT ( 'NONE',  ( -48.73347719966115221, 52.21083165836967055, -10.28336401811348111 ) ) ;
#2020 = CARTESIAN_POINT ( 'NONE',  ( 12.69960888379111275, 8.914741298072964781, -3.110507073991615538E-15 ) ) ;
#2021 = CARTESIAN_POINT ( 'NONE',  ( -40.27768868565283356, 84.18118980031739795, -0.5243532380119338976 ) ) ;
#2022 =( NAMED_UNIT ( * ) SI_UNIT ( $, .STERADIAN. ) SOLID_ANGLE_UNIT ( ) );
#2023 = CARTESIAN_POINT ( 'NONE',  ( -34.66845201407763000, 76.22647595734667902, 19.55071277562603527 ) ) ;
#2024 = DIRECTION ( 'NONE',  ( -0.9974297749468560292, 0.07165084821175615737, 0.0000000000000000000 ) ) ;
#2025 = CARTESIAN_POINT ( 'NONE',  ( -27.51365358660393667, 83.46679309442193073, -0.2823574834880460682 ) ) ;
#2026 = CARTESIAN_POINT ( 'NONE',  ( -11.28077445936297885, 91.07739003064354222, -18.70455608936573100 ) ) ;
#2027 =( BOUNDED_SURFACE ( )  B_SPLINE_SURFACE ( 2, 3, ( 
 ( #634, #393, #2615, #1626, #2872, #665, #1658, #1478, #1445, #1256, #1236, #1000, #1720, #251 ),
 ( #2236, #1036, #1702, #2944, #36, #2254, #781, #2219, #2961, #1019, #2696, #1993, #2428, #224 ),
 ( #2202, #749, #2929, #1748, #3157, #516, #763, #1978, #1765, #1271, #235, #482, #2457, #1210 ) ),
 .UNSPECIFIED., .F., .F., .F. ) 
 B_SPLINE_SURFACE_WITH_KNOTS ( ( 3, 3 ),
 ( 4, 2, 2, 2, 2, 2, 4 ),
 ( 0.0000000000000000000, 1.000000000000000000 ),
 ( 6.139905296777026537E-05, 0.1452251440881160982, 0.2903888891232644376, 0.4355526341584127770, 0.5081345066759869189, 0.5444254429347740176, 0.5807163791935611163 ),
 .UNSPECIFIED. ) 
 GEOMETRIC_REPRESENTATION_ITEM ( )  RATIONAL_B_SPLINE_SURFACE ( (
 ( 1.000000000000000000, 1.000000000000000000, 1.000000000000000000, 1.000000000000000000, 1.000000000000000000, 1.000000000000000000, 1.000000000000000000, 1.000000000000000000, 1.000000000000000000, 1.000000000000000000, 1.000000000000000000, 1.000000000000000000, 1.000000000000000000, 1.000000000000000000),
 ( 0.5876946393180805250, 0.5876626270255406181, 0.5845201969804557640, 0.5710135199913376480, 0.5606556601140614271, 0.5303919691196471442, 0.5101278503084417659, 0.4727009049862976875, 0.4590899075751340153, 0.4388059672718451210, 0.4320911316819240899, 0.4193178149937014099, 0.4132672780503331422, 0.4078295215110606664),
 ( 1.000000000000000000, 1.000000000000000000, 1.000000000000000000, 1.000000000000000000, 1.000000000000000000, 1.000000000000000000, 1.000000000000000000, 1.000000000000000000, 1.000000000000000000, 1.000000000000000000, 1.000000000000000000, 1.000000000000000000, 1.000000000000000000, 1.000000000000000000) ) ) 
 REPRESENTATION_ITEM ( '' )  SURFACE ( )  );
#2028 = DIRECTION ( 'NONE',  ( 1.000000000000000000, 0.0000000000000000000, 0.0000000000000000000 ) ) ;
#2029 = CARTESIAN_POINT ( 'NONE',  ( -27.03042067186259700, 78.44074770428993304, -24.78215102046031859 ) ) ;
#2030 = CARTESIAN_POINT ( 'NONE',  ( -15.84146699511778245, 74.48929396223036292, -5.272803235474829542 ) ) ;
#2031 = DIRECTION ( 'NONE',  ( -1.000000000000000000, 0.0000000000000000000, 0.0000000000000000000 ) ) ;
#2032 = DIRECTION ( 'NONE',  ( 0.0000000000000000000, 0.0000000000000000000, 1.000000000000000000 ) ) ;
#2033 = CARTESIAN_POINT ( 'NONE',  ( -32.61960911142473662, 64.78581959239618016, -6.489534249537083355 ) ) ;
#2034 = ORIENTED_EDGE ( 'NONE', *, *, #481, .T. ) ;
#2035 = CARTESIAN_POINT ( 'NONE',  ( -40.58077038419276761, 75.87989273347238850, -9.558181632192763288 ) ) ;
#2036 = CARTESIAN_POINT ( 'NONE',  ( -14.12772647820410299, 5.650676201709704749, 1.730147501076196368E-15 ) ) ;
#2037 = FACE_OUTER_BOUND ( 'NONE', #425, .T. ) ;
#2038 = CARTESIAN_POINT ( 'NONE',  ( -41.15624434289003375, 74.21877636610393836, 0.0000000000000000000 ) ) ;
#2039 = CARTESIAN_POINT ( 'NONE',  ( -21.98700938141610806, 70.53996414938347925, 9.813829052295728772 ) ) ;
#2040 = CARTESIAN_POINT ( 'NONE',  ( -47.71248530728593096, 65.28607901196889429, 6.164776100741038434 ) ) ;
#2041 = FACE_OUTER_BOUND ( 'NONE', #2420, .T. ) ;
#2042 = FACE_OUTER_BOUND ( 'NONE', #2371, .T. ) ;
#2043 = CARTESIAN_POINT ( 'NONE',  ( -20.00000009524667632, -3.469446951953614189E-15, 2.449293609959059448E-15 ) ) ;
#2044 = CARTESIAN_POINT ( 'NONE',  ( -15.75374979776387363, 89.31122136777304377, -16.21227771274591234 ) ) ;
#2045 = CARTESIAN_POINT ( 'NONE',  ( -16.58947394549296561, 92.69986550085179999, 0.3154672646453313689 ) ) ;
#2046 = CARTESIAN_POINT ( 'NONE',  ( -15.89591059071746315, 74.45284956128472231, -5.367188376428471130 ) ) ;
#2047 = CARTESIAN_POINT ( 'NONE',  ( -36.76986210022158019, 81.09132253465188001, -10.33102403123712421 ) ) ;
#2048 = CARTESIAN_POINT ( 'NONE',  ( -54.84904873887763443, 77.62977166493803338, -10.02347856962817829 ) ) ;
#2049 = CARTESIAN_POINT ( 'NONE',  ( -87.29021041441981765, 114.1159673639782000, 0.0000000000000000000 ) ) ;
#2050 = CARTESIAN_POINT ( 'NONE',  ( -45.93910683537079365, 58.35774837371977952, 12.30711621268043032 ) ) ;
#2051 = ORIENTED_EDGE ( 'NONE', *, *, #2715, .F. ) ;
#2052 = CARTESIAN_POINT ( 'NONE',  ( -41.64419790733619209, 74.45768676287106302, -9.948311469683497776 ) ) ;
#2053 = CARTESIAN_POINT ( 'NONE',  ( 11.41531168535118468, 14.18095978761979126, -2.795944983346941302E-15 ) ) ;
#2054 = CARTESIAN_POINT ( 'NONE',  ( -22.41887471888016492, 0.5939137725713728999, 2.745520316496211213E-15 ) ) ;
#2055 =( NAMED_UNIT ( * ) PLANE_ANGLE_UNIT ( ) SI_UNIT ( $, .RADIAN. ) );
#2056 = ADVANCED_FACE ( 'NONE', ( #999 ), #1026, .F. ) ;
#2057 = ORIENTED_EDGE ( 'NONE', *, *, #2315, .F. ) ;
#2058 = CARTESIAN_POINT ( 'NONE',  ( -43.91759056039719411, 71.19084736565859828, 9.991168266965804179 ) ) ;
#2059 = CARTESIAN_POINT ( 'NONE',  ( -78.29021041441980344, 114.1159673639782000, 0.0000000000000000000 ) ) ;
#2060 = DIRECTION ( 'NONE',  ( -0.0000000000000000000, -0.0000000000000000000, -1.000000000000000000 ) ) ;
#2061 = CARTESIAN_POINT ( 'NONE',  ( -19.81836520547699720, 90.73416914713168069, -11.19452013597054929 ) ) ;
#2062 = CARTESIAN_POINT ( 'NONE',  ( -21.98456417239010818, 70.54145200421906736, -9.813403092805005556 ) ) ;
#2063 = CARTESIAN_POINT ( 'NONE',  ( -29.59600319190580819, 66.25967221675649910, -8.547955897441568140 ) ) ;
#2064 = CARTESIAN_POINT ( 'NONE',  ( -15.52079598320632492, 74.98530569085889397, -4.171712622446391627 ) ) ;
#2065 = CARTESIAN_POINT ( 'NONE',  ( -14.63683671368244887, 90.36269715663695479, 14.29695102134133222 ) ) ;
#2066 = AXIS2_PLACEMENT_3D ( 'NONE', #1208, #660, #1431 ) ;
#2067 = DIRECTION ( 'NONE',  ( 1.000000000000000000, 0.0000000000000000000, 0.0000000000000000000 ) ) ;
#2068 = CIRCLE ( 'NONE', #124, 50.00000000000001421 ) ;
#2069 = ORIENTED_EDGE ( 'NONE', *, *, #355, .T. ) ;
#2070 = CARTESIAN_POINT ( 'NONE',  ( -43.57263067313864724, 71.70521548339799267, -10.07338849231112654 ) ) ;
#2071 = CARTESIAN_POINT ( 'NONE',  ( 15.84226779065707724, 3.177435360218610061, -31.68453558131417225 ) ) ;
#2072 = AXIS2_PLACEMENT_3D ( 'NONE', #1714, #2689, #2706 ) ;
#2073 = CARTESIAN_POINT ( 'NONE',  ( 20.00000009524667632, -3.469446951953614189E-15, 0.0000000000000000000 ) ) ;
#2074 = APPROVAL_STATUS ( 'not_yet_approved' ) ;
#2075 = AXIS2_PLACEMENT_3D ( 'NONE', #1860, #2132, #1660 ) ;
#2076 = CARTESIAN_POINT ( 'NONE',  ( -58.48556278101042238, 73.02666987585280367, 8.158982693279209997 ) ) ;
#2077 = CARTESIAN_POINT ( 'NONE',  ( 20.00000009524667632, -3.469446951953614189E-15, -4.898587219918119686E-15 ) ) ;
#2078 = EDGE_CURVE ( 'NONE', #943, #3054, #2377, .T. ) ;
#2079 = CARTESIAN_POINT ( 'NONE',  ( -14.43848559137184751, 90.54882012242498490, 13.88243612108186653 ) ) ;
#2080 = CARTESIAN_POINT ( 'NONE',  ( -0.1715703467526877857, 91.54474346039792465, -18.04636742984367714 ) ) ;
#2081 = CARTESIAN_POINT ( 'NONE',  ( -15.57055724186909273, 75.67667514451707689, 2.640316604247725074 ) ) ;
#2082 = CARTESIAN_POINT ( 'NONE',  ( -42.24488765831127779, 72.26544042035908433, -9.988083282785442663 ) ) ;
#2083 = CARTESIAN_POINT ( 'NONE',  ( -60.69442408602238714, 69.86863366070330983, -2.836152522397457520 ) ) ;
#2084 = CARTESIAN_POINT ( 'NONE',  ( -16.93080374456505766, 92.34300664934563940, -2.037778476354988211 ) ) ;
#2085 = CARTESIAN_POINT ( 'NONE',  ( -35.75571919585495806, 63.39480933470422030, -1.734852866106537661 ) ) ;
#2086 = CARTESIAN_POINT ( 'NONE',  ( -47.37223510493563339, 54.54400280186858652, 14.14520200951417195 ) ) ;
#2087 = VERTEX_POINT ( 'NONE', #1173 ) ;
#2088 = CARTESIAN_POINT ( 'NONE',  ( -44.61008740652564342, 70.14815794246742087, -9.751759329248752550 ) ) ;
#2089 = CARTESIAN_POINT ( 'NONE',  ( -11.41531168535118645, 14.18095978761978948, -22.83062337070236225 ) ) ;
#2090 = CARTESIAN_POINT ( 'NONE',  ( -27.91984913698491155, 87.19559971000127518, -3.375532169330418331 ) ) ;
#2091 = COORDINATED_UNIVERSAL_TIME_OFFSET ( 5, 0, .BEHIND. ) ;
#2092 = CARTESIAN_POINT ( 'NONE',  ( -43.55801544906911005, 71.72363609280473895, 10.05972010493535329 ) ) ;
#2093 = DIRECTION ( 'NONE',  ( -0.0000000000000000000, 1.000000000000000000, -0.0000000000000000000 ) ) ;
#2094 = CARTESIAN_POINT ( 'NONE',  ( -15.66741009338387691, 91.86391765179740787, -8.224450190870546962 ) ) ;
#2095 = CARTESIAN_POINT ( 'NONE',  ( -21.67415462059758013, 83.66782387278850308, -22.43255924772028465 ) ) ;
#2096 = CARTESIAN_POINT ( 'NONE',  ( -12.95674242458653325, 97.70829599837497881, -7.318692155724998649 ) ) ;
#2097 = CARTESIAN_POINT ( 'NONE',  ( -15.50651435216235186, 75.37112160510115189, 3.352844067344239676 ) ) ;
#2098 = CARTESIAN_POINT ( 'NONE',  ( -26.12755922525544960, 68.11270925574773116, -9.784911263893828703 ) ) ;
#2099 = EDGE_CURVE ( 'NONE', #3054, #2376, #2334, .T. ) ;
#2100 = CARTESIAN_POINT ( 'NONE',  ( -15.50023279169970536, 75.12354893907004794, -3.882038448903809336 ) ) ;
#2101 = CARTESIAN_POINT ( 'NONE',  ( -16.10158323643713629, 92.03321330446223669, -6.683256060343161664 ) ) ;
#2102 = CARTESIAN_POINT ( 'NONE',  ( -19.05629131308735680, 87.95184751829029324, 9.916140587236416337 ) ) ;
#2103 = ORIENTED_EDGE ( 'NONE', *, *, #1900, .T. ) ;
#2104 = CARTESIAN_POINT ( 'NONE',  ( -39.30836320507847148, 68.33980302757382219, -21.49852789758013216 ) ) ;
#2105 = CARTESIAN_POINT ( 'NONE',  ( 20.00000009524667632, -3.469446951953614189E-15, 0.0000000000000000000 ) ) ;
#2106 = CARTESIAN_POINT ( 'NONE',  ( -33.44728592100997133, 78.28688559408819003, 18.34348505632583581 ) ) ;
#2107 = PERSON_AND_ORGANIZATION ( #1933, #2841 ) ;
#2108 = CARTESIAN_POINT ( 'NONE',  ( -45.56468859378208691, 68.68163394284651702, 9.167538700554212383 ) ) ;
#2109 = CARTESIAN_POINT ( 'NONE',  ( -19.60194514364720320, 90.73416914713166648, 2.400545937722955629E-15 ) ) ;
#2110 = DIRECTION ( 'NONE',  ( 1.541976423090494056E-15, -1.000000000000000000, 0.0000000000000000000 ) ) ;
#2111 = CARTESIAN_POINT ( 'NONE',  ( -46.74131158196739477, 83.08238162449903541, 6.227944757940500509 ) ) ;
#2112 = DIRECTION ( 'NONE',  ( -1.000000000000000000, 0.0000000000000000000, 0.0000000000000000000 ) ) ;
#2113 = CARTESIAN_POINT ( 'NONE',  ( -16.77810708394289207, 92.28897711990435937, -3.420185835910666938 ) ) ;
#2114 = ADVANCED_FACE ( 'NONE', ( #686 ), #1780, .F. ) ;
#2115 = CARTESIAN_POINT ( 'NONE',  ( -17.35880605406201482, 75.69238376519282951, 5.223740758639080717 ) ) ;
#2116 = EDGE_LOOP ( 'NONE', ( #1844, #990, #1874, #1276 ) ) ;
#2117 = CARTESIAN_POINT ( 'NONE',  ( -47.41449091936264892, 82.87453938642569540, -6.668188719517915253 ) ) ;
#2118 = DIRECTION ( 'NONE',  ( 0.0000000000000000000, 1.000000000000000000, 0.0000000000000000000 ) ) ;
#2119 = CARTESIAN_POINT ( 'NONE',  ( -43.27868331659215073, 61.42056456530794861, 17.33148355264304641 ) ) ;
#2120 = AXIS2_PLACEMENT_3D ( 'NONE', #2492, #301, #2967 ) ;
#2121 = PERSON_AND_ORGANIZATION ( #1933, #2841 ) ;
#2122 = AXIS2_PLACEMENT_3D ( 'NONE', #20, #1990, #731 ) ;
#2123 = CARTESIAN_POINT ( 'NONE',  ( -60.92288274857671126, 69.53115365551731486, -0.2993565401024253503 ) ) ;
#2124 = LOCAL_TIME ( 14, 16, 51.00000000000000000, #1011 ) ;
#2125 = CARTESIAN_POINT ( 'NONE',  ( -10.00000000000000178, 115.8257569495584249, 1.224646799147353454E-15 ) ) ;
#2126 = CARTESIAN_POINT ( 'NONE',  ( 20.00000000000001066, 91.65153076140050814, 40.00000000000001421 ) ) ;
#2127 = CARTESIAN_POINT ( 'NONE',  ( -14.44954300957733118, 91.12647371496218796, 12.03559218702930167 ) ) ;
#2128 = CARTESIAN_POINT ( 'NONE',  ( -60.56436139035561439, 70.05993111940462370, 3.520657512865108085 ) ) ;
#2129 = CARTESIAN_POINT ( 'NONE',  ( -15.58756225818454766, 75.73269753571577212, -2.495783583854216836 ) ) ;
#2130 = CARTESIAN_POINT ( 'NONE',  ( -21.97267762108947409, 1.488848490817998194, 2.690876931736389955E-15 ) ) ;
#2131 = B_SPLINE_CURVE_WITH_KNOTS ( 'NONE', 3,
 ( #1473, #1641, #417, #2367, #1133, #3114, #475, #392, #3167, #2197, #1974, #170, #1625, #1403, #976, #1955 ),
 .UNSPECIFIED., .F., .F.,
 ( 4, 2, 2, 2, 2, 2, 2, 4 ),
 ( 0.0000000000000000000, 0.002452399347820189823, 0.004904798695640379645, 0.009809597391280755821, 0.01226199673910094434, 0.01471439608692113286, 0.01716679543474131792, 0.01961919478256150817 ),
 .UNSPECIFIED. ) ;
#2132 = DIRECTION ( 'NONE',  ( 0.0000000000000000000, -1.000000000000000000, 0.0000000000000000000 ) ) ;
#2133 = ORIENTED_EDGE ( 'NONE', *, *, #1039, .T. ) ;
#2134 = CARTESIAN_POINT ( 'NONE',  ( -33.75976157591715321, 83.33964264125123123, -2.634396016824513964 ) ) ;
#2135 = DIRECTION ( 'NONE',  ( -0.0000000000000000000, 1.000000000000000000, -0.0000000000000000000 ) ) ;
#2136 = DIRECTION ( 'NONE',  ( 0.0000000000000000000, 0.0000000000000000000, 1.000000000000000000 ) ) ;
#2137 = VERTEX_POINT ( 'NONE', #334 ) ;
#2138 = CARTESIAN_POINT ( 'NONE',  ( -60.75930231888364830, 69.77299307280861740, -2.467619915059196867 ) ) ;
#2139 = CARTESIAN_POINT ( 'NONE',  ( -18.81095450825034732, 91.07739003064354222, 37.62190901650069463 ) ) ;
#2140 = CARTESIAN_POINT ( 'NONE',  ( 20.00000009524667632, -3.469446951953614189E-15, 0.0000000000000000000 ) ) ;
#2141 = CARTESIAN_POINT ( 'NONE',  ( -17.69534827954810297, 1.619570076684997417, 2.167055163034620736E-15 ) ) ;
#2142 = FACE_OUTER_BOUND ( 'NONE', #705, .T. ) ;
#2143 = CARTESIAN_POINT ( 'NONE',  ( -15.70053700906513505, 76.02996324229080471, -1.573312345049256988 ) ) ;
#2144 = CARTESIAN_POINT ( 'NONE',  ( -16.07533558870364132, 92.02277408027677552, -6.780848168149338662 ) ) ;
#2145 = VERTEX_POINT ( 'NONE', #1827 ) ;
#2146 = CARTESIAN_POINT ( 'NONE',  ( -33.94786015149421132, 83.16902150043684117, -3.045205927918080757 ) ) ;
#2147 = CARTESIAN_POINT ( 'NONE',  ( -32.38540617679819889, 64.89643394654135022, -6.679731470552605188 ) ) ;
#2148 = DIRECTION ( 'NONE',  ( -0.0000000000000000000, -1.000000000000000000, -0.0000000000000000000 ) ) ;
#2149 = ORIENTED_EDGE ( 'NONE', *, *, #1442, .T. ) ;
#2150 = CARTESIAN_POINT ( 'NONE',  ( -60.58928154510881825, 70.02326494552028180, 3.385822415763056981 ) ) ;
#2151 = CARTESIAN_POINT ( 'NONE',  ( 9.250144553976072714, 110.1348626610737114, 18.50028910795214188 ) ) ;
#2152 = CARTESIAN_POINT ( 'NONE',  ( -15.50755204132487286, 75.05723914123797158, 4.021052380539415161 ) ) ;
#2153 = CARTESIAN_POINT ( 'NONE',  ( -9.999999999999992895, 8.284271247461902021, 1.224646799147353059E-15 ) ) ;
#2154 = ADVANCED_FACE ( 'NONE', ( #1532 ), #319, .T. ) ;
#2155 = DIRECTION ( 'NONE',  ( 0.0000000000000000000, 0.0000000000000000000, 1.000000000000000000 ) ) ;
#2156 = CARTESIAN_POINT ( 'NONE',  ( -15.63898921522035046, 75.88011673957720404, -2.080474390047755140 ) ) ;
#2157 = CARTESIAN_POINT ( 'NONE',  ( -15.41395926536000083, 91.73261892497245640, -8.983506636328566941 ) ) ;
#2158 = FACE_OUTER_BOUND ( 'NONE', #919, .T. ) ;
#2159 = EDGE_LOOP ( 'NONE', ( #959, #1934, #1365, #858 ) ) ;
#2160 = CARTESIAN_POINT ( 'NONE',  ( -31.42811297053210851, 65.34856478695712667, 7.457153443260298609 ) ) ;
#2161 = FACE_OUTER_BOUND ( 'NONE', #505, .T. ) ;
#2162 = CARTESIAN_POINT ( 'NONE',  ( -43.27697896895895013, 61.55745031445972870, 19.93590456064375616 ) ) ;
#2163 = ORIENTED_EDGE ( 'NONE', *, *, #223, .F. ) ;
#2164 = CARTESIAN_POINT ( 'NONE',  ( -47.98822053045241631, 64.84255951096665171, 5.456562268131580851 ) ) ;
#2165 = CARTESIAN_POINT ( 'NONE',  ( -13.95086443972870605, 95.74422717311718145, 1.708488148145239526E-15 ) ) ;
#2166 = CIRCLE ( 'NONE', #1603, 20.00000000000000000 ) ;
#2167 = CARTESIAN_POINT ( 'NONE',  ( -15.58600739397410884, 75.72802013853905123, 2.508385546228907970 ) ) ;
#2168 = CIRCLE ( 'NONE', #1866, 9.000000000000001776 ) ;
#2169 = DIRECTION ( 'NONE',  ( 0.0000000000000000000, 0.0000000000000000000, -1.000000000000000000 ) ) ;
#2170 = B_SPLINE_CURVE_WITH_KNOTS ( 'NONE', 3,
 ( #58, #1317, #134, #1774, #790, #542, #1537, #2511, #304, #1296, #1811, #579, #1062, #1617, #1140, #2821, #201, #1174 ),
 .UNSPECIFIED., .F., .F.,
 ( 4, 2, 2, 2, 2, 2, 2, 2, 4 ),
 ( 0.0000000000000000000, 0.1250000000000000000, 0.2500000000000000000, 0.3750000000000000000, 0.5000000000000000000, 0.6250000000000000000, 0.7500000000000000000, 0.8750000000000000000, 1.000000000000000000 ),
 .UNSPECIFIED. ) ;
#2171 = EDGE_CURVE ( 'NONE', #302, #322, #217, .T. ) ;
#2172 = AXIS2_PLACEMENT_3D ( 'NONE', #3158, #934, #2175 ) ;
#2173 = CIRCLE ( 'NONE', #1150, 31.00000000000001421 ) ;
#2174 = CARTESIAN_POINT ( 'NONE',  ( -15.73393003836955728, 76.10413396008718223, -1.258977211454283873 ) ) ;
#2175 = DIRECTION ( 'NONE',  ( 1.000000000000000000, 0.0000000000000000000, 0.0000000000000000000 ) ) ;
#2176 = CARTESIAN_POINT ( 'NONE',  ( -27.72331879540540811, 77.75439890726643455, 24.91698167586791968 ) ) ;
#2177 = VERTEX_POINT ( 'NONE', #1343 ) ;
#2178 = CARTESIAN_POINT ( 'NONE',  ( -42.33326215451506869, 62.48916825636536032, 18.71435351328502961 ) ) ;
#2179 = CARTESIAN_POINT ( 'NONE',  ( -33.41543817515750447, 64.42168460893364568, -5.700888967092772930 ) ) ;
#2180 = ORIENTED_EDGE ( 'NONE', *, *, #3129, .T. ) ;
#2181 = CARTESIAN_POINT ( 'NONE',  ( -49.79707348585809257, 50.38732717236774761, 4.677854023749770995 ) ) ;
#2182 = CARTESIAN_POINT ( 'NONE',  ( 20.74453695970512257, 1.023516902891064895, -5.080946157499369069E-15 ) ) ;
#2183 = CARTESIAN_POINT ( 'NONE',  ( -15.50258929664370555, 75.33298566199562174, 3.435995075867733561 ) ) ;
#2184 = CARTESIAN_POINT ( 'NONE',  ( -78.29021041441980344, 114.1159673639782000, 0.0000000000000000000 ) ) ;
#2185 = CARTESIAN_POINT ( 'NONE',  ( -35.35154158974933125, 81.83796959570602780, 5.248790158103584957 ) ) ;
#2186 = CARTESIAN_POINT ( 'NONE',  ( -16.90860841445593366, 92.33522446220177926, 2.284626959092236120 ) ) ;
#2187 = CARTESIAN_POINT ( 'NONE',  ( -9.099366697651408487, 112.9799908217111977, -5.139830791557300493 ) ) ;
#2188 = CARTESIAN_POINT ( 'NONE',  ( -14.28313218394003137, 90.91315324133533693, -12.85272933424984743 ) ) ;
#2189 = EDGE_CURVE ( 'NONE', #2177, #1409, #2880, .T. ) ;
#2190 = ORIENTED_EDGE ( 'NONE', *, *, #1462, .T. ) ;
#2191 = CARTESIAN_POINT ( 'NONE',  ( -33.87038433915955693, 86.67260924903899877, 5.399750944524178031 ) ) ;
#2192 = CARTESIAN_POINT ( 'NONE',  ( -43.95026526530091360, 69.45158662349126644, -8.028484582205010156 ) ) ;
#2193 = ORIENTED_EDGE ( 'NONE', *, *, #892, .T. ) ;
#2194 = CARTESIAN_POINT ( 'NONE',  ( -44.19581197970450148, 59.98473155261901724, -19.05896664745354130 ) ) ;
#2195 = CARTESIAN_POINT ( 'NONE',  ( -20.81640068260460197, -3.469446951953614189E-15, 2.549273846572050891E-15 ) ) ;
#2196 = CARTESIAN_POINT ( 'NONE',  ( -49.92434572888593181, 50.16909672801577358, -3.353884140325622099 ) ) ;
#2197 = CARTESIAN_POINT ( 'NONE',  ( -47.62776251079359469, 56.34561681125904897, -6.395976117849143883 ) ) ;
#2198 = CARTESIAN_POINT ( 'NONE',  ( -12.30461438829069465, 10.15306706476068044, 24.60922877658138930 ) ) ;
#2199 = CARTESIAN_POINT ( 'NONE',  ( -51.23917862535014933, 80.96156384943921580, 8.978039132068138528 ) ) ;
#2200 = CARTESIAN_POINT ( 'NONE',  ( -15.43784237835149575, 91.74453851675136207, 8.911494513941086382 ) ) ;
#2201 = DIRECTION ( 'NONE',  ( -0.0000000000000000000, -0.0000000000000000000, -1.000000000000000000 ) ) ;
#2202 = CARTESIAN_POINT ( 'NONE',  ( -15.79817936513842191, 76.23661453321705039, 0.0008610205662259973972 ) ) ;
#2203 = CARTESIAN_POINT ( 'NONE',  ( -15.28600097362880206, 91.66905286477238235, -9.373304746840533497 ) ) ;
#2204 = CARTESIAN_POINT ( 'NONE',  ( -14.63291294455564540, 90.36637902933766497, -14.28875111368184392 ) ) ;
#2205 = ORIENTED_EDGE ( 'NONE', *, *, #3049, .T. ) ;
#2206 = CARTESIAN_POINT ( 'NONE',  ( -33.93394501837740052, 71.47978898494143607, 24.60751456632320711 ) ) ;
#2207 = CARTESIAN_POINT ( 'NONE',  ( -45.03437320997482374, 67.61980213174018672, 5.871997116526712190 ) ) ;
#2208 = EDGE_CURVE ( 'NONE', #1598, #752, #1502, .T. ) ;
#2209 = VERTEX_POINT ( 'NONE', #2049 ) ;
#2210 = CARTESIAN_POINT ( 'NONE',  ( -42.64729277085842085, 62.63481733567863330, -20.39429858210538171 ) ) ;
#2211 = CARTESIAN_POINT ( 'NONE',  ( -35.75597241214861555, 63.39470100744240710, 1.734254995292911161 ) ) ;
#2212 = CARTESIAN_POINT ( 'NONE',  ( -50.05211927435398422, 49.95000070117317392, -0.6728919852907502275 ) ) ;
#2213 =( BOUNDED_SURFACE ( )  B_SPLINE_SURFACE ( 3, 3, ( 
 ( #1835, #843, #2319, #2077 ),
 ( #101, #1282, #1049, #860 ),
 ( #3011, #1560, #85, #808 ),
 ( #2285, #2264, #1851, #1084 ) ),
 .UNSPECIFIED., .F., .F., .F. ) 
 B_SPLINE_SURFACE_WITH_KNOTS ( ( 4, 4 ),
 ( 4, 4 ),
 ( 0.0000000000000000000, 1.000000000000000000 ),
 ( 0.0000000000000000000, 1.000000000000000000 ),
 .UNSPECIFIED. ) 
 GEOMETRIC_REPRESENTATION_ITEM ( )  RATIONAL_B_SPLINE_SURFACE ( (
 ( 1.000000000000000000, 0.3333333333333334259, 0.3333333333333334259, 1.000000000000000000),
 ( 0.8047378541243649375, 0.2682459513747884050, 0.2682459513747884050, 0.8047378541243649375),
 ( 0.8047378541243649375, 0.2682459513747884050, 0.2682459513747884050, 0.8047378541243649375),
 ( 1.000000000000000000, 0.3333333333333334259, 0.3333333333333334259, 1.000000000000000000) ) ) 
 REPRESENTATION_ITEM ( '' )  SURFACE ( )  );
#2214 = CARTESIAN_POINT ( 'NONE',  ( -55.55075372272155221, 76.81406416782147062, 9.945072005148198002 ) ) ;
#2215 = CARTESIAN_POINT ( 'NONE',  ( -34.35636745538807446, 76.75370880258049056, 19.26542243593500814 ) ) ;
#2216 = CARTESIAN_POINT ( 'NONE',  ( -14.90325691453624657, 91.46063292386463672, 10.52382746276217063 ) ) ;
#2217 = AXIS2_PLACEMENT_3D ( 'NONE', #2465, #473, #457 ) ;
#2218 = CARTESIAN_POINT ( 'NONE',  ( -9.000000000000001776, 115.8257569495584249, 1.751364028477786573E-15 ) ) ;
#2219 = CARTESIAN_POINT ( 'NONE',  ( -30.79969038390791525, 85.74079429316051915, 2.499152811778722505 ) ) ;
#2220 = AXIS2_PLACEMENT_3D ( 'NONE', #1321, #102, #2566 ) ;
#2221 = CARTESIAN_POINT ( 'NONE',  ( -14.62563661374047008, 91.27500251848377388, -11.40345114797322701 ) ) ;
#2222 = CARTESIAN_POINT ( 'NONE',  ( -33.70431927205638090, 87.42772640068588430, -3.839320928990438198 ) ) ;
#2223 = ORIENTED_EDGE ( 'NONE', *, *, #3159, .T. ) ;
#2224 = CARTESIAN_POINT ( 'NONE',  ( -34.19904410900306146, 85.78860631237184009, 6.745777639173593521 ) ) ;
#2225 = CARTESIAN_POINT ( 'NONE',  ( -35.95473870278774342, 63.31053286817125780, 0.6398751738518350107 ) ) ;
#2226 = ORIENTED_EDGE ( 'NONE', *, *, #2171, .T. ) ;
#2227 = CARTESIAN_POINT ( 'NONE',  ( -45.10338170209728759, 69.39392806484086407, -9.486902164872430987 ) ) ;
#2228 = CARTESIAN_POINT ( 'NONE',  ( -21.35399576888964646, 1.180385715512802580, -42.70799153777927160 ) ) ;
#2229 = CARTESIAN_POINT ( 'NONE',  ( -46.67673929082408080, 55.73580026500393103, -15.62148665501413447 ) ) ;
#2230 = DIRECTION ( 'NONE',  ( -1.000000000000000000, 0.0000000000000000000, 0.0000000000000000000 ) ) ;
#2231 = CARTESIAN_POINT ( 'NONE',  ( 15.84226779065708435, 3.177435360218610061, 0.0000000000000000000 ) ) ;
#2232 = CARTESIAN_POINT ( 'NONE',  ( -32.05567778178865268, 80.61491367649493611, 16.38528981536793694 ) ) ;
#2233 = CARTESIAN_POINT ( 'NONE',  ( -16.69312022091676440, 92.25832029722930372, 3.948314035253895682 ) ) ;
#2234 = DIRECTION ( 'NONE',  ( 1.000000000000000000, 0.0000000000000000000, -1.224646799147353207E-16 ) ) ;
#2235 = CARTESIAN_POINT ( 'NONE',  ( -49.98872724755064212, 50.05870331195838929, 2.677302451293633201 ) ) ;
#2236 = CARTESIAN_POINT ( 'NONE',  ( -27.51381401970090579, 83.46682089626671086, 0.002004656657565308253 ) ) ;
#2237 = CARTESIAN_POINT ( 'NONE',  ( -15.65366814323860112, 75.91796969201109846, 1.963063290858737764 ) ) ;
#2238 = CARTESIAN_POINT ( 'NONE',  ( -19.55053622617631959, 72.06265604834555916, -8.938600270223481914 ) ) ;
#2239 = CARTESIAN_POINT ( 'NONE',  ( -40.44865645345910821, 84.06889324433478805, -1.573059714035810908 ) ) ;
#2240 = CARTESIAN_POINT ( 'NONE',  ( -36.29210096404209906, 81.89500935398046977, 9.934004553993656117 ) ) ;
#2241 = DIRECTION ( 'NONE',  ( -1.000000000000000000, 0.0000000000000000000, 0.0000000000000000000 ) ) ;
#2242 = UNCERTAINTY_MEASURE_WITH_UNIT (LENGTH_MEASURE( 1.000000000000000082E-05 ), #45, 'distance_accuracy_value', 'NONE');
#2243 = ORIENTED_EDGE ( 'NONE', *, *, #1442, .F. ) ;
#2244 = CARTESIAN_POINT ( 'NONE',  ( -48.23501479899987032, 64.44451366030594386, -4.698371674786450569 ) ) ;
#2245 = CARTESIAN_POINT ( 'NONE',  ( 0.0000000000000000000, 115.8257569495584249, 0.0000000000000000000 ) ) ;
#2246 = CARTESIAN_POINT ( 'NONE',  ( -37.60965768069629434, 71.23479808917971923, -21.24214393324344741 ) ) ;
#2247 = DIRECTION ( 'NONE',  ( -0.9974297749468560292, 0.07165084821175615737, 0.0000000000000000000 ) ) ;
#2248 = CARTESIAN_POINT ( 'NONE',  ( -15.84226779065708435, 3.177435360218610061, 1.940118254106340873E-15 ) ) ;
#2249 = CARTESIAN_POINT ( 'NONE',  ( -47.92612521469977338, 82.70215511959203525, 7.001257020014330479 ) ) ;
#2250 = CARTESIAN_POINT ( 'NONE',  ( -16.15900563968181913, 92.05590042510910109, 6.467412917698111663 ) ) ;
#2251 = B_SPLINE_CURVE_WITH_KNOTS ( 'NONE', 3,
 ( #585, #2567, #3062, #2778, #1306, #3046, #1562, #568 ),
 .UNSPECIFIED., .F., .F.,
 ( 4, 2, 2, 4 ),
 ( 2.385244779468109755E-18, 0.001579149930519774042, 0.002368724895779659653, 0.003158299861039545915 ),
 .UNSPECIFIED. ) ;
#2252 = ADVANCED_FACE ( 'NONE', ( #3001 ), #69, .T. ) ;
#2253 = CARTESIAN_POINT ( 'NONE',  ( 17.69534827954810297, 1.619570076684997417, 0.0000000000000000000 ) ) ;
#2254 = CARTESIAN_POINT ( 'NONE',  ( -28.94788487899827345, 84.46482071130522229, 1.952659190391966115 ) ) ;
#2255 = CARTESIAN_POINT ( 'NONE',  ( -15.59215589590947459, 75.74714092743676019, 2.457683233657663724 ) ) ;
#2256 = DIRECTION ( 'NONE',  ( 0.0000000000000000000, 0.0000000000000000000, 1.000000000000000000 ) ) ;
#2257 = CARTESIAN_POINT ( 'NONE',  ( -15.99271507734504816, 89.08603184407218123, 16.60211058931492900 ) ) ;
#2258 = CARTESIAN_POINT ( 'NONE',  ( -33.10245927988604819, 64.56344522633234817, -6.038866654382849752 ) ) ;
#2259 = ORIENTED_EDGE ( 'NONE', *, *, #174, .T. ) ;
#2260 = CARTESIAN_POINT ( 'NONE',  ( -59.14007796306601250, 72.11408143077544253, -7.272752828225745425 ) ) ;
#2261 = CARTESIAN_POINT ( 'NONE',  ( 10.99999999999999467, 20.00000000000000355, -22.00000000000000000 ) ) ;
#2262 = CARTESIAN_POINT ( 'NONE',  ( -22.41887471888016492, 0.5939137725713728999, 2.745520316496211213E-15 ) ) ;
#2263 = CARTESIAN_POINT ( 'NONE',  ( -40.89626963627824097, 75.46332403393373056, 9.687735972423613617 ) ) ;
#2264 = CARTESIAN_POINT ( 'NONE',  ( -10.00000000000000000, 20.00000000000000355, -19.99999999999999289 ) ) ;
#2265 = DIRECTION ( 'NONE',  ( -0.0000000000000000000, -1.000000000000000000, -0.0000000000000000000 ) ) ;
#2266 = AXIS2_PLACEMENT_3D ( 'NONE', #2547, #614, #2565 ) ;
#2267 = CARTESIAN_POINT ( 'NONE',  ( -49.04991373020149581, 51.66836100626507289, 9.114639539606832486 ) ) ;
#2268 = ADVANCED_FACE ( 'NONE', ( #109 ), #1870, .T. ) ;
#2269 = CARTESIAN_POINT ( 'NONE',  ( -40.43973586077244420, 84.19307411557250020, 1.224646799147353256E-15 ) ) ;
#2270 = CARTESIAN_POINT ( 'NONE',  ( -15.79554864552301652, 76.23162330593922320, 0.2835683810529602833 ) ) ;
#2271 = CARTESIAN_POINT ( 'NONE',  ( -38.29021041441978213, 115.8257569495584107, 1.102182119232617911E-15 ) ) ;
#2272 = ADVANCED_FACE ( 'NONE', ( #1041 ), #2924, .F. ) ;
#2273 = EDGE_LOOP ( 'NONE', ( #1449, #1162, #1665, #651, #1725 ) ) ;
#2274 = DIRECTION ( 'NONE',  ( 0.0000000000000000000, 0.0000000000000000000, 1.000000000000000000 ) ) ;
#2275 = CARTESIAN_POINT ( 'NONE',  ( -44.33272143741645266, 30.00000000000000000, 0.0000000000000000000 ) ) ;
#2276 = AXIS2_PLACEMENT_3D ( 'NONE', #2604, #1160, #1924 ) ;
#2277 = CARTESIAN_POINT ( 'NONE',  ( -30.79801234072346361, 65.65503847943247706, 7.878136691406225189 ) ) ;
#2278 = VERTEX_POINT ( 'NONE', #2784 ) ;
#2279 = AXIS2_PLACEMENT_3D ( 'NONE', #1794, #1488, #544 ) ;
#2280 = CARTESIAN_POINT ( 'NONE',  ( -53.03445979765425733, 79.48759056599632800, -9.721643144014299409 ) ) ;
#2281 = CARTESIAN_POINT ( 'NONE',  ( 11.66248621688090026, 12.78624204773031536, -23.32497243376181117 ) ) ;
#2282 = CARTESIAN_POINT ( 'NONE',  ( -45.93727477345820631, 58.35989890817640457, 12.31164703498685320 ) ) ;
#2283 = CARTESIAN_POINT ( 'NONE',  ( -19.84413714030043607, 71.87400017298180899, 9.121601389993097442 ) ) ;
#2284 = CARTESIAN_POINT ( 'NONE',  ( -46.00771849279385606, 67.99102845385635874, 8.775971667571511148 ) ) ;
#2285 = CARTESIAN_POINT ( 'NONE',  ( -9.999999999999998224, 20.00000000000000355, 1.224646799147352862E-15 ) ) ;
#2286 = CARTESIAN_POINT ( 'NONE',  ( -32.16822045234523131, 86.69283343634108974, -2.687387532590651773 ) ) ;
#2287 = CARTESIAN_POINT ( 'NONE',  ( -27.99043770285202726, 87.09423144903702507, 4.042027421312452518 ) ) ;
#2288 = CARTESIAN_POINT ( 'NONE',  ( -37.78786909296546526, 67.43666320998902108, -22.79122552119873291 ) ) ;
#2289 = CARTESIAN_POINT ( 'NONE',  ( 8.100963272098713475, 95.74422717311719566, -14.02851235542193820 ) ) ;
#2290 = CARTESIAN_POINT ( 'NONE',  ( -15.78102212482261280, 76.20270442773609432, 0.6302323052052546393 ) ) ;
#2291 = CARTESIAN_POINT ( 'NONE',  ( -38.70100904876652947, 66.45874202133391861, -22.15161732499788272 ) ) ;
#2292 = CARTESIAN_POINT ( 'NONE',  ( -15.50204415819727899, 75.32687682403587814, -3.449251900747649202 ) ) ;
#2293 = CARTESIAN_POINT ( 'NONE',  ( 0.0000000000000000000, 45.55931007230138619, 0.0000000000000000000 ) ) ;
#2294 = CARTESIAN_POINT ( 'NONE',  ( -44.53087952108150915, 68.47580546759328968, 7.020505553740902904 ) ) ;
#2295 = EDGE_CURVE ( 'NONE', #738, #702, #619, .T. ) ;
#2296 = CARTESIAN_POINT ( 'NONE',  ( -13.61112125455438360, 6.663431988327885414, 1.666881607719653080E-15 ) ) ;
#2297 = ORIENTED_EDGE ( 'NONE', *, *, #378, .T. ) ;
#2298 = CARTESIAN_POINT ( 'NONE',  ( -51.53109768437480653, 80.76553850994183392, -9.133475101446455469 ) ) ;
#2299 = CARTESIAN_POINT ( 'NONE',  ( -15.24334744844122902, 3.907375199354365058, -30.48669489688243672 ) ) ;
#2300 = CARTESIAN_POINT ( 'NONE',  ( -40.33373173153651692, 84.14436790150381285, -1.048760777047672788 ) ) ;
#2301 = CARTESIAN_POINT ( 'NONE',  ( -38.78652519103769691, 69.22952198360336240, 21.44602899633976634 ) ) ;
#2302 = DIRECTION ( 'NONE',  ( 1.224646799147353207E-16, -0.0000000000000000000, 1.000000000000000000 ) ) ;
#2303 = CARTESIAN_POINT ( 'NONE',  ( -16.02151107690870901, 92.00260666331480763, -7.056586489070815205 ) ) ;
#2304 = CARTESIAN_POINT ( 'NONE',  ( -24.96206165441390468, 80.47514183360949858, -24.16083417165068070 ) ) ;
#2305 = CARTESIAN_POINT ( 'NONE',  ( 10.47960627680145862, 91.54474346039792465, -18.14763025039366084 ) ) ;
#2306 = CARTESIAN_POINT ( 'NONE',  ( -15.73338718907427491, 76.10276267894732882, 1.260632636523755457 ) ) ;
#2307 = CARTESIAN_POINT ( 'NONE',  ( -34.57560284792420191, 84.99567826785185787, -7.640204790062257167 ) ) ;
#2308 = CARTESIAN_POINT ( 'NONE',  ( -15.89591059071746315, 74.45284956128472231, -5.367188376428471130 ) ) ;
#2309 = DIRECTION ( 'NONE',  ( 1.000000000000000000, 0.0000000000000000000, 0.0000000000000000000 ) ) ;
#2310 = CARTESIAN_POINT ( 'NONE',  ( -44.05534784145305593, 60.54270545809634285, 16.19545435777373044 ) ) ;
#2311 = CARTESIAN_POINT ( 'NONE',  ( -35.83755735611964610, 63.36012634923941533, -1.397263963665963171 ) ) ;
#2312 = ORIENTED_EDGE ( 'NONE', *, *, #955, .F. ) ;
#2313 = CARTESIAN_POINT ( 'NONE',  ( -38.23903546752620031, 78.75860327798473293, -8.112622444761312224 ) ) ;
#2314 = CARTESIAN_POINT ( 'NONE',  ( -15.24334744844122369, 3.907375199354365058, 1.866771666102451906E-15 ) ) ;
#2315 = EDGE_CURVE ( 'NONE', #1190, #2137, #455, .T. ) ;
#2316 = CARTESIAN_POINT ( 'NONE',  ( -48.19929694880013216, 55.65049035444689451, 0.8143323429758831944 ) ) ;
#2317 = SECURITY_CLASSIFICATION_LEVEL ( 'unclassified' ) ;
#2318 = CARTESIAN_POINT ( 'NONE',  ( -54.42059941481610252, 78.09157208435243547, 9.987214553025561159 ) ) ;
#2319 = CARTESIAN_POINT ( 'NONE',  ( 20.00000009524666567, -3.469446951953614189E-15, -40.00000019049335265 ) ) ;
#2320 = CARTESIAN_POINT ( 'NONE',  ( -14.50216230346731017, 91.18009547677408477, -11.82187743383424738 ) ) ;
#2321 = DIRECTION ( 'NONE',  ( -1.000000000000000000, 0.0000000000000000000, 0.0000000000000000000 ) ) ;
#2322 = CARTESIAN_POINT ( 'NONE',  ( 6.359951263884767059, 102.2110523352603195, -11.01358590188675990 ) ) ;
#2323 = CARTESIAN_POINT ( 'NONE',  ( 21.62671770916060865, 0.1989596473990746517, 0.0000000000000000000 ) ) ;
#2324 = CARTESIAN_POINT ( 'NONE',  ( -29.78388157807188108, 66.16427957509993973, -8.449383106014844103 ) ) ;
#2325 = CARTESIAN_POINT ( 'NONE',  ( -59.51448676735827092, 71.58151807210789741, -6.583405724670222448 ) ) ;
#2326 = DIRECTION ( 'NONE',  ( 0.0000000000000000000, 0.0000000000000000000, 1.000000000000000000 ) ) ;
#2327 = AXIS2_PLACEMENT_3D ( 'NONE', #1929, #445, #1386 ) ;
#2328 = CARTESIAN_POINT ( 'NONE',  ( -13.90433454570115046, 94.29651742646719015, 1.702789879566688001E-15 ) ) ;
#2329 = AXIS2_PLACEMENT_3D ( 'NONE', #1868, #2843, #631 ) ;
#2330 = CARTESIAN_POINT ( 'NONE',  ( -11.00000000000000000, 20.00000000000000355, 2.018994205399239081E-15 ) ) ;
#2331 = VERTEX_POINT ( 'NONE', #1016 ) ;
#2332 = CARTESIAN_POINT ( 'NONE',  ( -53.51277926723027889, 79.03032264977986188, -9.849785812886670655 ) ) ;
#2333 = CARTESIAN_POINT ( 'NONE',  ( 11.00000000000000000, 20.00000000000000355, -2.694222958124176809E-15 ) ) ;
#2334 = CIRCLE ( 'NONE', #2980, 19.60194514364727070 ) ;
#2335 = CARTESIAN_POINT ( 'NONE',  ( -46.45305408160886884, 57.75107415790314036, 10.89239644067537860 ) ) ;
#2336 = CIRCLE ( 'NONE', #72, 9.999999999999998224 ) ;
#2337 = CARTESIAN_POINT ( 'NONE',  ( -41.31097749911830164, 64.91975828220193989, 21.09267153059504096 ) ) ;
#2338 = DIRECTION ( 'NONE',  ( 0.0000000000000000000, 0.0000000000000000000, -1.000000000000000000 ) ) ;
#2339 = CARTESIAN_POINT ( 'NONE',  ( -33.40761972539281288, 87.55935048778057705, -2.799077613116542462 ) ) ;
#2340 = CARTESIAN_POINT ( 'NONE',  ( -23.62196888759337554, 81.78246004135780822, -23.57650800448523043 ) ) ;
#2341 = CARTESIAN_POINT ( 'NONE',  ( 19.60194514364719964, 90.73416914713168069, -11.56929674084634208 ) ) ;
#2342 = CARTESIAN_POINT ( 'NONE',  ( -15.89591059071747026, 74.45284956128472231, 5.367188376428463137 ) ) ;
#2343 = CARTESIAN_POINT ( 'NONE',  ( -25.64377017987301244, 79.80704687099024852, -24.40240084038250146 ) ) ;
#2344 = CARTESIAN_POINT ( 'NONE',  ( -55.78130713019273657, 76.54613746852676570, -9.919524332138692557 ) ) ;
#2345 = CARTESIAN_POINT ( 'NONE',  ( -16.86691245998199662, 92.32050767403883640, -2.670227748215217911 ) ) ;
#2346 = ORIENTED_EDGE ( 'NONE', *, *, #1694, .F. ) ;
#2347 = CARTESIAN_POINT ( 'NONE',  ( -49.53706817960479469, 82.00812254586618621, -8.020687836431223516 ) ) ;
#2348 = CARTESIAN_POINT ( 'NONE',  ( -38.29021041441983897, 154.1159673639782000, 0.0000000000000000000 ) ) ;
#2349 = CARTESIAN_POINT ( 'NONE',  ( -29.16675135800902652, 85.31488711624224663, 9.682128495530038848 ) ) ;
#2350 = CARTESIAN_POINT ( 'NONE',  ( -58.25178026657599162, 73.34790089747995978, 8.422781814362723551 ) ) ;
#2351 = CARTESIAN_POINT ( 'NONE',  ( -11.00000000000000000, 20.00000000000000355, 2.018994205399239081E-15 ) ) ;
#2352 = CARTESIAN_POINT ( 'NONE',  ( -38.29021041441983897, 154.1159673639781715, 0.0000000000000000000 ) ) ;
#2353 = EDGE_CURVE ( 'NONE', #1201, #2490, #311, .T. ) ;
#2354 = CARTESIAN_POINT ( 'NONE',  ( -55.77873197538648498, 76.54188457448557870, 9.901234702526570786 ) ) ;
#2355 = DIRECTION ( 'NONE',  ( 1.218569110023219626E-17, -0.9950371902099892640, 0.09950371902099731936 ) ) ;
#2356 = CARTESIAN_POINT ( 'NONE',  ( -16.84470033146641654, 92.31263279168813085, -2.862622703070401009 ) ) ;
#2357 = CARTESIAN_POINT ( 'NONE',  ( -46.17782584409359714, 56.59059168933339379, 16.49944955364516019 ) ) ;
#2358 = ORIENTED_EDGE ( 'NONE', *, *, #2562, .F. ) ;
#2359 = CARTESIAN_POINT ( 'NONE',  ( -41.73213729653103599, 83.91704909589171280, -2.791361577696042762 ) ) ;
#2360 = CARTESIAN_POINT ( 'NONE',  ( -30.33600849979911729, 83.44933039742495851, 13.05257635755119594 ) ) ;
#2361 =( BOUNDED_CURVE ( )  B_SPLINE_CURVE ( 2, ( #194, #403, #1401 ),
 .UNSPECIFIED., .F., .T. ) 
 B_SPLINE_CURVE_WITH_KNOTS ( ( 3, 3 ),
 ( 0.0000000000000000000, 1.000000000000000000 ),
 .UNSPECIFIED. ) 
 CURVE ( )  GEOMETRIC_REPRESENTATION_ITEM ( )  RATIONAL_B_SPLINE_CURVE ( ( 1.000000000000000000, 0.5876946393180805250, 1.000000000000000000 ) ) 
 REPRESENTATION_ITEM ( '' )  );
#2362 = CALENDAR_DATE ( 2019, 27, 7 ) ;
#2363 = CARTESIAN_POINT ( 'NONE',  ( -49.04436390396689660, 51.67787563718055566, 9.137978207471817882 ) ) ;
#2364 = CARTESIAN_POINT ( 'NONE',  ( -38.29021041441983897, 154.1159673639781715, 0.0000000000000000000 ) ) ;
#2365 = CARTESIAN_POINT ( 'NONE',  ( -34.60163191484830492, 82.56138288047671381, 4.201720920284212291 ) ) ;
#2366 = CARTESIAN_POINT ( 'NONE',  ( -14.32783228325443403, 90.98640581561333818, 12.58272757231804029 ) ) ;
#2367 = CARTESIAN_POINT ( 'NONE',  ( -44.72872328480827520, 59.76644116642989957, -14.93847000775407885 ) ) ;
#2368 = CARTESIAN_POINT ( 'NONE',  ( 1.102182119232617122E-15, 30.00000000000000000, 8.999999999999994671 ) ) ;
#2369 = CARTESIAN_POINT ( 'NONE',  ( -16.95822222061821449, 92.35255675346776627, -1.671808170693136919 ) ) ;
#2370 = CIRCLE ( 'NONE', #931, 9.000000000000007105 ) ;
#2371 = EDGE_LOOP ( 'NONE', ( #1925, #2950, #2983, #2358, #2460 ) ) ;
#2372 = CARTESIAN_POINT ( 'NONE',  ( -35.10031415843392466, 82.08337129831400603, -4.922045044710841921 ) ) ;
#2373 = FACE_OUTER_BOUND ( 'NONE', #203, .T. ) ;
#2374 = CARTESIAN_POINT ( 'NONE',  ( -31.03772396806894207, 82.29989803412779281, 14.55103754093452118 ) ) ;
#2375 = CARTESIAN_POINT ( 'NONE',  ( -25.35089021933448095, 68.55121292312935566, 9.913312629821065869 ) ) ;
#2376 = VERTEX_POINT ( 'NONE', #747 ) ;
#2377 = CIRCLE ( 'NONE', #2672, 19.60194514364727070 ) ;
#2378 = CARTESIAN_POINT ( 'NONE',  ( -48.57367258271229815, 63.89648597592361057, 3.265177686464902251 ) ) ;
#2379 = CARTESIAN_POINT ( 'NONE',  ( 16.59247315451354865, 92.69986550085178578, 33.18494630902709019 ) ) ;
#2380 = AXIS2_PLACEMENT_3D ( 'NONE', #799, #2764, #232 ) ;
#2381 = CARTESIAN_POINT ( 'NONE',  ( 18.92844170756269406, 1.095297274017316358, 0.0000000000000000000 ) ) ;
#2382 = CARTESIAN_POINT ( 'NONE',  ( -68.29021041441978923, 114.1159673639782000, 1.224646799147352665E-15 ) ) ;
#2383 = CARTESIAN_POINT ( 'NONE',  ( -55.08569673701440905, 77.35475994448370329, 9.997249206947184774 ) ) ;
#2384 = CARTESIAN_POINT ( 'NONE',  ( -15.51249307083224238, 75.41585833715869569, -3.254019030233025411 ) ) ;
#2385 = CARTESIAN_POINT ( 'NONE',  ( 0.0000000000000000000, 20.00000000000000355, -11.00000000000000000 ) ) ;
#2386 = CARTESIAN_POINT ( 'NONE',  ( -39.03348067459735660, 103.7691270007964874, 4.719179142107493341 ) ) ;
#2387 = VERTEX_POINT ( 'NONE', #2218 ) ;
#2388 = CARTESIAN_POINT ( 'NONE',  ( 0.0000000000000000000, 90.73416914713162384, 0.0000000000000000000 ) ) ;
#2389 = CARTESIAN_POINT ( 'NONE',  ( 0.0000000000000000000, 20.00000000000000355, -9.999999999999976907 ) ) ;
#2390 = CARTESIAN_POINT ( 'NONE',  ( 18.04718298784626640, 91.54474346039792465, 0.0000000000000000000 ) ) ;
#2391 = EDGE_CURVE ( 'NONE', #2209, #2736, #721, .T. ) ;
#2392 = ORIENTED_EDGE ( 'NONE', *, *, #873, .T. ) ;
#2393 = CARTESIAN_POINT ( 'NONE',  ( -47.94413687630329690, 64.91355343253880505, 5.578125483416968677 ) ) ;
#2394 = CARTESIAN_POINT ( 'NONE',  ( -16.59247315451354865, 92.69986550085179999, 2.031991913861340579E-15 ) ) ;
#2395 = CARTESIAN_POINT ( 'NONE',  ( -15.49979294954809639, 75.30161599508355152, 3.504069074410499418 ) ) ;
#2396 = CARTESIAN_POINT ( 'NONE',  ( -19.53423666221587141, 0.9813403534398139616, 2.392254040216954334E-15 ) ) ;
#2397 = CARTESIAN_POINT ( 'NONE',  ( -44.75880678766967691, 83.49940144932634212, 4.918562284408566576 ) ) ;
#2398 = DIRECTION ( 'NONE',  ( -0.0000000000000000000, -0.0000000000000000000, -1.000000000000000000 ) ) ;
#2399 = CARTESIAN_POINT ( 'NONE',  ( -14.30432085788755892, 90.95243594075110138, -12.71001514590932757 ) ) ;
#2400 = DIRECTION ( 'NONE',  ( 0.0000000000000000000, 0.9886309524604465215, 0.1503623617703256643 ) ) ;
#2401 = CARTESIAN_POINT ( 'NONE',  ( -33.93394501842376343, 71.47978898509371959, 24.60751456609517973 ) ) ;
#2402 = ORIENTED_EDGE ( 'NONE', *, *, #2986, .T. ) ;
#2403 = CARTESIAN_POINT ( 'NONE',  ( -30.33624839986132216, 83.44897594400578100, -13.05379776894039168 ) ) ;
#2404 = CARTESIAN_POINT ( 'NONE',  ( -32.65505974721449434, 64.77075839707785576, -6.443122027558985998 ) ) ;
#2405 = CARTESIAN_POINT ( 'NONE',  ( -39.64168544427847252, 67.77072755638427282, 21.45060928998436012 ) ) ;
#2406 = EDGE_CURVE ( 'NONE', #788, #1044, #2911, .T. ) ;
#2407 = VERTEX_POINT ( 'NONE', #1268 ) ;
#2408 = CARTESIAN_POINT ( 'NONE',  ( -60.23504580543818321, 70.54223440288797065, 4.813167900449522918 ) ) ;
#2409 = CARTESIAN_POINT ( 'NONE',  ( -12.81525250008625427, 97.70829599837496460, 25.63050500017250855 ) ) ;
#2410 = CARTESIAN_POINT ( 'NONE',  ( -15.53023767500609154, 75.51544601977916216, 3.028528297658613422 ) ) ;
#2411 = CARTESIAN_POINT ( 'NONE',  ( 9.999999999999998224, 20.00000000000000355, 19.99999999999999289 ) ) ;
#2412 = CARTESIAN_POINT ( 'NONE',  ( -20.00000000000000711, 91.65153076140050814, 40.00000000000001421 ) ) ;
#2413 = CARTESIAN_POINT ( 'NONE',  ( -28.68522065005903343, 86.05975766384560188, 7.862157993399530476 ) ) ;
#2414 = CARTESIAN_POINT ( 'NONE',  ( -14.36063065660650828, 91.03046008991346127, 12.41567906502779195 ) ) ;
#2415 = CARTESIAN_POINT ( 'NONE',  ( -15.64827874504356053, 75.90440971322833263, -2.006338690400701452 ) ) ;
#2416 = CARTESIAN_POINT ( 'NONE',  ( -15.24703196533747551, 91.64927448596917259, -9.490972590732747349 ) ) ;
#2417 = ORIENTED_EDGE ( 'NONE', *, *, #2208, .F. ) ;
#2418 = CARTESIAN_POINT ( 'NONE',  ( -39.01659306614806866, 66.12070652373478197, 21.92988966485177471 ) ) ;
#2419 = CARTESIAN_POINT ( 'NONE',  ( -48.19876812032442359, 55.65113681426037573, -0.8384113182011495580 ) ) ;
#2420 = EDGE_LOOP ( 'NONE', ( #299, #2297, #2133, #581, #78 ) ) ;
#2421 = CARTESIAN_POINT ( 'NONE',  ( -48.81764512190812866, 63.50055321400301978, -1.428244758546750592 ) ) ;
#2422 = DIRECTION ( 'NONE',  ( 0.0000000000000000000, -1.000000000000000000, 0.0000000000000000000 ) ) ;
#2423 = AXIS2_PLACEMENT_3D ( 'NONE', #1907, #640, #2863 ) ;
#2424 = CARTESIAN_POINT ( 'NONE',  ( -36.95053001010338534, 80.20038452918295491, 7.021484245675197577 ) ) ;
#2425 = CARTESIAN_POINT ( 'NONE',  ( -40.44865645345910821, 84.06889324433478805, 1.573059714035820456 ) ) ;
#2426 = CIRCLE ( 'NONE', #882, 20.00000000000000000 ) ;
#2427 = EDGE_CURVE ( 'NONE', #1553, #1157, #175, .T. ) ;
#2428 = CARTESIAN_POINT ( 'NONE',  ( -33.40777970927802443, 87.55939796716764079, 2.799162473092640546 ) ) ;
#2429 = CARTESIAN_POINT ( 'NONE',  ( -14.27032752384934611, 90.88528183982948860, -12.95246703336536598 ) ) ;
#2430 = VERTEX_POINT ( 'NONE', #1527 ) ;
#2431 = CARTESIAN_POINT ( 'NONE',  ( -18.92231109308146841, 86.30658642454332607, 20.17060454072615627 ) ) ;
#2432 = CARTESIAN_POINT ( 'NONE',  ( -46.80431724057658016, 57.33376567531675505, 9.792143959342210380 ) ) ;
#2433 = VERTEX_POINT ( 'NONE', #1732 ) ;
#2434 = CARTESIAN_POINT ( 'NONE',  ( -58.42076427038500697, 73.11640803948087353, -8.239646413421652937 ) ) ;
#2435 = CARTESIAN_POINT ( 'NONE',  ( -21.62671770916060865, 0.1989596473990746517, 2.648509061858691474E-15 ) ) ;
#2436 = CARTESIAN_POINT ( 'NONE',  ( -34.67090881996688267, 76.22354407193975590, -19.59475425848675556 ) ) ;
#2437 = CARTESIAN_POINT ( 'NONE',  ( -40.68272064431102564, 84.04092302252523439, 1.853488318744265007 ) ) ;
#2438 = CARTESIAN_POINT ( 'NONE',  ( -28.83609937631772624, 85.82851330920038890, 8.474615160210511533 ) ) ;
#2439 = CARTESIAN_POINT ( 'NONE',  ( -14.51490460357118906, 91.18677166940179291, 11.78676683901196753 ) ) ;
#2440 = DIRECTION ( 'NONE',  ( 0.0000000000000000000, -0.9950371902099892640, -0.09950371902099731936 ) ) ;
#2441 = ADVANCED_FACE ( 'NONE', ( #515 ), #1402, .T. ) ;
#2442 = CARTESIAN_POINT ( 'NONE',  ( -0.08793896031901196619, 110.1348626610737114, -9.249726536969143709 ) ) ;
#2443 = CARTESIAN_POINT ( 'NONE',  ( -22.72490563218729775, 70.09189510080730656, -9.933675350125710679 ) ) ;
#2444 = FACE_OUTER_BOUND ( 'NONE', #1996, .T. ) ;
#2445 = CARTESIAN_POINT ( 'NONE',  ( -26.90380797749868336, 67.67959020208263610, 9.622626033411485480 ) ) ;
#2446 = CARTESIAN_POINT ( 'NONE',  ( -35.85929290535788994, 63.35091974525891345, 1.286300383681837634 ) ) ;
#2447 = ORIENTED_EDGE ( 'NONE', *, *, #1134, .T. ) ;
#2448 = CARTESIAN_POINT ( 'NONE',  ( -45.87312245565195923, 68.20227123219886778, -8.918578341962820843 ) ) ;
#2449 = CARTESIAN_POINT ( 'NONE',  ( 0.0000000000000000000, 20.00000000000000355, 0.0000000000000000000 ) ) ;
#2450 = CARTESIAN_POINT ( 'NONE',  ( -46.17229202512221775, 56.60007023958478101, -16.50763843075469950 ) ) ;
#2451 = CARTESIAN_POINT ( 'NONE',  ( -57.49504257910201943, 74.37095160491240620, 9.129483471922466009 ) ) ;
#2452 = CARTESIAN_POINT ( 'NONE',  ( -39.21415822345783653, 77.60457737997181482, 8.809208833742035338 ) ) ;
#2453 = CARTESIAN_POINT ( 'NONE',  ( -16.75333040034738019, 92.28002149224744244, 3.552837703941668313 ) ) ;
#2454 =( BOUNDED_SURFACE ( )  B_SPLINE_SURFACE ( 3, 3, ( 
 ( #949, #1417, #3127, #1897 ),
 ( #1942, #1686, #2909, #2595 ),
 ( #429, #389, #1623, #2609 ),
 ( #3112, #1400, #2869, #2396 ),
 ( #2381, #1637, #1385, #678 ),
 ( #167, #913, #1670, #2141 ),
 ( #1146, #3097, #897, #1166 ),
 ( #2231, #777, #2691, #2248 ),
 ( #62, #476, #1956, #246 ),
 ( #2708, #1012, #1233, #995 ),
 ( #2673, #1030, #459, #1987 ),
 ( #743, #494, #1219, #2955 ),
 ( #528, #2003, #2198, #1 ),
 ( #760, #1744, #2973, #18 ),
 ( #291, #1489, #2740, #977 ),
 ( #2925, #512, #46, #1761 ),
 ( #2499, #1280, #1834, #151 ),
 ( #857, #1128, #2545, #1849 ) ),
 .UNSPECIFIED., .F., .F., .F. ) 
 B_SPLINE_SURFACE_WITH_KNOTS ( ( 4, 2, 2, 2, 2, 2, 2, 2, 4 ),
 ( 4, 4 ),
 ( 0.0000000000000000000, 0.1250000000000000000, 0.2500000000000000000, 0.3750000000000000000, 0.5000000000000000000, 0.6250000000000000000, 0.7500000000000000000, 0.8750000000000000000, 1.000000000000000000 ),
 ( 0.0000000000000000000, 1.000000000000000000 ),
 .UNSPECIFIED. ) 
 GEOMETRIC_REPRESENTATION_ITEM ( )  RATIONAL_B_SPLINE_SURFACE ( (
 ( 1.000000000000000000, 0.3333333333333334259, 0.3333333333333334259, 1.000000000000000000),
 ( 1.000000000000000000, 0.3333333333333334259, 0.3333333333333334259, 1.000000000000000000),
 ( 1.000000000000000000, 0.3333333333333334259, 0.3333333333333334259, 1.000000000000000000),
 ( 1.000000000000000000, 0.3333333333333334259, 0.3333333333333334259, 1.000000000000000000),
 ( 1.000000000000000000, 0.3333333333333334259, 0.3333333333333334259, 1.000000000000000000),
 ( 1.000000000000000000, 0.3333333333333334259, 0.3333333333333334259, 1.000000000000000000),
 ( 1.000000000000000000, 0.3333333333333334259, 0.3333333333333334259, 1.000000000000000000),
 ( 1.000000000000000000, 0.3333333333333334259, 0.3333333333333334259, 1.000000000000000000),
 ( 1.000000000000000000, 0.3333333333333334259, 0.3333333333333334259, 1.000000000000000000),
 ( 1.000000000000000000, 0.3333333333333334259, 0.3333333333333334259, 1.000000000000000000),
 ( 1.000000000000000000, 0.3333333333333334259, 0.3333333333333334259, 1.000000000000000000),
 ( 1.000000000000000000, 0.3333333333333334259, 0.3333333333333334259, 1.000000000000000000),
 ( 1.000000000000000000, 0.3333333333333334259, 0.3333333333333334259, 1.000000000000000000),
 ( 1.000000000000000000, 0.3333333333333334259, 0.3333333333333334259, 1.000000000000000000),
 ( 1.000000000000000000, 0.3333333333333334259, 0.3333333333333334259, 1.000000000000000000),
 ( 1.000000000000000000, 0.3333333333333334259, 0.3333333333333334259, 1.000000000000000000),
 ( 1.000000000000000000, 0.3333333333333334259, 0.3333333333333334259, 1.000000000000000000),
 ( 1.000000000000000000, 0.3333333333333334259, 0.3333333333333334259, 1.000000000000000000) ) ) 
 REPRESENTATION_ITEM ( '' )  SURFACE ( )  );
#2455 = DIRECTION ( 'NONE',  ( -0.0000000000000000000, -1.000000000000000000, -0.0000000000000000000 ) ) ;
#2456 = CARTESIAN_POINT ( 'NONE',  ( -28.07983112509138834, 86.96471965006287519, 4.696552239116109639 ) ) ;
#2457 = CARTESIAN_POINT ( 'NONE',  ( -15.83957867659607111, 74.49055799773428532, 5.269529586691876766 ) ) ;
#2458 = CARTESIAN_POINT ( 'NONE',  ( 0.0000000000000000000, 20.00000000000000355, -11.00000000000000000 ) ) ;
#2459 = CC_DESIGN_PERSON_AND_ORGANIZATION_ASSIGNMENT ( #1619, #342, ( #1819 ) ) ;
#2460 = ORIENTED_EDGE ( 'NONE', *, *, #1039, .F. ) ;
#2461 = CARTESIAN_POINT ( 'NONE',  ( -17.75189237252300956, 73.22405407663376309, 7.684927473044683488 ) ) ;
#2462 = CARTESIAN_POINT ( 'NONE',  ( -47.97653264454982747, 55.92235330353862111, -4.063283584141326621 ) ) ;
#2463 = ORIENTED_EDGE ( 'NONE', *, *, #647, .T. ) ;
#2464 = CARTESIAN_POINT ( 'NONE',  ( -48.30665507149365823, 64.32873857544677776, -4.443134833746347212 ) ) ;
#2465 = CARTESIAN_POINT ( 'NONE',  ( -38.29021041441983897, 154.1159673639782000, 0.0000000000000000000 ) ) ;
#2466 = CARTESIAN_POINT ( 'NONE',  ( -44.63609296783178593, 59.23096551282996103, -18.58256422219928083 ) ) ;
#2467 = DIRECTION ( 'NONE',  ( 0.0000000000000000000, 0.0000000000000000000, -1.000000000000000000 ) ) ;
#2468 = AXIS2_PLACEMENT_3D ( 'NONE', #2364, #1130, #3111 ) ;
#2469 = CARTESIAN_POINT ( 'NONE',  ( -31.28359146858189632, 81.89436031198367516, 15.02356718303471972 ) ) ;
#2470 = CARTESIAN_POINT ( 'NONE',  ( -14.64869334934715894, 91.29298591015543707, 11.32466894596932505 ) ) ;
#2471 = DIRECTION ( 'NONE',  ( 0.0000000000000000000, 0.0000000000000000000, -1.000000000000000000 ) ) ;
#2472 = CARTESIAN_POINT ( 'NONE',  ( 10.22672092310498293, 104.7498357589306721, -6.035930015015299688 ) ) ;
#2473 = TOROIDAL_SURFACE ( 'NONE', #2172, 44.33272143741645266, 10.00000000000000000 ) ;
#2474 = CARTESIAN_POINT ( 'NONE',  ( -15.78397129710311297, 76.20864103703721071, 0.5721169424166213657 ) ) ;
#2475 = CARTESIAN_POINT ( 'NONE',  ( -21.67415462055191000, 83.66782387277437749, -22.43255924778873478 ) ) ;
#2476 = AXIS2_PLACEMENT_3D ( 'NONE', #3102, #2834, #903 ) ;
#2477 = ORIENTED_EDGE ( 'NONE', *, *, #2189, .F. ) ;
#2478 = CARTESIAN_POINT ( 'NONE',  ( -36.66969399487242498, 81.26384003420773183, 10.21545712683296969 ) ) ;
#2479 = CARTESIAN_POINT ( 'NONE',  ( -48.17258993489305396, 55.68316535227755537, 1.605848490213745539 ) ) ;
#2480 = ORIENTED_EDGE ( 'NONE', *, *, #2654, .F. ) ;
#2481 = CARTESIAN_POINT ( 'NONE',  ( -45.36495813254761345, 57.98286850531272307, -17.68095087824170974 ) ) ;
#2482 = CARTESIAN_POINT ( 'NONE',  ( 19.53423666221587141, 0.9813403534398139616, -4.784508080433908669E-15 ) ) ;
#2483 = EDGE_CURVE ( 'NONE', #1921, #1190, #1578, .T. ) ;
#2484 = CARTESIAN_POINT ( 'NONE',  ( -44.03557080932056067, 60.25903186132011768, -19.21957442685156181 ) ) ;
#2485 = CARTESIAN_POINT ( 'NONE',  ( -15.21765821302070876, 91.63422786408335696, 9.579390149845865565 ) ) ;
#2486 = CARTESIAN_POINT ( 'NONE',  ( 18.92844170756269406, 1.095297274017316358, 0.0000000000000000000 ) ) ;
#2487 = CARTESIAN_POINT ( 'NONE',  ( -18.06266575250858608, 87.12560316641035740, 19.28630721166020123 ) ) ;
#2488 = CARTESIAN_POINT ( 'NONE',  ( -9.099366697651403157, 115.8257569495584107, -5.139830791557296941 ) ) ;
#2489 = CARTESIAN_POINT ( 'NONE',  ( -15.59942461942142700, 75.76917570692678794, 2.398149419848122132 ) ) ;
#2490 = VERTEX_POINT ( 'NONE', #2695 ) ;
#2491 = CARTESIAN_POINT ( 'NONE',  ( -28.45230738404468696, 66.85167136563755719, 9.074738007503269088 ) ) ;
#2492 = CARTESIAN_POINT ( 'NONE',  ( -38.29021041441978213, 114.1159673639782000, 0.0000000000000000000 ) ) ;
#2493 = ORIENTED_EDGE ( 'NONE', *, *, #3066, .F. ) ;
#2494 = CARTESIAN_POINT ( 'NONE',  ( -59.68663761923463085, 71.33467457669583212, -6.217747521608655070 ) ) ;
#2495 = CARTESIAN_POINT ( 'NONE',  ( -11.00000000000000355, 20.00000000000000355, -21.99999999999999645 ) ) ;
#2496 = CARTESIAN_POINT ( 'NONE',  ( -50.05211927435395580, 49.95000070117317392, 9.184381886908135427E-15 ) ) ;
#2497 = DIRECTION ( 'NONE',  ( -0.0000000000000000000, -0.0000000000000000000, -1.000000000000000000 ) ) ;
#2498 = ADVANCED_FACE ( 'NONE', ( #1476 ), #126, .F. ) ;
#2499 = CARTESIAN_POINT ( 'NONE',  ( 11.00000000000000178, 18.52522561770877729, 0.0000000000000000000 ) ) ;
#2500 = CARTESIAN_POINT ( 'NONE',  ( -31.40938333774207791, 81.68662722582523372, 15.26021860219541004 ) ) ;
#2501 = CARTESIAN_POINT ( 'NONE',  ( -16.84038327185680473, 92.31109917891711802, 2.898742968074194515 ) ) ;
#2502 = CARTESIAN_POINT ( 'NONE',  ( -49.80016177831114277, 50.38203181174384326, 4.650395989601882718 ) ) ;
#2503 = CARTESIAN_POINT ( 'NONE',  ( -16.48244096594596897, 88.62355193719457702, 17.31365541139243547 ) ) ;
#2504 = CARTESIAN_POINT ( 'NONE',  ( 11.38242281375559628, 90.73416914713168069, -19.71104592306577885 ) ) ;
#2505 = CARTESIAN_POINT ( 'NONE',  ( -15.77938129005089074, 76.19938735473581914, 0.6604824091553080923 ) ) ;
#2506 = CARTESIAN_POINT ( 'NONE',  ( -47.90643328740129903, 82.72123185527603084, -6.989781316234797259 ) ) ;
#2507 = CARTESIAN_POINT ( 'NONE',  ( 0.0000000000000000000, 30.00000000000000000, 0.0000000000000000000 ) ) ;
#2508 = FACE_OUTER_BOUND ( 'NONE', #1261, .T. ) ;
#2509 = VERTEX_POINT ( 'NONE', #295 ) ;
#2510 = CARTESIAN_POINT ( 'NONE',  ( -48.10476451073362369, 82.63683842692266523, -7.116876514289081967 ) ) ;
#2511 = CARTESIAN_POINT ( 'NONE',  ( -20.16852937801547796, 85.76803104166481262, -8.403355237867822680 ) ) ;
#2512 = CARTESIAN_POINT ( 'NONE',  ( -60.92263756287464105, 69.53151669594947748, -1.971970529340426728E-11 ) ) ;
#2513 = CARTESIAN_POINT ( 'NONE',  ( -15.50718292967748368, 75.44185045040994453, -3.217163498662569232 ) ) ;
#2514 = AXIS2_PLACEMENT_3D ( 'NONE', #2810, #3029, #1574 ) ;
#2515 = CARTESIAN_POINT ( 'NONE',  ( -33.92153650630737616, 71.48756966308481253, -24.55648479910078308 ) ) ;
#2516 = CARTESIAN_POINT ( 'NONE',  ( -13.94834272050801438, 95.74422717311718145, 0.2652432222282578023 ) ) ;
#2517 = DIRECTION ( 'NONE',  ( 0.0000000000000000000, 0.0000000000000000000, 1.000000000000000000 ) ) ;
#2518 = EDGE_CURVE ( 'NONE', #2387, #1535, #17, .T. ) ;
#2519 = TOROIDAL_SURFACE ( 'NONE', #1552, 40.00000000000001421, 10.00000000000000178 ) ;
#2520 = CARTESIAN_POINT ( 'NONE',  ( -29.80242604817087582, 75.68295889281890254, -25.16414830856946594 ) ) ;
#2521 = AXIS2_PLACEMENT_3D ( 'NONE', #1463, #2455, #1718 ) ;
#2522 = CARTESIAN_POINT ( 'NONE',  ( -15.50031795706859938, 75.30550558748333856, -3.495503547117699839 ) ) ;
#2523 = CARTESIAN_POINT ( 'NONE',  ( -33.76094901127897430, 87.06622029851662603, 4.667836267701523489 ) ) ;
#2524 = CARTESIAN_POINT ( 'NONE',  ( -32.10678893376326215, 65.02802523698503023, 6.905997744448534981 ) ) ;
#2525 = LOCAL_TIME ( 14, 16, 51.00000000000000000, #2091 ) ;
#2526 = CARTESIAN_POINT ( 'NONE',  ( -14.12772647820410299, 5.650676201709704749, 1.730147501076196368E-15 ) ) ;
#2527 = VERTEX_POINT ( 'NONE', #265 ) ;
#2528 = CARTESIAN_POINT ( 'NONE',  ( -44.44151200247157618, 70.40378041972796552, -9.823037125108859513 ) ) ;
#2529 = CARTESIAN_POINT ( 'NONE',  ( 11.08407426922550343, 17.05051159162364627, -22.16814853845101752 ) ) ;
#2530 = CARTESIAN_POINT ( 'NONE',  ( -31.28617967174453796, 81.89057702651008697, -15.03851459290151205 ) ) ;
#2531 = CARTESIAN_POINT ( 'NONE',  ( -54.19450511891823652, 78.33278434954135605, 9.965752028898208437 ) ) ;
#2532 = CARTESIAN_POINT ( 'NONE',  ( -14.41124193145733123, 91.09718831240952852, -12.16187239770947848 ) ) ;
#2533 = CARTESIAN_POINT ( 'NONE',  ( -15.05996732255752590, 89.96496952636366018, -15.07699069733799924 ) ) ;
#2534 = CARTESIAN_POINT ( 'NONE',  ( -10.95064585960165360, 102.2110523352603195, 0.2082386883863063531 ) ) ;
#2535 = CARTESIAN_POINT ( 'NONE',  ( -35.04208593449548914, 84.09310984378871012, -8.487473957198048424 ) ) ;
#2536 =( BOUNDED_SURFACE ( )  B_SPLINE_SURFACE ( 3, 2, ( 
 ( #189, #149, #653 ),
 ( #1126, #1646, #2147 ),
 ( #422, #1424, #2404 ),
 ( #1214, #1468, #754 ),
 ( #3162, #2192, #2179 ),
 ( #452, #958, #2903 ),
 ( #1483, #941, #988 ),
 ( #687, #737, #969 ),
 ( #2718, #2917, #1724 ),
 ( #1936, #435, #240 ),
 ( #704, #1738, #1950 ),
 ( #2462, #1436, #2702 ),
 ( #720, #3135, #256 ),
 ( #1710, #1982, #1923 ),
 ( #2419, #2934, #1203 ),
 ( #1693, #2685, #1242 ),
 ( #2479, #215, #2225 ),
 ( #470, #27, #2446 ),
 ( #488, #1005, #1968 ),
 ( #2664, #1227, #272 ),
 ( #503, #2949, #1451 ),
 ( #2432, #1500, #227 ),
 ( #1260, #2207, #2891 ),
 ( #8, #3149, #1678 ),
 ( #2648, #3038, #1057 ),
 ( #2050, #2294, #3020 ),
 ( #93, #54, #2540 ),
 ( #2985, #1583, #786 ),
 ( #2310, #2556, #1042 ),
 ( #110, #539, #2524 ) ),
 .UNSPECIFIED., .F., .F., .F. ) 
 B_SPLINE_SURFACE_WITH_KNOTS ( ( 4, 2, 2, 2, 2, 2, 2, 2, 2, 2, 2, 2, 2, 2, 4 ),
 ( 3, 3 ),
 ( 0.04796625441284960850, 0.04989229002483001885, 0.05181832563681042225, 0.05567039686077124294, 0.05759643247275165329, 0.05952246808473206363, 0.06144850369671247398, 0.06337453930869288432, 0.06530057492067328773, 0.06722661053265370501, 0.07107868175661452570, 0.07204169956260472740, 0.07300471736859492911, 0.07493075298057533251, 0.07878282420453615320 ),
 ( 0.0000000000000000000, 1.000000000000000000 ),
 .UNSPECIFIED. ) 
 GEOMETRIC_REPRESENTATION_ITEM ( )  RATIONAL_B_SPLINE_SURFACE ( (
 ( 1.000000000000000000, 0.6194438010515267434, 1.000000000000000000),
 ( 1.000000000000000000, 0.6244016650770211063, 1.000000000000000000),
 ( 1.000000000000000000, 0.6292752452585463896, 1.000000000000000000),
 ( 1.000000000000000000, 0.6386987897603233488, 1.000000000000000000),
 ( 1.000000000000000000, 0.6432600276667614914, 1.000000000000000000),
 ( 1.000000000000000000, 0.6563818909526214496, 1.000000000000000000),
 ( 1.000000000000000000, 0.6643927705181565946, 1.000000000000000000),
 ( 1.000000000000000000, 0.6746713071580089371, 1.000000000000000000),
 ( 1.000000000000000000, 0.6777531422779966563, 1.000000000000000000),
 ( 1.000000000000000000, 0.6831180682959748784, 1.000000000000000000),
 ( 1.000000000000000000, 0.6854083791688493354, 1.000000000000000000),
 ( 1.000000000000000000, 0.6891346631658700206, 1.000000000000000000),
 ( 1.000000000000000000, 0.6905705834408585320, 1.000000000000000000),
 ( 1.000000000000000000, 0.6925148446394978619, 1.000000000000000000),
 ( 1.000000000000000000, 0.6930207542703372692, 1.000000000000000000),
 ( 1.000000000000000000, 0.6930391080822098093, 1.000000000000000000),
 ( 1.000000000000000000, 0.6925586013057901669, 1.000000000000000000),
 ( 1.000000000000000000, 0.6906363656140207530, 1.000000000000000000),
 ( 1.000000000000000000, 0.6891886358833255732, 1.000000000000000000),
 ( 1.000000000000000000, 0.6835795892551050912, 1.000000000000000000),
 ( 1.000000000000000000, 0.6781446857685541341, 1.000000000000000000),
 ( 1.000000000000000000, 0.6696713146447308418, 1.000000000000000000),
 ( 1.000000000000000000, 0.6678922911143871932, 1.000000000000000000),
 ( 1.000000000000000000, 0.6641749794898648140, 1.000000000000000000),
 ( 1.000000000000000000, 0.6622339188304927626, 1.000000000000000000),
 ( 1.000000000000000000, 0.6562527289886721515, 1.000000000000000000),
 ( 1.000000000000000000, 0.6520366298358550861, 1.000000000000000000),
 ( 1.000000000000000000, 0.6388542639370378140, 1.000000000000000000),
 ( 1.000000000000000000, 0.6293582754844266880, 1.000000000000000000),
 ( 1.000000000000000000, 0.6194438010513022563, 1.000000000000000000) ) ) 
 REPRESENTATION_ITEM ( '' )  SURFACE ( )  );
#2537 = EDGE_CURVE ( 'NONE', #1157, #2145, #391, .T. ) ;
#2538 = CARTESIAN_POINT ( 'NONE',  ( -59.22858643310230775, 71.98804758830902983, -7.106701592333237727 ) ) ;
#2539 = DIRECTION ( 'NONE',  ( 0.0000000000000000000, -1.000000000000000000, 0.0000000000000000000 ) ) ;
#2540 = CARTESIAN_POINT ( 'NONE',  ( -33.88294467429988543, 64.21091795951215886, 5.176005066428156276 ) ) ;
#2541 = VERTEX_POINT ( 'NONE', #139 ) ;
#2542 = CARTESIAN_POINT ( 'NONE',  ( -50.41664676863293693, 81.51157977374315067, -8.538567043325478778 ) ) ;
#2543 = CARTESIAN_POINT ( 'NONE',  ( 11.00000000000000178, 18.52522561770877729, -2.694222958124177204E-15 ) ) ;
#2544 = CARTESIAN_POINT ( 'NONE',  ( -40.44865645345910821, 84.06889324433480226, -1.573059714035750511 ) ) ;
#2545 = CARTESIAN_POINT ( 'NONE',  ( -10.99999999999999467, 20.00000000000000355, 21.99999999999999645 ) ) ;
#2546 = CARTESIAN_POINT ( 'NONE',  ( -44.91497093877413249, 58.75345435703068375, 18.25281954757976166 ) ) ;
#2547 = CARTESIAN_POINT ( 'NONE',  ( -34.49012180167676433, 58.19963453384892205, -13.81199548887673778 ) ) ;
#2548 = CARTESIAN_POINT ( 'NONE',  ( -28.94648670317451078, 84.46446273281399897, -1.950923952779322512 ) ) ;
#2549 = CARTESIAN_POINT ( 'NONE',  ( -16.48861435251335195, 88.61737064443511258, -17.30253533435883995 ) ) ;
#2550 = CARTESIAN_POINT ( 'NONE',  ( 18.04718298784626285, 91.54474346039792465, -10.65165797540327652 ) ) ;
#2551 = CARTESIAN_POINT ( 'NONE',  ( -15.62128672442502619, 74.73287807563215779, 4.709607799096011682 ) ) ;
#2552 = B_SPLINE_CURVE_WITH_KNOTS ( 'NONE', 3,
 ( #2308, #2030, #1055, #367, #3000, #1581, #1596, #91, #1090, #866, #127, #800, #1362, #1786, #2064, #3018, #1826, #2554, #2572, #2100, #814, #1856, #2830, #1613, #2765, #552, #2522, #318, #1311, #2292, #1804, #2783, #2384, #682, #1183, #1688, #2598, #1673, #447, #917, #2643, #3145, #431, #185, #405, #1389, #1872, #2858, #171, #2129, #1885, #1432, #157, #196, #1404, #3082, #3130, #1170, #1196, #210, #2156, #932, #2415, #1152, #2845, #2630, #3100, #901, #953, #2143, #1930, #1918, #649, #2174, #2898, #1642, #418, #2887, #3115, #698, #2659 ),
 .UNSPECIFIED., .F., .F.,
 ( 4, 2, 1, 1, 2, 2, 2, 1, 1, 2, 2, 1, 1, 2, 2, 1, 1, 1, 2, 2, 2, 1, 1, 1, 2, 2, 2, 1, 2, 2, 2, 1, 1, 1, 2, 2, 1, 1, 1, 2, 2, 1, 1, 2, 2, 1, 2, 2, 1, 2, 2, 4 ),
 ( 0.0000000000000000000, 0.06249999999999469869, 0.09374999999999204803, 0.1093749999999923672, 0.1171874999999913541, 0.1249999999999903133, 0.1874999999999726608, 0.2187499999999621414, 0.2343749999999583389, 0.2421874999999563960, 0.2499999999999544531, 0.2812499999999495959, 0.2968749999999473754, 0.3046874999999463762, 0.3124999999999454325, 0.3437499999999379940, 0.3593749999999342748, 0.3671874999999339417, 0.3710937499999338862, 0.3749999999999338307, 0.4062499999999166778, 0.4218749999999081290, 0.4296874999999025224, 0.4335937499999009681, 0.4355468749999001354, 0.4374999999998993583, 0.4687499999998883116, 0.4843749999998828160, 0.4921874999998800404, 0.4999999999998772648, 0.5312499999998661071, 0.5468749999998605560, 0.5546874999998577804, 0.5585937499998577804, 0.5605468749998595568, 0.5624999999998612221, 0.5937499999998780975, 0.6093749999998853140, 0.6171874999998887557, 0.6210937499998905320, 0.6249999999998924194, 0.6562499999999082956, 0.6718749999999151790, 0.6796874999999186207, 0.6874999999999220623, 0.7187499999999322764, 0.7343749999999364952, 0.7499999999999407141, 0.8124999999999564793, 0.8437499999999636957, 0.8749999999999709122, 1.000000000000000000 ),
 .UNSPECIFIED. ) ;
#2553 = CARTESIAN_POINT ( 'NONE',  ( -34.87471647462977131, 84.40878442057015718, -8.210384943225575327 ) ) ;
#2554 = CARTESIAN_POINT ( 'NONE',  ( -15.51030844486269444, 75.03801363337260000, -4.061291290534662757 ) ) ;
#2555 = CARTESIAN_POINT ( 'NONE',  ( -17.48444704375582148, 73.39937247584821023, 7.433674583499809252 ) ) ;
#2556 = CARTESIAN_POINT ( 'NONE',  ( -43.30597684263235436, 70.52426155452943135, 8.931897781340708775 ) ) ;
#2557 = CARTESIAN_POINT ( 'NONE',  ( -11.41531168535118468, 14.18095978761979126, 1.397972491673470651E-15 ) ) ;
#2558 = ORIENTED_EDGE ( 'NONE', *, *, #237, .T. ) ;
#2559 = CARTESIAN_POINT ( 'NONE',  ( -44.85915391012480313, 69.76825587120740124, -9.626541533771121095 ) ) ;
#2560 = CARTESIAN_POINT ( 'NONE',  ( -13.61112125455438360, 6.663431988327885414, 1.666881607719653080E-15 ) ) ;
#2561 = CARTESIAN_POINT ( 'NONE',  ( -33.45034150720665167, 83.67021696051281765, 0.7370768784121133343 ) ) ;
#2562 = EDGE_CURVE ( 'NONE', #2509, #1434, #3035, .T. ) ;
#2563 = CARTESIAN_POINT ( 'NONE',  ( -17.08219009336297844, 73.66404634108204164, 7.016662163020618515 ) ) ;
#2564 = CARTESIAN_POINT ( 'NONE',  ( -45.86314620070424297, 68.21706694055099263, 8.913349010615878143 ) ) ;
#2565 = DIRECTION ( 'NONE',  ( 0.0000000000000000000, 0.7912788120008266146, 0.6114555107925354616 ) ) ;
#2566 = DIRECTION ( 'NONE',  ( 0.0000000000000000000, 0.0000000000000000000, -1.000000000000000000 ) ) ;
#2567 = CARTESIAN_POINT ( 'NONE',  ( -40.33545517963893445, 84.14323605910456649, 1.056623333577064949 ) ) ;
#2568 = CARTESIAN_POINT ( 'NONE',  ( -11.75512502745704602, 90.73416914713168069, -19.49107272781990829 ) ) ;
#2569 = CARTESIAN_POINT ( 'NONE',  ( -15.50888857674644328, 75.38992422097813062, 3.311461632875015937 ) ) ;
#2570 = PRODUCT_DEFINITION_SHAPE ( 'NONE', 'NONE',  #1518 ) ;
#2571 = CARTESIAN_POINT ( 'NONE',  ( -38.49771446336480096, 78.28583273847635837, -10.99745231649480814 ) ) ;
#2572 = CARTESIAN_POINT ( 'NONE',  ( -15.50450950627639557, 75.07661885906475163, -3.980516346005630979 ) ) ;
#2573 = AXIS2_PLACEMENT_3D ( 'NONE', #327, #1335, #565 ) ;
#2574 = CARTESIAN_POINT ( 'NONE',  ( -15.83488592306389187, 91.92385034051318371, -7.629334842429703833 ) ) ;
#2575 = CARTESIAN_POINT ( 'NONE',  ( -19.09082010529251150, 77.98467168989643028, 5.424217257307907047 ) ) ;
#2576 = EDGE_LOOP ( 'NONE', ( #2634, #1215, #2417, #412, #2804 ) ) ;
#2577 = CARTESIAN_POINT ( 'NONE',  ( -41.33129189753547905, 64.88481039836716491, -21.04413881266509634 ) ) ;
#2578 = CARTESIAN_POINT ( 'NONE',  ( -38.29021041441978213, 115.8257569495584107, 1.224646799147353454E-15 ) ) ;
#2579 = AXIS2_PLACEMENT_3D ( 'NONE', #2868, #442, #1823 ) ;
#2580 = CARTESIAN_POINT ( 'NONE',  ( -46.80184777208791758, 57.33670790364368486, 9.800383447781651824 ) ) ;
#2581 = CARTESIAN_POINT ( 'NONE',  ( -17.63438313384733647, 73.30099900999553597, 7.578427277494429681 ) ) ;
#2582 = ADVANCED_FACE ( 'NONE', ( #1356 ), #1006, .F. ) ;
#2583 = CARTESIAN_POINT ( 'NONE',  ( -16.96898083448286698, 92.35630853227405623, 1.490527657291201402 ) ) ;
#2584 = CARTESIAN_POINT ( 'NONE',  ( -27.03042067180389907, 78.44074770427850751, -24.78215102053883712 ) ) ;
#2585 = CARTESIAN_POINT ( 'NONE',  ( -26.90420251412910702, 67.68261201631108293, -9.602590719667851715 ) ) ;
#2586 = CARTESIAN_POINT ( 'NONE',  ( -54.36873385177227647, 78.15985904613872037, -10.00403838415645197 ) ) ;
#2587 = CARTESIAN_POINT ( 'NONE',  ( 9.999999999999996447, 115.8257569495584249, -20.00000000000000355 ) ) ;
#2588 = ORIENTED_EDGE ( 'NONE', *, *, #2078, .T. ) ;
#2589 = CARTESIAN_POINT ( 'NONE',  ( -39.90183592210456709, 76.03684345601780592, 11.00007587060205516 ) ) ;
#2590 = CARTESIAN_POINT ( 'NONE',  ( 9.999999999999992895, 8.284271247461902021, 0.0000000000000000000 ) ) ;
#2591 = CARTESIAN_POINT ( 'NONE',  ( 10.22672092310498293, 104.7498357589306863, 0.0000000000000000000 ) ) ;
#2592 = CARTESIAN_POINT ( 'NONE',  ( -56.10786067265397747, 76.14556315820652799, 9.829570622219646836 ) ) ;
#2593 = CARTESIAN_POINT ( 'NONE',  ( -32.10678893376328347, 65.02802523698504444, 6.905997744448532316 ) ) ;
#2594 = ADVANCED_FACE ( 'NONE', ( #2042 ), #1336, .F. ) ;
#2595 = CARTESIAN_POINT ( 'NONE',  ( -21.35399576888963935, 1.180385715512802358, 2.615110256737682253E-15 ) ) ;
#2596 = CARTESIAN_POINT ( 'NONE',  ( -14.25157002843146969, 90.83278842674164366, 13.13688476381487114 ) ) ;
#2597 = CARTESIAN_POINT ( 'NONE',  ( -60.22430492639836785, 70.55738900242083389, 4.819324101512751035 ) ) ;
#2598 = CARTESIAN_POINT ( 'NONE',  ( -15.52263209414577716, 75.47657428510140676, -3.117462924226923171 ) ) ;
#2599 = CARTESIAN_POINT ( 'NONE',  ( -16.29087751957495911, 92.10724593523205783, -5.936536193739777367 ) ) ;
#2600 = CARTESIAN_POINT ( 'NONE',  ( -17.95872534201332726, 89.12215728936662629, 10.96682650394964398 ) ) ;
#2601 = VERTEX_POINT ( 'NONE', #1669 ) ;
#2602 = CARTESIAN_POINT ( 'NONE',  ( -40.37822050027570953, 75.27393815986124537, 10.90562419454205312 ) ) ;
#2603 = FACE_OUTER_BOUND ( 'NONE', #784, .T. ) ;
#2604 = CARTESIAN_POINT ( 'NONE',  ( -38.29021041441978213, 114.1159673639782000, 1.224646799147353454E-15 ) ) ;
#2605 = CALENDAR_DATE ( 2019, 27, 7 ) ;
#2606 = CARTESIAN_POINT ( 'NONE',  ( -60.66207810265763101, 69.91648955597648296, -3.067397217717031666 ) ) ;
#2607 = CARTESIAN_POINT ( 'NONE',  ( -10.22672092310498115, 104.7498357589306863, 20.45344184620996231 ) ) ;
#2608 = CARTESIAN_POINT ( 'NONE',  ( 13.90433454570115046, 94.29651742646717594, 27.80866909140229382 ) ) ;
#2609 = CARTESIAN_POINT ( 'NONE',  ( -20.74453695970512257, 1.023516902891064895, 2.540473078749684534E-15 ) ) ;
#2610 = CARTESIAN_POINT ( 'NONE',  ( -38.10587960993266421, 78.91160060975651902, 8.008073387135132393 ) ) ;
#2611 = DIRECTION ( 'NONE',  ( 1.000000000000000000, 0.0000000000000000000, 0.0000000000000000000 ) ) ;
#2612 = CARTESIAN_POINT ( 'NONE',  ( -57.09366791241986760, 74.89973392277309472, 9.397490987361818426 ) ) ;
#2613 = B_SPLINE_CURVE_WITH_KNOTS ( 'NONE', 3,
 ( #1387, #1459, #633, #916, #1729, #2128, #727, #2690, #2597, #1901, #2923, #1232, #2938, #184, #1715, #2451, #2612, #245, #380, #2354, #2214, #2383, #2871, #3099, #648, #155, #742, #16, #1375, #663, #994, #900, #404, #2111, #1656, #3081, #883, #1871, #2857, #1884, #1169, #2629, #2437, #2844 ),
 .UNSPECIFIED., .F., .F.,
 ( 4, 2, 2, 2, 2, 2, 2, 2, 2, 2, 2, 2, 2, 2, 2, 2, 2, 2, 2, 2, 2, 4 ),
 ( 0.03443226843488806505, 0.03658507844543104626, 0.03766148345070253339, 0.03873788845597402747, 0.03981429346124551460, 0.04089069846651700868, 0.04304350847706000377, 0.04519631848760299886, 0.04734912849814600089, 0.04842553350341748108, 0.04950193850868896128, 0.05057834351396044148, 0.05165474851923192862, 0.05380755852977492371, 0.05596036854031792573, 0.05811317855086092082, 0.06026598856140391591, 0.06241879857194691100, 0.06457160858248990609, 0.06672441859303290812, 0.06780082359830441607, 0.06887722860357591015 ),
 .UNSPECIFIED. ) ;
#2614 = EDGE_CURVE ( 'NONE', #270, #673, #511, .T. ) ;
#2615 = CARTESIAN_POINT ( 'NONE',  ( -16.95966611588453077, 92.35347550059411503, 1.901495552252278287 ) ) ;
#2616 = CARTESIAN_POINT ( 'NONE',  ( -15.96869843842169878, 91.97986091811627318, -7.168444247498073629 ) ) ;
#2617 = TOROIDAL_SURFACE ( 'NONE', #449, 40.00000000000001421, 10.00000000000000178 ) ;
#2618 = ORIENTED_EDGE ( 'NONE', *, *, #766, .F. ) ;
#2619 = CARTESIAN_POINT ( 'NONE',  ( -42.11883742625938964, 83.87121893077546986, -3.087850074322370464 ) ) ;
#2620 = CARTESIAN_POINT ( 'NONE',  ( 20.00000009524667632, -3.469446951953614189E-15, 0.0000000000000000000 ) ) ;
#2621 = DESIGN_CONTEXT ( 'detailed design', #1690, 'design' ) ;
#2622 = CIRCLE ( 'NONE', #2725, 10.00000000000000888 ) ;
#2623 = ORIENTED_EDGE ( 'NONE', *, *, #545, .T. ) ;
#2624 = CIRCLE ( 'NONE', #2839, 10.00000000000000178 ) ;
#2625 = CARTESIAN_POINT ( 'NONE',  ( -60.55856305903350290, 70.06839094130677381, 3.532626422578610370 ) ) ;
#2626 = CARTESIAN_POINT ( 'NONE',  ( -18.04718298784626285, 91.54474346039792465, 36.09436597569252569 ) ) ;
#2627 = TOROIDAL_SURFACE ( 'NONE', #1707, 38.29021041441976791, 9.000000000000001776 ) ;
#2628 = FACE_OUTER_BOUND ( 'NONE', #1330, .T. ) ;
#2629 = CARTESIAN_POINT ( 'NONE',  ( -40.94051977745196069, 84.01050658566529705, 2.103797328138063527 ) ) ;
#2630 = CARTESIAN_POINT ( 'NONE',  ( -15.67658125671724711, 75.97405905262206716, -1.776393427734876074 ) ) ;
#2631 = LINE ( 'NONE', #2385, #3138 ) ;
#2632 = ADVANCED_FACE ( 'NONE', ( #646 ), #467, .F. ) ;
#2633 = DIRECTION ( 'NONE',  ( -0.0000000000000000000, -0.0000000000000000000, -1.000000000000000000 ) ) ;
#2634 = ORIENTED_EDGE ( 'NONE', *, *, #2427, .F. ) ;
#2635 = CARTESIAN_POINT ( 'NONE',  ( -46.52078763106290182, 83.14580021024445955, -6.083308454823315614 ) ) ;
#2636 = DIRECTION ( 'NONE',  ( -0.0000000000000000000, -0.0000000000000000000, -1.000000000000000000 ) ) ;
#2637 = CARTESIAN_POINT ( 'NONE',  ( -28.83668123906931768, 85.82761818301970891, 8.476914538743436367 ) ) ;
#2638 = ORIENTED_EDGE ( 'NONE', *, *, #689, .T. ) ;
#2639 = CARTESIAN_POINT ( 'NONE',  ( -60.91470520344073947, 69.54326535130412879, -0.6160185911617400700 ) ) ;
#2640 = CARTESIAN_POINT ( 'NONE',  ( 9.250144553976070938, 110.1348626610737114, 0.0000000000000000000 ) ) ;
#2641 = CARTESIAN_POINT ( 'NONE',  ( -42.11324825413587547, 83.87188016634894439, 3.083559375875257746 ) ) ;
#2642 = CARTESIAN_POINT ( 'NONE',  ( -14.31599756386223987, 90.96936990407488111, 12.64662462268811538 ) ) ;
#2643 = CARTESIAN_POINT ( 'NONE',  ( -15.53115778028385918, 75.52034704264592335, -3.017450242236810798 ) ) ;
#2644 = CARTESIAN_POINT ( 'NONE',  ( -14.37429759754050274, 91.04658351013105744, -12.35310786078355783 ) ) ;
#2645 = CARTESIAN_POINT ( 'NONE',  ( -27.03305197102194768, 78.43813193662026606, 24.78252055229440032 ) ) ;
#2646 = ORIENTED_EDGE ( 'NONE', *, *, #2818, .F. ) ;
#2647 = CARTESIAN_POINT ( 'NONE',  ( -40.69607664216689358, 74.76427755671943487, 10.80675331527672078 ) ) ;
#2648 = CARTESIAN_POINT ( 'NONE',  ( -46.33012322984836828, 57.89655289335178878, 11.24641710858718824 ) ) ;
#2649 = CARTESIAN_POINT ( 'NONE',  ( 10.95262562556356656, 102.2110523352603195, 0.0000000000000000000 ) ) ;
#2650 = ORIENTED_EDGE ( 'NONE', *, *, #2406, .F. ) ;
#2651 = CARTESIAN_POINT ( 'NONE',  ( -49.71813379328776250, 50.52268118566843924, 5.331256222466302930 ) ) ;
#2652 = FACE_OUTER_BOUND ( 'NONE', #2576, .T. ) ;
#2653 = B_SPLINE_CURVE_WITH_KNOTS ( 'NONE', 3,
 ( #1407, #3117, #2115, #1391, #2575, #1123, #937, #1904, #3086, #636, #888, #1628, #2102, #2600, #3069, #869, #1155, #2875 ),
 .UNSPECIFIED., .F., .F.,
 ( 4, 2, 2, 2, 2, 2, 2, 2, 4 ),
 ( 0.0000000000000000000, 0.1250000000000000000, 0.2500000000000000000, 0.3750000000000000000, 0.5000000000000000000, 0.6250000000000000000, 0.7500000000000000000, 0.8750000000000000000, 1.000000000000000000 ),
 .UNSPECIFIED. ) ;
#2654 = EDGE_CURVE ( 'NONE', #1186, #2209, #263, .T. ) ;
#2655 = CARTESIAN_POINT ( 'NONE',  ( -15.55945758301766979, 75.63691842891611827, 2.739276583604933091 ) ) ;
#2656 = DIRECTION ( 'NONE',  ( 0.0000000000000000000, -1.000000000000000000, 0.0000000000000000000 ) ) ;
#2657 = CARTESIAN_POINT ( 'NONE',  ( -29.43903810527842424, 84.88553923489513409, 10.55444054015661592 ) ) ;
#2658 = CARTESIAN_POINT ( 'NONE',  ( -14.43868250646434426, 91.11580223518039645, 12.07884162588838528 ) ) ;
#2659 = CARTESIAN_POINT ( 'NONE',  ( -15.79817936513842191, 76.23661453321705039, 0.0008610205662259973972 ) ) ;
#2660 = CARTESIAN_POINT ( 'NONE',  ( -14.61365814490262416, 91.26594305409091135, -11.44367832284720343 ) ) ;
#2661 = CARTESIAN_POINT ( 'NONE',  ( -15.99271507746392551, 89.08603184406514686, 16.60211058921795058 ) ) ;
#2662 = EDGE_LOOP ( 'NONE', ( #254, #852, #1422, #3003, #501, #2180 ) ) ;
#2663 = CARTESIAN_POINT ( 'NONE',  ( -33.96392972937668731, 86.39741101693394398, 5.850789619699786392 ) ) ;
#2664 = CARTESIAN_POINT ( 'NONE',  ( -47.65313116186312925, 56.31518959589968887, 6.412402731255203214 ) ) ;
#2665 = CIRCLE ( 'NONE', #1291, 11.00000000000000000 ) ;
#2666 = ORIENTED_EDGE ( 'NONE', *, *, #3108, .T. ) ;
#2667 = CARTESIAN_POINT ( 'NONE',  ( -60.14405876308060073, 70.67409356021296674, -5.063197186646378967 ) ) ;
#2668 = CARTESIAN_POINT ( 'NONE',  ( -18.92844170756269762, 1.095297274017316136, -37.85688341512538102 ) ) ;
#2669 = AXIS2_PLACEMENT_3D ( 'NONE', #1631, #1367, #1394 ) ;
#2670 = CARTESIAN_POINT ( 'NONE',  ( -49.17286122928229730, 51.45756987729957643, -8.496523901264010803 ) ) ;
#2671 = ADVANCED_FACE ( 'NONE', ( #3154 ), #2454, .T. ) ;
#2672 = AXIS2_PLACEMENT_3D ( 'NONE', #2388, #652, #1645 ) ;
#2673 = CARTESIAN_POINT ( 'NONE',  ( 13.61112125455438360, 6.663431988327885414, 0.0000000000000000000 ) ) ;
#2674 = CARTESIAN_POINT ( 'NONE',  ( -46.51714482648289106, 83.14651526192767506, 6.080890850497806532 ) ) ;
#2675 = CARTESIAN_POINT ( 'NONE',  ( -14.69886580259388253, 91.32894932219547002, 11.16115624028665110 ) ) ;
#2676 = AXIS2_PLACEMENT_3D ( 'NONE', #570, #2517, #2028 ) ;
#2677 =( BOUNDED_SURFACE ( )  B_SPLINE_SURFACE ( 3, 3, ( 
 ( #2262, #526, #741, #2722 ),
 ( #2922, #1457, #1251, #474 ),
 ( #1759, #1728, #1523, #758 ),
 ( #509, #492, #1973, #962 ) ),
 .UNSPECIFIED., .F., .F., .F. ) 
 B_SPLINE_SURFACE_WITH_KNOTS ( ( 4, 4 ),
 ( 4, 4 ),
 ( 0.0000000000000000000, 1.000000000000000000 ),
 ( 0.0000000000000000000, 1.000000000000000000 ),
 .UNSPECIFIED. ) 
 GEOMETRIC_REPRESENTATION_ITEM ( )  RATIONAL_B_SPLINE_SURFACE ( (
 ( 1.000000000000000000, 0.3333333333333334259, 0.3333333333333334259, 1.000000000000000000),
 ( 0.9950322093539780699, 0.3316774031179927640, 0.3316774031179927640, 0.9950322093539780699),
 ( 0.9950322093539780699, 0.3316774031179927640, 0.3316774031179927640, 0.9950322093539780699),
 ( 1.000000000000000000, 0.3333333333333334259, 0.3333333333333334259, 1.000000000000000000) ) ) 
 REPRESENTATION_ITEM ( '' )  SURFACE ( )  );
#2678 = CARTESIAN_POINT ( 'NONE',  ( 13.61112125455438360, 6.663431988327885414, 0.0000000000000000000 ) ) ;
#2679 =( GEOMETRIC_REPRESENTATION_CONTEXT ( 3 ) GLOBAL_UNCERTAINTY_ASSIGNED_CONTEXT ( ( #2242 ) ) GLOBAL_UNIT_ASSIGNED_CONTEXT ( ( #45, #2055, #2022 ) ) REPRESENTATION_CONTEXT ( 'NONE', 'WORKASPACE' ) );
#2680 = CARTESIAN_POINT ( 'NONE',  ( 9.000000000000003553, 112.9799908217111977, -5.311905012720767871 ) ) ;
#2681 = CARTESIAN_POINT ( 'NONE',  ( -24.21738548699752513, 69.20550690422906825, -10.00306071837435695 ) ) ;
#2682 = CARTESIAN_POINT ( 'NONE',  ( -34.27420003578496477, 85.63813474599071185, -6.902504474507094478 ) ) ;
#2683 = EDGE_LOOP ( 'NONE', ( #1905, #2768, #655, #3039, #1024 ) ) ;
#2684 = CARTESIAN_POINT ( 'NONE',  ( -22.31851928844520572, 70.33791988053087607, 9.874978706590601618 ) ) ;
#2685 = CARTESIAN_POINT ( 'NONE',  ( -46.06801542155299956, 65.83138222321768751, 0.4703800177769834057 ) ) ;
#2686 = ORIENTED_EDGE ( 'NONE', *, *, #1250, .F. ) ;
#2687 = CARTESIAN_POINT ( 'NONE',  ( -43.28022392857152312, 61.55189905973844589, -19.93376444427071448 ) ) ;
#2688 = DIRECTION ( 'NONE',  ( -1.000000000000000000, 0.0000000000000000000, 0.0000000000000000000 ) ) ;
#2689 = DIRECTION ( 'NONE',  ( -0.0000000000000000000, -0.0000000000000000000, -1.000000000000000000 ) ) ;
#2690 = CARTESIAN_POINT ( 'NONE',  ( -60.31922651981258809, 70.41891323113304679, 4.503299011777110117 ) ) ;
#2691 = CARTESIAN_POINT ( 'NONE',  ( -15.84226779065708079, 3.177435360218610061, 31.68453558131416159 ) ) ;
#2692 = CARTESIAN_POINT ( 'NONE',  ( -53.50537484834882918, 79.04571364303080827, 9.861465304133288257 ) ) ;
#2693 = CARTESIAN_POINT ( 'NONE',  ( -15.65634699701652721, 91.84594054330777624, 8.220540141242850041 ) ) ;
#2694 = CC_DESIGN_DATE_AND_TIME_ASSIGNMENT ( #1098, #163, ( #1819 ) ) ;
#2695 = CARTESIAN_POINT ( 'NONE',  ( -10.00000000000001066, 30.00000000000000000, -1.224646799147353848E-15 ) ) ;
#2696 = CARTESIAN_POINT ( 'NONE',  ( -32.47325572037508579, 86.90570541565286078, 2.718607860492328054 ) ) ;
#2697 = CARTESIAN_POINT ( 'NONE',  ( -15.32862652681160931, 91.69046182256984423, -9.244066796820396448 ) ) ;
#2698 = EDGE_CURVE ( 'NONE', #322, #2278, #2982, .T. ) ;
#2699 = CARTESIAN_POINT ( 'NONE',  ( -16.62560759598950355, 73.96644374809439171, -6.460032863117886492 ) ) ;
#2700 = CARTESIAN_POINT ( 'NONE',  ( -41.47287522126434567, 83.94770136219662504, -2.576537708664172754 ) ) ;
#2701 = CARTESIAN_POINT ( 'NONE',  ( -18.17614707542178465, 72.94763380056440383, 8.037289424159867579 ) ) ;
#2702 = CARTESIAN_POINT ( 'NONE',  ( -35.78463790631982988, 63.38254298300610401, -1.619078204245572250 ) ) ;
#2703 = ORIENTED_EDGE ( 'NONE', *, *, #3144, .T. ) ;
#2704 = CARTESIAN_POINT ( 'NONE',  ( -47.26460408161792515, 54.72843835395941881, -14.37326682334454375 ) ) ;
#2705 = CARTESIAN_POINT ( 'NONE',  ( -21.35399576888963935, 1.180385715512802358, 2.615110256737682253E-15 ) ) ;
#2706 = DIRECTION ( 'NONE',  ( -1.000000000000000000, 0.0000000000000000000, 0.0000000000000000000 ) ) ;
#2707 = APPROVAL_STATUS ( 'not_yet_approved' ) ;
#2708 = CARTESIAN_POINT ( 'NONE',  ( 14.12772647820410299, 5.650676201709704749, 0.0000000000000000000 ) ) ;
#2709 = CARTESIAN_POINT ( 'NONE',  ( -50.41539056500530336, 81.52559107078076295, 8.546265074503883952 ) ) ;
#2710 = CARTESIAN_POINT ( 'NONE',  ( -16.40043496596778638, 92.14981404625883954, 5.481304404196830404 ) ) ;
#2711 = CARTESIAN_POINT ( 'NONE',  ( -28.41264527746354673, 86.47240016691334574, 6.616820567188066882 ) ) ;
#2712 = CARTESIAN_POINT ( 'NONE',  ( -10.33963153265292334, 104.7498357589306721, -5.840401677470918429 ) ) ;
#2713 = CARTESIAN_POINT ( 'NONE',  ( -16.32703400818342487, 74.16474133433007410, -6.063861886367366338 ) ) ;
#2714 = CARTESIAN_POINT ( 'NONE',  ( -15.89591059071741874, 74.45284956128473652, -5.367188376428417840 ) ) ;
#2715 = EDGE_CURVE ( 'NONE', #259, #2087, #3078, .T. ) ;
#2716 = CARTESIAN_POINT ( 'NONE',  ( -40.93842863937034338, 84.01075305750153177, -2.101785586123577243 ) ) ;
#2717 = CARTESIAN_POINT ( 'NONE',  ( -27.72331879542520738, 77.75439890728465286, 24.91698167582240941 ) ) ;
#2718 = CARTESIAN_POINT ( 'NONE',  ( -47.30341806177112574, 56.73664291211381538, -7.944128605687718725 ) ) ;
#2719 = ORIENTED_EDGE ( 'NONE', *, *, #629, .F. ) ;
#2720 = CARTESIAN_POINT ( 'NONE',  ( -56.41245715658202187, 75.76261575873665777, -9.704194844715814838 ) ) ;
#2721 = CARTESIAN_POINT ( 'NONE',  ( -21.97267762108947764, 1.488848490817995751, -43.94535524217893396 ) ) ;
#2722 = CARTESIAN_POINT ( 'NONE',  ( 22.41887471888016492, 0.5939137725713728999, -5.491040632992422425E-15 ) ) ;
#2723 = DIRECTION ( 'NONE',  ( -0.0000000000000000000, -1.000000000000000000, -0.0000000000000000000 ) ) ;
#2724 = CARTESIAN_POINT ( 'NONE',  ( -16.82780078247465738, 92.30662630828264525, 3.001880476141441711 ) ) ;
#2725 = AXIS2_PLACEMENT_3D ( 'NONE', #1663, #2135, #1188 ) ;
#2726 = CARTESIAN_POINT ( 'NONE',  ( -10.00000000000000178, 103.7349440686690087, 1.224646799147353256E-15 ) ) ;
#2727 = TOROIDAL_SURFACE ( 'NONE', #826, 44.33272143741645266, 9.000000000000001776 ) ;
#2728 = CARTESIAN_POINT ( 'NONE',  ( -19.84714501509826690, 71.87205746303492049, -9.123662045275866106 ) ) ;
#2729 = CARTESIAN_POINT ( 'NONE',  ( -33.71706243946399439, 87.31608243879946940, -4.112365801282305888 ) ) ;
#2730 = AXIS2_PLACEMENT_3D ( 'NONE', #2991, #791, #1777 ) ;
#2731 = ORIENTED_EDGE ( 'NONE', *, *, #1080, .F. ) ;
#2732 = CARTESIAN_POINT ( 'NONE',  ( -25.15490724592029892, 68.66382804208677726, 9.932598782129929305 ) ) ;
#2733 = CARTESIAN_POINT ( 'NONE',  ( -50.05211927435395580, 49.95000070117317392, 9.184381886908135427E-15 ) ) ;
#2734 = EDGE_CURVE ( 'NONE', #519, #3147, #936, .T. ) ;
#2735 = CC_DESIGN_APPROVAL ( #500, ( #1819 ) ) ;
#2736 = VERTEX_POINT ( 'NONE', #55 ) ;
#2737 = CARTESIAN_POINT ( 'NONE',  ( -59.85163514658901818, 71.09749118358834608, -5.845685811908414742 ) ) ;
#2738 = CARTESIAN_POINT ( 'NONE',  ( 14.12772647820409588, 5.650676201709704749, -28.25545295640820243 ) ) ;
#2739 = DIRECTION ( 'NONE',  ( -0.0000000000000000000, -0.0000000000000000000, -1.000000000000000000 ) ) ;
#2740 = CARTESIAN_POINT ( 'NONE',  ( -11.41531168535118113, 14.18095978761978948, 22.83062337070236225 ) ) ;
#2741 = CARTESIAN_POINT ( 'NONE',  ( -47.58107804174964173, 82.82071187632838871, 6.776935812859308683 ) ) ;
#2742 = CARTESIAN_POINT ( 'NONE',  ( -16.50787632216684742, 92.19027267048086571, 4.980045275684284789 ) ) ;
#2743 = CARTESIAN_POINT ( 'NONE',  ( 0.0000000000000000000, 45.55931007230138619, 0.0000000000000000000 ) ) ;
#2744 = CARTESIAN_POINT ( 'NONE',  ( -49.72162571708164336, 50.51669382492284655, 5.304215122931088544 ) ) ;
#2745 = CARTESIAN_POINT ( 'NONE',  ( -15.30126339749025099, 89.73760389781092783, 15.47242490471658805 ) ) ;
#2746 = CARTESIAN_POINT ( 'NONE',  ( 9.000000000000001776, 115.8257569495584107, -2.222614453595284090E-15 ) ) ;
#2747 = CARTESIAN_POINT ( 'NONE',  ( -15.78809066126536287, 76.21689429842392371, 0.4851377293472336483 ) ) ;
#2748 = CARTESIAN_POINT ( 'NONE',  ( -21.99422876779777880, 83.35898532262753235, -22.64251439437973445 ) ) ;
#2749 = CARTESIAN_POINT ( 'NONE',  ( -44.37312726115156636, 83.56714195429398728, -4.664504472459933382 ) ) ;
#2750 = CARTESIAN_POINT ( 'NONE',  ( -33.71115748418218772, 87.77102560446586210, 2.822392534889763827 ) ) ;
#2751 = CARTESIAN_POINT ( 'NONE',  ( 0.0000000000000000000, 30.00000000000000000, 0.0000000000000000000 ) ) ;
#2752 = ORIENTED_EDGE ( 'NONE', *, *, #2562, .T. ) ;
#2753 = CARTESIAN_POINT ( 'NONE',  ( -39.21739002952769226, 77.60064330922752163, -8.811292987092931739 ) ) ;
#2754 = CARTESIAN_POINT ( 'NONE',  ( 12.69960888379110742, 8.914741298072964781, -25.39921776758222549 ) ) ;
#2755 = CARTESIAN_POINT ( 'NONE',  ( -47.32961259789560415, 56.70674395742900487, 7.953705171622721615 ) ) ;
#2756 = PERSON_AND_ORGANIZATION ( #1933, #2841 ) ;
#2757 = EDGE_CURVE ( 'NONE', #1553, #752, #1244, .T. ) ;
#2758 = CARTESIAN_POINT ( 'NONE',  ( -51.50879718883815883, 80.76472459165836426, 9.110989647054223539 ) ) ;
#2759 = DIRECTION ( 'NONE',  ( -0.0000000000000000000, -1.000000000000000000, -0.0000000000000000000 ) ) ;
#2760 = CARTESIAN_POINT ( 'NONE',  ( -15.53514178641577637, 74.90801557756674356, -4.333551630684463696 ) ) ;
#2761 = CARTESIAN_POINT ( 'NONE',  ( -50.05211927435395580, 49.95000070117317392, 9.184381886908135427E-15 ) ) ;
#2762 = CARTESIAN_POINT ( 'NONE',  ( -20.72565175434137075, 84.58064116497602924, -21.74931250922260872 ) ) ;
#2763 = CARTESIAN_POINT ( 'NONE',  ( -39.01659306614497780, 66.12070652381514435, 21.92988966478087320 ) ) ;
#2764 = DIRECTION ( 'NONE',  ( -0.0000000000000000000, -1.000000000000000000, -0.0000000000000000000 ) ) ;
#2765 = CARTESIAN_POINT ( 'NONE',  ( -15.49667465746842687, 75.23469414767014030, -3.647429949966892515 ) ) ;
#2766 = DIRECTION ( 'NONE',  ( 0.0000000000000000000, 0.0000000000000000000, -1.000000000000000000 ) ) ;
#2767 = FACE_OUTER_BOUND ( 'NONE', #2893, .T. ) ;
#2768 = ORIENTED_EDGE ( 'NONE', *, *, #912, .F. ) ;
#2769 = CARTESIAN_POINT ( 'NONE',  ( -40.65777335120910863, 66.03571981202209429, -21.27468224677999231 ) ) ;
#2770 = CARTESIAN_POINT ( 'NONE',  ( -12.69960888379111807, 8.914741298072964781, -25.39921776758222194 ) ) ;
#2771 = CARTESIAN_POINT ( 'NONE',  ( -48.17163331091281009, 55.68433462518352428, 1.626500445452858434 ) ) ;
#2772 = CARTESIAN_POINT ( 'NONE',  ( -23.09455656934779100, 69.86980075562156856, 9.971495823861632246 ) ) ;
#2773 = CARTESIAN_POINT ( 'NONE',  ( -45.41057436813235881, 68.92051958885602403, 9.284536149555782103 ) ) ;
#2774 = DIRECTION ( 'NONE',  ( -0.0000000000000000000, -0.0000000000000000000, -1.000000000000000000 ) ) ;
#2775 = ADVANCED_FACE ( 'NONE', ( #2158 ), #1815, .F. ) ;
#2776 = CARTESIAN_POINT ( 'NONE',  ( -31.31486605697736181, 86.09817341595302764, -2.583991702867625584 ) ) ;
#2777 = TOROIDAL_SURFACE ( 'NONE', #3030, 40.00000000000001421, 9.000000000000001776 ) ;
#2778 = CARTESIAN_POINT ( 'NONE',  ( -40.27747909425185924, 84.18132748695984446, -0.2583489451080331345 ) ) ;
#2779 = CARTESIAN_POINT ( 'NONE',  ( 16.59247315451354865, 92.69986550085179999, -4.092863201132779238E-15 ) ) ;
#2780 = CARTESIAN_POINT ( 'NONE',  ( -15.68655686691215756, 75.99760258627310350, 1.692903484831713934 ) ) ;
#2781 = CARTESIAN_POINT ( 'NONE',  ( -24.96206165441115488, 80.47514183360898699, -24.16083417165424407 ) ) ;
#2782 = AXIS2_PLACEMENT_3D ( 'NONE', #1961, #998, #531 ) ;
#2783 = CARTESIAN_POINT ( 'NONE',  ( -15.50713584238439324, 75.37733971927920607, -3.339338402124155891 ) ) ;
#2784 = CARTESIAN_POINT ( 'NONE',  ( -38.29021041441982476, 144.1159673639782000, 1.224646799147352665E-15 ) ) ;
#2785 = CARTESIAN_POINT ( 'NONE',  ( -38.29021041441978213, 114.1159673639782000, 0.0000000000000000000 ) ) ;
#2786 = CIRCLE ( 'NONE', #1303, 22.41887471888016492 ) ;
#2787 = CARTESIAN_POINT ( 'NONE',  ( -15.84226779065708435, 3.177435360218610061, 1.940118254106340873E-15 ) ) ;
#2788 = EDGE_LOOP ( 'NONE', ( #3150, #2638, #609, #2686, #1661, #1003 ) ) ;
#2789 = CARTESIAN_POINT ( 'NONE',  ( -56.01610930968396929, 76.25270505320128223, -9.836617913696136029 ) ) ;
#2790 = CARTESIAN_POINT ( 'NONE',  ( 10.99999999999999467, 18.52522561770877729, -22.00000000000000000 ) ) ;
#2791 = CARTESIAN_POINT ( 'NONE',  ( -27.80068668103723439, 87.36672219733154066, 2.250403608074694084 ) ) ;
#2792 = DATE_AND_TIME ( #2605, #2525 ) ;
#2793 = CARTESIAN_POINT ( 'NONE',  ( -40.64393851865514762, 66.05962110772784968, 21.30922749298787977 ) ) ;
#2794 = DIRECTION ( 'NONE',  ( -0.07165084821175643492, -0.9974297749468560292, 0.0000000000000000000 ) ) ;
#2795 = CARTESIAN_POINT ( 'NONE',  ( -30.79847483650995699, 85.74040666396453503, -2.498297347188971784 ) ) ;
#2796 = CARTESIAN_POINT ( 'NONE',  ( -16.74210282031573627, 88.37763021407593556, -17.65046934929933187 ) ) ;
#2797 = CARTESIAN_POINT ( 'NONE',  ( -19.01864144482319929, 91.07739003064354222, -10.74279146667652363 ) ) ;
#2798 = CARTESIAN_POINT ( 'NONE',  ( -15.49728807622050297, 75.18384458621804356, 3.755011810881810241 ) ) ;
#2799 = CARTESIAN_POINT ( 'NONE',  ( -31.18294277151006355, 74.29159270191217956, -25.11994625834416439 ) ) ;
#2800 = CARTESIAN_POINT ( 'NONE',  ( -52.58981314224931225, 79.88990858189296773, -9.573471546526734599 ) ) ;
#2801 = CARTESIAN_POINT ( 'NONE',  ( -33.70231002316112523, 87.43047838441971464, 3.839086713478824020 ) ) ;
#2802 = DIRECTION ( 'NONE',  ( -0.0000000000000000000, -0.0000000000000000000, -1.000000000000000000 ) ) ;
#2803 = CARTESIAN_POINT ( 'NONE',  ( -17.06908240175222957, 2.033223015840947223, 2.090359712768828377E-15 ) ) ;
#2804 = ORIENTED_EDGE ( 'NONE', *, *, #2537, .F. ) ;
#2805 = CARTESIAN_POINT ( 'NONE',  ( -37.61629315503163440, 71.22350190990002261, -21.24405384918531325 ) ) ;
#2806 = CARTESIAN_POINT ( 'NONE',  ( 11.66248621688090736, 12.78624204773031359, -2.856485283120665169E-15 ) ) ;
#2807 = CARTESIAN_POINT ( 'NONE',  ( 22.41887471888016492, 0.5939137725713728999, 44.83774943776032273 ) ) ;
#2808 = CARTESIAN_POINT ( 'NONE',  ( -16.10317361621982357, 74.31410823508628027, 5.726506115596156299 ) ) ;
#2809 = CARTESIAN_POINT ( 'NONE',  ( -45.05874777292868316, 58.50725059311959342, 18.07392988071729434 ) ) ;
#2810 = CARTESIAN_POINT ( 'NONE',  ( -44.33272143741645266, 30.00000000000000000, 0.0000000000000000000 ) ) ;
#2811 = CARTESIAN_POINT ( 'NONE',  ( -14.27792236772801360, 90.92139102025105046, -12.83051748198714925 ) ) ;
#2812 = CARTESIAN_POINT ( 'NONE',  ( -42.33415206787471163, 62.48816239205077494, -18.71305183541932493 ) ) ;
#2813 = CARTESIAN_POINT ( 'NONE',  ( -19.59840195089056536, 90.73416914713166648, 0.3726853711685582660 ) ) ;
#2814 = CARTESIAN_POINT ( 'NONE',  ( -15.49684360250429727, 75.21540508668392988, 3.688230829865505989 ) ) ;
#2815 = CARTESIAN_POINT ( 'NONE',  ( -41.29492094982597905, 63.64296299054134209, -19.91437731843798886 ) ) ;
#2816 = CARTESIAN_POINT ( 'NONE',  ( -60.80219863337486430, 69.70969857423405358, -2.145937845933346466 ) ) ;
#2817 = CARTESIAN_POINT ( 'NONE',  ( -10.00000000000000178, 103.7349440686690087, 1.224646799147353256E-15 ) ) ;
#2818 = EDGE_CURVE ( 'NONE', #259, #2376, #2653, .T. ) ;
#2819 = ORIENTED_EDGE ( 'NONE', *, *, #3129, .F. ) ;
#2820 = CARTESIAN_POINT ( 'NONE',  ( -49.83532251222197118, 81.84939884927902654, -8.200770164821523878 ) ) ;
#2821 = CARTESIAN_POINT ( 'NONE',  ( -17.35880605406203614, 75.69238376519281530, -5.223740758639111803 ) ) ;
#2822 = CARTESIAN_POINT ( 'NONE',  ( 20.81640068260460197, -3.469446951953614189E-15, 0.0000000000000000000 ) ) ;
#2823 = DATE_AND_TIME ( #374, #1364 ) ;
#2824 = CARTESIAN_POINT ( 'NONE',  ( -38.29021041441978213, 114.1159673639782000, 1.224646799147353454E-15 ) ) ;
#2825 = CARTESIAN_POINT ( 'NONE',  ( -47.18655748986175524, 66.12825581237819961, 7.237949654631408158 ) ) ;
#2826 = CARTESIAN_POINT ( 'NONE',  ( 1.163414459189984302E-15, 30.00000000000000000, 9.000000000000001776 ) ) ;
#2827 = CARTESIAN_POINT ( 'NONE',  ( -15.66643467388448663, 74.66298715368520789, -4.863688713348421899 ) ) ;
#2828 = CARTESIAN_POINT ( 'NONE',  ( -16.39886646433144790, 92.89521719807942191, 2.008281932518838011E-15 ) ) ;
#2829 = CARTESIAN_POINT ( 'NONE',  ( -22.68659726638273000, 70.11496839027185501, -9.928703802663616074 ) ) ;
#2830 = CARTESIAN_POINT ( 'NONE',  ( -15.49788028967789089, 75.16550317600351150, -3.793724235761310126 ) ) ;
#2831 = CIRCLE ( 'NONE', #1806, 49.24433110364409316 ) ;
#2832 = CARTESIAN_POINT ( 'NONE',  ( -16.84974708665311383, 92.31442411174998597, -2.819796116089760663 ) ) ;
#2833 = CIRCLE ( 'NONE', #1446, 11.00000000000000000 ) ;
#2834 = DIRECTION ( 'NONE',  ( 0.0000000000000000000, -1.000000000000000000, 0.0000000000000000000 ) ) ;
#2835 = VERTEX_POINT ( 'NONE', #623 ) ;
#2836 = CARTESIAN_POINT ( 'NONE',  ( -44.15955221223925520, 83.59839468727865608, -4.519764242887273298 ) ) ;
#2837 = CARTESIAN_POINT ( 'NONE',  ( -9.999999999999998224, 20.00000000000000355, 1.836970204553206451E-15 ) ) ;
#2838 = EDGE_CURVE ( 'NONE', #2209, #1186, #1610, .T. ) ;
#2839 = AXIS2_PLACEMENT_3D ( 'NONE', #41, #320, #1807 ) ;
#2840 = CARTESIAN_POINT ( 'NONE',  ( -45.06906294091392340, 58.48960797354170182, 18.07016790649529270 ) ) ;
#2841 = ORGANIZATION ( 'UNSPECIFIED', 'UNSPECIFIED', '' ) ;
#2842 = CARTESIAN_POINT ( 'NONE',  ( -59.13398427650214728, 72.12266657981055573, 7.282117574997805320 ) ) ;
#2843 = DIRECTION ( 'NONE',  ( -0.9974297749468560292, 0.07165084821175615737, 0.0000000000000000000 ) ) ;
#2844 = CARTESIAN_POINT ( 'NONE',  ( -40.44865645345910821, 84.06889324433478805, 1.573059714035820456 ) ) ;
#2845 = CARTESIAN_POINT ( 'NONE',  ( -15.67155375951409901, 75.96204724569524558, -1.817968791998785916 ) ) ;
#2846 = CARTESIAN_POINT ( 'NONE',  ( -16.19538594153506850, 92.07014316961817713, -6.325772024227727997 ) ) ;
#2847 = ORIENTED_EDGE ( 'NONE', *, *, #684, .F. ) ;
#2848 = CARTESIAN_POINT ( 'NONE',  ( -42.92078736642034897, 83.77130766717301924, -3.672142202299435887 ) ) ;
#2849 = CARTESIAN_POINT ( 'NONE',  ( 1.347111479062088405E-15, 20.00000000000000355, 11.00000000000000000 ) ) ;
#2850 = CARTESIAN_POINT ( 'NONE',  ( 9.000000000000001776, 115.8257569495584249, 0.0000000000000000000 ) ) ;
#2851 = CARTESIAN_POINT ( 'NONE',  ( -49.17824415018268525, 51.44834118089156760, -8.471749022296727105 ) ) ;
#2852 = CARTESIAN_POINT ( 'NONE',  ( 18.04718298784626640, 91.54474346039792465, 0.0000000000000000000 ) ) ;
#2853 = CARTESIAN_POINT ( 'NONE',  ( -20.00000009524666922, -3.469446951953614189E-15, 40.00000019049333844 ) ) ;
#2854 = EDGE_CURVE ( 'NONE', #1921, #1409, #887, .T. ) ;
#2855 = CARTESIAN_POINT ( 'NONE',  ( -20.00000000000001066, 91.65153076140052235, 2.449293598294708091E-15 ) ) ;
#2856 = DIRECTION ( 'NONE',  ( 0.0000000000000000000, 0.0000000000000000000, 1.000000000000000000 ) ) ;
#2857 = CARTESIAN_POINT ( 'NONE',  ( -42.60537663286720544, 83.81181486517890278, 3.455193754084296742 ) ) ;
#2858 = CARTESIAN_POINT ( 'NONE',  ( -15.57256156036713080, 75.68372083306307729, -2.622675746119637719 ) ) ;
#2859 = CARTESIAN_POINT ( 'NONE',  ( 20.00000000000001066, 91.65153076140052235, -4.898587196589416181E-15 ) ) ;
#2860 = CARTESIAN_POINT ( 'NONE',  ( -14.24095925742107305, 90.73416914713166648, -13.46964486699728525 ) ) ;
#2861 = EDGE_LOOP ( 'NONE', ( #3133, #1892, #1060, #228, #870, #1315 ) ) ;
#2862 = CARTESIAN_POINT ( 'NONE',  ( -44.56734842547652420, 83.53391929865753696, -4.791581749097308496 ) ) ;
#2863 = DIRECTION ( 'NONE',  ( -1.000000000000000000, 0.0000000000000000000, 0.0000000000000000000 ) ) ;
#2864 = CARTESIAN_POINT ( 'NONE',  ( -29.34543228476542609, 85.03417669923166500, 10.27250775508974101 ) ) ;
#2865 = ORIENTED_EDGE ( 'NONE', *, *, #629, .T. ) ;
#2866 = CARTESIAN_POINT ( 'NONE',  ( -49.57546142631545649, 50.76730639917576582, 6.305358678782557291 ) ) ;
#2867 = CARTESIAN_POINT ( 'NONE',  ( 9.000000000000003553, 112.9799908217112119, 18.00000000000000711 ) ) ;
#2868 = CARTESIAN_POINT ( 'NONE',  ( 0.0000000000000000000, -3.469446951953614189E-15, 0.0000000000000000000 ) ) ;
#2869 = CARTESIAN_POINT ( 'NONE',  ( -19.53423666221586785, 0.9813403534398139616, 39.06847332443173570 ) ) ;
#2870 = EDGE_CURVE ( 'NONE', #2433, #337, #221, .T. ) ;
#2871 = CARTESIAN_POINT ( 'NONE',  ( -54.84862140469559222, 77.62327986041201200, 10.00558214002974111 ) ) ;
#2872 = CARTESIAN_POINT ( 'NONE',  ( -16.54484279845382488, 92.20591944591579647, 4.881158813941402386 ) ) ;
#2873 = CARTESIAN_POINT ( 'NONE',  ( -16.98586058421286182, 92.36219783178925979, -1.187963693258467623 ) ) ;
#2874 = AXIS2_PLACEMENT_3D ( 'NONE', #1420, #1135, #2112 ) ;
#2875 = CARTESIAN_POINT ( 'NONE',  ( -14.24095925742117075, 90.73416914713165227, 13.46964486699720531 ) ) ;
#2876 = ORIENTED_EDGE ( 'NONE', *, *, #668, .T. ) ;
#2877 = DIRECTION ( 'NONE',  ( 0.0000000000000000000, 0.0000000000000000000, -1.000000000000000000 ) ) ;
#2878 = CARTESIAN_POINT ( 'NONE',  ( -29.91308866862936711, 84.13282429797028783, 11.98283478627816834 ) ) ;
#2879 = ORIENTED_EDGE ( 'NONE', *, *, #525, .T. ) ;
#2880 = CIRCLE ( 'NONE', #2016, 48.29021041441976081 ) ;
#2881 = CARTESIAN_POINT ( 'NONE',  ( -48.84332556153557192, 63.45884031397680047, 1.161640092466268648 ) ) ;
#2882 = CARTESIAN_POINT ( 'NONE',  ( 12.81525250008625783, 97.70829599837496460, 0.0000000000000000000 ) ) ;
#2883 = CARTESIAN_POINT ( 'NONE',  ( -15.61099821639982999, 74.75000736591282191, 4.672134140713998463 ) ) ;
#2884 = TOROIDAL_SURFACE ( 'NONE', #622, 40.00000000000001421, 10.00000000000000178 ) ;
#2885 = CARTESIAN_POINT ( 'NONE',  ( -43.93973385262972187, 83.63015296396497433, 4.370386077608410247 ) ) ;
#2886 = DIRECTION ( 'NONE',  ( -1.000000000000000000, 0.0000000000000000000, 0.0000000000000000000 ) ) ;
#2887 = CARTESIAN_POINT ( 'NONE',  ( -15.77450852792928337, 76.18949445317140601, -0.7454139925674618805 ) ) ;
#2888 = CARTESIAN_POINT ( 'NONE',  ( -14.40687753355465439, 91.08392600729199273, -12.20728614061342654 ) ) ;
#2889 = ORIENTED_EDGE ( 'NONE', *, *, #930, .F. ) ;
#2890 = CARTESIAN_POINT ( 'NONE',  ( -40.44865645345910110, 84.06889324433477384, -1.573059714035822232 ) ) ;
#2891 = CARTESIAN_POINT ( 'NONE',  ( -34.70910645719572329, 63.84575699555708184, 4.047943283686016969 ) ) ;
#2892 = DIRECTION ( 'NONE',  ( 0.0000000000000000000, 1.000000000000000000, 0.0000000000000000000 ) ) ;
#2893 = EDGE_LOOP ( 'NONE', ( #1228, #889, #1681, #2901 ) ) ;
#2894 = CARTESIAN_POINT ( 'NONE',  ( -49.52394738470457725, 50.85563091818089276, 6.628261410019386624 ) ) ;
#2895 = CARTESIAN_POINT ( 'NONE',  ( -9.250144553976070938, 110.1348626610737114, 1.132815991967711635E-15 ) ) ;
#2896 = CARTESIAN_POINT ( 'NONE',  ( -15.52579106384339269, 74.95701689363214371, 4.230925535001007987 ) ) ;
#2897 = CARTESIAN_POINT ( 'NONE',  ( -14.38734483474506831, 91.06244217247368056, 12.29195170399672321 ) ) ;
#2898 = CARTESIAN_POINT ( 'NONE',  ( -15.75012045228530155, 76.13890786352544637, -1.084719175651323475 ) ) ;
#2899 = CARTESIAN_POINT ( 'NONE',  ( -24.96979557109712289, 68.76933215548316980, -9.956810590861202570 ) ) ;
#2900 = CARTESIAN_POINT ( 'NONE',  ( -25.65441937222340485, 79.79657683839167248, 24.40566495795878055 ) ) ;
#2901 = ORIENTED_EDGE ( 'NONE', *, *, #1269, .F. ) ;
#2902 = CARTESIAN_POINT ( 'NONE',  ( -25.65441937228007063, 79.79657683844428107, 24.40566495782631051 ) ) ;
#2903 = CARTESIAN_POINT ( 'NONE',  ( -34.11441060168883155, 64.10656370077433053, -4.916175780145002783 ) ) ;
#2904 = ADVANCED_FACE ( 'NONE', ( #198 ), #1908, .F. ) ;
#2905 = ORIENTED_EDGE ( 'NONE', *, *, #525, .F. ) ;
#2906 = CARTESIAN_POINT ( 'NONE',  ( -48.76243643298186470, 63.59023115555775973, 2.010537567272749016 ) ) ;
#2907 = FACE_OUTER_BOUND ( 'NONE', #190, .T. ) ;
#2908 = CARTESIAN_POINT ( 'NONE',  ( -40.31274556639761641, 66.62504969836449220, -21.35550381613618853 ) ) ;
#2909 = CARTESIAN_POINT ( 'NONE',  ( -21.35399576888963580, 1.180385715512802580, 42.70799153777927160 ) ) ;
#2910 = CARTESIAN_POINT ( 'NONE',  ( -15.92694174877101432, 91.96266049314691315, 7.315136103815730095 ) ) ;
#2911 = LINE ( 'NONE', #4, #1963 ) ;
#2912 = CARTESIAN_POINT ( 'NONE',  ( 5.226104071462557066, 115.8257569495584107, -9.050092325408092719 ) ) ;
#2913 = CARTESIAN_POINT ( 'NONE',  ( -25.34907886366137220, 68.55223983074893113, -9.913583844633267361 ) ) ;
#2914 = CARTESIAN_POINT ( 'NONE',  ( -16.28990982573874646, 74.18951406277675176, -6.007660188609730945 ) ) ;
#2915 = ORIENTED_EDGE ( 'NONE', *, *, #1035, .T. ) ;
#2916 = CARTESIAN_POINT ( 'NONE',  ( -35.41762882898871823, 83.40894682103117930, 9.018901763667257043 ) ) ;
#2917 = CARTESIAN_POINT ( 'NONE',  ( -45.44846188661135500, 66.90898577996733820, -4.644383675115338228 ) ) ;
#2918 = ORIENTED_EDGE ( 'NONE', *, *, #751, .F. ) ;
#2919 = CARTESIAN_POINT ( 'NONE',  ( -49.03881607642492924, 51.68737997366416437, -9.087540482189680802 ) ) ;
#2920 = CARTESIAN_POINT ( 'NONE',  ( -34.59785696509884190, 63.89432237857163699, 4.226480229719115300 ) ) ;
#2921 = CIRCLE ( 'NONE', #308, 9.000000000000001776 ) ;
#2922 = CARTESIAN_POINT ( 'NONE',  ( -21.62671770916060154, 0.1989596473990740688, 2.648509061858691079E-15 ) ) ;
#2923 = CARTESIAN_POINT ( 'NONE',  ( -59.89845366144056982, 71.03000910726213135, 5.733872816446949905 ) ) ;
#2924 = TOROIDAL_SURFACE ( 'NONE', #935, 38.29021041441976791, 9.000000000000001776 ) ;
#2925 = CARTESIAN_POINT ( 'NONE',  ( 11.08407426922550876, 17.05051159162364627, 0.0000000000000000000 ) ) ;
#2926 = CARTESIAN_POINT ( 'NONE',  ( -42.81594319366192281, 72.80827405795457707, 10.12127171726897146 ) ) ;
#2927 = CARTESIAN_POINT ( 'NONE',  ( -16.22118787569003118, 92.08015525162578285, 6.221792059385614415 ) ) ;
#2928 = PRODUCT_DEFINITION_FORMATION_WITH_SPECIFIED_SOURCE ( 'ANY', '', #877, .NOT_KNOWN. ) ;
#2929 = CARTESIAN_POINT ( 'NONE',  ( -15.76922004488844387, 76.18195587088025889, 0.9175943965337232111 ) ) ;
#2930 = CARTESIAN_POINT ( 'NONE',  ( -14.48215743801607758, 91.15714044252099768, -11.90974220366001823 ) ) ;
#2931 = CARTESIAN_POINT ( 'NONE',  ( -16.74210282036025887, 88.37763021407603503, -17.65046934925693378 ) ) ;
#2932 = EDGE_LOOP ( 'NONE', ( #1503, #1695, #1830, #1040 ) ) ;
#2933 = CARTESIAN_POINT ( 'NONE',  ( -22.94401634546431978, 82.44382049032648752, 23.28068908993723696 ) ) ;
#2934 = CARTESIAN_POINT ( 'NONE',  ( -46.06728776546515292, 65.83265778227203668, -0.4976169135084311246 ) ) ;
#2935 = EDGE_LOOP ( 'NONE', ( #199, #132, #2865, #718 ) ) ;
#2936 = CARTESIAN_POINT ( 'NONE',  ( -47.59860440531913639, 54.15605201275807445, -13.60426087320488797 ) ) ;
#2937 = CARTESIAN_POINT ( 'NONE',  ( 21.97267762108945632, 1.488848490817995751, -43.94535524217893396 ) ) ;
#2938 = CARTESIAN_POINT ( 'NONE',  ( -59.23942652682760013, 71.97458518103780989, 7.116559326847841760 ) ) ;
#2939 = CARTESIAN_POINT ( 'NONE',  ( -38.10419020316843586, 70.39249534418985377, 21.35391791601877998 ) ) ;
#2940 = CARTESIAN_POINT ( 'NONE',  ( -15.86510822132916942, 91.93676472214373518, 7.527468523655534760 ) ) ;
#2941 = EDGE_CURVE ( 'NONE', #2527, #2387, #1452, .T. ) ;
#2942 = DIRECTION ( 'NONE',  ( 0.0000000000000000000, 0.0000000000000000000, 1.000000000000000000 ) ) ;
#2943 = CARTESIAN_POINT ( 'NONE',  ( -34.36828240394521572, 82.78038425815532264, 3.827907587243928766 ) ) ;
#2944 = CARTESIAN_POINT ( 'NONE',  ( -27.89895711304780335, 83.73721953055651568, 1.137435969717920603 ) ) ;
#2945 = CARTESIAN_POINT ( 'NONE',  ( -15.25558029973052676, 91.65362854696608963, -9.465195218617317607 ) ) ;
#2946 = CARTESIAN_POINT ( 'NONE',  ( -33.78429664232710650, 86.93955236713095758, -4.945510265380473669 ) ) ;
#2947 = CARTESIAN_POINT ( 'NONE',  ( -44.33272143741645266, 30.00000000000000000, 0.0000000000000000000 ) ) ;
#2948 = CARTESIAN_POINT ( 'NONE',  ( -31.18083961647555569, 74.28770747965862142, 25.05360920712153572 ) ) ;
#2949 = CARTESIAN_POINT ( 'NONE',  ( -45.46451160373680267, 66.88265087197792980, 4.657583890533522286 ) ) ;
#2950 = ORIENTED_EDGE ( 'NONE', *, *, #1058, .T. ) ;
#2951 = CARTESIAN_POINT ( 'NONE',  ( -58.86746216210472937, 72.49803258790350924, -7.686402531620086798 ) ) ;
#2952 = CARTESIAN_POINT ( 'NONE',  ( 21.35399576888962869, 1.180385715512802580, -42.70799153777927870 ) ) ;
#2953 = CARTESIAN_POINT ( 'NONE',  ( -36.60240091883760272, 72.94807185643624337, -20.85821034481719138 ) ) ;
#2954 = DATE_AND_TIME ( #1986, #2124 ) ;
#2955 = CARTESIAN_POINT ( 'NONE',  ( -12.69960888379111275, 8.914741298072964781, 1.555253536995807769E-15 ) ) ;
#2956 = CARTESIAN_POINT ( 'NONE',  ( -52.28918589854871612, 80.14773718148023818, 9.458559067045687385 ) ) ;
#2957 = CARTESIAN_POINT ( 'NONE',  ( -15.99852465758590547, 91.99189406797420077, 7.060886691077356225 ) ) ;
#2958 =( BOUNDED_CURVE ( )  B_SPLINE_CURVE ( 3, ( #2105, #1846, #2590, #891 ),
 .UNSPECIFIED., .F., .F. ) 
 B_SPLINE_CURVE_WITH_KNOTS ( ( 4, 4 ),
 ( 0.0000000000000000000, 1.570796326794896780 ),
 .UNSPECIFIED. ) 
 CURVE ( )  GEOMETRIC_REPRESENTATION_ITEM ( )  RATIONAL_B_SPLINE_CURVE ( ( 1.000000000000000000, 0.8047378541243649375, 0.8047378541243649375, 1.000000000000000000 ) ) 
 REPRESENTATION_ITEM ( '' )  );
#2959 = CARTESIAN_POINT ( 'NONE',  ( -22.94401634554658642, 82.44382049033080762, 23.28068908984711527 ) ) ;
#2960 = EDGE_CURVE ( 'NONE', #2968, #1816, #3090, .T. ) ;
#2961 = CARTESIAN_POINT ( 'NONE',  ( -31.31593358473486077, 86.09852140826865252, 2.584671628317198433 ) ) ;
#2962 = DIRECTION ( 'NONE',  ( 0.0000000000000000000, 0.0000000000000000000, 1.000000000000000000 ) ) ;
#2963 = CARTESIAN_POINT ( 'NONE',  ( -34.44473708523862854, 85.26561679082881540, -7.347290691703705967 ) ) ;
#2964 = EDGE_CURVE ( 'NONE', #1980, #1691, #2131, .T. ) ;
#2965 = ORIENTED_EDGE ( 'NONE', *, *, #1824, .F. ) ;
#2966 = CARTESIAN_POINT ( 'NONE',  ( -24.96321599347843545, 80.47402144085504005, 24.16144152431087733 ) ) ;
#2967 = DIRECTION ( 'NONE',  ( -1.000000000000000000, 0.0000000000000000000, 0.0000000000000000000 ) ) ;
#2968 = VERTEX_POINT ( 'NONE', #1149 ) ;
#2969 = CARTESIAN_POINT ( 'NONE',  ( -60.46572194293258917, 70.20461859105780889, -3.947989954147365310 ) ) ;
#2970 = CARTESIAN_POINT ( 'NONE',  ( 0.0000000000000000000, 30.00000000000000000, 0.0000000000000000000 ) ) ;
#2971 = CARTESIAN_POINT ( 'NONE',  ( -35.30091057923196729, 75.15710410880522829, -20.10209445510664850 ) ) ;
#2972 = CARTESIAN_POINT ( 'NONE',  ( 0.0000000000000000000, 0.5939137725713728999, 0.0000000000000000000 ) ) ;
#2973 = CARTESIAN_POINT ( 'NONE',  ( -11.66248621688090381, 12.78624204773031536, 23.32497243376180762 ) ) ;
#2974 = CIRCLE ( 'NONE', #2573, 31.00000000000001421 ) ;
#2975 = CARTESIAN_POINT ( 'NONE',  ( -51.64217203478802531, 80.66401732799056390, 9.174329971794003669 ) ) ;
#2976 = CARTESIAN_POINT ( 'NONE',  ( -16.28095991511770180, 92.10339468468278312, 5.977834816014904185 ) ) ;
#2977 = CIRCLE ( 'NONE', #453, 19.99999999999999645 ) ;
#2978 = CARTESIAN_POINT ( 'NONE',  ( -48.29361266149864917, 52.96483881464605048, 11.72564119142848149 ) ) ;
#2979 = CARTESIAN_POINT ( 'NONE',  ( -0.08556089456255164261, 115.8257569495584107, -8.999593287105904338 ) ) ;
#2980 = AXIS2_PLACEMENT_3D ( 'NONE', #1677, #1875, #2877 ) ;
#2981 = CARTESIAN_POINT ( 'NONE',  ( -18.85636436494921853, 72.50699549159426738, -8.536520334537962995 ) ) ;
#2982 = CIRCLE ( 'NONE', #1359, 30.00000000000001421 ) ;
#2983 = ORIENTED_EDGE ( 'NONE', *, *, #395, .F. ) ;
#2984 = CARTESIAN_POINT ( 'NONE',  ( -38.29021041441978213, 115.8257569495584107, 0.0000000000000000000 ) ) ;
#2985 = CARTESIAN_POINT ( 'NONE',  ( -44.74621501256996225, 59.74849832963360541, 14.96845869245580118 ) ) ;
#2986 = EDGE_CURVE ( 'NONE', #540, #337, #2613, .T. ) ;
#2987 = ORIENTED_EDGE ( 'NONE', *, *, #751, .T. ) ;
#2988 = CARTESIAN_POINT ( 'NONE',  ( -47.86113515212068847, 65.04711864765245366, -5.796901225572267613 ) ) ;
#2989 = CARTESIAN_POINT ( 'NONE',  ( 12.30461438829069643, 10.15306706476067866, -3.013761325072533833E-15 ) ) ;
#2990 = CARTESIAN_POINT ( 'NONE',  ( -20.81640068260460197, -3.469446951953614189E-15, 2.549273846572050891E-15 ) ) ;
#2991 = CARTESIAN_POINT ( 'NONE',  ( 0.0000000000000000000, 0.0000000000000000000, 0.0000000000000000000 ) ) ;
#2992 = CARTESIAN_POINT ( 'NONE',  ( -15.89591059071747026, 74.45284956128472231, 5.367188376428463137 ) ) ;
#2993 = CARTESIAN_POINT ( 'NONE',  ( -38.48228410638638763, 78.47619786200208125, 8.297609917535686108 ) ) ;
#2994 = CARTESIAN_POINT ( 'NONE',  ( -35.97807572843743174, 63.30068552412508609, 1.235561127405971822E-12 ) ) ;
#2995 = CARTESIAN_POINT ( 'NONE',  ( -27.58466779182282735, 83.51708853968631274, -0.5704445760205443250 ) ) ;
#2996 = CARTESIAN_POINT ( 'NONE',  ( -49.53219264989910897, 50.84149491572034663, 6.603849654851119411 ) ) ;
#2997 = CARTESIAN_POINT ( 'NONE',  ( -42.33316733806876186, 62.48927542605785845, 18.71449220223104248 ) ) ;
#2998 = CARTESIAN_POINT ( 'NONE',  ( -15.67655901469824542, 75.97409745435484751, 1.776949014868585364 ) ) ;
#2999 = CARTESIAN_POINT ( 'NONE',  ( -29.02442261778946531, 66.55312120740336468, -8.826654614879377192 ) ) ;
#3000 = CARTESIAN_POINT ( 'NONE',  ( -15.69665953514812529, 74.62706266966959845, -4.945621263039361004 ) ) ;
#3001 = FACE_OUTER_BOUND ( 'NONE', #1983, .T. ) ;
#3002 = CARTESIAN_POINT ( 'NONE',  ( 10.00000000000000178, 115.8257569495584249, 0.0000000000000000000 ) ) ;
#3003 = ORIENTED_EDGE ( 'NONE', *, *, #1542, .T. ) ;
#3004 = CARTESIAN_POINT ( 'NONE',  ( -52.04743608060443449, 80.35858771371057685, -9.369737172831460015 ) ) ;
#3005 = CARTESIAN_POINT ( 'NONE',  ( -14.12772647820410654, 5.650676201709704749, -28.25545295640819532 ) ) ;
#3006 = ADVANCED_FACE ( 'NONE', ( #2142 ), #2884, .T. ) ;
#3007 = CARTESIAN_POINT ( 'NONE',  ( -31.03982354513779285, 82.29645277770158884, -14.55540905240129490 ) ) ;
#3008 = FACE_OUTER_BOUND ( 'NONE', #180, .T. ) ;
#3009 = CARTESIAN_POINT ( 'NONE',  ( -22.72388967498769219, 70.09251507822060034, 9.933481524140049146 ) ) ;
#3010 = CARTESIAN_POINT ( 'NONE',  ( -44.18100688480671323, 60.01010267339852788, 19.08276245015439088 ) ) ;
#3011 = CARTESIAN_POINT ( 'NONE',  ( -9.999999999999992895, 8.284271247461902021, 1.224646799147352665E-15 ) ) ;
#3012 = CARTESIAN_POINT ( 'NONE',  ( -16.72530834448319581, 92.27022087226737312, -3.862257448110045566 ) ) ;
#3013 = CARTESIAN_POINT ( 'NONE',  ( -33.75976295171542318, 83.33964140534811804, 2.634399881869565530 ) ) ;
#3014 = CARTESIAN_POINT ( 'NONE',  ( -39.59171181779415605, 65.49792283447749242, -21.45218729101483390 ) ) ;
#3015 = CARTESIAN_POINT ( 'NONE',  ( -9.950369466738559154, 92.69986550085179999, -16.49862289783191471 ) ) ;
#3016 = CARTESIAN_POINT ( 'NONE',  ( -16.81871430916885046, 73.83825701027593880, -6.712379508307555476 ) ) ;
#3017 = CARTESIAN_POINT ( 'NONE',  ( -36.27251427262471140, 81.92113334579721595, -9.948398466580803401 ) ) ;
#3018 = CARTESIAN_POINT ( 'NONE',  ( -15.51782174740881892, 74.99912460127310965, -4.142744582706957779 ) ) ;
#3019 = CARTESIAN_POINT ( 'NONE',  ( -44.33272143741645266, 30.00000000000000000, 0.0000000000000000000 ) ) ;
#3020 = CARTESIAN_POINT ( 'NONE',  ( -34.10478058158593484, 64.11200883474813850, 4.903960849424298551 ) ) ;
#3021 = CARTESIAN_POINT ( 'NONE',  ( -33.99684729878458000, 64.15903732595398878, -5.058867527524674834 ) ) ;
#3022 = ORIENTED_EDGE ( 'NONE', *, *, #1250, .T. ) ;
#3023 = CARTESIAN_POINT ( 'NONE',  ( -48.60181714273658571, 82.44391892562096302, -7.436510005215668961 ) ) ;
#3024 = CARTESIAN_POINT ( 'NONE',  ( 14.12772647820410299, 5.650676201709704749, -3.460295002152392736E-15 ) ) ;
#3025 = CARTESIAN_POINT ( 'NONE',  ( -32.31884193832161856, 80.17738267508943295, -16.81995167524911849 ) ) ;
#3026 = PERSON_AND_ORGANIZATION_ROLE ( 'design_owner' ) ;
#3027 = ORIENTED_EDGE ( 'NONE', *, *, #689, .F. ) ;
#3028 = CARTESIAN_POINT ( 'NONE',  ( -44.09238714625450228, 70.92944845368757001, 9.943678010632041264 ) ) ;
#3029 = DIRECTION ( 'NONE',  ( 0.0000000000000000000, 0.0000000000000000000, 1.000000000000000000 ) ) ;
#3030 = AXIS2_PLACEMENT_3D ( 'NONE', #583, #2774, #1797 ) ;
#3031 = CARTESIAN_POINT ( 'NONE',  ( -15.80972028330091028, 93.49809482946577077, 1.936132334035944665E-15 ) ) ;
#3032 = CARTESIAN_POINT ( 'NONE',  ( -0.1863511068507243684, 90.73416914713166648, -19.60105932544284357 ) ) ;
#3033 = CARTESIAN_POINT ( 'NONE',  ( -17.63645840972948520, 73.29963784009376582, -7.580419036579344017 ) ) ;
#3034 = CARTESIAN_POINT ( 'NONE',  ( -23.80493515970029961, 69.44519979049040614, -10.02704418990258084 ) ) ;
#3035 = CIRCLE ( 'NONE', #2220, 9.999999999999998224 ) ;
#3036 = CARTESIAN_POINT ( 'NONE',  ( -52.06710347050734811, 80.33199763449374586, -9.367276533267093086 ) ) ;
#3037 = DIRECTION ( 'NONE',  ( -0.0000000000000000000, -0.0000000000000000000, -1.000000000000000000 ) ) ;
#3038 = CARTESIAN_POINT ( 'NONE',  ( -44.79162522961588877, 68.03347956439814936, 6.458322521284288520 ) ) ;
#3039 = ORIENTED_EDGE ( 'NONE', *, *, #2099, .T. ) ;
#3040 = CARTESIAN_POINT ( 'NONE',  ( -42.23998776433403890, 73.62575802001821046, -10.05946737769197696 ) ) ;
#3041 = CARTESIAN_POINT ( 'NONE',  ( -13.61112125455438537, 6.663431988327886302, -27.22224250910875298 ) ) ;
#3042 = CARTESIAN_POINT ( 'NONE',  ( -33.60778552763738247, 83.47616756769184576, -2.207428366723526381 ) ) ;
#3043 = APPROVAL_DATE_TIME ( #874, #645 ) ;
#3044 = CARTESIAN_POINT ( 'NONE',  ( -16.33299046712751945, 74.16077734410738742, 6.072230532059714747 ) ) ;
#3045 = DIRECTION ( 'NONE',  ( 0.0000000000000000000, 0.0000000000000000000, -1.000000000000000000 ) ) ;
#3046 = CARTESIAN_POINT ( 'NONE',  ( -40.34918548673630312, 84.13422403978154307, -1.053631562611780259 ) ) ;
#3047 = CARTESIAN_POINT ( 'NONE',  ( -0.1788313439223736812, 91.07739003064354222, -18.81010443516715824 ) ) ;
#3048 = CARTESIAN_POINT ( 'NONE',  ( -15.52466920667663430, 75.48739750262221548, 3.092807902572752621 ) ) ;
#3049 = EDGE_CURVE ( 'NONE', #1816, #2968, #2786, .T. ) ;
#3050 = CARTESIAN_POINT ( 'NONE',  ( -35.62048682523236920, 83.04966331979352390, -9.267442724217255900 ) ) ;
#3051 = CARTESIAN_POINT ( 'NONE',  ( -51.80277733747941937, 80.54328583510972805, -9.250873595624888424 ) ) ;
#3052 = CARTESIAN_POINT ( 'NONE',  ( -16.38418759303882410, 92.14322814670850903, -5.536427982566689998 ) ) ;
#3053 = CARTESIAN_POINT ( 'NONE',  ( -12.69960888379111275, 8.914741298072964781, 1.555253536995807769E-15 ) ) ;
#3054 = VERTEX_POINT ( 'NONE', #99 ) ;
#3055 = CARTESIAN_POINT ( 'NONE',  ( -34.67567258137778197, 76.21549113216440219, -19.59896293043381732 ) ) ;
#3056 = CARTESIAN_POINT ( 'NONE',  ( 13.61112125455438360, 6.663431988327885414, -3.333763215439306159E-15 ) ) ;
#3057 = CARTESIAN_POINT ( 'NONE',  ( -27.74213158124373635, 87.45044210978130650, -1.125177389776841119 ) ) ;
#3058 = PERSON_AND_ORGANIZATION_ROLE ( 'design_supplier' ) ;
#3059 = CARTESIAN_POINT ( 'NONE',  ( -55.70634235188263972, 76.63429937868255593, 9.930489660559226550 ) ) ;
#3060 = DIRECTION ( 'NONE',  ( 0.0000000000000000000, 0.0000000000000000000, 1.000000000000000000 ) ) ;
#3061 = CARTESIAN_POINT ( 'NONE',  ( -27.51381401970090579, 83.46682089626669665, 0.002004656657562149755 ) ) ;
#3062 = CARTESIAN_POINT ( 'NONE',  ( -40.27811491216989737, 84.18090979981265320, 0.5342592287733689549 ) ) ;
#3063 = CARTESIAN_POINT ( 'NONE',  ( -11.07355076323294440, 102.2110523352603195, -6.254960270963458413 ) ) ;
#3064 = CARTESIAN_POINT ( 'NONE',  ( -15.49705095552134893, 75.19640366202121129, 3.728455906996602121 ) ) ;
#3065 = CARTESIAN_POINT ( 'NONE',  ( -39.59171181779444737, 65.49792283445222552, -21.45218729103791944 ) ) ;
#3066 = EDGE_CURVE ( 'NONE', #1454, #2541, #130, .T. ) ;
#3067 = CARTESIAN_POINT ( 'NONE',  ( -58.76099607526452928, 72.64510349623948571, -7.815864809312548012 ) ) ;
#3068 = CARTESIAN_POINT ( 'NONE',  ( -20.00000000000001421, 91.65153076140050814, -40.00000000000001421 ) ) ;
#3069 = CARTESIAN_POINT ( 'NONE',  ( -17.31059070330045557, 89.61035911205077298, 11.49617732866748199 ) ) ;
#3070 = ORIENTED_EDGE ( 'NONE', *, *, #1917, .T. ) ;
#3071 = CARTESIAN_POINT ( 'NONE',  ( -53.74922282725444234, 78.79450764386145067, -9.900117550838405833 ) ) ;
#3072 = CARTESIAN_POINT ( 'NONE',  ( -20.00000000000000000, 91.65153076140050814, 2.597406957395458863E-15 ) ) ;
#3073 = CARTESIAN_POINT ( 'NONE',  ( -38.62373552910389662, 69.50715901578433886, 21.43949698516296820 ) ) ;
#3074 = DATE_TIME_ROLE ( 'creation_date' ) ;
#3075 = CARTESIAN_POINT ( 'NONE',  ( -57.93004114001004012, 73.78572172448249944, 8.746217843000060554 ) ) ;
#3076 = CARTESIAN_POINT ( 'NONE',  ( 0.0000000000000000000, 30.00000000000000000, -9.000000000000001776 ) ) ;
#3077 = CARTESIAN_POINT ( 'NONE',  ( -9.999999999999996447, 20.00000000000000355, 19.99999999999999289 ) ) ;
#3078 = B_SPLINE_CURVE_WITH_KNOTS ( 'NONE', 3,
 ( #2992, #2808, #3044, #841, #2563, #2581, #375, #1369, #1778, #2283, #83, #1065, #2039, #3009, #2772, #562, #1319, #1558, #2375, #690, #1878, #1648, #437, #3121, #1108, #2277, #1329, #1534 ),
 .UNSPECIFIED., .F., .F.,
 ( 4, 2, 2, 2, 2, 2, 2, 2, 2, 2, 2, 2, 2, 4 ),
 ( 0.03231867205402543658, 0.03362594522527149327, 0.03493321839651755689, 0.03624049156776361358, 0.03754776473900967027, 0.04016231108150176282, 0.04146958425274780563, 0.04277685742399384844, 0.04408413059523988431, 0.04539140376648592712, 0.04800595010897800580, 0.04931322328022406248, 0.05062049645147011223, 0.05323504279396224642 ),
 .UNSPECIFIED. ) ;
#3079 = DIRECTION ( 'NONE',  ( -0.0000000000000000000, -0.0000000000000000000, -1.000000000000000000 ) ) ;
#3080 = CIRCLE ( 'NONE', #504, 49.00000000000001421 ) ;
#3081 = CARTESIAN_POINT ( 'NONE',  ( -44.97117976056708955, 83.46871330022882773, 5.060215184256461995 ) ) ;
#3082 = CARTESIAN_POINT ( 'NONE',  ( -15.60531758869915642, 75.78706567730975507, -2.349863495192173080 ) ) ;
#3083 = CIRCLE ( 'NONE', #1700, 10.00000000000000178 ) ;
#3084 = CARTESIAN_POINT ( 'NONE',  ( -16.69706392439293552, 92.25998293066555789, -3.947613482445905930 ) ) ;
#3085 = AXIS2_PLACEMENT_3D ( 'NONE', #2507, #300, #1283 ) ;
#3086 = CARTESIAN_POINT ( 'NONE',  ( -20.55588928812511185, 83.23839905728719657, 7.082158146751671879 ) ) ;
#3087 = EDGE_LOOP ( 'NONE', ( #3109, #1572, #802, #2646 ) ) ;
#3088 = CARTESIAN_POINT ( 'NONE',  ( -41.29481710949013973, 63.64302896969205392, 19.91392076441036352 ) ) ;
#3089 = CARTESIAN_POINT ( 'NONE',  ( 20.00000000000000000, 91.65153076140050814, 0.0000000000000000000 ) ) ;
#3090 = CIRCLE ( 'NONE', #2380, 22.41887471888016492 ) ;
#3091 = CARTESIAN_POINT ( 'NONE',  ( -44.05501133116735701, 60.54308581346644758, 16.19594657234615553 ) ) ;
#3092 = ADVANCED_FACE ( 'NONE', ( #3008 ), #2627, .F. ) ;
#3093 = APPROVAL_DATE_TIME ( #2823, #500 ) ;
#3094 = CARTESIAN_POINT ( 'NONE',  ( -60.85724824848247749, 69.62828445411656730, -1.549588265067669113 ) ) ;
#3095 = CARTESIAN_POINT ( 'NONE',  ( 10.22672092310498293, 104.7498357589306863, 0.0000000000000000000 ) ) ;
#3096 = CARTESIAN_POINT ( 'NONE',  ( -10.00000000000000178, 103.7349440686690087, 1.224646799147353256E-15 ) ) ;
#3097 = CARTESIAN_POINT ( 'NONE',  ( 17.06908240175222602, 2.033223015840947223, 34.13816480350445204 ) ) ;
#3098 = CARTESIAN_POINT ( 'NONE',  ( -14.26357278474253754, 90.86858648038459307, 13.01161271153953258 ) ) ;
#3099 = CARTESIAN_POINT ( 'NONE',  ( -54.36361883996410427, 78.15510003037199738, 9.987204779207393912 ) ) ;
#3100 = CARTESIAN_POINT ( 'NONE',  ( -15.67988995369973537, 75.98192277322291943, -1.748897001926290384 ) ) ;
#3101 = CARTESIAN_POINT ( 'NONE',  ( -16.99447456936938394, 92.36520636909916959, -1.009353295445764687 ) ) ;
#3102 = CARTESIAN_POINT ( 'NONE',  ( 0.0000000000000000000, 115.8257569495584249, 0.0000000000000000000 ) ) ;
#3103 = EDGE_LOOP ( 'NONE', ( #2915, #1568, #2905, #225 ) ) ;
#3104 = CARTESIAN_POINT ( 'NONE',  ( -28.41441811797602668, 86.46975646378058400, -6.626027713306360312 ) ) ;
#3105 = DIRECTION ( 'NONE',  ( -1.000000000000000000, 0.0000000000000000000, 0.0000000000000000000 ) ) ;
#3106 = CARTESIAN_POINT ( 'NONE',  ( -34.67269192939402700, 76.21951819658423233, 19.56279534163253331 ) ) ;
#3107 = COORDINATED_UNIVERSAL_TIME_OFFSET ( 5, 0, .BEHIND. ) ;
#3108 = EDGE_CURVE ( 'NONE', #337, #159, #830, .T. ) ;
#3109 = ORIENTED_EDGE ( 'NONE', *, *, #1680, .F. ) ;
#3110 = CARTESIAN_POINT ( 'NONE',  ( -48.49783223445724190, 64.01938709633589042, -3.652143754919065177 ) ) ;
#3111 = DIRECTION ( 'NONE',  ( 1.541976423090494056E-15, -1.000000000000000000, 0.0000000000000000000 ) ) ;
#3112 = CARTESIAN_POINT ( 'NONE',  ( 19.53423666221587141, 0.9813403534398139616, 0.0000000000000000000 ) ) ;
#3113 = CARTESIAN_POINT ( 'NONE',  ( -38.29021041441978213, 114.1159673639782000, 0.0000000000000000000 ) ) ;
#3114 = CARTESIAN_POINT ( 'NONE',  ( -45.95974383036735844, 58.33616725672879255, -12.33073386750706568 ) ) ;
#3115 = CARTESIAN_POINT ( 'NONE',  ( -15.79124423515414577, 76.22347150837039464, -0.4535123817585953176 ) ) ;
#3116 = CARTESIAN_POINT ( 'NONE',  ( -15.82972829756596234, 91.92165326051396335, -7.646773211062908082 ) ) ;
#3117 = CARTESIAN_POINT ( 'NONE',  ( -16.65897424492541745, 75.02329442459017628, 5.258189538204598001 ) ) ;
#3118 = EDGE_LOOP ( 'NONE', ( #1212, #2205, #1466, #56 ) ) ;
#3119 = DIRECTION ( 'NONE',  ( 1.000000000000000000, 1.040834085586083468E-15, 0.0000000000000000000 ) ) ;
#3120 = CARTESIAN_POINT ( 'NONE',  ( -35.62775128807565039, 74.60252143866445351, 20.30011123372524651 ) ) ;
#3121 = CARTESIAN_POINT ( 'NONE',  ( -29.40477402834669718, 66.35662676658564862, 8.649105777770023096 ) ) ;
#3122 = EDGE_LOOP ( 'NONE', ( #837, #112, #1177, #1346, #1294, #577, #2447 ) ) ;
#3123 = CARTESIAN_POINT ( 'NONE',  ( -59.84210845383847044, 71.11103515498284366, 5.862122369758253626 ) ) ;
#3124 = CARTESIAN_POINT ( 'NONE',  ( 10.95262562556356656, 102.2110523352603195, 0.0000000000000000000 ) ) ;
#3125 = CARTESIAN_POINT ( 'NONE',  ( -15.49742863671883342, 75.17840122283774917, 3.766509595916258668 ) ) ;
#3126 = CARTESIAN_POINT ( 'NONE',  ( -9.999999999999998224, 103.7349440686690087, 19.99999999999999645 ) ) ;
#3127 = CARTESIAN_POINT ( 'NONE',  ( -21.97267762108945988, 1.488848490817995751, 43.94535524217893396 ) ) ;
#3128 = CARTESIAN_POINT ( 'NONE',  ( 0.0000000000000000000, 91.65153076140050814, 0.0000000000000000000 ) ) ;
#3129 = EDGE_CURVE ( 'NONE', #752, #2331, #514, .T. ) ;
#3130 = CARTESIAN_POINT ( 'NONE',  ( -15.61655947801014932, 75.81953778495532958, -2.259311726846679580 ) ) ;
#3131 = CARTESIAN_POINT ( 'NONE',  ( -14.47137510450469655, 91.14721267991953368, -11.95073948983248791 ) ) ;
#3132 = CARTESIAN_POINT ( 'NONE',  ( -19.81543968757086915, 85.45331275404143412, 21.00159557294718837 ) ) ;
#3133 = ORIENTED_EDGE ( 'NONE', *, *, #2614, .F. ) ;
#3134 = CARTESIAN_POINT ( 'NONE',  ( -30.71390012235213618, 65.69590965283414619, 7.935009802503837584 ) ) ;
#3135 = CARTESIAN_POINT ( 'NONE',  ( -45.96979943227368182, 66.00336187939356591, -1.935999059111329634 ) ) ;
#3136 = CARTESIAN_POINT ( 'NONE',  ( 12.81525250008625783, 97.70829599837496460, 0.0000000000000000000 ) ) ;
#3137 = VERTEX_POINT ( 'NONE', #1524 ) ;
#3138 = VECTOR ( 'NONE', #1136, 1000.000000000000114 ) ;
#3139 = CARTESIAN_POINT ( 'NONE',  ( -49.98688224947539283, 50.06186699511329152, 2.706019317014209946 ) ) ;
#3140 = CARTESIAN_POINT ( 'NONE',  ( 13.95086443972870782, 95.74422717311719566, 27.90172887945740499 ) ) ;
#3141 = CARTESIAN_POINT ( 'NONE',  ( -15.50280488500038878, 75.33530144528481287, 3.430963411044872124 ) ) ;
#3142 = CARTESIAN_POINT ( 'NONE',  ( 9.999999999999998224, 20.00000000000000355, 0.0000000000000000000 ) ) ;
#3143 = CARTESIAN_POINT ( 'NONE',  ( -14.24191995368029495, 90.79176224971696740, 13.27802914609541851 ) ) ;
#3144 = EDGE_CURVE ( 'NONE', #2541, #1186, #2173, .T. ) ;
#3145 = CARTESIAN_POINT ( 'NONE',  ( -15.53937563579984804, 75.55702253225872767, -2.931594810576891863 ) ) ;
#3146 = CARTESIAN_POINT ( 'NONE',  ( -28.68447808659126252, 66.72631453035748450, -9.000185043842375165 ) ) ;
#3147 = VERTEX_POINT ( 'NONE', #561 ) ;
#3148 = CARTESIAN_POINT ( 'NONE',  ( -23.80625352927699723, 69.44688886810281758, 10.00606615007419364 ) ) ;
#3149 = CARTESIAN_POINT ( 'NONE',  ( -44.87532423182822328, 67.89108474807841276, 6.265350703272918764 ) ) ;
#3150 = ORIENTED_EDGE ( 'NONE', *, *, #2964, .T. ) ;
#3151 = CARTESIAN_POINT ( 'NONE',  ( -59.78817561901514210, 71.18873242536699308, 5.989402765051768718 ) ) ;
#3152 = CARTESIAN_POINT ( 'NONE',  ( 19.53423666221586075, 0.9813403534398139616, -39.06847332443174281 ) ) ;
#3153 = CARTESIAN_POINT ( 'NONE',  ( -15.54135813292720236, 74.90362718807050157, 4.343112955086436244 ) ) ;
#3154 = FACE_OUTER_BOUND ( 'NONE', #624, .T. ) ;
#3155 = CARTESIAN_POINT ( 'NONE',  ( -44.14676316687237545, 83.59895304998859444, 4.509749883136078275 ) ) ;
#3156 = CARTESIAN_POINT ( 'NONE',  ( -14.59568253887827005, 91.25213658974237774, 11.50456722631018636 ) ) ;
#3157 = CARTESIAN_POINT ( 'NONE',  ( -15.60754016096535857, 75.81645013091481644, 2.299533600810039324 ) ) ;
#3158 = CARTESIAN_POINT ( 'NONE',  ( -44.33272143741645266, 30.00000000000000000, 0.0000000000000000000 ) ) ;
#3159 = EDGE_CURVE ( 'NONE', #1437, #1044, #2336, .T. ) ;
#3160 = ORIENTED_EDGE ( 'NONE', *, *, #2757, .F. ) ;
#3161 = CARTESIAN_POINT ( 'NONE',  ( -18.06266575244267614, 87.12560316641625491, 19.28630721170981843 ) ) ;
#3162 = CARTESIAN_POINT ( 'NONE',  ( -45.05050427064460905, 59.39436179709783659, -14.30710912821986724 ) ) ;
#3163 = ORIENTED_EDGE ( 'NONE', *, *, #2353, .T. ) ;
#3164 = CARTESIAN_POINT ( 'NONE',  ( -57.77160726165164562, 73.99838400271769956, -8.881826959503488439 ) ) ;
#3165 = DIRECTION ( 'NONE',  ( 0.0000000000000000000, 0.0000000000000000000, -1.000000000000000000 ) ) ;
#3166 = CARTESIAN_POINT ( 'NONE',  ( -33.45525029783124893, 78.27243292030419752, -18.31774598748581084 ) ) ;
#3167 = CARTESIAN_POINT ( 'NONE',  ( -47.30647044972612036, 56.73297330714694198, -7.931190885042759042 ) ) ;
ENDSEC;
END-ISO-10303-21;
