ISO-10303-21;
HEADER;
FILE_DESCRIPTION(('STEP AP242'),'1');
FILE_NAME('0617023B.step','2026-03-05T10:28:51',(' '),(' '),'Spatial InterOp 3D','ACISToSTEP',' ');
FILE_SCHEMA(('AP242_MANAGED_MODEL_BASED_3D_ENGINEERING_MIM_LF  {1 0 10303 442 1 1 4}'));
ENDSEC;
DATA;
#1=PRODUCT_DEFINITION_CONTEXT('',#16,'design');
#2=APPLICATION_PROTOCOL_DEFINITION('INTERNATIONAL STANDARD','ap242_managed_model_based_3d_engineering',2014,#16);
#3=PRODUCT_CATEGORY_RELATIONSHIP('NONE','NONE',#17,#18);
#4=SHAPE_DEFINITION_REPRESENTATION(#19,#20);
#5=PRODUCT_DEFINITION_CONTEXT('',#21,'design');
#6=APPLICATION_PROTOCOL_DEFINITION('INTERNATIONAL STANDARD','ap242_managed_model_based_3d_engineering',2014,#21);
#7=PRODUCT_CATEGORY_RELATIONSHIP('NONE','NONE',#22,#23);
#8=CONTEXT_DEPENDENT_SHAPE_REPRESENTATION(#24,#25);
#9=SHAPE_DEFINITION_REPRESENTATION(#26,#27);
#10=SHAPE_REPRESENTATION_RELATIONSHIP('NONE','NONE',#27,#28);
#11=MECHANICAL_DESIGN_GEOMETRIC_PRESENTATION_REPRESENTATION(' ',(#29,#30,#31,#32,#33,#34,#35,#36,#37,#38,#39,#40,#41,#42,#43,#44,#45,#46,#47,#48,#49,#50,#51,#52,#53,#54,#55,#56,#57,#58,#59,#60,#61,#62,#63,#64,#65,#66,#67,#68,#69,#70,#71,#72,#73,#74,#75,#76,#77,#78,#79,#80,#81,#82,#83,#84,#85,#86,#87,#88,#89,#90,#91,#92,#93,#94,#95,#96,#97,#98,#99,#100,#101,#102,#103,#104,#105,#106,#107,#108,#109,#110,#111,#112,#113,#114,#115,#116,#117,#118,#119,#120,#121,#122,#123,#124,#125,#126,#127,#128,#129,#130,#131,#132,#133,#134,#135,#136,#137,#138,#139,#140,#141,#142,#143,#144,#145,#146,#147,#148,#149,#150,#151,#152,#153,#154,#155,#156,#157,#158,#159,#160,#161,#162,#163,#164,#165,#166,#167,#168,#169,#170,#171,#172,#173,#174,#175,#176,#177,#178,#179,#180,#181,#182,#183,#184,#185,#186,#187,#188,#189,#190,#191,#192,#193,#194,#195,#196,#197,#198,#199,#200,#201,#202,#203,#204,#205,#206,#207,#208,#209,#210,#211,#212,#213,#214),#12);
#12= (GEOMETRIC_REPRESENTATION_CONTEXT(3)GLOBAL_UNCERTAINTY_ASSIGNED_CONTEXT((#217))GLOBAL_UNIT_ASSIGNED_CONTEXT((#219,#220,#221))REPRESENTATION_CONTEXT('NONE','WORKSPACE'));
#16=APPLICATION_CONTEXT('managed model based 3d engineering');
#17=PRODUCT_CATEGORY('part','NONE');
#18=PRODUCT_RELATED_PRODUCT_CATEGORY('detail',' ',(#223));
#19=PRODUCT_DEFINITION_SHAPE('NONE','NONE',#224);
#20=SHAPE_REPRESENTATION('Product',(#225,#226),#227);
#21=APPLICATION_CONTEXT('managed model based 3d engineering');
#22=PRODUCT_CATEGORY('part','NONE');
#23=PRODUCT_RELATED_PRODUCT_CATEGORY('detail',' ',(#228));
#24=(REPRESENTATION_RELATIONSHIP('','',#27,#20)REPRESENTATION_RELATIONSHIP_WITH_TRANSFORMATION(#231)SHAPE_REPRESENTATION_RELATIONSHIP());
#25=PRODUCT_DEFINITION_SHAPE('NAUO-PROD-DEF','NAUO-PROD-DEF',#233);
#26=PRODUCT_DEFINITION_SHAPE('NONE','NONE',#234);
#27=SHAPE_REPRESENTATION('Part',(#225),#227);
#28=ADVANCED_BREP_SHAPE_REPRESENTATION('',(#235,#236,#237,#238,#239,#240),#12);
#29=STYLED_ITEM('',(#241),#242);
#30=STYLED_ITEM('',(#243),#244);
#31=STYLED_ITEM('',(#245),#246);
#32=STYLED_ITEM('',(#247),#248);
#33=STYLED_ITEM('',(#249),#250);
#34=STYLED_ITEM('',(#251),#252);
#35=STYLED_ITEM('',(#253),#254);
#36=STYLED_ITEM('',(#255),#256);
#37=STYLED_ITEM('',(#257),#258);
#38=STYLED_ITEM('',(#259),#235);
#39=STYLED_ITEM('',(#260),#261);
#40=STYLED_ITEM('',(#262),#263);
#41=STYLED_ITEM('',(#264),#265);
#42=STYLED_ITEM('',(#266),#267);
#43=STYLED_ITEM('',(#268),#269);
#44=STYLED_ITEM('',(#270),#271);
#45=STYLED_ITEM('',(#272),#273);
#46=STYLED_ITEM('',(#274),#275);
#47=STYLED_ITEM('',(#276),#277);
#48=STYLED_ITEM('',(#278),#279);
#49=STYLED_ITEM('',(#280),#281);
#50=STYLED_ITEM('',(#282),#283);
#51=STYLED_ITEM('',(#284),#285);
#52=STYLED_ITEM('',(#286),#287);
#53=STYLED_ITEM('',(#288),#289);
#54=STYLED_ITEM('',(#290),#291);
#55=STYLED_ITEM('',(#292),#293);
#56=STYLED_ITEM('',(#294),#295);
#57=STYLED_ITEM('',(#296),#297);
#58=STYLED_ITEM('',(#298),#299);
#59=STYLED_ITEM('',(#300),#301);
#60=STYLED_ITEM('',(#302),#303);
#61=STYLED_ITEM('',(#304),#305);
#62=STYLED_ITEM('',(#306),#307);
#63=STYLED_ITEM('',(#308),#309);
#64=STYLED_ITEM('',(#310),#311);
#65=STYLED_ITEM('',(#312),#313);
#66=STYLED_ITEM('',(#314),#315);
#67=STYLED_ITEM('',(#316),#317);
#68=STYLED_ITEM('',(#318),#319);
#69=STYLED_ITEM('',(#320),#321);
#70=STYLED_ITEM('',(#322),#323);
#71=STYLED_ITEM('',(#324),#325);
#72=STYLED_ITEM('',(#326),#327);
#73=STYLED_ITEM('',(#328),#329);
#74=STYLED_ITEM('',(#330),#331);
#75=STYLED_ITEM('',(#332),#333);
#76=STYLED_ITEM('',(#334),#335);
#77=STYLED_ITEM('',(#336),#337);
#78=STYLED_ITEM('',(#338),#339);
#79=STYLED_ITEM('',(#340),#341);
#80=STYLED_ITEM('',(#342),#343);
#81=STYLED_ITEM('',(#344),#345);
#82=STYLED_ITEM('',(#346),#347);
#83=STYLED_ITEM('',(#348),#349);
#84=STYLED_ITEM('',(#350),#351);
#85=STYLED_ITEM('',(#352),#353);
#86=STYLED_ITEM('',(#354),#355);
#87=STYLED_ITEM('',(#356),#236);
#88=STYLED_ITEM('',(#357),#358);
#89=STYLED_ITEM('',(#359),#360);
#90=STYLED_ITEM('',(#361),#362);
#91=STYLED_ITEM('',(#363),#364);
#92=STYLED_ITEM('',(#365),#366);
#93=STYLED_ITEM('',(#367),#368);
#94=STYLED_ITEM('',(#369),#370);
#95=STYLED_ITEM('',(#371),#372);
#96=STYLED_ITEM('',(#373),#374);
#97=STYLED_ITEM('',(#375),#376);
#98=STYLED_ITEM('',(#377),#378);
#99=STYLED_ITEM('',(#379),#380);
#100=STYLED_ITEM('',(#381),#382);
#101=STYLED_ITEM('',(#383),#384);
#102=STYLED_ITEM('',(#385),#386);
#103=STYLED_ITEM('',(#387),#388);
#104=STYLED_ITEM('',(#389),#390);
#105=STYLED_ITEM('',(#391),#392);
#106=STYLED_ITEM('',(#393),#394);
#107=STYLED_ITEM('',(#395),#396);
#108=STYLED_ITEM('',(#397),#398);
#109=STYLED_ITEM('',(#399),#400);
#110=STYLED_ITEM('',(#401),#402);
#111=STYLED_ITEM('',(#403),#237);
#112=STYLED_ITEM('',(#404),#405);
#113=STYLED_ITEM('',(#406),#407);
#114=STYLED_ITEM('',(#408),#409);
#115=STYLED_ITEM('',(#410),#411);
#116=STYLED_ITEM('',(#412),#413);
#117=STYLED_ITEM('',(#414),#415);
#118=STYLED_ITEM('',(#416),#417);
#119=STYLED_ITEM('',(#418),#419);
#120=STYLED_ITEM('',(#420),#421);
#121=STYLED_ITEM('',(#422),#423);
#122=STYLED_ITEM('',(#424),#425);
#123=STYLED_ITEM('',(#426),#427);
#124=STYLED_ITEM('',(#428),#429);
#125=STYLED_ITEM('',(#430),#431);
#126=STYLED_ITEM('',(#432),#433);
#127=STYLED_ITEM('',(#434),#435);
#128=STYLED_ITEM('',(#436),#437);
#129=STYLED_ITEM('',(#438),#439);
#130=STYLED_ITEM('',(#440),#441);
#131=STYLED_ITEM('',(#442),#443);
#132=STYLED_ITEM('',(#444),#445);
#133=STYLED_ITEM('',(#446),#447);
#134=STYLED_ITEM('',(#448),#449);
#135=STYLED_ITEM('',(#450),#451);
#136=STYLED_ITEM('',(#452),#453);
#137=STYLED_ITEM('',(#454),#455);
#138=STYLED_ITEM('',(#456),#457);
#139=STYLED_ITEM('',(#458),#459);
#140=STYLED_ITEM('',(#460),#461);
#141=STYLED_ITEM('',(#462),#463);
#142=STYLED_ITEM('',(#464),#465);
#143=STYLED_ITEM('',(#466),#467);
#144=STYLED_ITEM('',(#468),#469);
#145=STYLED_ITEM('',(#470),#471);
#146=STYLED_ITEM('',(#472),#473);
#147=STYLED_ITEM('',(#474),#475);
#148=STYLED_ITEM('',(#476),#477);
#149=STYLED_ITEM('',(#478),#479);
#150=STYLED_ITEM('',(#480),#481);
#151=STYLED_ITEM('',(#482),#483);
#152=STYLED_ITEM('',(#484),#485);
#153=STYLED_ITEM('',(#486),#487);
#154=STYLED_ITEM('',(#488),#489);
#155=STYLED_ITEM('',(#490),#491);
#156=STYLED_ITEM('',(#492),#493);
#157=STYLED_ITEM('',(#494),#495);
#158=STYLED_ITEM('',(#496),#497);
#159=STYLED_ITEM('',(#498),#499);
#160=STYLED_ITEM('',(#500),#501);
#161=STYLED_ITEM('',(#502),#503);
#162=STYLED_ITEM('',(#504),#505);
#163=STYLED_ITEM('',(#506),#507);
#164=STYLED_ITEM('',(#508),#509);
#165=STYLED_ITEM('',(#510),#511);
#166=STYLED_ITEM('',(#512),#238);
#167=STYLED_ITEM('',(#513),#514);
#168=STYLED_ITEM('',(#515),#516);
#169=STYLED_ITEM('',(#517),#518);
#170=STYLED_ITEM('',(#519),#520);
#171=STYLED_ITEM('',(#521),#522);
#172=STYLED_ITEM('',(#523),#524);
#173=STYLED_ITEM('',(#525),#526);
#174=STYLED_ITEM('',(#527),#528);
#175=STYLED_ITEM('',(#529),#530);
#176=STYLED_ITEM('',(#531),#532);
#177=STYLED_ITEM('',(#533),#534);
#178=STYLED_ITEM('',(#535),#536);
#179=STYLED_ITEM('',(#537),#538);
#180=STYLED_ITEM('',(#539),#540);
#181=STYLED_ITEM('',(#541),#542);
#182=STYLED_ITEM('',(#543),#544);
#183=STYLED_ITEM('',(#545),#546);
#184=STYLED_ITEM('',(#547),#548);
#185=STYLED_ITEM('',(#549),#550);
#186=STYLED_ITEM('',(#551),#552);
#187=STYLED_ITEM('',(#553),#554);
#188=STYLED_ITEM('',(#555),#556);
#189=STYLED_ITEM('',(#557),#558);
#190=STYLED_ITEM('',(#559),#239);
#191=STYLED_ITEM('',(#560),#561);
#192=STYLED_ITEM('',(#562),#563);
#193=STYLED_ITEM('',(#564),#565);
#194=STYLED_ITEM('',(#566),#567);
#195=STYLED_ITEM('',(#568),#569);
#196=STYLED_ITEM('',(#570),#571);
#197=STYLED_ITEM('',(#572),#573);
#198=STYLED_ITEM('',(#574),#575);
#199=STYLED_ITEM('',(#576),#577);
#200=STYLED_ITEM('',(#578),#579);
#201=STYLED_ITEM('',(#580),#581);
#202=STYLED_ITEM('',(#582),#583);
#203=STYLED_ITEM('',(#584),#585);
#204=STYLED_ITEM('',(#586),#587);
#205=STYLED_ITEM('',(#588),#589);
#206=STYLED_ITEM('',(#590),#591);
#207=STYLED_ITEM('',(#592),#593);
#208=STYLED_ITEM('',(#594),#595);
#209=STYLED_ITEM('',(#596),#597);
#210=STYLED_ITEM('',(#598),#599);
#211=STYLED_ITEM('',(#600),#601);
#212=STYLED_ITEM('',(#602),#603);
#213=STYLED_ITEM('',(#604),#605);
#214=STYLED_ITEM('',(#606),#240);
#217=UNCERTAINTY_MEASURE_WITH_UNIT(LENGTH_MEASURE(1.0E-06),#219,'','');
#219= (CONVERSION_BASED_UNIT('MILLIMETRE',#609)LENGTH_UNIT()NAMED_UNIT(#612));
#220= (NAMED_UNIT(#614)PLANE_ANGLE_UNIT()SI_UNIT($,.RADIAN.));
#221= (NAMED_UNIT(#614)SOLID_ANGLE_UNIT()SI_UNIT($,.STERADIAN.));
#223=PRODUCT('Product','Product','PART--DESC',(#620));
#224=PRODUCT_DEFINITION('Product','Product',#621,#1);
#225=AXIS2_PLACEMENT_3D('',#622,#623,#624);
#226=AXIS2_PLACEMENT_3D('',#625,#626,#627);
#227= (GEOMETRIC_REPRESENTATION_CONTEXT(3)GLOBAL_UNCERTAINTY_ASSIGNED_CONTEXT((#630))GLOBAL_UNIT_ASSIGNED_CONTEXT((#632,#633,#634))REPRESENTATION_CONTEXT('NONE','WORKSPACE'));
#228=PRODUCT('Part','Part','PART-Part-DESC',(#636));
#231=ITEM_DEFINED_TRANSFORMATION('','',#225,#226);
#233=NEXT_ASSEMBLY_USAGE_OCCURRENCE('','','',#224,#234,$);
#234=PRODUCT_DEFINITION('Part','Part',#637,#5);
#235=MANIFOLD_SOLID_BREP('',#638);
#236=MANIFOLD_SOLID_BREP('',#639);
#237=MANIFOLD_SOLID_BREP('',#640);
#238=MANIFOLD_SOLID_BREP('',#641);
#239=MANIFOLD_SOLID_BREP('',#642);
#240=MANIFOLD_SOLID_BREP('',#643);
#241=PRESENTATION_STYLE_ASSIGNMENT((#644));
#242=ADVANCED_FACE('',(#645),#646,.T.);
#243=PRESENTATION_STYLE_ASSIGNMENT((#647));
#244=ADVANCED_FACE('',(#648),#649,.T.);
#245=PRESENTATION_STYLE_ASSIGNMENT((#650));
#246=ADVANCED_FACE('',(#651),#652,.T.);
#247=PRESENTATION_STYLE_ASSIGNMENT((#653));
#248=ADVANCED_FACE('',(#654),#655,.T.);
#249=PRESENTATION_STYLE_ASSIGNMENT((#656));
#250=ADVANCED_FACE('',(#657),#658,.T.);
#251=PRESENTATION_STYLE_ASSIGNMENT((#659));
#252=ADVANCED_FACE('',(#660),#661,.T.);
#253=PRESENTATION_STYLE_ASSIGNMENT((#662));
#254=ADVANCED_FACE('',(#663),#664,.T.);
#255=PRESENTATION_STYLE_ASSIGNMENT((#665));
#256=ADVANCED_FACE('',(#666),#667,.F.);
#257=PRESENTATION_STYLE_ASSIGNMENT((#668));
#258=ADVANCED_FACE('',(#669),#670,.T.);
#259=PRESENTATION_STYLE_ASSIGNMENT((#671));
#260=PRESENTATION_STYLE_ASSIGNMENT((#672));
#261=ADVANCED_FACE('',(#673),#674,.F.);
#262=PRESENTATION_STYLE_ASSIGNMENT((#675));
#263=ADVANCED_FACE('',(#676),#677,.F.);
#264=PRESENTATION_STYLE_ASSIGNMENT((#678));
#265=ADVANCED_FACE('',(#679),#680,.F.);
#266=PRESENTATION_STYLE_ASSIGNMENT((#681));
#267=ADVANCED_FACE('',(#682),#683,.F.);
#268=PRESENTATION_STYLE_ASSIGNMENT((#684));
#269=ADVANCED_FACE('',(#685),#686,.F.);
#270=PRESENTATION_STYLE_ASSIGNMENT((#687));
#271=ADVANCED_FACE('',(#688),#689,.T.);
#272=PRESENTATION_STYLE_ASSIGNMENT((#690));
#273=ADVANCED_FACE('',(#691),#692,.T.);
#274=PRESENTATION_STYLE_ASSIGNMENT((#693));
#275=ADVANCED_FACE('',(#694),#695,.T.);
#276=PRESENTATION_STYLE_ASSIGNMENT((#696));
#277=ADVANCED_FACE('',(#697),#698,.T.);
#278=PRESENTATION_STYLE_ASSIGNMENT((#699));
#279=ADVANCED_FACE('',(#700),#701,.F.);
#280=PRESENTATION_STYLE_ASSIGNMENT((#702));
#281=ADVANCED_FACE('',(#703),#704,.F.);
#282=PRESENTATION_STYLE_ASSIGNMENT((#705));
#283=ADVANCED_FACE('',(#706),#707,.F.);
#284=PRESENTATION_STYLE_ASSIGNMENT((#708));
#285=ADVANCED_FACE('',(#709),#710,.F.);
#286=PRESENTATION_STYLE_ASSIGNMENT((#711));
#287=ADVANCED_FACE('',(#712),#713,.F.);
#288=PRESENTATION_STYLE_ASSIGNMENT((#714));
#289=ADVANCED_FACE('',(#715),#716,.F.);
#290=PRESENTATION_STYLE_ASSIGNMENT((#717));
#291=ADVANCED_FACE('',(#718),#719,.F.);
#292=PRESENTATION_STYLE_ASSIGNMENT((#720));
#293=ADVANCED_FACE('',(#721),#722,.F.);
#294=PRESENTATION_STYLE_ASSIGNMENT((#723));
#295=ADVANCED_FACE('',(#724),#725,.F.);
#296=PRESENTATION_STYLE_ASSIGNMENT((#726));
#297=ADVANCED_FACE('',(#727),#728,.T.);
#298=PRESENTATION_STYLE_ASSIGNMENT((#729));
#299=ADVANCED_FACE('',(#730),#731,.F.);
#300=PRESENTATION_STYLE_ASSIGNMENT((#732));
#301=ADVANCED_FACE('',(#733,#734,#735),#736,.T.);
#302=PRESENTATION_STYLE_ASSIGNMENT((#737));
#303=ADVANCED_FACE('',(#738,#739),#740,.F.);
#304=PRESENTATION_STYLE_ASSIGNMENT((#741));
#305=ADVANCED_FACE('',(#742),#743,.F.);
#306=PRESENTATION_STYLE_ASSIGNMENT((#744));
#307=ADVANCED_FACE('',(#745),#746,.F.);
#308=PRESENTATION_STYLE_ASSIGNMENT((#747));
#309=ADVANCED_FACE('',(#748,#749),#750,.F.);
#310=PRESENTATION_STYLE_ASSIGNMENT((#751));
#311=ADVANCED_FACE('',(#752),#753,.F.);
#312=PRESENTATION_STYLE_ASSIGNMENT((#754));
#313=ADVANCED_FACE('',(#755),#756,.F.);
#314=PRESENTATION_STYLE_ASSIGNMENT((#757));
#315=ADVANCED_FACE('',(#758),#759,.F.);
#316=PRESENTATION_STYLE_ASSIGNMENT((#760));
#317=ADVANCED_FACE('',(#761,#762),#763,.F.);
#318=PRESENTATION_STYLE_ASSIGNMENT((#764));
#319=ADVANCED_FACE('',(#765),#766,.F.);
#320=PRESENTATION_STYLE_ASSIGNMENT((#767));
#321=ADVANCED_FACE('',(#768),#769,.T.);
#322=PRESENTATION_STYLE_ASSIGNMENT((#770));
#323=ADVANCED_FACE('',(#771),#772,.T.);
#324=PRESENTATION_STYLE_ASSIGNMENT((#773));
#325=ADVANCED_FACE('',(#774),#775,.T.);
#326=PRESENTATION_STYLE_ASSIGNMENT((#776));
#327=ADVANCED_FACE('',(#777),#778,.T.);
#328=PRESENTATION_STYLE_ASSIGNMENT((#779));
#329=ADVANCED_FACE('',(#780),#781,.T.);
#330=PRESENTATION_STYLE_ASSIGNMENT((#782));
#331=ADVANCED_FACE('',(#783),#784,.T.);
#332=PRESENTATION_STYLE_ASSIGNMENT((#785));
#333=ADVANCED_FACE('',(#786),#787,.T.);
#334=PRESENTATION_STYLE_ASSIGNMENT((#788));
#335=ADVANCED_FACE('',(#789),#790,.T.);
#336=PRESENTATION_STYLE_ASSIGNMENT((#791));
#337=ADVANCED_FACE('',(#792),#793,.T.);
#338=PRESENTATION_STYLE_ASSIGNMENT((#794));
#339=ADVANCED_FACE('',(#795),#796,.T.);
#340=PRESENTATION_STYLE_ASSIGNMENT((#797));
#341=ADVANCED_FACE('',(#798),#799,.F.);
#342=PRESENTATION_STYLE_ASSIGNMENT((#800));
#343=ADVANCED_FACE('',(#801),#802,.F.);
#344=PRESENTATION_STYLE_ASSIGNMENT((#803));
#345=ADVANCED_FACE('',(#804),#805,.F.);
#346=PRESENTATION_STYLE_ASSIGNMENT((#806));
#347=ADVANCED_FACE('',(#807),#808,.F.);
#348=PRESENTATION_STYLE_ASSIGNMENT((#809));
#349=ADVANCED_FACE('',(#810),#811,.F.);
#350=PRESENTATION_STYLE_ASSIGNMENT((#812));
#351=ADVANCED_FACE('',(#813),#814,.F.);
#352=PRESENTATION_STYLE_ASSIGNMENT((#815));
#353=ADVANCED_FACE('',(#816),#817,.F.);
#354=PRESENTATION_STYLE_ASSIGNMENT((#818));
#355=ADVANCED_FACE('',(#819,#820),#821,.F.);
#356=PRESENTATION_STYLE_ASSIGNMENT((#822));
#357=PRESENTATION_STYLE_ASSIGNMENT((#823));
#358=ADVANCED_FACE('',(#824),#825,.T.);
#359=PRESENTATION_STYLE_ASSIGNMENT((#826));
#360=ADVANCED_FACE('',(#827),#828,.T.);
#361=PRESENTATION_STYLE_ASSIGNMENT((#829));
#362=ADVANCED_FACE('',(#830),#831,.T.);
#363=PRESENTATION_STYLE_ASSIGNMENT((#832));
#364=ADVANCED_FACE('',(#833),#834,.T.);
#365=PRESENTATION_STYLE_ASSIGNMENT((#835));
#366=ADVANCED_FACE('',(#836),#837,.T.);
#367=PRESENTATION_STYLE_ASSIGNMENT((#838));
#368=ADVANCED_FACE('',(#839),#840,.T.);
#369=PRESENTATION_STYLE_ASSIGNMENT((#841));
#370=ADVANCED_FACE('',(#842),#843,.T.);
#371=PRESENTATION_STYLE_ASSIGNMENT((#844));
#372=ADVANCED_FACE('',(#845),#846,.F.);
#373=PRESENTATION_STYLE_ASSIGNMENT((#847));
#374=ADVANCED_FACE('',(#848),#849,.F.);
#375=PRESENTATION_STYLE_ASSIGNMENT((#850));
#376=ADVANCED_FACE('',(#851),#852,.F.);
#377=PRESENTATION_STYLE_ASSIGNMENT((#853));
#378=ADVANCED_FACE('',(#854),#855,.T.);
#379=PRESENTATION_STYLE_ASSIGNMENT((#856));
#380=ADVANCED_FACE('',(#857),#858,.T.);
#381=PRESENTATION_STYLE_ASSIGNMENT((#859));
#382=ADVANCED_FACE('',(#860),#861,.T.);
#383=PRESENTATION_STYLE_ASSIGNMENT((#862));
#384=ADVANCED_FACE('',(#863),#864,.T.);
#385=PRESENTATION_STYLE_ASSIGNMENT((#865));
#386=ADVANCED_FACE('',(#866),#867,.F.);
#387=PRESENTATION_STYLE_ASSIGNMENT((#868));
#388=ADVANCED_FACE('',(#869),#870,.T.);
#389=PRESENTATION_STYLE_ASSIGNMENT((#871));
#390=ADVANCED_FACE('',(#872,#873),#874,.T.);
#391=PRESENTATION_STYLE_ASSIGNMENT((#875));
#392=ADVANCED_FACE('',(#876),#877,.T.);
#393=PRESENTATION_STYLE_ASSIGNMENT((#878));
#394=ADVANCED_FACE('',(#879,#880),#881,.F.);
#395=PRESENTATION_STYLE_ASSIGNMENT((#882));
#396=ADVANCED_FACE('',(#883,#884),#885,.T.);
#397=PRESENTATION_STYLE_ASSIGNMENT((#886));
#398=ADVANCED_FACE('',(#887),#888,.T.);
#399=PRESENTATION_STYLE_ASSIGNMENT((#889));
#400=ADVANCED_FACE('',(#890),#891,.T.);
#401=PRESENTATION_STYLE_ASSIGNMENT((#892));
#402=ADVANCED_FACE('',(#893),#894,.F.);
#403=PRESENTATION_STYLE_ASSIGNMENT((#895));
#404=PRESENTATION_STYLE_ASSIGNMENT((#896));
#405=ADVANCED_FACE('',(#897),#898,.T.);
#406=PRESENTATION_STYLE_ASSIGNMENT((#899));
#407=ADVANCED_FACE('',(#900),#901,.T.);
#408=PRESENTATION_STYLE_ASSIGNMENT((#902));
#409=ADVANCED_FACE('',(#903),#904,.F.);
#410=PRESENTATION_STYLE_ASSIGNMENT((#905));
#411=ADVANCED_FACE('',(#906),#907,.F.);
#412=PRESENTATION_STYLE_ASSIGNMENT((#908));
#413=ADVANCED_FACE('',(#909),#910,.F.);
#414=PRESENTATION_STYLE_ASSIGNMENT((#911));
#415=ADVANCED_FACE('',(#912),#913,.T.);
#416=PRESENTATION_STYLE_ASSIGNMENT((#914));
#417=ADVANCED_FACE('',(#915),#916,.F.);
#418=PRESENTATION_STYLE_ASSIGNMENT((#917));
#419=ADVANCED_FACE('',(#918),#919,.F.);
#420=PRESENTATION_STYLE_ASSIGNMENT((#920));
#421=ADVANCED_FACE('',(#921),#922,.F.);
#422=PRESENTATION_STYLE_ASSIGNMENT((#923));
#423=ADVANCED_FACE('',(#924),#925,.T.);
#424=PRESENTATION_STYLE_ASSIGNMENT((#926));
#425=ADVANCED_FACE('',(#927),#928,.T.);
#426=PRESENTATION_STYLE_ASSIGNMENT((#929));
#427=ADVANCED_FACE('',(#930),#931,.T.);
#428=PRESENTATION_STYLE_ASSIGNMENT((#932));
#429=ADVANCED_FACE('',(#933),#934,.T.);
#430=PRESENTATION_STYLE_ASSIGNMENT((#935));
#431=ADVANCED_FACE('',(#936),#937,.T.);
#432=PRESENTATION_STYLE_ASSIGNMENT((#938));
#433=ADVANCED_FACE('',(#939),#940,.T.);
#434=PRESENTATION_STYLE_ASSIGNMENT((#941));
#435=ADVANCED_FACE('',(#942),#943,.T.);
#436=PRESENTATION_STYLE_ASSIGNMENT((#944));
#437=ADVANCED_FACE('',(#945),#946,.T.);
#438=PRESENTATION_STYLE_ASSIGNMENT((#947));
#439=ADVANCED_FACE('',(#948),#949,.F.);
#440=PRESENTATION_STYLE_ASSIGNMENT((#950));
#441=ADVANCED_FACE('',(#951),#952,.F.);
#442=PRESENTATION_STYLE_ASSIGNMENT((#953));
#443=ADVANCED_FACE('',(#954),#955,.F.);
#444=PRESENTATION_STYLE_ASSIGNMENT((#956));
#445=ADVANCED_FACE('',(#957),#958,.F.);
#446=PRESENTATION_STYLE_ASSIGNMENT((#959));
#447=ADVANCED_FACE('',(#960),#961,.F.);
#448=PRESENTATION_STYLE_ASSIGNMENT((#962));
#449=ADVANCED_FACE('',(#963),#964,.F.);
#450=PRESENTATION_STYLE_ASSIGNMENT((#965));
#451=ADVANCED_FACE('',(#966),#967,.F.);
#452=PRESENTATION_STYLE_ASSIGNMENT((#968));
#453=ADVANCED_FACE('',(#969),#970,.F.);
#454=PRESENTATION_STYLE_ASSIGNMENT((#971));
#455=ADVANCED_FACE('',(#972),#973,.T.);
#456=PRESENTATION_STYLE_ASSIGNMENT((#974));
#457=ADVANCED_FACE('',(#975),#976,.T.);
#458=PRESENTATION_STYLE_ASSIGNMENT((#977));
#459=ADVANCED_FACE('',(#978),#979,.F.);
#460=PRESENTATION_STYLE_ASSIGNMENT((#980));
#461=ADVANCED_FACE('',(#981),#982,.F.);
#462=PRESENTATION_STYLE_ASSIGNMENT((#983));
#463=ADVANCED_FACE('',(#984),#985,.T.);
#464=PRESENTATION_STYLE_ASSIGNMENT((#986));
#465=ADVANCED_FACE('',(#987),#988,.T.);
#466=PRESENTATION_STYLE_ASSIGNMENT((#989));
#467=ADVANCED_FACE('',(#990),#991,.T.);
#468=PRESENTATION_STYLE_ASSIGNMENT((#992));
#469=ADVANCED_FACE('',(#993),#994,.T.);
#470=PRESENTATION_STYLE_ASSIGNMENT((#995));
#471=ADVANCED_FACE('',(#996),#997,.T.);
#472=PRESENTATION_STYLE_ASSIGNMENT((#998));
#473=ADVANCED_FACE('',(#999),#1000,.T.);
#474=PRESENTATION_STYLE_ASSIGNMENT((#1001));
#475=ADVANCED_FACE('',(#1002),#1003,.T.);
#476=PRESENTATION_STYLE_ASSIGNMENT((#1004));
#477=ADVANCED_FACE('',(#1005),#1006,.T.);
#478=PRESENTATION_STYLE_ASSIGNMENT((#1007));
#479=ADVANCED_FACE('',(#1008),#1009,.T.);
#480=PRESENTATION_STYLE_ASSIGNMENT((#1010));
#481=ADVANCED_FACE('',(#1011),#1012,.T.);
#482=PRESENTATION_STYLE_ASSIGNMENT((#1013));
#483=ADVANCED_FACE('',(#1014),#1015,.T.);
#484=PRESENTATION_STYLE_ASSIGNMENT((#1016));
#485=ADVANCED_FACE('',(#1017,#1018,#1019,#1020,#1021,#1022),#1023,.T.);
#486=PRESENTATION_STYLE_ASSIGNMENT((#1024));
#487=ADVANCED_FACE('',(#1025),#1026,.F.);
#488=PRESENTATION_STYLE_ASSIGNMENT((#1027));
#489=ADVANCED_FACE('',(#1028),#1029,.F.);
#490=PRESENTATION_STYLE_ASSIGNMENT((#1030));
#491=ADVANCED_FACE('',(#1031),#1032,.F.);
#492=PRESENTATION_STYLE_ASSIGNMENT((#1033));
#493=ADVANCED_FACE('',(#1034),#1035,.T.);
#494=PRESENTATION_STYLE_ASSIGNMENT((#1036));
#495=ADVANCED_FACE('',(#1037,#1038),#1039,.T.);
#496=PRESENTATION_STYLE_ASSIGNMENT((#1040));
#497=ADVANCED_FACE('',(#1041,#1042),#1043,.T.);
#498=PRESENTATION_STYLE_ASSIGNMENT((#1044));
#499=ADVANCED_FACE('',(#1045),#1046,.F.);
#500=PRESENTATION_STYLE_ASSIGNMENT((#1047));
#501=ADVANCED_FACE('',(#1048),#1049,.F.);
#502=PRESENTATION_STYLE_ASSIGNMENT((#1050));
#503=ADVANCED_FACE('',(#1051,#1052,#1053,#1054,#1055,#1056),#1057,.F.);
#504=PRESENTATION_STYLE_ASSIGNMENT((#1058));
#505=ADVANCED_FACE('',(#1059),#1060,.F.);
#506=PRESENTATION_STYLE_ASSIGNMENT((#1061));
#507=ADVANCED_FACE('',(#1062),#1063,.T.);
#508=PRESENTATION_STYLE_ASSIGNMENT((#1064));
#509=ADVANCED_FACE('',(#1065),#1066,.T.);
#510=PRESENTATION_STYLE_ASSIGNMENT((#1067));
#511=ADVANCED_FACE('',(#1068),#1069,.T.);
#512=PRESENTATION_STYLE_ASSIGNMENT((#1070));
#513=PRESENTATION_STYLE_ASSIGNMENT((#1071));
#514=ADVANCED_FACE('',(#1072),#1073,.T.);
#515=PRESENTATION_STYLE_ASSIGNMENT((#1074));
#516=ADVANCED_FACE('',(#1075),#1076,.T.);
#517=PRESENTATION_STYLE_ASSIGNMENT((#1077));
#518=ADVANCED_FACE('',(#1078),#1079,.T.);
#519=PRESENTATION_STYLE_ASSIGNMENT((#1080));
#520=ADVANCED_FACE('',(#1081),#1082,.T.);
#521=PRESENTATION_STYLE_ASSIGNMENT((#1083));
#522=ADVANCED_FACE('',(#1084),#1085,.T.);
#523=PRESENTATION_STYLE_ASSIGNMENT((#1086));
#524=ADVANCED_FACE('',(#1087),#1088,.T.);
#525=PRESENTATION_STYLE_ASSIGNMENT((#1089));
#526=ADVANCED_FACE('',(#1090),#1091,.T.);
#527=PRESENTATION_STYLE_ASSIGNMENT((#1092));
#528=ADVANCED_FACE('',(#1093),#1094,.F.);
#529=PRESENTATION_STYLE_ASSIGNMENT((#1095));
#530=ADVANCED_FACE('',(#1096,#1097),#1098,.F.);
#531=PRESENTATION_STYLE_ASSIGNMENT((#1099));
#532=ADVANCED_FACE('',(#1100),#1101,.T.);
#533=PRESENTATION_STYLE_ASSIGNMENT((#1102));
#534=ADVANCED_FACE('',(#1103),#1104,.T.);
#535=PRESENTATION_STYLE_ASSIGNMENT((#1105));
#536=ADVANCED_FACE('',(#1106),#1107,.F.);
#537=PRESENTATION_STYLE_ASSIGNMENT((#1108));
#538=ADVANCED_FACE('',(#1109),#1110,.F.);
#539=PRESENTATION_STYLE_ASSIGNMENT((#1111));
#540=ADVANCED_FACE('',(#1112),#1113,.F.);
#541=PRESENTATION_STYLE_ASSIGNMENT((#1114));
#542=ADVANCED_FACE('',(#1115),#1116,.F.);
#543=PRESENTATION_STYLE_ASSIGNMENT((#1117));
#544=ADVANCED_FACE('',(#1118),#1119,.F.);
#545=PRESENTATION_STYLE_ASSIGNMENT((#1120));
#546=ADVANCED_FACE('',(#1121),#1122,.F.);
#547=PRESENTATION_STYLE_ASSIGNMENT((#1123));
#548=ADVANCED_FACE('',(#1124),#1125,.F.);
#549=PRESENTATION_STYLE_ASSIGNMENT((#1126));
#550=ADVANCED_FACE('',(#1127),#1128,.F.);
#551=PRESENTATION_STYLE_ASSIGNMENT((#1129));
#552=ADVANCED_FACE('',(#1130),#1131,.F.);
#553=PRESENTATION_STYLE_ASSIGNMENT((#1132));
#554=ADVANCED_FACE('',(#1133),#1134,.F.);
#555=PRESENTATION_STYLE_ASSIGNMENT((#1135));
#556=ADVANCED_FACE('',(#1136),#1137,.F.);
#557=PRESENTATION_STYLE_ASSIGNMENT((#1138));
#558=ADVANCED_FACE('',(#1139),#1140,.F.);
#559=PRESENTATION_STYLE_ASSIGNMENT((#1141));
#560=PRESENTATION_STYLE_ASSIGNMENT((#1142));
#561=ADVANCED_FACE('',(#1143),#1144,.T.);
#562=PRESENTATION_STYLE_ASSIGNMENT((#1145));
#563=ADVANCED_FACE('',(#1146),#1147,.T.);
#564=PRESENTATION_STYLE_ASSIGNMENT((#1148));
#565=ADVANCED_FACE('',(#1149),#1150,.T.);
#566=PRESENTATION_STYLE_ASSIGNMENT((#1151));
#567=ADVANCED_FACE('',(#1152),#1153,.T.);
#568=PRESENTATION_STYLE_ASSIGNMENT((#1154));
#569=ADVANCED_FACE('',(#1155),#1156,.T.);
#570=PRESENTATION_STYLE_ASSIGNMENT((#1157));
#571=ADVANCED_FACE('',(#1158),#1159,.T.);
#572=PRESENTATION_STYLE_ASSIGNMENT((#1160));
#573=ADVANCED_FACE('',(#1161),#1162,.T.);
#574=PRESENTATION_STYLE_ASSIGNMENT((#1163));
#575=ADVANCED_FACE('',(#1164),#1165,.F.);
#576=PRESENTATION_STYLE_ASSIGNMENT((#1166));
#577=ADVANCED_FACE('',(#1167,#1168),#1169,.F.);
#578=PRESENTATION_STYLE_ASSIGNMENT((#1170));
#579=ADVANCED_FACE('',(#1171),#1172,.T.);
#580=PRESENTATION_STYLE_ASSIGNMENT((#1173));
#581=ADVANCED_FACE('',(#1174),#1175,.T.);
#582=PRESENTATION_STYLE_ASSIGNMENT((#1176));
#583=ADVANCED_FACE('',(#1177),#1178,.F.);
#584=PRESENTATION_STYLE_ASSIGNMENT((#1179));
#585=ADVANCED_FACE('',(#1180),#1181,.F.);
#586=PRESENTATION_STYLE_ASSIGNMENT((#1182));
#587=ADVANCED_FACE('',(#1183),#1184,.F.);
#588=PRESENTATION_STYLE_ASSIGNMENT((#1185));
#589=ADVANCED_FACE('',(#1186),#1187,.F.);
#590=PRESENTATION_STYLE_ASSIGNMENT((#1188));
#591=ADVANCED_FACE('',(#1189),#1190,.F.);
#592=PRESENTATION_STYLE_ASSIGNMENT((#1191));
#593=ADVANCED_FACE('',(#1192),#1193,.F.);
#594=PRESENTATION_STYLE_ASSIGNMENT((#1194));
#595=ADVANCED_FACE('',(#1195),#1196,.F.);
#596=PRESENTATION_STYLE_ASSIGNMENT((#1197));
#597=ADVANCED_FACE('',(#1198),#1199,.F.);
#598=PRESENTATION_STYLE_ASSIGNMENT((#1200));
#599=ADVANCED_FACE('',(#1201),#1202,.F.);
#600=PRESENTATION_STYLE_ASSIGNMENT((#1203));
#601=ADVANCED_FACE('',(#1204),#1205,.F.);
#602=PRESENTATION_STYLE_ASSIGNMENT((#1206));
#603=ADVANCED_FACE('',(#1207),#1208,.F.);
#604=PRESENTATION_STYLE_ASSIGNMENT((#1209));
#605=ADVANCED_FACE('',(#1210),#1211,.F.);
#606=PRESENTATION_STYLE_ASSIGNMENT((#1212));
#609=LENGTH_MEASURE_WITH_UNIT(LENGTH_MEASURE(1.0),#1213);
#612=DIMENSIONAL_EXPONENTS(1.0,0.0,0.0,0.0,0.0,0.0,0.0);
#614=DIMENSIONAL_EXPONENTS(0.0,0.0,0.0,0.0,0.0,0.0,0.0);
#620=PRODUCT_CONTEXT('',#16,'mechanical');
#621=PRODUCT_DEFINITION_FORMATION_WITH_SPECIFIED_SOURCE(' ','NONE',#223,.NOT_KNOWN.);
#622=CARTESIAN_POINT('',(0.0,0.0,0.0));
#623=DIRECTION('',(0.0,0.0,1.0));
#624=DIRECTION('',(1.0,0.0,0.0));
#625=CARTESIAN_POINT('',(0.0,0.0,0.0));
#626=DIRECTION('',(0.0,0.0,1.0));
#627=DIRECTION('',(1.0,0.0,0.0));
#630=UNCERTAINTY_MEASURE_WITH_UNIT(LENGTH_MEASURE(1.0E-06),#632,'','');
#632= (CONVERSION_BASED_UNIT('MILLIMETRE',#1216)LENGTH_UNIT()NAMED_UNIT(#1219));
#633= (NAMED_UNIT(#1221)PLANE_ANGLE_UNIT()SI_UNIT($,.RADIAN.));
#634= (NAMED_UNIT(#1221)SOLID_ANGLE_UNIT()SI_UNIT($,.STERADIAN.));
#636=PRODUCT_CONTEXT('',#21,'mechanical');
#637=PRODUCT_DEFINITION_FORMATION_WITH_SPECIFIED_SOURCE(' ','NONE',#228,.NOT_KNOWN.);
#638=CLOSED_SHELL('',(#242,#244,#246,#248,#250,#252,#254,#256,#258));
#639=CLOSED_SHELL('',(#261,#263,#265,#267,#269,#271,#273,#275,#277,#279,#281,#283,#285,#287,#289,#291,#293,#295,#297,#299,#301,#303,#305,#307,#309,#311,#313,#315,#317,#319,#321,#323,#325,#327,#329,#331,#333,#335,#337,#339,#341,#343,#345,#347,#349,#351,#353,#355));
#640=CLOSED_SHELL('',(#358,#360,#362,#364,#366,#368,#370,#372,#374,#376,#378,#380,#382,#384,#386,#388,#390,#392,#394,#396,#398,#400,#402));
#641=CLOSED_SHELL('',(#405,#407,#409,#411,#413,#415,#417,#419,#421,#423,#425,#427,#429,#431,#433,#435,#437,#439,#441,#443,#445,#447,#449,#451,#453,#455,#457,#459,#461,#463,#465,#467,#469,#471,#473,#475,#477,#479,#481,#483,#485,#487,#489,#491,#493,#495,#497,#499,#501,#503,#505,#507,#509,#511));
#642=CLOSED_SHELL('',(#514,#516,#518,#520,#522,#524,#526,#528,#530,#532,#534,#536,#538,#540,#542,#544,#546,#548,#550,#552,#554,#556,#558));
#643=CLOSED_SHELL('',(#561,#563,#565,#567,#569,#571,#573,#575,#577,#579,#581,#583,#585,#587,#589,#591,#593,#595,#597,#599,#601,#603,#605));
#644=SURFACE_STYLE_USAGE(.BOTH.,#1227);
#645=FACE_OUTER_BOUND('',#1228,.T.);
#646=(B_SPLINE_SURFACE(3,3,((#1230,#1231,#1232,#1233,#1234,#1235,#1236,#1237,#1238,#1239,#1240,#1241,#1242,#1243,#1244,#1245,#1246,#1247,#1248,#1249,#1250,#1251,#1252,#1253,#1254,#1255,#1256,#1257,#1258,#1259,#1260,#1261,#1262,#1263,#1264,#1265,#1266,#1267),(#1268,#1269,#1270,#1271,#1272,#1273,#1274,#1275,#1276,#1277,#1278,#1279,#1280,#1281,#1282,#1283,#1284,#1285,#1286,#1287,#1288,#1289,#1290,#1291,#1292,#1293,#1294,#1295,#1296,#1297,#1298,#1299,#1300,#1301,#1302,#1303,#1304,#1305),(#1306,#1307,#1308,#1309,#1310,#1311,#1312,#1313,#1314,#1315,#1316,#1317,#1318,#1319,#1320,#1321,#1322,#1323,#1324,#1325,#1326,#1327,#1328,#1329,#1330,#1331,#1332,#1333,#1334,#1335,#1336,#1337,#1338,#1339,#1340,#1341,#1342,#1343),(#1344,#1345,#1346,#1347,#1348,#1349,#1350,#1351,#1352,#1353,#1354,#1355,#1356,#1357,#1358,#1359,#1360,#1361,#1362,#1363,#1364,#1365,#1366,#1367,#1368,#1369,#1370,#1371,#1372,#1373,#1374,#1375,#1376,#1377,#1378,#1379,#1380,#1381),(#1382,#1383,#1384,#1385,#1386,#1387,#1388,#1389,#1390,#1391,#1392,#1393,#1394,#1395,#1396,#1397,#1398,#1399,#1400,#1401,#1402,#1403,#1404,#1405,#1406,#1407,#1408,#1409,#1410,#1411,#1412,#1413,#1414,#1415,#1416,#1417,#1418,#1419),(#1420,#1421,#1422,#1423,#1424,#1425,#1426,#1427,#1428,#1429,#1430,#1431,#1432,#1433,#1434,#1435,#1436,#1437,#1438,#1439,#1440,#1441,#1442,#1443,#1444,#1445,#1446,#1447,#1448,#1449,#1450,#1451,#1452,#1453,#1454,#1455,#1456,#1457),(#1458,#1459,#1460,#1461,#1462,#1463,#1464,#1465,#1466,#1467,#1468,#1469,#1470,#1471,#1472,#1473,#1474,#1475,#1476,#1477,#1478,#1479,#1480,#1481,#1482,#1483,#1484,#1485,#1486,#1487,#1488,#1489,#1490,#1491,#1492,#1493,#1494,#1495)),.UNSPECIFIED.,.T.,.F.,.F.)B_SPLINE_SURFACE_WITH_KNOTS((4,3,4),(4,2,2,2,2,2,2,2,2,2,2,2,2,2,2,2,2,2,4),(0.0,0.5,1.0),(-0.00801156483076832,0.0,0.0166666666666267,0.0333333333332533,0.0666666666665067,0.133333333333335,0.2,0.266666666666666,0.333333333333334,0.4,0.466666666666667,0.533333333333333,0.6,0.666666666666667,0.733333333333333,0.8,0.866666666666665,0.933333333333493,1.0),.UNSPECIFIED.)RATIONAL_B_SPLINE_SURFACE(((1.0,1.0,1.0,1.0,1.0,1.0,1.0,1.0,1.0,1.0,1.0,1.0,1.0,1.0,1.0,1.0,1.0,1.0,1.0,1.0,1.0,1.0,1.0,1.0,1.0,1.0,1.0,1.0,1.0,1.0,1.0,1.0,1.0,1.0,1.0,1.0,1.0,1.0),(0.333333333333334,0.333333333333334,0.333333333333334,0.333333333333334,0.333333333333334,0.333333333333334,0.333333333333334,0.333333333333334,0.333333333333334,0.333333333333334,0.333333333333334,0.333333333333334,0.333333333333334,0.333333333333334,0.333333333333334,0.333333333333334,0.333333333333334,0.333333333333334,0.333333333333334,0.333333333333334,0.333333333333334,0.333333333333334,0.333333333333334,0.333333333333334,0.333333333333334,0.333333333333334,0.333333333333334,0.333333333333334,0.333333333333334,0.333333333333334,0.333333333333334,0.333333333333334,0.333333333333334,0.333333333333334,0.333333333333334,0.333333333333334,0.333333333333334,0.333333333333334),(0.333333333333334,0.333333333333334,0.333333333333334,0.333333333333334,0.333333333333334,0.333333333333334,0.333333333333334,0.333333333333334,0.333333333333334,0.333333333333334,0.333333333333334,0.333333333333334,0.333333333333334,0.333333333333334,0.333333333333334,0.333333333333334,0.333333333333334,0.333333333333334,0.333333333333334,0.333333333333334,0.333333333333334,0.333333333333334,0.333333333333334,0.333333333333334,0.333333333333334,0.333333333333334,0.333333333333334,0.333333333333334,0.333333333333334,0.333333333333334,0.333333333333334,0.333333333333334,0.333333333333334,0.333333333333334,0.333333333333334,0.333333333333334,0.333333333333334,0.333333333333334),(1.0,1.0,1.0,1.0,1.0,1.0,1.0,1.0,1.0,1.0,1.0,1.0,1.0,1.0,1.0,1.0,1.0,1.0,1.0,1.0,1.0,1.0,1.0,1.0,1.0,1.0,1.0,1.0,1.0,1.0,1.0,1.0,1.0,1.0,1.0,1.0,1.0,1.0),(0.333333333333334,0.333333333333334,0.333333333333334,0.333333333333334,0.333333333333334,0.333333333333334,0.333333333333334,0.333333333333334,0.333333333333334,0.333333333333334,0.333333333333334,0.333333333333334,0.333333333333334,0.333333333333334,0.333333333333334,0.333333333333334,0.333333333333334,0.333333333333334,0.333333333333334,0.333333333333334,0.333333333333334,0.333333333333334,0.333333333333334,0.333333333333334,0.333333333333334,0.333333333333334,0.333333333333334,0.333333333333334,0.333333333333334,0.333333333333334,0.333333333333334,0.333333333333334,0.333333333333334,0.333333333333334,0.333333333333334,0.333333333333334,0.333333333333334,0.333333333333334),(0.333333333333334,0.333333333333334,0.333333333333334,0.333333333333334,0.333333333333334,0.333333333333334,0.333333333333334,0.333333333333334,0.333333333333334,0.333333333333334,0.333333333333334,0.333333333333334,0.333333333333334,0.333333333333334,0.333333333333334,0.333333333333334,0.333333333333334,0.333333333333334,0.333333333333334,0.333333333333334,0.333333333333334,0.333333333333334,0.333333333333334,0.333333333333334,0.333333333333334,0.333333333333334,0.333333333333334,0.333333333333334,0.333333333333334,0.333333333333334,0.333333333333334,0.333333333333334,0.333333333333334,0.333333333333334,0.333333333333334,0.333333333333334,0.333333333333334,0.333333333333334),(1.0,1.0,1.0,1.0,1.0,1.0,1.0,1.0,1.0,1.0,1.0,1.0,1.0,1.0,1.0,1.0,1.0,1.0,1.0,1.0,1.0,1.0,1.0,1.0,1.0,1.0,1.0,1.0,1.0,1.0,1.0,1.0,1.0,1.0,1.0,1.0,1.0,1.0)))BOUNDED_SURFACE()REPRESENTATION_ITEM('')GEOMETRIC_REPRESENTATION_ITEM()SURFACE());
#647=SURFACE_STYLE_USAGE(.BOTH.,#1502);
#648=FACE_OUTER_BOUND('',#1503,.T.);
#649=(B_SPLINE_SURFACE(3,3,((#1505,#1506,#1507,#1508,#1509,#1510,#1511,#1512,#1513,#1514,#1515,#1516,#1517,#1518,#1519,#1520,#1521,#1522,#1523,#1524,#1525,#1526,#1527,#1528,#1529,#1530,#1531,#1532,#1533,#1534,#1535,#1536,#1537,#1538,#1539,#1540,#1541,#1542),(#1543,#1544,#1545,#1546,#1547,#1548,#1549,#1550,#1551,#1552,#1553,#1554,#1555,#1556,#1557,#1558,#1559,#1560,#1561,#1562,#1563,#1564,#1565,#1566,#1567,#1568,#1569,#1570,#1571,#1572,#1573,#1574,#1575,#1576,#1577,#1578,#1579,#1580),(#1581,#1582,#1583,#1584,#1585,#1586,#1587,#1588,#1589,#1590,#1591,#1592,#1593,#1594,#1595,#1596,#1597,#1598,#1599,#1600,#1601,#1602,#1603,#1604,#1605,#1606,#1607,#1608,#1609,#1610,#1611,#1612,#1613,#1614,#1615,#1616,#1617,#1618),(#1619,#1620,#1621,#1622,#1623,#1624,#1625,#1626,#1627,#1628,#1629,#1630,#1631,#1632,#1633,#1634,#1635,#1636,#1637,#1638,#1639,#1640,#1641,#1642,#1643,#1644,#1645,#1646,#1647,#1648,#1649,#1650,#1651,#1652,#1653,#1654,#1655,#1656),(#1657,#1658,#1659,#1660,#1661,#1662,#1663,#1664,#1665,#1666,#1667,#1668,#1669,#1670,#1671,#1672,#1673,#1674,#1675,#1676,#1677,#1678,#1679,#1680,#1681,#1682,#1683,#1684,#1685,#1686,#1687,#1688,#1689,#1690,#1691,#1692,#1693,#1694),(#1695,#1696,#1697,#1698,#1699,#1700,#1701,#1702,#1703,#1704,#1705,#1706,#1707,#1708,#1709,#1710,#1711,#1712,#1713,#1714,#1715,#1716,#1717,#1718,#1719,#1720,#1721,#1722,#1723,#1724,#1725,#1726,#1727,#1728,#1729,#1730,#1731,#1732),(#1733,#1734,#1735,#1736,#1737,#1738,#1739,#1740,#1741,#1742,#1743,#1744,#1745,#1746,#1747,#1748,#1749,#1750,#1751,#1752,#1753,#1754,#1755,#1756,#1757,#1758,#1759,#1760,#1761,#1762,#1763,#1764,#1765,#1766,#1767,#1768,#1769,#1770)),.UNSPECIFIED.,.T.,.F.,.F.)B_SPLINE_SURFACE_WITH_KNOTS((4,3,4),(4,2,2,2,2,2,2,2,2,2,2,2,2,2,2,2,2,2,4),(0.0,0.5,1.0),(-0.00568243935043885,0.0,0.0119047619047619,0.0238095238095238,0.0476190476190476,0.142857142857143,0.238095238095238,0.333333333333778,0.428571428571428,0.523809523809542,0.619047619047619,0.714285714285715,0.80952380952381,0.904761904761904,0.952380952380952,0.976190476190476,0.988095238095238,1.0,1.00568243935044),.UNSPECIFIED.)RATIONAL_B_SPLINE_SURFACE(((1.0,1.0,1.0,1.0,1.0,1.0,1.0,1.0,1.0,1.0,1.0,1.0,1.0,1.0,1.0,1.0,1.0,1.0,1.0,1.0,1.0,1.0,1.0,1.0,1.0,1.0,1.0,1.0,1.0,1.0,1.0,1.0,1.0,1.0,1.0,1.0,1.0,1.0),(0.333333333333334,0.333333333333334,0.333333333333334,0.333333333333334,0.333333333333334,0.333333333333334,0.333333333333334,0.333333333333334,0.333333333333334,0.333333333333334,0.333333333333334,0.333333333333334,0.333333333333334,0.333333333333334,0.333333333333334,0.333333333333334,0.333333333333334,0.333333333333334,0.333333333333334,0.333333333333334,0.333333333333334,0.333333333333334,0.333333333333334,0.333333333333334,0.333333333333334,0.333333333333334,0.333333333333334,0.333333333333334,0.333333333333334,0.333333333333334,0.333333333333334,0.333333333333334,0.333333333333334,0.333333333333334,0.333333333333334,0.333333333333334,0.333333333333334,0.333333333333334),(0.333333333333334,0.333333333333334,0.333333333333334,0.333333333333334,0.333333333333334,0.333333333333334,0.333333333333334,0.333333333333334,0.333333333333334,0.333333333333334,0.333333333333334,0.333333333333334,0.333333333333334,0.333333333333334,0.333333333333334,0.333333333333334,0.333333333333334,0.333333333333334,0.333333333333334,0.333333333333334,0.333333333333334,0.333333333333334,0.333333333333334,0.333333333333334,0.333333333333334,0.333333333333334,0.333333333333334,0.333333333333334,0.333333333333334,0.333333333333334,0.333333333333334,0.333333333333334,0.333333333333334,0.333333333333334,0.333333333333334,0.333333333333334,0.333333333333334,0.333333333333334),(1.0,1.0,1.0,1.0,1.0,1.0,1.0,1.0,1.0,1.0,1.0,1.0,1.0,1.0,1.0,1.0,1.0,1.0,1.0,1.0,1.0,1.0,1.0,1.0,1.0,1.0,1.0,1.0,1.0,1.0,1.0,1.0,1.0,1.0,1.0,1.0,1.0,1.0),(0.333333333333334,0.333333333333334,0.333333333333334,0.333333333333334,0.333333333333334,0.333333333333334,0.333333333333334,0.333333333333334,0.333333333333334,0.333333333333334,0.333333333333334,0.333333333333334,0.333333333333334,0.333333333333334,0.333333333333334,0.333333333333334,0.333333333333334,0.333333333333334,0.333333333333334,0.333333333333334,0.333333333333334,0.333333333333334,0.333333333333334,0.333333333333334,0.333333333333334,0.333333333333334,0.333333333333334,0.333333333333334,0.333333333333334,0.333333333333334,0.333333333333334,0.333333333333334,0.333333333333334,0.333333333333334,0.333333333333334,0.333333333333334,0.333333333333334,0.333333333333334),(0.333333333333334,0.333333333333334,0.333333333333334,0.333333333333334,0.333333333333334,0.333333333333334,0.333333333333334,0.333333333333334,0.333333333333334,0.333333333333334,0.333333333333334,0.333333333333334,0.333333333333334,0.333333333333334,0.333333333333334,0.333333333333334,0.333333333333334,0.333333333333334,0.333333333333334,0.333333333333334,0.333333333333334,0.333333333333334,0.333333333333334,0.333333333333334,0.333333333333334,0.333333333333334,0.333333333333334,0.333333333333334,0.333333333333334,0.333333333333334,0.333333333333334,0.333333333333334,0.333333333333334,0.333333333333334,0.333333333333334,0.333333333333334,0.333333333333334,0.333333333333334),(1.0,1.0,1.0,1.0,1.0,1.0,1.0,1.0,1.0,1.0,1.0,1.0,1.0,1.0,1.0,1.0,1.0,1.0,1.0,1.0,1.0,1.0,1.0,1.0,1.0,1.0,1.0,1.0,1.0,1.0,1.0,1.0,1.0,1.0,1.0,1.0,1.0,1.0)))BOUNDED_SURFACE()REPRESENTATION_ITEM('')GEOMETRIC_REPRESENTATION_ITEM()SURFACE());
#650=SURFACE_STYLE_USAGE(.BOTH.,#1777);
#651=FACE_OUTER_BOUND('',#1778,.T.);
#652=(B_SPLINE_SURFACE(3,3,((#1780,#1781,#1782,#1783,#1784,#1785,#1786,#1787,#1788,#1789,#1790,#1791,#1792,#1793,#1794,#1795,#1796,#1797,#1798,#1799,#1800,#1801,#1802,#1803,#1804,#1805,#1806,#1807,#1808,#1809,#1810,#1811,#1812,#1813,#1814,#1815,#1816,#1817),(#1818,#1819,#1820,#1821,#1822,#1823,#1824,#1825,#1826,#1827,#1828,#1829,#1830,#1831,#1832,#1833,#1834,#1835,#1836,#1837,#1838,#1839,#1840,#1841,#1842,#1843,#1844,#1845,#1846,#1847,#1848,#1849,#1850,#1851,#1852,#1853,#1854,#1855),(#1856,#1857,#1858,#1859,#1860,#1861,#1862,#1863,#1864,#1865,#1866,#1867,#1868,#1869,#1870,#1871,#1872,#1873,#1874,#1875,#1876,#1877,#1878,#1879,#1880,#1881,#1882,#1883,#1884,#1885,#1886,#1887,#1888,#1889,#1890,#1891,#1892,#1893),(#1894,#1895,#1896,#1897,#1898,#1899,#1900,#1901,#1902,#1903,#1904,#1905,#1906,#1907,#1908,#1909,#1910,#1911,#1912,#1913,#1914,#1915,#1916,#1917,#1918,#1919,#1920,#1921,#1922,#1923,#1924,#1925,#1926,#1927,#1928,#1929,#1930,#1931),(#1932,#1933,#1934,#1935,#1936,#1937,#1938,#1939,#1940,#1941,#1942,#1943,#1944,#1945,#1946,#1947,#1948,#1949,#1950,#1951,#1952,#1953,#1954,#1955,#1956,#1957,#1958,#1959,#1960,#1961,#1962,#1963,#1964,#1965,#1966,#1967,#1968,#1969),(#1970,#1971,#1972,#1973,#1974,#1975,#1976,#1977,#1978,#1979,#1980,#1981,#1982,#1983,#1984,#1985,#1986,#1987,#1988,#1989,#1990,#1991,#1992,#1993,#1994,#1995,#1996,#1997,#1998,#1999,#2000,#2001,#2002,#2003,#2004,#2005,#2006,#2007),(#2008,#2009,#2010,#2011,#2012,#2013,#2014,#2015,#2016,#2017,#2018,#2019,#2020,#2021,#2022,#2023,#2024,#2025,#2026,#2027,#2028,#2029,#2030,#2031,#2032,#2033,#2034,#2035,#2036,#2037,#2038,#2039,#2040,#2041,#2042,#2043,#2044,#2045)),.UNSPECIFIED.,.T.,.F.,.F.)B_SPLINE_SURFACE_WITH_KNOTS((4,3,4),(4,2,2,2,2,2,2,2,2,2,2,2,2,2,2,2,2,2,4),(0.0,0.5,1.0),(-0.00568243935043885,0.0,0.0119047619047619,0.0238095238095238,0.0476190476190476,0.142857142857143,0.238095238095238,0.333333333333778,0.428571428571428,0.523809523809542,0.619047619047619,0.714285714285715,0.80952380952381,0.904761904761904,0.952380952380952,0.976190476190476,0.988095238095238,1.0,1.00568243935044),.UNSPECIFIED.)RATIONAL_B_SPLINE_SURFACE(((1.0,1.0,1.0,1.0,1.0,1.0,1.0,1.0,1.0,1.0,1.0,1.0,1.0,1.0,1.0,1.0,1.0,1.0,1.0,1.0,1.0,1.0,1.0,1.0,1.0,1.0,1.0,1.0,1.0,1.0,1.0,1.0,1.0,1.0,1.0,1.0,1.0,1.0),(0.333333333333334,0.333333333333334,0.333333333333334,0.333333333333334,0.333333333333334,0.333333333333334,0.333333333333334,0.333333333333334,0.333333333333334,0.333333333333334,0.333333333333334,0.333333333333334,0.333333333333334,0.333333333333334,0.333333333333334,0.333333333333334,0.333333333333334,0.333333333333334,0.333333333333334,0.333333333333334,0.333333333333334,0.333333333333334,0.333333333333334,0.333333333333334,0.333333333333334,0.333333333333334,0.333333333333334,0.333333333333334,0.333333333333334,0.333333333333334,0.333333333333334,0.333333333333334,0.333333333333334,0.333333333333334,0.333333333333334,0.333333333333334,0.333333333333334,0.333333333333334),(0.333333333333334,0.333333333333334,0.333333333333334,0.333333333333334,0.333333333333334,0.333333333333334,0.333333333333334,0.333333333333334,0.333333333333334,0.333333333333334,0.333333333333334,0.333333333333334,0.333333333333334,0.333333333333334,0.333333333333334,0.333333333333334,0.333333333333334,0.333333333333334,0.333333333333334,0.333333333333334,0.333333333333334,0.333333333333334,0.333333333333334,0.333333333333334,0.333333333333334,0.333333333333334,0.333333333333334,0.333333333333334,0.333333333333334,0.333333333333334,0.333333333333334,0.333333333333334,0.333333333333334,0.333333333333334,0.333333333333334,0.333333333333334,0.333333333333334,0.333333333333334),(1.0,1.0,1.0,1.0,1.0,1.0,1.0,1.0,1.0,1.0,1.0,1.0,1.0,1.0,1.0,1.0,1.0,1.0,1.0,1.0,1.0,1.0,1.0,1.0,1.0,1.0,1.0,1.0,1.0,1.0,1.0,1.0,1.0,1.0,1.0,1.0,1.0,1.0),(0.333333333333334,0.333333333333334,0.333333333333334,0.333333333333334,0.333333333333334,0.333333333333334,0.333333333333334,0.333333333333334,0.333333333333334,0.333333333333334,0.333333333333334,0.333333333333334,0.333333333333334,0.333333333333334,0.333333333333334,0.333333333333334,0.333333333333334,0.333333333333334,0.333333333333334,0.333333333333334,0.333333333333334,0.333333333333334,0.333333333333334,0.333333333333334,0.333333333333334,0.333333333333334,0.333333333333334,0.333333333333334,0.333333333333334,0.333333333333334,0.333333333333334,0.333333333333334,0.333333333333334,0.333333333333334,0.333333333333334,0.333333333333334,0.333333333333334,0.333333333333334),(0.333333333333334,0.333333333333334,0.333333333333334,0.333333333333334,0.333333333333334,0.333333333333334,0.333333333333334,0.333333333333334,0.333333333333334,0.333333333333334,0.333333333333334,0.333333333333334,0.333333333333334,0.333333333333334,0.333333333333334,0.333333333333334,0.333333333333334,0.333333333333334,0.333333333333334,0.333333333333334,0.333333333333334,0.333333333333334,0.333333333333334,0.333333333333334,0.333333333333334,0.333333333333334,0.333333333333334,0.333333333333334,0.333333333333334,0.333333333333334,0.333333333333334,0.333333333333334,0.333333333333334,0.333333333333334,0.333333333333334,0.333333333333334,0.333333333333334,0.333333333333334),(1.0,1.0,1.0,1.0,1.0,1.0,1.0,1.0,1.0,1.0,1.0,1.0,1.0,1.0,1.0,1.0,1.0,1.0,1.0,1.0,1.0,1.0,1.0,1.0,1.0,1.0,1.0,1.0,1.0,1.0,1.0,1.0,1.0,1.0,1.0,1.0,1.0,1.0)))BOUNDED_SURFACE()REPRESENTATION_ITEM('')GEOMETRIC_REPRESENTATION_ITEM()SURFACE());
#653=SURFACE_STYLE_USAGE(.BOTH.,#2052);
#654=FACE_OUTER_BOUND('',#2053,.T.);
#655=(B_SPLINE_SURFACE(3,3,((#2055,#2056,#2057,#2058,#2059,#2060,#2061,#2062,#2063,#2064,#2065,#2066,#2067,#2068,#2069,#2070,#2071,#2072,#2073,#2074,#2075,#2076,#2077,#2078,#2079,#2080,#2081,#2082,#2083,#2084,#2085,#2086,#2087,#2088,#2089,#2090,#2091,#2092),(#2093,#2094,#2095,#2096,#2097,#2098,#2099,#2100,#2101,#2102,#2103,#2104,#2105,#2106,#2107,#2108,#2109,#2110,#2111,#2112,#2113,#2114,#2115,#2116,#2117,#2118,#2119,#2120,#2121,#2122,#2123,#2124,#2125,#2126,#2127,#2128,#2129,#2130),(#2131,#2132,#2133,#2134,#2135,#2136,#2137,#2138,#2139,#2140,#2141,#2142,#2143,#2144,#2145,#2146,#2147,#2148,#2149,#2150,#2151,#2152,#2153,#2154,#2155,#2156,#2157,#2158,#2159,#2160,#2161,#2162,#2163,#2164,#2165,#2166,#2167,#2168),(#2169,#2170,#2171,#2172,#2173,#2174,#2175,#2176,#2177,#2178,#2179,#2180,#2181,#2182,#2183,#2184,#2185,#2186,#2187,#2188,#2189,#2190,#2191,#2192,#2193,#2194,#2195,#2196,#2197,#2198,#2199,#2200,#2201,#2202,#2203,#2204,#2205,#2206),(#2207,#2208,#2209,#2210,#2211,#2212,#2213,#2214,#2215,#2216,#2217,#2218,#2219,#2220,#2221,#2222,#2223,#2224,#2225,#2226,#2227,#2228,#2229,#2230,#2231,#2232,#2233,#2234,#2235,#2236,#2237,#2238,#2239,#2240,#2241,#2242,#2243,#2244),(#2245,#2246,#2247,#2248,#2249,#2250,#2251,#2252,#2253,#2254,#2255,#2256,#2257,#2258,#2259,#2260,#2261,#2262,#2263,#2264,#2265,#2266,#2267,#2268,#2269,#2270,#2271,#2272,#2273,#2274,#2275,#2276,#2277,#2278,#2279,#2280,#2281,#2282),(#2283,#2284,#2285,#2286,#2287,#2288,#2289,#2290,#2291,#2292,#2293,#2294,#2295,#2296,#2297,#2298,#2299,#2300,#2301,#2302,#2303,#2304,#2305,#2306,#2307,#2308,#2309,#2310,#2311,#2312,#2313,#2314,#2315,#2316,#2317,#2318,#2319,#2320)),.UNSPECIFIED.,.T.,.F.,.F.)B_SPLINE_SURFACE_WITH_KNOTS((4,3,4),(4,2,2,2,2,2,2,2,2,2,2,2,2,2,2,2,2,2,4),(0.0,0.5,1.0),(0.0,0.0666666666665067,0.133333333333335,0.2,0.266666666666666,0.333333333333334,0.4,0.466666666666667,0.533333333333333,0.6,0.666666666666667,0.733333333333333,0.8,0.866666666666665,0.933333333333493,0.966666666666747,0.983333333333373,1.0,1.00801156483077),.UNSPECIFIED.)RATIONAL_B_SPLINE_SURFACE(((1.0,1.0,1.0,1.0,1.0,1.0,1.0,1.0,1.0,1.0,1.0,1.0,1.0,1.0,1.0,1.0,1.0,1.0,1.0,1.0,1.0,1.0,1.0,1.0,1.0,1.0,1.0,1.0,1.0,1.0,1.0,1.0,1.0,1.0,1.0,1.0,1.0,1.0),(0.333333333333334,0.333333333333334,0.333333333333334,0.333333333333334,0.333333333333334,0.333333333333334,0.333333333333334,0.333333333333334,0.333333333333334,0.333333333333334,0.333333333333334,0.333333333333334,0.333333333333334,0.333333333333334,0.333333333333334,0.333333333333334,0.333333333333334,0.333333333333334,0.333333333333334,0.333333333333334,0.333333333333334,0.333333333333334,0.333333333333334,0.333333333333334,0.333333333333334,0.333333333333334,0.333333333333334,0.333333333333334,0.333333333333334,0.333333333333334,0.333333333333334,0.333333333333334,0.333333333333334,0.333333333333334,0.333333333333334,0.333333333333334,0.333333333333334,0.333333333333334),(0.333333333333334,0.333333333333334,0.333333333333334,0.333333333333334,0.333333333333334,0.333333333333334,0.333333333333334,0.333333333333334,0.333333333333334,0.333333333333334,0.333333333333334,0.333333333333334,0.333333333333334,0.333333333333334,0.333333333333334,0.333333333333334,0.333333333333334,0.333333333333334,0.333333333333334,0.333333333333334,0.333333333333334,0.333333333333334,0.333333333333334,0.333333333333334,0.333333333333334,0.333333333333334,0.333333333333334,0.333333333333334,0.333333333333334,0.333333333333334,0.333333333333334,0.333333333333334,0.333333333333334,0.333333333333334,0.333333333333334,0.333333333333334,0.333333333333334,0.333333333333334),(1.0,1.0,1.0,1.0,1.0,1.0,1.0,1.0,1.0,1.0,1.0,1.0,1.0,1.0,1.0,1.0,1.0,1.0,1.0,1.0,1.0,1.0,1.0,1.0,1.0,1.0,1.0,1.0,1.0,1.0,1.0,1.0,1.0,1.0,1.0,1.0,1.0,1.0),(0.333333333333334,0.333333333333334,0.333333333333334,0.333333333333334,0.333333333333334,0.333333333333334,0.333333333333334,0.333333333333334,0.333333333333334,0.333333333333334,0.333333333333334,0.333333333333334,0.333333333333334,0.333333333333334,0.333333333333334,0.333333333333334,0.333333333333334,0.333333333333334,0.333333333333334,0.333333333333334,0.333333333333334,0.333333333333334,0.333333333333334,0.333333333333334,0.333333333333334,0.333333333333334,0.333333333333334,0.333333333333334,0.333333333333334,0.333333333333334,0.333333333333334,0.333333333333334,0.333333333333334,0.333333333333334,0.333333333333334,0.333333333333334,0.333333333333334,0.333333333333334),(0.333333333333334,0.333333333333334,0.333333333333334,0.333333333333334,0.333333333333334,0.333333333333334,0.333333333333334,0.333333333333334,0.333333333333334,0.333333333333334,0.333333333333334,0.333333333333334,0.333333333333334,0.333333333333334,0.333333333333334,0.333333333333334,0.333333333333334,0.333333333333334,0.333333333333334,0.333333333333334,0.333333333333334,0.333333333333334,0.333333333333334,0.333333333333334,0.333333333333334,0.333333333333334,0.333333333333334,0.333333333333334,0.333333333333334,0.333333333333334,0.333333333333334,0.333333333333334,0.333333333333334,0.333333333333334,0.333333333333334,0.333333333333334,0.333333333333334,0.333333333333334),(1.0,1.0,1.0,1.0,1.0,1.0,1.0,1.0,1.0,1.0,1.0,1.0,1.0,1.0,1.0,1.0,1.0,1.0,1.0,1.0,1.0,1.0,1.0,1.0,1.0,1.0,1.0,1.0,1.0,1.0,1.0,1.0,1.0,1.0,1.0,1.0,1.0,1.0)))BOUNDED_SURFACE()REPRESENTATION_ITEM('')GEOMETRIC_REPRESENTATION_ITEM()SURFACE());
#656=SURFACE_STYLE_USAGE(.BOTH.,#2327);
#657=FACE_OUTER_BOUND('',#2328,.T.);
#658=(B_SPLINE_SURFACE(3,3,((#2330,#2331,#2332,#2333,#2334,#2335,#2336,#2337,#2338,#2339,#2340,#2341,#2342,#2343,#2344,#2345,#2346,#2347,#2348,#2349,#2350,#2351,#2352,#2353,#2354,#2355,#2356,#2357,#2358,#2359,#2360,#2361,#2362,#2363,#2364,#2365,#2366,#2367),(#2368,#2369,#2370,#2371,#2372,#2373,#2374,#2375,#2376,#2377,#2378,#2379,#2380,#2381,#2382,#2383,#2384,#2385,#2386,#2387,#2388,#2389,#2390,#2391,#2392,#2393,#2394,#2395,#2396,#2397,#2398,#2399,#2400,#2401,#2402,#2403,#2404,#2405),(#2406,#2407,#2408,#2409,#2410,#2411,#2412,#2413,#2414,#2415,#2416,#2417,#2418,#2419,#2420,#2421,#2422,#2423,#2424,#2425,#2426,#2427,#2428,#2429,#2430,#2431,#2432,#2433,#2434,#2435,#2436,#2437,#2438,#2439,#2440,#2441,#2442,#2443),(#2444,#2445,#2446,#2447,#2448,#2449,#2450,#2451,#2452,#2453,#2454,#2455,#2456,#2457,#2458,#2459,#2460,#2461,#2462,#2463,#2464,#2465,#2466,#2467,#2468,#2469,#2470,#2471,#2472,#2473,#2474,#2475,#2476,#2477,#2478,#2479,#2480,#2481),(#2482,#2483,#2484,#2485,#2486,#2487,#2488,#2489,#2490,#2491,#2492,#2493,#2494,#2495,#2496,#2497,#2498,#2499,#2500,#2501,#2502,#2503,#2504,#2505,#2506,#2507,#2508,#2509,#2510,#2511,#2512,#2513,#2514,#2515,#2516,#2517,#2518,#2519),(#2520,#2521,#2522,#2523,#2524,#2525,#2526,#2527,#2528,#2529,#2530,#2531,#2532,#2533,#2534,#2535,#2536,#2537,#2538,#2539,#2540,#2541,#2542,#2543,#2544,#2545,#2546,#2547,#2548,#2549,#2550,#2551,#2552,#2553,#2554,#2555,#2556,#2557),(#2558,#2559,#2560,#2561,#2562,#2563,#2564,#2565,#2566,#2567,#2568,#2569,#2570,#2571,#2572,#2573,#2574,#2575,#2576,#2577,#2578,#2579,#2580,#2581,#2582,#2583,#2584,#2585,#2586,#2587,#2588,#2589,#2590,#2591,#2592,#2593,#2594,#2595)),.UNSPECIFIED.,.T.,.F.,.F.)B_SPLINE_SURFACE_WITH_KNOTS((4,3,4),(4,2,2,2,2,2,2,2,2,2,2,2,2,2,2,2,2,2,4),(0.0,0.5,1.0),(0.0,0.0666666666665067,0.133333333333335,0.2,0.266666666666666,0.333333333333334,0.4,0.466666666666667,0.533333333333333,0.6,0.666666666666667,0.733333333333333,0.8,0.866666666666665,0.933333333333493,0.966666666666747,0.983333333333373,1.0,1.00801156483077),.UNSPECIFIED.)RATIONAL_B_SPLINE_SURFACE(((1.0,1.0,1.0,1.0,1.0,1.0,1.0,1.0,1.0,1.0,1.0,1.0,1.0,1.0,1.0,1.0,1.0,1.0,1.0,1.0,1.0,1.0,1.0,1.0,1.0,1.0,1.0,1.0,1.0,1.0,1.0,1.0,1.0,1.0,1.0,1.0,1.0,1.0),(0.333333333333334,0.333333333333334,0.333333333333334,0.333333333333334,0.333333333333334,0.333333333333334,0.333333333333334,0.333333333333334,0.333333333333334,0.333333333333334,0.333333333333334,0.333333333333334,0.333333333333334,0.333333333333334,0.333333333333334,0.333333333333334,0.333333333333334,0.333333333333334,0.333333333333334,0.333333333333334,0.333333333333334,0.333333333333334,0.333333333333334,0.333333333333334,0.333333333333334,0.333333333333334,0.333333333333334,0.333333333333334,0.333333333333334,0.333333333333334,0.333333333333334,0.333333333333334,0.333333333333334,0.333333333333334,0.333333333333334,0.333333333333334,0.333333333333334,0.333333333333334),(0.333333333333334,0.333333333333334,0.333333333333334,0.333333333333334,0.333333333333334,0.333333333333334,0.333333333333334,0.333333333333334,0.333333333333334,0.333333333333334,0.333333333333334,0.333333333333334,0.333333333333334,0.333333333333334,0.333333333333334,0.333333333333334,0.333333333333334,0.333333333333334,0.333333333333334,0.333333333333334,0.333333333333334,0.333333333333334,0.333333333333334,0.333333333333334,0.333333333333334,0.333333333333334,0.333333333333334,0.333333333333334,0.333333333333334,0.333333333333334,0.333333333333334,0.333333333333334,0.333333333333334,0.333333333333334,0.333333333333334,0.333333333333334,0.333333333333334,0.333333333333334),(1.0,1.0,1.0,1.0,1.0,1.0,1.0,1.0,1.0,1.0,1.0,1.0,1.0,1.0,1.0,1.0,1.0,1.0,1.0,1.0,1.0,1.0,1.0,1.0,1.0,1.0,1.0,1.0,1.0,1.0,1.0,1.0,1.0,1.0,1.0,1.0,1.0,1.0),(0.333333333333334,0.333333333333334,0.333333333333334,0.333333333333334,0.333333333333334,0.333333333333334,0.333333333333334,0.333333333333334,0.333333333333334,0.333333333333334,0.333333333333334,0.333333333333334,0.333333333333334,0.333333333333334,0.333333333333334,0.333333333333334,0.333333333333334,0.333333333333334,0.333333333333334,0.333333333333334,0.333333333333334,0.333333333333334,0.333333333333334,0.333333333333334,0.333333333333334,0.333333333333334,0.333333333333334,0.333333333333334,0.333333333333334,0.333333333333334,0.333333333333334,0.333333333333334,0.333333333333334,0.333333333333334,0.333333333333334,0.333333333333334,0.333333333333334,0.333333333333334),(0.333333333333334,0.333333333333334,0.333333333333334,0.333333333333334,0.333333333333334,0.333333333333334,0.333333333333334,0.333333333333334,0.333333333333334,0.333333333333334,0.333333333333334,0.333333333333334,0.333333333333334,0.333333333333334,0.333333333333334,0.333333333333334,0.333333333333334,0.333333333333334,0.333333333333334,0.333333333333334,0.333333333333334,0.333333333333334,0.333333333333334,0.333333333333334,0.333333333333334,0.333333333333334,0.333333333333334,0.333333333333334,0.333333333333334,0.333333333333334,0.333333333333334,0.333333333333334,0.333333333333334,0.333333333333334,0.333333333333334,0.333333333333334,0.333333333333334,0.333333333333334),(1.0,1.0,1.0,1.0,1.0,1.0,1.0,1.0,1.0,1.0,1.0,1.0,1.0,1.0,1.0,1.0,1.0,1.0,1.0,1.0,1.0,1.0,1.0,1.0,1.0,1.0,1.0,1.0,1.0,1.0,1.0,1.0,1.0,1.0,1.0,1.0,1.0,1.0)))BOUNDED_SURFACE()REPRESENTATION_ITEM('')GEOMETRIC_REPRESENTATION_ITEM()SURFACE());
#659=SURFACE_STYLE_USAGE(.BOTH.,#2602);
#660=FACE_OUTER_BOUND('',#2603,.T.);
#661=(B_SPLINE_SURFACE(3,3,((#2605,#2606,#2607,#2608,#2609,#2610,#2611,#2612,#2613,#2614,#2615,#2616,#2617,#2618,#2619,#2620,#2621,#2622,#2623,#2624,#2625,#2626,#2627,#2628,#2629,#2630,#2631,#2632,#2633,#2634,#2635,#2636,#2637,#2638,#2639,#2640,#2641,#2642),(#2643,#2644,#2645,#2646,#2647,#2648,#2649,#2650,#2651,#2652,#2653,#2654,#2655,#2656,#2657,#2658,#2659,#2660,#2661,#2662,#2663,#2664,#2665,#2666,#2667,#2668,#2669,#2670,#2671,#2672,#2673,#2674,#2675,#2676,#2677,#2678,#2679,#2680),(#2681,#2682,#2683,#2684,#2685,#2686,#2687,#2688,#2689,#2690,#2691,#2692,#2693,#2694,#2695,#2696,#2697,#2698,#2699,#2700,#2701,#2702,#2703,#2704,#2705,#2706,#2707,#2708,#2709,#2710,#2711,#2712,#2713,#2714,#2715,#2716,#2717,#2718),(#2719,#2720,#2721,#2722,#2723,#2724,#2725,#2726,#2727,#2728,#2729,#2730,#2731,#2732,#2733,#2734,#2735,#2736,#2737,#2738,#2739,#2740,#2741,#2742,#2743,#2744,#2745,#2746,#2747,#2748,#2749,#2750,#2751,#2752,#2753,#2754,#2755,#2756),(#2757,#2758,#2759,#2760,#2761,#2762,#2763,#2764,#2765,#2766,#2767,#2768,#2769,#2770,#2771,#2772,#2773,#2774,#2775,#2776,#2777,#2778,#2779,#2780,#2781,#2782,#2783,#2784,#2785,#2786,#2787,#2788,#2789,#2790,#2791,#2792,#2793,#2794),(#2795,#2796,#2797,#2798,#2799,#2800,#2801,#2802,#2803,#2804,#2805,#2806,#2807,#2808,#2809,#2810,#2811,#2812,#2813,#2814,#2815,#2816,#2817,#2818,#2819,#2820,#2821,#2822,#2823,#2824,#2825,#2826,#2827,#2828,#2829,#2830,#2831,#2832),(#2833,#2834,#2835,#2836,#2837,#2838,#2839,#2840,#2841,#2842,#2843,#2844,#2845,#2846,#2847,#2848,#2849,#2850,#2851,#2852,#2853,#2854,#2855,#2856,#2857,#2858,#2859,#2860,#2861,#2862,#2863,#2864,#2865,#2866,#2867,#2868,#2869,#2870)),.UNSPECIFIED.,.T.,.F.,.F.)B_SPLINE_SURFACE_WITH_KNOTS((4,3,4),(4,2,2,2,2,2,2,2,2,2,2,2,2,2,2,2,2,2,4),(0.0,0.5,1.0),(-0.00568243935043885,0.0,0.0119047619047619,0.0238095238095238,0.0476190476190476,0.142857142857143,0.238095238095238,0.333333333333778,0.428571428571428,0.523809523809542,0.619047619047619,0.714285714285715,0.80952380952381,0.904761904761904,0.952380952380952,0.976190476190476,0.988095238095238,1.0,1.00568243935044),.UNSPECIFIED.)RATIONAL_B_SPLINE_SURFACE(((1.0,1.0,1.0,1.0,1.0,1.0,1.0,1.0,1.0,1.0,1.0,1.0,1.0,1.0,1.0,1.0,1.0,1.0,1.0,1.0,1.0,1.0,1.0,1.0,1.0,1.0,1.0,1.0,1.0,1.0,1.0,1.0,1.0,1.0,1.0,1.0,1.0,1.0),(0.333333333333334,0.333333333333334,0.333333333333334,0.333333333333334,0.333333333333334,0.333333333333334,0.333333333333334,0.333333333333334,0.333333333333334,0.333333333333334,0.333333333333334,0.333333333333334,0.333333333333334,0.333333333333334,0.333333333333334,0.333333333333334,0.333333333333334,0.333333333333334,0.333333333333334,0.333333333333334,0.333333333333334,0.333333333333334,0.333333333333334,0.333333333333334,0.333333333333334,0.333333333333334,0.333333333333334,0.333333333333334,0.333333333333334,0.333333333333334,0.333333333333334,0.333333333333334,0.333333333333334,0.333333333333334,0.333333333333334,0.333333333333334,0.333333333333334,0.333333333333334),(0.333333333333334,0.333333333333334,0.333333333333334,0.333333333333334,0.333333333333334,0.333333333333334,0.333333333333334,0.333333333333334,0.333333333333334,0.333333333333334,0.333333333333334,0.333333333333334,0.333333333333334,0.333333333333334,0.333333333333334,0.333333333333334,0.333333333333334,0.333333333333334,0.333333333333334,0.333333333333334,0.333333333333334,0.333333333333334,0.333333333333334,0.333333333333334,0.333333333333334,0.333333333333334,0.333333333333334,0.333333333333334,0.333333333333334,0.333333333333334,0.333333333333334,0.333333333333334,0.333333333333334,0.333333333333334,0.333333333333334,0.333333333333334,0.333333333333334,0.333333333333334),(1.0,1.0,1.0,1.0,1.0,1.0,1.0,1.0,1.0,1.0,1.0,1.0,1.0,1.0,1.0,1.0,1.0,1.0,1.0,1.0,1.0,1.0,1.0,1.0,1.0,1.0,1.0,1.0,1.0,1.0,1.0,1.0,1.0,1.0,1.0,1.0,1.0,1.0),(0.333333333333334,0.333333333333334,0.333333333333334,0.333333333333334,0.333333333333334,0.333333333333334,0.333333333333334,0.333333333333334,0.333333333333334,0.333333333333334,0.333333333333334,0.333333333333334,0.333333333333334,0.333333333333334,0.333333333333334,0.333333333333334,0.333333333333334,0.333333333333334,0.333333333333334,0.333333333333334,0.333333333333334,0.333333333333334,0.333333333333334,0.333333333333334,0.333333333333334,0.333333333333334,0.333333333333334,0.333333333333334,0.333333333333334,0.333333333333334,0.333333333333334,0.333333333333334,0.333333333333334,0.333333333333334,0.333333333333334,0.333333333333334,0.333333333333334,0.333333333333334),(0.333333333333334,0.333333333333334,0.333333333333334,0.333333333333334,0.333333333333334,0.333333333333334,0.333333333333334,0.333333333333334,0.333333333333334,0.333333333333334,0.333333333333334,0.333333333333334,0.333333333333334,0.333333333333334,0.333333333333334,0.333333333333334,0.333333333333334,0.333333333333334,0.333333333333334,0.333333333333334,0.333333333333334,0.333333333333334,0.333333333333334,0.333333333333334,0.333333333333334,0.333333333333334,0.333333333333334,0.333333333333334,0.333333333333334,0.333333333333334,0.333333333333334,0.333333333333334,0.333333333333334,0.333333333333334,0.333333333333334,0.333333333333334,0.333333333333334,0.333333333333334),(1.0,1.0,1.0,1.0,1.0,1.0,1.0,1.0,1.0,1.0,1.0,1.0,1.0,1.0,1.0,1.0,1.0,1.0,1.0,1.0,1.0,1.0,1.0,1.0,1.0,1.0,1.0,1.0,1.0,1.0,1.0,1.0,1.0,1.0,1.0,1.0,1.0,1.0)))BOUNDED_SURFACE()REPRESENTATION_ITEM('')GEOMETRIC_REPRESENTATION_ITEM()SURFACE());
#662=SURFACE_STYLE_USAGE(.BOTH.,#2877);
#663=FACE_OUTER_BOUND('',#2878,.T.);
#664=(B_SPLINE_SURFACE(3,3,((#2880,#2881,#2882,#2883,#2884,#2885,#2886,#2887,#2888,#2889,#2890,#2891,#2892,#2893,#2894,#2895,#2896,#2897,#2898,#2899,#2900,#2901,#2902,#2903,#2904,#2905,#2906,#2907,#2908,#2909,#2910,#2911,#2912,#2913,#2914,#2915,#2916,#2917),(#2918,#2919,#2920,#2921,#2922,#2923,#2924,#2925,#2926,#2927,#2928,#2929,#2930,#2931,#2932,#2933,#2934,#2935,#2936,#2937,#2938,#2939,#2940,#2941,#2942,#2943,#2944,#2945,#2946,#2947,#2948,#2949,#2950,#2951,#2952,#2953,#2954,#2955),(#2956,#2957,#2958,#2959,#2960,#2961,#2962,#2963,#2964,#2965,#2966,#2967,#2968,#2969,#2970,#2971,#2972,#2973,#2974,#2975,#2976,#2977,#2978,#2979,#2980,#2981,#2982,#2983,#2984,#2985,#2986,#2987,#2988,#2989,#2990,#2991,#2992,#2993),(#2994,#2995,#2996,#2997,#2998,#2999,#3000,#3001,#3002,#3003,#3004,#3005,#3006,#3007,#3008,#3009,#3010,#3011,#3012,#3013,#3014,#3015,#3016,#3017,#3018,#3019,#3020,#3021,#3022,#3023,#3024,#3025,#3026,#3027,#3028,#3029,#3030,#3031),(#3032,#3033,#3034,#3035,#3036,#3037,#3038,#3039,#3040,#3041,#3042,#3043,#3044,#3045,#3046,#3047,#3048,#3049,#3050,#3051,#3052,#3053,#3054,#3055,#3056,#3057,#3058,#3059,#3060,#3061,#3062,#3063,#3064,#3065,#3066,#3067,#3068,#3069),(#3070,#3071,#3072,#3073,#3074,#3075,#3076,#3077,#3078,#3079,#3080,#3081,#3082,#3083,#3084,#3085,#3086,#3087,#3088,#3089,#3090,#3091,#3092,#3093,#3094,#3095,#3096,#3097,#3098,#3099,#3100,#3101,#3102,#3103,#3104,#3105,#3106,#3107),(#3108,#3109,#3110,#3111,#3112,#3113,#3114,#3115,#3116,#3117,#3118,#3119,#3120,#3121,#3122,#3123,#3124,#3125,#3126,#3127,#3128,#3129,#3130,#3131,#3132,#3133,#3134,#3135,#3136,#3137,#3138,#3139,#3140,#3141,#3142,#3143,#3144,#3145)),.UNSPECIFIED.,.T.,.F.,.F.)B_SPLINE_SURFACE_WITH_KNOTS((4,3,4),(4,2,2,2,2,2,2,2,2,2,2,2,2,2,2,2,2,2,4),(0.0,0.5,1.0),(-0.00801156483076832,0.0,0.0166666666666267,0.0333333333332533,0.0666666666665067,0.133333333333335,0.2,0.266666666666666,0.333333333333334,0.4,0.466666666666667,0.533333333333333,0.6,0.666666666666667,0.733333333333333,0.8,0.866666666666665,0.933333333333493,1.0),.UNSPECIFIED.)RATIONAL_B_SPLINE_SURFACE(((1.0,1.0,1.0,1.0,1.0,1.0,1.0,1.0,1.0,1.0,1.0,1.0,1.0,1.0,1.0,1.0,1.0,1.0,1.0,1.0,1.0,1.0,1.0,1.0,1.0,1.0,1.0,1.0,1.0,1.0,1.0,1.0,1.0,1.0,1.0,1.0,1.0,1.0),(0.333333333333334,0.333333333333334,0.333333333333334,0.333333333333334,0.333333333333334,0.333333333333334,0.333333333333334,0.333333333333334,0.333333333333334,0.333333333333334,0.333333333333334,0.333333333333334,0.333333333333334,0.333333333333334,0.333333333333334,0.333333333333334,0.333333333333334,0.333333333333334,0.333333333333334,0.333333333333334,0.333333333333334,0.333333333333334,0.333333333333334,0.333333333333334,0.333333333333334,0.333333333333334,0.333333333333334,0.333333333333334,0.333333333333334,0.333333333333334,0.333333333333334,0.333333333333334,0.333333333333334,0.333333333333334,0.333333333333334,0.333333333333334,0.333333333333334,0.333333333333334),(0.333333333333334,0.333333333333334,0.333333333333334,0.333333333333334,0.333333333333334,0.333333333333334,0.333333333333334,0.333333333333334,0.333333333333334,0.333333333333334,0.333333333333334,0.333333333333334,0.333333333333334,0.333333333333334,0.333333333333334,0.333333333333334,0.333333333333334,0.333333333333334,0.333333333333334,0.333333333333334,0.333333333333334,0.333333333333334,0.333333333333334,0.333333333333334,0.333333333333334,0.333333333333334,0.333333333333334,0.333333333333334,0.333333333333334,0.333333333333334,0.333333333333334,0.333333333333334,0.333333333333334,0.333333333333334,0.333333333333334,0.333333333333334,0.333333333333334,0.333333333333334),(1.0,1.0,1.0,1.0,1.0,1.0,1.0,1.0,1.0,1.0,1.0,1.0,1.0,1.0,1.0,1.0,1.0,1.0,1.0,1.0,1.0,1.0,1.0,1.0,1.0,1.0,1.0,1.0,1.0,1.0,1.0,1.0,1.0,1.0,1.0,1.0,1.0,1.0),(0.333333333333334,0.333333333333334,0.333333333333334,0.333333333333334,0.333333333333334,0.333333333333334,0.333333333333334,0.333333333333334,0.333333333333334,0.333333333333334,0.333333333333334,0.333333333333334,0.333333333333334,0.333333333333334,0.333333333333334,0.333333333333334,0.333333333333334,0.333333333333334,0.333333333333334,0.333333333333334,0.333333333333334,0.333333333333334,0.333333333333334,0.333333333333334,0.333333333333334,0.333333333333334,0.333333333333334,0.333333333333334,0.333333333333334,0.333333333333334,0.333333333333334,0.333333333333334,0.333333333333334,0.333333333333334,0.333333333333334,0.333333333333334,0.333333333333334,0.333333333333334),(0.333333333333334,0.333333333333334,0.333333333333334,0.333333333333334,0.333333333333334,0.333333333333334,0.333333333333334,0.333333333333334,0.333333333333334,0.333333333333334,0.333333333333334,0.333333333333334,0.333333333333334,0.333333333333334,0.333333333333334,0.333333333333334,0.333333333333334,0.333333333333334,0.333333333333334,0.333333333333334,0.333333333333334,0.333333333333334,0.333333333333334,0.333333333333334,0.333333333333334,0.333333333333334,0.333333333333334,0.333333333333334,0.333333333333334,0.333333333333334,0.333333333333334,0.333333333333334,0.333333333333334,0.333333333333334,0.333333333333334,0.333333333333334,0.333333333333334,0.333333333333334),(1.0,1.0,1.0,1.0,1.0,1.0,1.0,1.0,1.0,1.0,1.0,1.0,1.0,1.0,1.0,1.0,1.0,1.0,1.0,1.0,1.0,1.0,1.0,1.0,1.0,1.0,1.0,1.0,1.0,1.0,1.0,1.0,1.0,1.0,1.0,1.0,1.0,1.0)))BOUNDED_SURFACE()REPRESENTATION_ITEM('')GEOMETRIC_REPRESENTATION_ITEM()SURFACE());
#665=SURFACE_STYLE_USAGE(.BOTH.,#3152);
#666=FACE_OUTER_BOUND('',#3153,.T.);
#667=PLANE('',#3154);
#668=SURFACE_STYLE_USAGE(.BOTH.,#3155);
#669=FACE_OUTER_BOUND('',#3156,.T.);
#670=PLANE('',#3157);
#671=SURFACE_STYLE_USAGE(.BOTH.,#3158);
#672=SURFACE_STYLE_USAGE(.BOTH.,#3159);
#673=FACE_OUTER_BOUND('',#3160,.T.);
#674=CYLINDRICAL_SURFACE('',#3161,5.6);
#675=SURFACE_STYLE_USAGE(.BOTH.,#3162);
#676=FACE_OUTER_BOUND('',#3163,.T.);
#677=TOROIDAL_SURFACE('',#3164,7.32679491924312,0.3);
#678=SURFACE_STYLE_USAGE(.BOTH.,#3165);
#679=FACE_OUTER_BOUND('',#3166,.T.);
#680=TOROIDAL_SURFACE('',#3167,7.32679491924312,0.3);
#681=SURFACE_STYLE_USAGE(.BOTH.,#3168);
#682=FACE_OUTER_BOUND('',#3169,.T.);
#683=CONICAL_SURFACE('',#3170,7.5,0.523598775598299);
#684=SURFACE_STYLE_USAGE(.BOTH.,#3171);
#685=FACE_OUTER_BOUND('',#3172,.T.);
#686=CONICAL_SURFACE('',#3173,7.5,0.523598775598299);
#687=SURFACE_STYLE_USAGE(.BOTH.,#3174);
#688=FACE_OUTER_BOUND('',#3175,.T.);
#689=TOROIDAL_SURFACE('',#3176,8.45,0.3);
#690=SURFACE_STYLE_USAGE(.BOTH.,#3177);
#691=FACE_OUTER_BOUND('',#3178,.T.);
#692=TOROIDAL_SURFACE('',#3179,8.45,0.3);
#693=SURFACE_STYLE_USAGE(.BOTH.,#3180);
#694=FACE_OUTER_BOUND('',#3181,.T.);
#695=CYLINDRICAL_SURFACE('',#3182,8.75);
#696=SURFACE_STYLE_USAGE(.BOTH.,#3183);
#697=FACE_OUTER_BOUND('',#3184,.T.);
#698=CYLINDRICAL_SURFACE('',#3185,8.75);
#699=SURFACE_STYLE_USAGE(.BOTH.,#3186);
#700=FACE_OUTER_BOUND('',#3187,.T.);
#701=CYLINDRICAL_SURFACE('',#3188,5.6);
#702=SURFACE_STYLE_USAGE(.BOTH.,#3189);
#703=FACE_OUTER_BOUND('',#3190,.T.);
#704=CYLINDRICAL_SURFACE('',#3191,1.9);
#705=SURFACE_STYLE_USAGE(.BOTH.,#3192);
#706=FACE_OUTER_BOUND('',#3193,.T.);
#707=CONICAL_SURFACE('',#3194,866.025403784439,1.0471975511966);
#708=SURFACE_STYLE_USAGE(.BOTH.,#3195);
#709=FACE_OUTER_BOUND('',#3196,.T.);
#710=CYLINDRICAL_SURFACE('',#3197,5.6);
#711=SURFACE_STYLE_USAGE(.BOTH.,#3198);
#712=FACE_OUTER_BOUND('',#3199,.T.);
#713=CYLINDRICAL_SURFACE('',#3200,1.9);
#714=SURFACE_STYLE_USAGE(.BOTH.,#3201);
#715=FACE_OUTER_BOUND('',#3202,.T.);
#716=CONICAL_SURFACE('',#3203,866.025403784439,1.0471975511966);
#717=SURFACE_STYLE_USAGE(.BOTH.,#3204);
#718=FACE_OUTER_BOUND('',#3205,.T.);
#719=CYLINDRICAL_SURFACE('',#3206,3.25);
#720=SURFACE_STYLE_USAGE(.BOTH.,#3207);
#721=FACE_OUTER_BOUND('',#3208,.T.);
#722=CONICAL_SURFACE('',#3209,866.025403784439,1.0471975511966);
#723=SURFACE_STYLE_USAGE(.BOTH.,#3210);
#724=FACE_OUTER_BOUND('',#3211,.T.);
#725=CONICAL_SURFACE('',#3212,866.025403784439,1.0471975511966);
#726=SURFACE_STYLE_USAGE(.BOTH.,#3213);
#727=FACE_OUTER_BOUND('',#3214,.T.);
#728=PLANE('',#3215);
#729=SURFACE_STYLE_USAGE(.BOTH.,#3216);
#730=FACE_OUTER_BOUND('',#3217,.T.);
#731=CYLINDRICAL_SURFACE('',#3218,3.25);
#732=SURFACE_STYLE_USAGE(.BOTH.,#3219);
#733=FACE_OUTER_BOUND('',#3220,.T.);
#734=FACE_BOUND('',#3221,.T.);
#735=FACE_BOUND('',#3222,.T.);
#736=PLANE('',#3223);
#737=SURFACE_STYLE_USAGE(.BOTH.,#3224);
#738=FACE_OUTER_BOUND('',#3225,.T.);
#739=FACE_BOUND('',#3226,.T.);
#740=PLANE('',#3227);
#741=SURFACE_STYLE_USAGE(.BOTH.,#3228);
#742=FACE_OUTER_BOUND('',#3229,.T.);
#743=CONICAL_SURFACE('',#3230,866.025403784439,1.0471975511966);
#744=SURFACE_STYLE_USAGE(.BOTH.,#3231);
#745=FACE_OUTER_BOUND('',#3232,.T.);
#746=CYLINDRICAL_SURFACE('',#3233,1.9);
#747=SURFACE_STYLE_USAGE(.BOTH.,#3234);
#748=FACE_OUTER_BOUND('',#3235,.T.);
#749=FACE_BOUND('',#3236,.T.);
#750=PLANE('',#3237);
#751=SURFACE_STYLE_USAGE(.BOTH.,#3238);
#752=FACE_OUTER_BOUND('',#3239,.T.);
#753=CYLINDRICAL_SURFACE('',#3240,5.6);
#754=SURFACE_STYLE_USAGE(.BOTH.,#3241);
#755=FACE_OUTER_BOUND('',#3242,.T.);
#756=CONICAL_SURFACE('',#3243,866.025403784439,1.0471975511966);
#757=SURFACE_STYLE_USAGE(.BOTH.,#3244);
#758=FACE_OUTER_BOUND('',#3245,.T.);
#759=CYLINDRICAL_SURFACE('',#3246,1.9);
#760=SURFACE_STYLE_USAGE(.BOTH.,#3247);
#761=FACE_OUTER_BOUND('',#3248,.T.);
#762=FACE_BOUND('',#3249,.T.);
#763=PLANE('',#3250);
#764=SURFACE_STYLE_USAGE(.BOTH.,#3251);
#765=FACE_OUTER_BOUND('',#3252,.T.);
#766=CYLINDRICAL_SURFACE('',#3253,5.6);
#767=SURFACE_STYLE_USAGE(.BOTH.,#3254);
#768=FACE_OUTER_BOUND('',#3255,.T.);
#769=PLANE('',#3256);
#770=SURFACE_STYLE_USAGE(.BOTH.,#3257);
#771=FACE_OUTER_BOUND('',#3258,.T.);
#772=PLANE('',#3259);
#773=SURFACE_STYLE_USAGE(.BOTH.,#3260);
#774=FACE_OUTER_BOUND('',#3261,.T.);
#775=CYLINDRICAL_SURFACE('',#3262,8.75);
#776=SURFACE_STYLE_USAGE(.BOTH.,#3263);
#777=FACE_OUTER_BOUND('',#3264,.T.);
#778=PLANE('',#3265);
#779=SURFACE_STYLE_USAGE(.BOTH.,#3266);
#780=FACE_OUTER_BOUND('',#3267,.T.);
#781=CYLINDRICAL_SURFACE('',#3268,8.75);
#782=SURFACE_STYLE_USAGE(.BOTH.,#3269);
#783=FACE_OUTER_BOUND('',#3270,.T.);
#784=TOROIDAL_SURFACE('',#3271,8.45,0.3);
#785=SURFACE_STYLE_USAGE(.BOTH.,#3272);
#786=FACE_OUTER_BOUND('',#3273,.T.);
#787=CYLINDRICAL_SURFACE('',#3274,0.3);
#788=SURFACE_STYLE_USAGE(.BOTH.,#3275);
#789=FACE_OUTER_BOUND('',#3276,.T.);
#790=CYLINDRICAL_SURFACE('',#3277,0.3);
#791=SURFACE_STYLE_USAGE(.BOTH.,#3278);
#792=FACE_OUTER_BOUND('',#3279,.T.);
#793=TOROIDAL_SURFACE('',#3280,8.45,0.3);
#794=SURFACE_STYLE_USAGE(.BOTH.,#3281);
#795=FACE_OUTER_BOUND('',#3282,.T.);
#796=PLANE('',#3283);
#797=SURFACE_STYLE_USAGE(.BOTH.,#3284);
#798=FACE_OUTER_BOUND('',#3285,.T.);
#799=CONICAL_SURFACE('',#3286,7.5,0.523598775598299);
#800=SURFACE_STYLE_USAGE(.BOTH.,#3287);
#801=FACE_OUTER_BOUND('',#3288,.T.);
#802=CONICAL_SURFACE('',#3289,7.5,0.523598775598299);
#803=SURFACE_STYLE_USAGE(.BOTH.,#3290);
#804=FACE_OUTER_BOUND('',#3291,.T.);
#805=CYLINDRICAL_SURFACE('',#3292,0.3);
#806=SURFACE_STYLE_USAGE(.BOTH.,#3293);
#807=FACE_OUTER_BOUND('',#3294,.T.);
#808=TOROIDAL_SURFACE('',#3295,7.32679491924312,0.3);
#809=SURFACE_STYLE_USAGE(.BOTH.,#3296);
#810=FACE_OUTER_BOUND('',#3297,.T.);
#811=TOROIDAL_SURFACE('',#3298,7.32679491924312,0.3);
#812=SURFACE_STYLE_USAGE(.BOTH.,#3299);
#813=FACE_OUTER_BOUND('',#3300,.T.);
#814=CYLINDRICAL_SURFACE('',#3301,0.3);
#815=SURFACE_STYLE_USAGE(.BOTH.,#3302);
#816=FACE_OUTER_BOUND('',#3303,.T.);
#817=CYLINDRICAL_SURFACE('',#3304,5.6);
#818=SURFACE_STYLE_USAGE(.BOTH.,#3305);
#819=FACE_OUTER_BOUND('',#3306,.T.);
#820=FACE_BOUND('',#3307,.T.);
#821=PLANE('',#3308);
#822=SURFACE_STYLE_USAGE(.BOTH.,#3309);
#823=SURFACE_STYLE_USAGE(.BOTH.,#3310);
#824=FACE_OUTER_BOUND('',#3311,.T.);
#825=CONICAL_SURFACE('',#3312,3.05,0.0499583957219433);
#826=SURFACE_STYLE_USAGE(.BOTH.,#3313);
#827=FACE_OUTER_BOUND('',#3314,.T.);
#828=CYLINDRICAL_SURFACE('',#3315,3.35);
#829=SURFACE_STYLE_USAGE(.BOTH.,#3316);
#830=FACE_OUTER_BOUND('',#3317,.T.);
#831=CYLINDRICAL_SURFACE('',#3318,3.25);
#832=SURFACE_STYLE_USAGE(.BOTH.,#3319);
#833=FACE_OUTER_BOUND('',#3320,.T.);
#834=CYLINDRICAL_SURFACE('',#3321,3.5);
#835=SURFACE_STYLE_USAGE(.BOTH.,#3322);
#836=FACE_OUTER_BOUND('',#3323,.T.);
#837=CYLINDRICAL_SURFACE('',#3324,3.25);
#838=SURFACE_STYLE_USAGE(.BOTH.,#3325);
#839=FACE_OUTER_BOUND('',#3326,.T.);
#840=CONICAL_SURFACE('',#3327,3.5,0.785398163397449);
#841=SURFACE_STYLE_USAGE(.BOTH.,#3328);
#842=FACE_OUTER_BOUND('',#3329,.T.);
#843=CONICAL_SURFACE('',#3330,3.5,0.785398163397448);
#844=SURFACE_STYLE_USAGE(.BOTH.,#3331);
#845=FACE_OUTER_BOUND('',#3332,.T.);
#846=PLANE('',#3333);
#847=SURFACE_STYLE_USAGE(.BOTH.,#3334);
#848=FACE_OUTER_BOUND('',#3335,.T.);
#849=PLANE('',#3336);
#850=SURFACE_STYLE_USAGE(.BOTH.,#3337);
#851=FACE_OUTER_BOUND('',#3338,.T.);
#852=PLANE('',#3339);
#853=SURFACE_STYLE_USAGE(.BOTH.,#3340);
#854=FACE_OUTER_BOUND('',#3341,.T.);
#855=CONICAL_SURFACE('',#3342,3.5,0.785398163397448);
#856=SURFACE_STYLE_USAGE(.BOTH.,#3343);
#857=FACE_OUTER_BOUND('',#3344,.T.);
#858=CONICAL_SURFACE('',#3345,3.5,0.785398163397449);
#859=SURFACE_STYLE_USAGE(.BOTH.,#3346);
#860=FACE_OUTER_BOUND('',#3347,.T.);
#861=CYLINDRICAL_SURFACE('',#3348,3.25);
#862=SURFACE_STYLE_USAGE(.BOTH.,#3349);
#863=FACE_OUTER_BOUND('',#3350,.T.);
#864=CYLINDRICAL_SURFACE('',#3351,3.5);
#865=SURFACE_STYLE_USAGE(.BOTH.,#3352);
#866=FACE_OUTER_BOUND('',#3353,.T.);
#867=PLANE('',#3354);
#868=SURFACE_STYLE_USAGE(.BOTH.,#3355);
#869=FACE_OUTER_BOUND('',#3356,.T.);
#870=CYLINDRICAL_SURFACE('',#3357,3.25);
#871=SURFACE_STYLE_USAGE(.BOTH.,#3358);
#872=FACE_OUTER_BOUND('',#3359,.T.);
#873=FACE_BOUND('',#3360,.T.);
#874=PLANE('',#3361);
#875=SURFACE_STYLE_USAGE(.BOTH.,#3362);
#876=FACE_OUTER_BOUND('',#3363,.T.);
#877=CYLINDRICAL_SURFACE('',#3364,3.35);
#878=SURFACE_STYLE_USAGE(.BOTH.,#3365);
#879=FACE_OUTER_BOUND('',#3366,.T.);
#880=FACE_BOUND('',#3367,.T.);
#881=PLANE('',#3368);
#882=SURFACE_STYLE_USAGE(.BOTH.,#3369);
#883=FACE_OUTER_BOUND('',#3370,.T.);
#884=FACE_BOUND('',#3371,.T.);
#885=PLANE('',#3372);
#886=SURFACE_STYLE_USAGE(.BOTH.,#3373);
#887=FACE_OUTER_BOUND('',#3374,.T.);
#888=PLANE('',#3375);
#889=SURFACE_STYLE_USAGE(.BOTH.,#3376);
#890=FACE_OUTER_BOUND('',#3377,.T.);
#891=CONICAL_SURFACE('',#3378,3.05,0.0499583957219433);
#892=SURFACE_STYLE_USAGE(.BOTH.,#3379);
#893=FACE_OUTER_BOUND('',#3380,.T.);
#894=PLANE('',#3381);
#895=SURFACE_STYLE_USAGE(.BOTH.,#3382);
#896=SURFACE_STYLE_USAGE(.BOTH.,#3383);
#897=FACE_OUTER_BOUND('',#3384,.T.);
#898=CYLINDRICAL_SURFACE('',#3385,8.25);
#899=SURFACE_STYLE_USAGE(.BOTH.,#3386);
#900=FACE_OUTER_BOUND('',#3387,.T.);
#901=CYLINDRICAL_SURFACE('',#3388,8.25);
#902=SURFACE_STYLE_USAGE(.BOTH.,#3389);
#903=FACE_OUTER_BOUND('',#3390,.T.);
#904=CONICAL_SURFACE('',#3391,4.55,0.0523598775598307);
#905=SURFACE_STYLE_USAGE(.BOTH.,#3392);
#906=FACE_OUTER_BOUND('',#3393,.T.);
#907=CYLINDRICAL_SURFACE('',#3394,3.75);
#908=SURFACE_STYLE_USAGE(.BOTH.,#3395);
#909=FACE_OUTER_BOUND('',#3396,.T.);
#910=CYLINDRICAL_SURFACE('',#3397,3.75);
#911=SURFACE_STYLE_USAGE(.BOTH.,#3398);
#912=FACE_OUTER_BOUND('',#3399,.T.);
#913=CYLINDRICAL_SURFACE('',#3400,5.5);
#914=SURFACE_STYLE_USAGE(.BOTH.,#3401);
#915=FACE_OUTER_BOUND('',#3402,.T.);
#916=CYLINDRICAL_SURFACE('',#3403,2.5);
#917=SURFACE_STYLE_USAGE(.BOTH.,#3404);
#918=FACE_OUTER_BOUND('',#3405,.T.);
#919=CONICAL_SURFACE('',#3406,2.5,0.785398163397448);
#920=SURFACE_STYLE_USAGE(.BOTH.,#3407);
#921=FACE_OUTER_BOUND('',#3408,.T.);
#922=CYLINDRICAL_SURFACE('',#3409,3.75);
#923=SURFACE_STYLE_USAGE(.BOTH.,#3410);
#924=FACE_OUTER_BOUND('',#3411,.T.);
#925=TOROIDAL_SURFACE('',#3412,7.75,0.5);
#926=SURFACE_STYLE_USAGE(.BOTH.,#3413);
#927=FACE_OUTER_BOUND('',#3414,.T.);
#928=TOROIDAL_SURFACE('',#3415,7.75,0.5);
#929=SURFACE_STYLE_USAGE(.BOTH.,#3416);
#930=FACE_OUTER_BOUND('',#3417,.T.);
#931=TOROIDAL_SURFACE('',#3418,3.8,0.3);
#932=SURFACE_STYLE_USAGE(.BOTH.,#3419);
#933=FACE_OUTER_BOUND('',#3420,.T.);
#934=TOROIDAL_SURFACE('',#3421,5.2,0.3);
#935=SURFACE_STYLE_USAGE(.BOTH.,#3422);
#936=FACE_OUTER_BOUND('',#3423,.T.);
#937=TOROIDAL_SURFACE('',#3424,7.19098300562505,0.5);
#938=SURFACE_STYLE_USAGE(.BOTH.,#3425);
#939=FACE_OUTER_BOUND('',#3426,.T.);
#940=TOROIDAL_SURFACE('',#3427,7.19098300562505,0.5);
#941=SURFACE_STYLE_USAGE(.BOTH.,#3428);
#942=FACE_OUTER_BOUND('',#3429,.T.);
#943=CONICAL_SURFACE('',#3430,7.5,0.463647609000806);
#944=SURFACE_STYLE_USAGE(.BOTH.,#3431);
#945=FACE_OUTER_BOUND('',#3432,.T.);
#946=CONICAL_SURFACE('',#3433,7.5,0.463647609000806);
#947=SURFACE_STYLE_USAGE(.BOTH.,#3434);
#948=FACE_OUTER_BOUND('',#3435,.T.);
#949=CYLINDRICAL_SURFACE('',#3436,3.5);
#950=SURFACE_STYLE_USAGE(.BOTH.,#3437);
#951=FACE_OUTER_BOUND('',#3438,.T.);
#952=CYLINDRICAL_SURFACE('',#3439,2.5);
#953=SURFACE_STYLE_USAGE(.BOTH.,#3440);
#954=FACE_OUTER_BOUND('',#3441,.T.);
#955=CONICAL_SURFACE('',#3442,2.5,0.785398163397448);
#956=SURFACE_STYLE_USAGE(.BOTH.,#3443);
#957=FACE_OUTER_BOUND('',#3444,.T.);
#958=CYLINDRICAL_SURFACE('',#3445,3.75);
#959=SURFACE_STYLE_USAGE(.BOTH.,#3446);
#960=FACE_OUTER_BOUND('',#3447,.T.);
#961=CYLINDRICAL_SURFACE('',#3448,3.75);
#962=SURFACE_STYLE_USAGE(.BOTH.,#3449);
#963=FACE_OUTER_BOUND('',#3450,.T.);
#964=CONICAL_SURFACE('',#3451,2.5,0.785398163397448);
#965=SURFACE_STYLE_USAGE(.BOTH.,#3452);
#966=FACE_OUTER_BOUND('',#3453,.T.);
#967=CYLINDRICAL_SURFACE('',#3454,2.5);
#968=SURFACE_STYLE_USAGE(.BOTH.,#3455);
#969=FACE_OUTER_BOUND('',#3456,.T.);
#970=CYLINDRICAL_SURFACE('',#3457,3.5);
#971=SURFACE_STYLE_USAGE(.BOTH.,#3458);
#972=FACE_OUTER_BOUND('',#3459,.T.);
#973=PLANE('',#3460);
#974=SURFACE_STYLE_USAGE(.BOTH.,#3461);
#975=FACE_OUTER_BOUND('',#3462,.T.);
#976=CONICAL_SURFACE('',#3463,7.5,0.463647609000806);
#977=SURFACE_STYLE_USAGE(.BOTH.,#3464);
#978=FACE_OUTER_BOUND('',#3465,.T.);
#979=PLANE('',#3466);
#980=SURFACE_STYLE_USAGE(.BOTH.,#3467);
#981=FACE_OUTER_BOUND('',#3468,.T.);
#982=PLANE('',#3469);
#983=SURFACE_STYLE_USAGE(.BOTH.,#3470);
#984=FACE_OUTER_BOUND('',#3471,.T.);
#985=CONICAL_SURFACE('',#3472,7.5,0.463647609000806);
#986=SURFACE_STYLE_USAGE(.BOTH.,#3473);
#987=FACE_OUTER_BOUND('',#3474,.T.);
#988=TOROIDAL_SURFACE('',#3475,7.19098300562505,0.5);
#989=SURFACE_STYLE_USAGE(.BOTH.,#3476);
#990=FACE_OUTER_BOUND('',#3477,.T.);
#991=CYLINDRICAL_SURFACE('',#3478,0.5);
#992=SURFACE_STYLE_USAGE(.BOTH.,#3479);
#993=FACE_OUTER_BOUND('',#3480,.T.);
#994=CYLINDRICAL_SURFACE('',#3481,0.5);
#995=SURFACE_STYLE_USAGE(.BOTH.,#3482);
#996=FACE_OUTER_BOUND('',#3483,.T.);
#997=TOROIDAL_SURFACE('',#3484,7.19098300562505,0.5);
#998=SURFACE_STYLE_USAGE(.BOTH.,#3485);
#999=FACE_OUTER_BOUND('',#3486,.T.);
#1000=TOROIDAL_SURFACE('',#3487,5.2,0.3);
#1001=SURFACE_STYLE_USAGE(.BOTH.,#3488);
#1002=FACE_OUTER_BOUND('',#3489,.T.);
#1003=TOROIDAL_SURFACE('',#3490,3.8,0.3);
#1004=SURFACE_STYLE_USAGE(.BOTH.,#3491);
#1005=FACE_OUTER_BOUND('',#3492,.T.);
#1006=TOROIDAL_SURFACE('',#3493,7.75,0.5);
#1007=SURFACE_STYLE_USAGE(.BOTH.,#3494);
#1008=FACE_OUTER_BOUND('',#3495,.T.);
#1009=CYLINDRICAL_SURFACE('',#3496,0.5);
#1010=SURFACE_STYLE_USAGE(.BOTH.,#3497);
#1011=FACE_OUTER_BOUND('',#3498,.T.);
#1012=CYLINDRICAL_SURFACE('',#3499,0.5);
#1013=SURFACE_STYLE_USAGE(.BOTH.,#3500);
#1014=FACE_OUTER_BOUND('',#3501,.T.);
#1015=TOROIDAL_SURFACE('',#3502,7.75,0.5);
#1016=SURFACE_STYLE_USAGE(.BOTH.,#3503);
#1017=FACE_OUTER_BOUND('',#3504,.T.);
#1018=FACE_BOUND('',#3505,.T.);
#1019=FACE_BOUND('',#3506,.T.);
#1020=FACE_BOUND('',#3507,.T.);
#1021=FACE_BOUND('',#3508,.T.);
#1022=FACE_BOUND('',#3509,.T.);
#1023=PLANE('',#3510);
#1024=SURFACE_STYLE_USAGE(.BOTH.,#3511);
#1025=FACE_OUTER_BOUND('',#3512,.T.);
#1026=CYLINDRICAL_SURFACE('',#3513,3.75);
#1027=SURFACE_STYLE_USAGE(.BOTH.,#3514);
#1028=FACE_OUTER_BOUND('',#3515,.T.);
#1029=CONICAL_SURFACE('',#3516,2.5,0.785398163397448);
#1030=SURFACE_STYLE_USAGE(.BOTH.,#3517);
#1031=FACE_OUTER_BOUND('',#3518,.T.);
#1032=CYLINDRICAL_SURFACE('',#3519,2.5);
#1033=SURFACE_STYLE_USAGE(.BOTH.,#3520);
#1034=FACE_OUTER_BOUND('',#3521,.T.);
#1035=CYLINDRICAL_SURFACE('',#3522,5.5);
#1036=SURFACE_STYLE_USAGE(.BOTH.,#3523);
#1037=FACE_OUTER_BOUND('',#3524,.T.);
#1038=FACE_BOUND('',#3525,.T.);
#1039=PLANE('',#3526);
#1040=SURFACE_STYLE_USAGE(.BOTH.,#3527);
#1041=FACE_OUTER_BOUND('',#3528,.T.);
#1042=FACE_BOUND('',#3529,.T.);
#1043=PLANE('',#3530);
#1044=SURFACE_STYLE_USAGE(.BOTH.,#3531);
#1045=FACE_OUTER_BOUND('',#3532,.T.);
#1046=CYLINDRICAL_SURFACE('',#3533,3.75);
#1047=SURFACE_STYLE_USAGE(.BOTH.,#3534);
#1048=FACE_OUTER_BOUND('',#3535,.T.);
#1049=CYLINDRICAL_SURFACE('',#3536,3.75);
#1050=SURFACE_STYLE_USAGE(.BOTH.,#3537);
#1051=FACE_OUTER_BOUND('',#3538,.T.);
#1052=FACE_BOUND('',#3539,.T.);
#1053=FACE_BOUND('',#3540,.T.);
#1054=FACE_BOUND('',#3541,.T.);
#1055=FACE_BOUND('',#3542,.T.);
#1056=FACE_BOUND('',#3543,.T.);
#1057=PLANE('',#3544);
#1058=SURFACE_STYLE_USAGE(.BOTH.,#3545);
#1059=FACE_OUTER_BOUND('',#3546,.T.);
#1060=CONICAL_SURFACE('',#3547,4.55,0.0523598775598307);
#1061=SURFACE_STYLE_USAGE(.BOTH.,#3548);
#1062=FACE_OUTER_BOUND('',#3549,.T.);
#1063=CYLINDRICAL_SURFACE('',#3550,8.25);
#1064=SURFACE_STYLE_USAGE(.BOTH.,#3551);
#1065=FACE_OUTER_BOUND('',#3552,.T.);
#1066=PLANE('',#3553);
#1067=SURFACE_STYLE_USAGE(.BOTH.,#3554);
#1068=FACE_OUTER_BOUND('',#3555,.T.);
#1069=CYLINDRICAL_SURFACE('',#3556,8.25);
#1070=SURFACE_STYLE_USAGE(.BOTH.,#3557);
#1071=SURFACE_STYLE_USAGE(.BOTH.,#3558);
#1072=FACE_OUTER_BOUND('',#3559,.T.);
#1073=CONICAL_SURFACE('',#3560,3.75,0.785398163397448);
#1074=SURFACE_STYLE_USAGE(.BOTH.,#3561);
#1075=FACE_OUTER_BOUND('',#3562,.T.);
#1076=CYLINDRICAL_SURFACE('',#3563,3.75);
#1077=SURFACE_STYLE_USAGE(.BOTH.,#3564);
#1078=FACE_OUTER_BOUND('',#3565,.T.);
#1079=CONICAL_SURFACE('',#3566,2.1,0.785398163397448);
#1080=SURFACE_STYLE_USAGE(.BOTH.,#3567);
#1081=FACE_OUTER_BOUND('',#3568,.T.);
#1082=CYLINDRICAL_SURFACE('',#3569,2.5);
#1083=SURFACE_STYLE_USAGE(.BOTH.,#3570);
#1084=FACE_OUTER_BOUND('',#3571,.T.);
#1085=CYLINDRICAL_SURFACE('',#3572,2.5);
#1086=SURFACE_STYLE_USAGE(.BOTH.,#3573);
#1087=FACE_OUTER_BOUND('',#3574,.T.);
#1088=CONICAL_SURFACE('',#3575,2.1,0.785398163397448);
#1089=SURFACE_STYLE_USAGE(.BOTH.,#3576);
#1090=FACE_OUTER_BOUND('',#3577,.T.);
#1091=PLANE('',#3578);
#1092=SURFACE_STYLE_USAGE(.BOTH.,#3579);
#1093=FACE_OUTER_BOUND('',#3580,.T.);
#1094=PLANE('',#3581);
#1095=SURFACE_STYLE_USAGE(.BOTH.,#3582);
#1096=FACE_OUTER_BOUND('',#3583,.T.);
#1097=FACE_BOUND('',#3584,.T.);
#1098=PLANE('',#3585);
#1099=SURFACE_STYLE_USAGE(.BOTH.,#3586);
#1100=FACE_OUTER_BOUND('',#3587,.T.);
#1101=CYLINDRICAL_SURFACE('',#3588,3.75);
#1102=SURFACE_STYLE_USAGE(.BOTH.,#3589);
#1103=FACE_OUTER_BOUND('',#3590,.T.);
#1104=CONICAL_SURFACE('',#3591,3.75,0.785398163397448);
#1105=SURFACE_STYLE_USAGE(.BOTH.,#3592);
#1106=FACE_OUTER_BOUND('',#3593,.T.);
#1107=PLANE('',#3594);
#1108=SURFACE_STYLE_USAGE(.BOTH.,#3595);
#1109=FACE_OUTER_BOUND('',#3596,.T.);
#1110=PLANE('',#3597);
#1111=SURFACE_STYLE_USAGE(.BOTH.,#3598);
#1112=FACE_OUTER_BOUND('',#3599,.T.);
#1113=PLANE('',#3600);
#1114=SURFACE_STYLE_USAGE(.BOTH.,#3601);
#1115=FACE_OUTER_BOUND('',#3602,.T.);
#1116=PLANE('',#3603);
#1117=SURFACE_STYLE_USAGE(.BOTH.,#3604);
#1118=FACE_OUTER_BOUND('',#3605,.T.);
#1119=PLANE('',#3606);
#1120=SURFACE_STYLE_USAGE(.BOTH.,#3607);
#1121=FACE_OUTER_BOUND('',#3608,.T.);
#1122=PLANE('',#3609);
#1123=SURFACE_STYLE_USAGE(.BOTH.,#3610);
#1124=FACE_OUTER_BOUND('',#3611,.T.);
#1125=PLANE('',#3612);
#1126=SURFACE_STYLE_USAGE(.BOTH.,#3613);
#1127=FACE_OUTER_BOUND('',#3614,.T.);
#1128=PLANE('',#3615);
#1129=SURFACE_STYLE_USAGE(.BOTH.,#3616);
#1130=FACE_OUTER_BOUND('',#3617,.T.);
#1131=PLANE('',#3618);
#1132=SURFACE_STYLE_USAGE(.BOTH.,#3619);
#1133=FACE_OUTER_BOUND('',#3620,.T.);
#1134=PLANE('',#3621);
#1135=SURFACE_STYLE_USAGE(.BOTH.,#3622);
#1136=FACE_OUTER_BOUND('',#3623,.T.);
#1137=PLANE('',#3624);
#1138=SURFACE_STYLE_USAGE(.BOTH.,#3625);
#1139=FACE_OUTER_BOUND('',#3626,.T.);
#1140=PLANE('',#3627);
#1141=SURFACE_STYLE_USAGE(.BOTH.,#3628);
#1142=SURFACE_STYLE_USAGE(.BOTH.,#3629);
#1143=FACE_OUTER_BOUND('',#3630,.T.);
#1144=CONICAL_SURFACE('',#3631,3.75,0.785398163397448);
#1145=SURFACE_STYLE_USAGE(.BOTH.,#3632);
#1146=FACE_OUTER_BOUND('',#3633,.T.);
#1147=CYLINDRICAL_SURFACE('',#3634,3.75);
#1148=SURFACE_STYLE_USAGE(.BOTH.,#3635);
#1149=FACE_OUTER_BOUND('',#3636,.T.);
#1150=CONICAL_SURFACE('',#3637,2.1,0.785398163397448);
#1151=SURFACE_STYLE_USAGE(.BOTH.,#3638);
#1152=FACE_OUTER_BOUND('',#3639,.T.);
#1153=CYLINDRICAL_SURFACE('',#3640,2.5);
#1154=SURFACE_STYLE_USAGE(.BOTH.,#3641);
#1155=FACE_OUTER_BOUND('',#3642,.T.);
#1156=CYLINDRICAL_SURFACE('',#3643,2.5);
#1157=SURFACE_STYLE_USAGE(.BOTH.,#3644);
#1158=FACE_OUTER_BOUND('',#3645,.T.);
#1159=CONICAL_SURFACE('',#3646,2.1,0.785398163397448);
#1160=SURFACE_STYLE_USAGE(.BOTH.,#3647);
#1161=FACE_OUTER_BOUND('',#3648,.T.);
#1162=PLANE('',#3649);
#1163=SURFACE_STYLE_USAGE(.BOTH.,#3650);
#1164=FACE_OUTER_BOUND('',#3651,.T.);
#1165=PLANE('',#3652);
#1166=SURFACE_STYLE_USAGE(.BOTH.,#3653);
#1167=FACE_OUTER_BOUND('',#3654,.T.);
#1168=FACE_BOUND('',#3655,.T.);
#1169=PLANE('',#3656);
#1170=SURFACE_STYLE_USAGE(.BOTH.,#3657);
#1171=FACE_OUTER_BOUND('',#3658,.T.);
#1172=CYLINDRICAL_SURFACE('',#3659,3.75);
#1173=SURFACE_STYLE_USAGE(.BOTH.,#3660);
#1174=FACE_OUTER_BOUND('',#3661,.T.);
#1175=CONICAL_SURFACE('',#3662,3.75,0.785398163397448);
#1176=SURFACE_STYLE_USAGE(.BOTH.,#3663);
#1177=FACE_OUTER_BOUND('',#3664,.T.);
#1178=PLANE('',#3665);
#1179=SURFACE_STYLE_USAGE(.BOTH.,#3666);
#1180=FACE_OUTER_BOUND('',#3667,.T.);
#1181=PLANE('',#3668);
#1182=SURFACE_STYLE_USAGE(.BOTH.,#3669);
#1183=FACE_OUTER_BOUND('',#3670,.T.);
#1184=PLANE('',#3671);
#1185=SURFACE_STYLE_USAGE(.BOTH.,#3672);
#1186=FACE_OUTER_BOUND('',#3673,.T.);
#1187=PLANE('',#3674);
#1188=SURFACE_STYLE_USAGE(.BOTH.,#3675);
#1189=FACE_OUTER_BOUND('',#3676,.T.);
#1190=PLANE('',#3677);
#1191=SURFACE_STYLE_USAGE(.BOTH.,#3678);
#1192=FACE_OUTER_BOUND('',#3679,.T.);
#1193=PLANE('',#3680);
#1194=SURFACE_STYLE_USAGE(.BOTH.,#3681);
#1195=FACE_OUTER_BOUND('',#3682,.T.);
#1196=PLANE('',#3683);
#1197=SURFACE_STYLE_USAGE(.BOTH.,#3684);
#1198=FACE_OUTER_BOUND('',#3685,.T.);
#1199=PLANE('',#3686);
#1200=SURFACE_STYLE_USAGE(.BOTH.,#3687);
#1201=FACE_OUTER_BOUND('',#3688,.T.);
#1202=PLANE('',#3689);
#1203=SURFACE_STYLE_USAGE(.BOTH.,#3690);
#1204=FACE_OUTER_BOUND('',#3691,.T.);
#1205=PLANE('',#3692);
#1206=SURFACE_STYLE_USAGE(.BOTH.,#3693);
#1207=FACE_OUTER_BOUND('',#3694,.T.);
#1208=PLANE('',#3695);
#1209=SURFACE_STYLE_USAGE(.BOTH.,#3696);
#1210=FACE_OUTER_BOUND('',#3697,.T.);
#1211=PLANE('',#3698);
#1212=SURFACE_STYLE_USAGE(.BOTH.,#3699);
#1213= (NAMED_UNIT(#612)LENGTH_UNIT()SI_UNIT(.MILLI.,.METRE.));
#1216=LENGTH_MEASURE_WITH_UNIT(LENGTH_MEASURE(1.0),#3701);
#1219=DIMENSIONAL_EXPONENTS(1.0,0.0,0.0,0.0,0.0,0.0,0.0);
#1221=DIMENSIONAL_EXPONENTS(0.0,0.0,0.0,0.0,0.0,0.0,0.0);
#1227=SURFACE_SIDE_STYLE('',(#3702));
#1228=EDGE_LOOP('',(#3703,#3704,#3705,#3706,#3707,#3708,#3709));
#1230=CARTESIAN_POINT('',(-8.46847530452549,-2.51366749162466,3.11727894625055));
#1231=CARTESIAN_POINT('',(-8.47073135920612,-2.45991909849386,3.15665488938312));
#1232=CARTESIAN_POINT('',(-8.47298739635357,-2.40624385973953,3.19612720318737));
#1233=CARTESIAN_POINT('',(-8.47993683426643,-2.24045594726683,3.31712109174514));
#1234=CARTESIAN_POINT('',(-8.48464506321675,-2.12349076286519,3.39270632609134));
#1235=CARTESIAN_POINT('',(-8.49408190277572,-1.88204625993423,3.53195852638942));
#1236=CARTESIAN_POINT('',(-8.49881051507298,-1.75742613441777,3.5954389106532));
#1237=CARTESIAN_POINT('',(-8.5130128095873,-1.37432573635241,3.76627785848611));
#1238=CARTESIAN_POINT('',(-8.52250298896933,-1.10661023492068,3.85404670456603));
#1239=CARTESIAN_POINT('',(-8.55092504022932,-0.286051122188436,4.029564584168));
#1240=CARTESIAN_POINT('',(-8.56980881057783,0.28424099660397,4.02914105023294));
#1241=CARTESIAN_POINT('',(-8.60761145737406,1.37635467002068,3.79705759344802));
#1242=CARTESIAN_POINT('',(-8.62652984817224,1.89813195913238,3.56509016643694));
#1243=CARTESIAN_POINT('',(-8.6643573835254,2.80214413044659,2.90912159968794));
#1244=CARTESIAN_POINT('',(-8.68326641152681,3.18416911225555,2.48485949137969));
#1245=CARTESIAN_POINT('',(-8.72108733717953,3.74301574709447,1.5178397081145));
#1246=CARTESIAN_POINT('',(-8.73999889966598,3.91954446362471,0.974905813120497));
#1247=CARTESIAN_POINT('',(-8.777821576481,4.0368115533242,-0.13579821327624));
#1248=CARTESIAN_POINT('',(-8.79673245320155,3.97721771686968,-0.703599053330576));
#1249=CARTESIAN_POINT('',(-8.83455466824964,3.63256671548932,-1.7659775879625));
#1250=CARTESIAN_POINT('',(-8.85346573297486,3.34718825110768,-2.26045068939255));
#1251=CARTESIAN_POINT('',(-8.89128806152024,2.60022950109105,-3.09079917918644));
#1252=CARTESIAN_POINT('',(-8.91019906418923,2.13840037389822,-3.42644829916606));
#1253=CARTESIAN_POINT('',(-8.94802139655486,1.11828634583291,-3.88119367672888));
#1254=CARTESIAN_POINT('',(-8.96693245884291,0.559865404784088,-3.99998234934574));
#1255=CARTESIAN_POINT('',(-9.00475466372026,-0.557019638410086,-4.00049618020848));
#1256=CARTESIAN_POINT('',(-9.0236655497119,-1.11548147338743,-3.88188343558616));
#1257=CARTESIAN_POINT('',(-9.06148825649025,-2.13600520939444,-3.4280703589858));
#1258=CARTESIAN_POINT('',(-9.08039978894136,-2.59793296607815,-3.09256460659596));
#1259=CARTESIAN_POINT('',(-9.11822063510891,-3.34568268136586,-2.26292180004725));
#1260=CARTESIAN_POINT('',(-9.13712975106497,-3.63124489639287,-1.76856231756113));
#1261=CARTESIAN_POINT('',(-9.17495746141235,-3.97676102266675,-0.706417613530982));
#1262=CARTESIAN_POINT('',(-9.19387563999535,-4.0364011731512,-0.138516023221915));
#1263=CARTESIAN_POINT('',(-9.23167799311582,-3.92058920456259,0.971962519225143));
#1264=CARTESIAN_POINT('',(-9.2505621703925,-3.74483088573121,1.51448447336484));
#1265=CARTESIAN_POINT('',(-9.2884584814712,-3.18516278237165,2.48327095027508));
#1266=CARTESIAN_POINT('',(-9.30747021009628,-2.80087537897969,2.90932911769586));
#1267=CARTESIAN_POINT('',(-9.32624348908278,-2.3524465087957,3.23543980292369));
#1268=CARTESIAN_POINT('',(-8.46809031267056,-2.01132603495803,2.43160197223485));
#1269=CARTESIAN_POINT('',(-8.47034636735119,-1.95757764182723,2.47097791536742));
#1270=CARTESIAN_POINT('',(-8.47261568360052,-1.89802239058477,2.51475688114987));
#1271=CARTESIAN_POINT('',(-8.47952421755052,-1.75034683349517,2.62248487762017));
#1272=CARTESIAN_POINT('',(-8.48419099712676,-1.67061322585476,2.67279329517992));
#1273=CARTESIAN_POINT('',(-8.49364134241193,-1.48025200924911,2.78233580239019));
#1274=CARTESIAN_POINT('',(-8.4983970262119,-1.38171672996419,2.8324189447724));
#1275=CARTESIAN_POINT('',(-8.51267258399101,-1.07870428736801,2.9671929901583));
#1276=CARTESIAN_POINT('',(-8.5221737222155,-0.866832924028194,3.0363266345829));
#1277=CARTESIAN_POINT('',(-8.55022531644483,-0.223605183875738,3.17327168305802));
#1278=CARTESIAN_POINT('',(-8.56954244885602,0.228074291624181,3.17253632237692));
#1279=CARTESIAN_POINT('',(-8.60708947679089,1.08503968257046,2.9895541962285));
#1280=CARTESIAN_POINT('',(-8.62628209020679,1.49916374998604,2.80491952506787));
#1281=CARTESIAN_POINT('',(-8.66371498377306,2.20752417009628,2.2898786855721));
#1282=CARTESIAN_POINT('',(-8.68301698459319,2.51033562206969,1.9529333293468));
#1283=CARTESIAN_POINT('',(-8.72050225024322,2.94795967290017,1.19398391705324));
#1284=CARTESIAN_POINT('',(-8.73974813978146,3.08762756402378,0.762957512007714));
#1285=CARTESIAN_POINT('',(-8.77721397648784,3.17876157386268,-0.108271198598253));
#1286=CARTESIAN_POINT('',(-8.79648272113536,3.1310213917316,-0.558833629106996));
#1287=CARTESIAN_POINT('',(-8.83395479692977,2.85989586265356,-1.39183228937036));
#1288=CARTESIAN_POINT('',(-8.85321538163655,2.63302870211123,-1.78402454439543));
#1289=CARTESIAN_POINT('',(-8.8906857584555,2.04653839053443,-2.43472632725184));
#1290=CARTESIAN_POINT('',(-8.9099495459479,1.67976331258474,-2.70073638700352));
#1291=CARTESIAN_POINT('',(-8.94741992659075,0.8793134204296,-3.0566347795642));
#1292=CARTESIAN_POINT('',(-8.96668050885362,0.436053806308564,-3.15046723133436));
#1293=CARTESIAN_POINT('',(-9.00415257447586,-0.439957395179927,-3.15002491097412));
#1294=CARTESIAN_POINT('',(-9.02342132839855,-0.883061376740651,-3.05545212446636));
#1295=CARTESIAN_POINT('',(-9.06088719509999,-1.68312854009184,-2.69874859584333));
#1296=CARTESIAN_POINT('',(-9.08013305457022,-2.04946664093767,-2.43212407491725));
#1297=CARTESIAN_POINT('',(-9.11761824065876,-2.6353693930818,-1.78078930148157));
#1298=CARTESIAN_POINT('',(-9.13692032952514,-2.86155614968521,-1.38828046690134));
#1299=CARTESIAN_POINT('',(-9.1743533982509,-3.13168186448781,-0.555169642270356));
#1300=CARTESIAN_POINT('',(-9.19354579924033,-3.17864392513308,-0.104181993797406));
#1301=CARTESIAN_POINT('',(-9.23109253321216,-3.08690255985753,0.767285541621948));
#1302=CARTESIAN_POINT('',(-9.25041007295615,-2.94719795056869,1.19680665713536));
#1303=CARTESIAN_POINT('',(-9.2878124415703,-2.50784553656045,1.95565513313067));
#1304=CARTESIAN_POINT('',(-9.30722477667037,-2.2006784220938,2.29534354676334));
#1305=CARTESIAN_POINT('',(-9.32577665946305,-1.85010284102285,2.54976449965061));
#1306=CARTESIAN_POINT('',(-9.31760337553507,-2.03430251489791,2.41429193491157));
#1307=CARTESIAN_POINT('',(-9.3198594302157,-1.98055412176711,2.45366787804414));
#1308=CARTESIAN_POINT('',(-9.32212876430261,-1.9208580268116,2.49726072310377));
#1309=CARTESIAN_POINT('',(-9.32903724330704,-1.77361631427408,2.60556203207683));
#1310=CARTESIAN_POINT('',(-9.33370402092845,-1.69473423401208,2.65708301555612));
#1311=CARTESIAN_POINT('',(-9.3431544236773,-1.50541076459653,2.76835097787974));
#1312=CARTESIAN_POINT('',(-9.34791012776653,-1.40735467269061,2.81933395343483));
#1313=CARTESIAN_POINT('',(-9.36218559026794,-1.10563285485897,2.95686692152572));
#1314=CARTESIAN_POINT('',(-9.37168637799755,-0.894416351045902,3.02789412924756));
#1315=CARTESIAN_POINT('',(-9.39973796854495,-0.252504563158231,3.17046142554833));
#1316=CARTESIAN_POINT('',(-9.4190557251541,0.199090754103894,3.17416415171397));
#1317=CARTESIAN_POINT('',(-9.45660233125561,1.05754776735186,2.99891409746424));
#1318=CARTESIAN_POINT('',(-9.47579486994047,1.47333621165952,2.8181884060417));
#1319=CARTESIAN_POINT('',(-9.5132277406441,2.18613853379266,2.30952092895416));
#1320=CARTESIAN_POINT('',(-9.53253002643988,2.49214736584428,1.97556185351883));
#1321=CARTESIAN_POINT('',(-9.57001504431721,2.93646305266763,1.22065059532277));
#1322=CARTESIAN_POINT('',(-9.58926107143888,3.08021110630925,0.791028445985049));
#1323=CARTESIAN_POINT('',(-9.6267267592031,3.17908307509297,-0.0792344842884231));
#1324=CARTESIAN_POINT('',(-9.64599569254274,3.13566511587852,-0.530174039224913));
#1325=CARTESIAN_POINT('',(-9.68346758262001,2.8720068956938,-1.36543958747008));
#1326=CARTESIAN_POINT('',(-9.70272834012518,2.64892739966561,-1.75973085590907));
#1327=CARTESIAN_POINT('',(-9.74019854431,2.068335583097,-2.41553967618609));
#1328=CARTESIAN_POINT('',(-9.75946250867447,1.70416897428641,-2.68501034649614));
#1329=CARTESIAN_POINT('',(-9.79693270904267,0.90703040463305,-3.04797338468937));
#1330=CARTESIAN_POINT('',(-9.81619346897746,0.464745663352406,-3.14602506885819));
#1331=CARTESIAN_POINT('',(-9.85366536922568,-0.411113927571105,-3.15338508772809));
#1332=CARTESIAN_POINT('',(-9.87293429329703,-0.855045772494833,-3.06307121405012));
#1333=CARTESIAN_POINT('',(-9.91039995113054,-1.65814564738276,-2.71355179298718));
#1334=CARTESIAN_POINT('',(-9.92964600825308,-2.02695694618312,-2.45046328070572));
#1335=CARTESIAN_POINT('',(-9.96713110554207,-2.61856513660229,-1.8044701038315));
#1336=CARTESIAN_POINT('',(-9.98643330347375,-2.84850366554109,-1.41421166439507));
#1337=CARTESIAN_POINT('',(-10.0238659993477,-3.12596978554418,-0.583644202870314));
#1338=CARTESIAN_POINT('',(-10.0430587500362,-3.17714802145728,-0.133182196480548));
#1339=CARTESIAN_POINT('',(-10.0806056495274,-3.09325279800466,0.738954612153799));
#1340=CARTESIAN_POINT('',(-10.0999229996134,-2.95779054809691,1.16978070535787));
#1341=CARTESIAN_POINT('',(-10.1373248778521,-2.52517730247597,1.93235170963036));
#1342=CARTESIAN_POINT('',(-10.1567377225427,-2.22126222785962,2.27487041705365));
#1343=CARTESIAN_POINT('',(-10.1752896812975,-1.87303092783582,2.53238840777635));
#1344=CARTESIAN_POINT('',(-9.31798836739,-2.53664397156454,3.09996890892727));
#1345=CARTESIAN_POINT('',(-9.32024442207063,-2.48289557843374,3.13934485205984));
#1346=CARTESIAN_POINT('',(-9.32250047705567,-2.42907949596636,3.17863104514127));
#1347=CARTESIAN_POINT('',(-9.32944986002294,-2.26372542804572,3.30019824620178));
#1348=CARTESIAN_POINT('',(-9.33415808701845,-2.14761177102253,3.37699604646754));
#1349=CARTESIAN_POINT('',(-9.34359498404109,-1.90720501528163,3.51797370187896));
#1350=CARTESIAN_POINT('',(-9.34832361662761,-1.78306407714418,3.58235391931563));
#1351=CARTESIAN_POINT('',(-9.36252581586423,-1.40125430384338,3.75595178985352));
#1352=CARTESIAN_POINT('',(-9.37201564475132,-1.13419366193839,3.84561419923074));
#1353=CARTESIAN_POINT('',(-9.40043769232956,-0.314950501470929,4.02675432665819));
#1354=CARTESIAN_POINT('',(-9.41932208687578,0.255257459083683,4.03076887957005));
#1355=CARTESIAN_POINT('',(-9.4571243118389,1.34886275480208,3.8064174946837));
#1356=CARTESIAN_POINT('',(-9.47604262790604,1.87230442080589,3.57835904741083));
#1357=CARTESIAN_POINT('',(-9.51387014039632,2.78075849414294,2.92876384306994));
#1358=CARTESIAN_POINT('',(-9.53277945337349,3.16598085602997,2.50748801555175));
#1359=CARTESIAN_POINT('',(-9.5706001312535,3.73151912686212,1.54450638638398));
#1360=CARTESIAN_POINT('',(-9.5895118313234,3.91212800591011,1.00297674709782));
#1361=CARTESIAN_POINT('',(-9.62733435919627,4.03713305455455,-0.106761498966395));
#1362=CARTESIAN_POINT('',(-9.64624542460892,3.98186144101673,-0.674939463448478));
#1363=CARTESIAN_POINT('',(-9.68406745393987,3.64467774852943,-1.73958488606224));
#1364=CARTESIAN_POINT('',(-9.70297869146336,3.36308694866207,-2.23615700090612));
#1365=CARTESIAN_POINT('',(-9.74080084737486,2.62202669365362,-3.07161252812074));
#1366=CARTESIAN_POINT('',(-9.75971202691567,2.16280603559993,-3.41072225865874));
#1367=CARTESIAN_POINT('',(-9.79753417900691,1.14600333003634,-3.87253228185399));
#1368=CARTESIAN_POINT('',(-9.81644541896686,0.588557261827929,-3.99554018686968));
#1369=CARTESIAN_POINT('',(-9.85426745846997,-0.528176170801262,-4.00385635696232));
#1370=CARTESIAN_POINT('',(-9.87317851461039,-1.08746586914157,-3.8895025251698));
#1371=CARTESIAN_POINT('',(-9.9110010125208,-2.11102231668539,-3.44287355612976));
#1372=CARTESIAN_POINT('',(-9.92991274262421,-2.5754232713236,-3.11090381238443));
#1373=CARTESIAN_POINT('',(-9.96773349999222,-3.32887842488636,-2.28660260239719));
#1374=CARTESIAN_POINT('',(-9.98664272501358,-3.61819241224875,-1.79449351505487));
#1375=CARTESIAN_POINT('',(-10.0244700625091,-3.97104894372313,-0.734892174130924));
#1376=CARTESIAN_POINT('',(-10.0433885907912,-4.03490526947552,-0.167516225905057));
#1377=CARTESIAN_POINT('',(-10.0811911094311,-3.92693944270959,0.943631589756992));
#1378=CARTESIAN_POINT('',(-10.1000750970497,-3.75542348325924,1.48745852158732));
#1379=CARTESIAN_POINT('',(-10.1379709177531,-3.20249454828735,2.4599675267748));
#1380=CARTESIAN_POINT('',(-10.1569831559686,-2.82145918474555,2.88885598798678));
#1381=CARTESIAN_POINT('',(-10.1757565109172,-2.37537459560868,3.21806371104944));
#1382=CARTESIAN_POINT('',(-9.31837335924494,-3.03898542823117,3.78564588294296));
#1383=CARTESIAN_POINT('',(-9.32062941392556,-2.98523703510037,3.82502182607553));
#1384=CARTESIAN_POINT('',(-9.32287218980873,-2.93730096512113,3.86000136717877));
#1385=CARTESIAN_POINT('',(-9.32986247673884,-2.75383454181736,3.99483446032674));
#1386=CARTESIAN_POINT('',(-9.33461215310845,-2.60048930803299,4.09690907737896));
#1387=CARTESIAN_POINT('',(-9.34403554440488,-2.30899926596673,4.26759642587819));
#1388=CARTESIAN_POINT('',(-9.34873710548869,-2.15877348159776,4.34537388519642));
#1389=CARTESIAN_POINT('',(-9.36286604146051,-1.69687575282779,4.55503665818133));
#1390=CARTESIAN_POINT('',(-9.37234491150509,-1.37397097283087,4.66333426921392));
#1391=CARTESIAN_POINT('',(-9.40113741611416,-0.377396439783627,4.88304722776804));
#1392=CARTESIAN_POINT('',(-9.41958844859746,0.311424164063471,4.88737360742613));
#1393=CARTESIAN_POINT('',(-9.4576462924222,1.6401777422523,4.61392089190314));
#1394=CARTESIAN_POINT('',(-9.47629038587162,2.27127262995224,4.33852968877996));
#1395=CARTESIAN_POINT('',(-9.51451254014852,3.37537845449323,3.54800675718572));
#1396=CARTESIAN_POINT('',(-9.53302888030711,3.83981434621565,3.03941417758467));
#1397=CARTESIAN_POINT('',(-9.57118521818979,4.5265752010566,1.8683621774452));
#1398=CARTESIAN_POINT('',(-9.5897625912079,4.74404490551097,1.21492504821058));
#1399=CARTESIAN_POINT('',(-9.62794195918942,4.89518303401614,-0.134288513644365));
#1400=CARTESIAN_POINT('',(-9.64649515667511,4.82805776615493,-0.819704887672041));
#1401=CARTESIAN_POINT('',(-9.68466732525972,4.41734860136506,-2.11373018465439));
#1402=CARTESIAN_POINT('',(-9.70322904280155,4.07724649765852,-2.71258314590317));
#1403=CARTESIAN_POINT('',(-9.74140315043972,3.17571780421024,-3.72768538005539));
#1404=CARTESIAN_POINT('',(-9.75996154515686,2.62144309691345,-4.13643417082134));
#1405=CARTESIAN_POINT('',(-9.79813564897114,1.38497625543962,-4.69709117901861));
#1406=CARTESIAN_POINT('',(-9.81669736895626,0.712368860303449,-4.84505530488117));
#1407=CARTESIAN_POINT('',(-9.85486954771426,-0.645238414031418,-4.85432762619655));
#1408=CARTESIAN_POINT('',(-9.87342273592375,-1.31988596578831,-4.71593383628947));
#1409=CARTESIAN_POINT('',(-9.91160207391106,-2.56389898598802,-4.17219531927235));
#1410=CARTESIAN_POINT('',(-9.93017947699535,-3.12388959646407,-3.77134434406314));
#1411=CARTESIAN_POINT('',(-9.96833589444236,-4.03919171317041,-2.76873510096286));
#1412=CARTESIAN_POINT('',(-9.9868521465534,-4.38788115895641,-2.17477536571467));
#1413=CARTESIAN_POINT('',(-10.0250741256706,-4.81612810190208,-0.886140145391532));
#1414=CARTESIAN_POINT('',(-10.0437184315462,-4.89266251749375,-0.201850255329566));
#1415=CARTESIAN_POINT('',(-10.0817765693347,-4.76062608741451,1.14830856736019));
#1416=CARTESIAN_POINT('',(-10.1002271944859,-4.55305641842157,1.80513633781677));
#1417=CARTESIAN_POINT('',(-10.1386169576542,-3.87981179409871,2.98758334391924));
#1418=CARTESIAN_POINT('',(-10.1572285893945,-3.42165614163147,3.5028415589199));
#1419=CARTESIAN_POINT('',(-10.1762233405369,-2.87771826338152,3.90373901432251));
#1420=CARTESIAN_POINT('',(-8.46886029638043,-3.01600894829129,3.80295592026624));
#1421=CARTESIAN_POINT('',(-8.47111635106105,-2.96226055516049,3.84233186339881));
#1422=CARTESIAN_POINT('',(-8.47335910910662,-2.91446532889429,3.87749752522487));
#1423=CARTESIAN_POINT('',(-8.48034945098233,-2.73056506103847,4.01175730587011));
#1424=CARTESIAN_POINT('',(-8.48509912930675,-2.57636829987562,4.11261935700276));
#1425=CARTESIAN_POINT('',(-8.49452246313952,-2.28384051061935,4.28158125038865));
#1426=CARTESIAN_POINT('',(-8.49922400393407,-2.13313553887135,4.35845887653399));
#1427=CARTESIAN_POINT('',(-8.51335303518359,-1.66994718533682,4.56536272681392));
#1428=CARTESIAN_POINT('',(-8.52283225572316,-1.34638754581316,4.67176677454914));
#1429=CARTESIAN_POINT('',(-8.55162476401381,-0.348497060501135,4.88585748527797));
#1430=CARTESIAN_POINT('',(-8.57007517229963,0.340407701583757,4.88574577808895));
#1431=CARTESIAN_POINT('',(-8.60813343795723,1.66766965747091,4.60456099066753));
#1432=CARTESIAN_POINT('',(-8.62677760613769,2.2971001682787,4.32526080780601));
#1433=CARTESIAN_POINT('',(-8.66499978327773,3.39676409079692,3.52836451380379));
#1434=CARTESIAN_POINT('',(-8.68351583846041,3.85800260244142,3.01678565341258));
#1435=CARTESIAN_POINT('',(-8.72167242411581,4.53807182128878,1.84169549917574));
#1436=CARTESIAN_POINT('',(-8.74024965955049,4.75146136322563,1.18685411423328));
#1437=CARTESIAN_POINT('',(-8.77842917647416,4.89486153278572,-0.163325227954225));
#1438=CARTESIAN_POINT('',(-8.79698218526774,4.82341404200775,-0.848364477554154));
#1439=CARTESIAN_POINT('',(-8.83515453956949,4.40523756832506,-2.14012288655464));
#1440=CARTESIAN_POINT('',(-8.85371608431316,4.06134780010413,-2.73687683438966));
#1441=CARTESIAN_POINT('',(-8.89189036458498,3.15392061164766,-3.74687203112102));
#1442=CARTESIAN_POINT('',(-8.91044858243055,2.5970374352117,-4.1521602113286));
#1443=CARTESIAN_POINT('',(-8.94862286651897,1.35725927123623,-4.70575257389355));
#1444=CARTESIAN_POINT('',(-8.96718440883218,0.683677003259611,-4.8494974673571));
#1445=CARTESIAN_POINT('',(-9.00535675296467,-0.674081881640244,-4.85096744944284));
#1446=CARTESIAN_POINT('',(-9.02390977102526,-1.34790157003419,-4.70831474670595));
#1447=CARTESIAN_POINT('',(-9.06208931788052,-2.58888187869704,-4.15739212212826));
#1448=CARTESIAN_POINT('',(-9.08066652331249,-3.14639929121864,-3.75300513827467));
#1449=CARTESIAN_POINT('',(-9.11882302955906,-4.05599596964992,-2.74505429861292));
#1450=CARTESIAN_POINT('',(-9.13733917260479,-4.40093364310053,-2.14884416822092));
#1451=CARTESIAN_POINT('',(-9.17556152457378,-4.8218401808457,-0.857665584791605));
#1452=CARTESIAN_POINT('',(-9.19420548075036,-4.89415842116931,-0.172850052646424));
#1453=CARTESIAN_POINT('',(-9.23226345301947,-4.75427584926763,1.17663949682834));
#1454=CARTESIAN_POINT('',(-9.25071426782883,-4.54246382089371,1.83216228959432));
#1455=CARTESIAN_POINT('',(-9.2891045213721,-3.86248002818284,3.01088676741949));
#1456=CARTESIAN_POINT('',(-9.30771564352217,-3.40107233586558,3.52331468862839));
#1457=CARTESIAN_POINT('',(-9.32671031870252,-2.85479017656853,3.92111510619678));
#1458=CARTESIAN_POINT('',(-8.46847530452549,-2.51366749162466,3.11727894625055));
#1459=CARTESIAN_POINT('',(-8.47073135920612,-2.45991909849386,3.15665488938312));
#1460=CARTESIAN_POINT('',(-8.47298739635357,-2.40624385973953,3.19612720318737));
#1461=CARTESIAN_POINT('',(-8.47993683426643,-2.24045594726683,3.31712109174514));
#1462=CARTESIAN_POINT('',(-8.48464506321675,-2.12349076286519,3.39270632609134));
#1463=CARTESIAN_POINT('',(-8.49408190277572,-1.88204625993423,3.53195852638942));
#1464=CARTESIAN_POINT('',(-8.49881051507298,-1.75742613441777,3.5954389106532));
#1465=CARTESIAN_POINT('',(-8.5130128095873,-1.37432573635241,3.76627785848611));
#1466=CARTESIAN_POINT('',(-8.52250298896933,-1.10661023492068,3.85404670456603));
#1467=CARTESIAN_POINT('',(-8.55092504022932,-0.286051122188436,4.029564584168));
#1468=CARTESIAN_POINT('',(-8.56980881057783,0.28424099660397,4.02914105023294));
#1469=CARTESIAN_POINT('',(-8.60761145737406,1.37635467002068,3.79705759344802));
#1470=CARTESIAN_POINT('',(-8.62652984817224,1.89813195913238,3.56509016643694));
#1471=CARTESIAN_POINT('',(-8.6643573835254,2.80214413044659,2.90912159968794));
#1472=CARTESIAN_POINT('',(-8.68326641152681,3.18416911225555,2.48485949137969));
#1473=CARTESIAN_POINT('',(-8.72108733717953,3.74301574709447,1.5178397081145));
#1474=CARTESIAN_POINT('',(-8.73999889966598,3.91954446362471,0.974905813120497));
#1475=CARTESIAN_POINT('',(-8.777821576481,4.0368115533242,-0.13579821327624));
#1476=CARTESIAN_POINT('',(-8.79673245320155,3.97721771686968,-0.703599053330576));
#1477=CARTESIAN_POINT('',(-8.83455466824964,3.63256671548932,-1.7659775879625));
#1478=CARTESIAN_POINT('',(-8.85346573297486,3.34718825110768,-2.26045068939255));
#1479=CARTESIAN_POINT('',(-8.89128806152024,2.60022950109105,-3.09079917918644));
#1480=CARTESIAN_POINT('',(-8.91019906418923,2.13840037389822,-3.42644829916606));
#1481=CARTESIAN_POINT('',(-8.94802139655486,1.11828634583291,-3.88119367672888));
#1482=CARTESIAN_POINT('',(-8.96693245884291,0.559865404784088,-3.99998234934574));
#1483=CARTESIAN_POINT('',(-9.00475466372026,-0.557019638410086,-4.00049618020848));
#1484=CARTESIAN_POINT('',(-9.0236655497119,-1.11548147338743,-3.88188343558616));
#1485=CARTESIAN_POINT('',(-9.06148825649025,-2.13600520939444,-3.4280703589858));
#1486=CARTESIAN_POINT('',(-9.08039978894136,-2.59793296607815,-3.09256460659596));
#1487=CARTESIAN_POINT('',(-9.11822063510891,-3.34568268136586,-2.26292180004725));
#1488=CARTESIAN_POINT('',(-9.13712975106497,-3.63124489639287,-1.76856231756113));
#1489=CARTESIAN_POINT('',(-9.17495746141235,-3.97676102266675,-0.706417613530982));
#1490=CARTESIAN_POINT('',(-9.19387563999535,-4.0364011731512,-0.138516023221915));
#1491=CARTESIAN_POINT('',(-9.23167799311582,-3.92058920456259,0.971962519225143));
#1492=CARTESIAN_POINT('',(-9.2505621703925,-3.74483088573121,1.51448447336484));
#1493=CARTESIAN_POINT('',(-9.2884584814712,-3.18516278237165,2.48327095027508));
#1494=CARTESIAN_POINT('',(-9.30747021009628,-2.80087537897969,2.90932911769586));
#1495=CARTESIAN_POINT('',(-9.32624348908278,-2.3524465087957,3.23543980292369));
#1502=SURFACE_SIDE_STYLE('',(#3710));
#1503=EDGE_LOOP('',(#3711,#3712,#3713,#3714,#3715,#3716));
#1505=CARTESIAN_POINT('',(-4.00325621247558,0.145068903049442,-4.00004094233361));
#1506=CARTESIAN_POINT('',(-4.01162470326469,0.0789295591884852,-4.00004094233361));
#1507=CARTESIAN_POINT('',(-4.01999308048891,0.0127913843471922,-4.00047478708603));
#1508=CARTESIAN_POINT('',(-4.04589398675869,-0.191914102049849,-3.99913203364796));
#1509=CARTESIAN_POINT('',(-4.06348072712708,-0.330808490467236,-3.98898435965235));
#1510=CARTESIAN_POINT('',(-4.09872912259299,-0.607465806530614,-3.95594598438626));
#1511=CARTESIAN_POINT('',(-4.11639089786327,-0.745230399059988,-3.93216446455074));
#1512=CARTESIAN_POINT('',(-4.16943748787134,-1.15418452184173,-3.83962084651075));
#1513=CARTESIAN_POINT('',(-4.20488402385537,-1.4210470307633,-3.74970700754415));
#1514=CARTESIAN_POINT('',(-4.38180898620466,-2.69132234250489,-3.16606598117495));
#1515=CARTESIAN_POINT('',(-4.52278943533678,-3.4881705743114,-2.25349659495227));
#1516=CARTESIAN_POINT('',(-4.80536615265415,-4.15222405937316,-0.121547919104594));
#1517=CARTESIAN_POINT('',(-4.94661554625914,-4.00923076604666,1.08294236691187));
#1518=CARTESIAN_POINT('',(-5.22915798654415,-2.86967431112108,3.00313100657377));
#1519=CARTESIAN_POINT('',(-5.37042610056599,-1.87931724102258,3.7033715035804));
#1520=CARTESIAN_POINT('',(-5.65296629947963,0.31002386594496,4.14216626908621));
#1521=CARTESIAN_POINT('',(-5.79423569045383,1.49317389057596,3.87520702181543));
#1522=CARTESIAN_POINT('',(-6.07677573963794,3.28471893638878,2.54249246285826));
#1523=CARTESIAN_POINT('',(-6.21804522102638,3.87840984736921,1.48483498178785));
#1524=CARTESIAN_POINT('',(-6.50058525524376,4.08762415695724,-0.738224080058988));
#1525=CARTESIAN_POINT('',(-6.64185477318378,3.69932111123927,-1.88727963876479));
#1526=CARTESIAN_POINT('',(-6.92439474605465,2.1878758652879,-3.53084200955183));
#1527=CARTESIAN_POINT('',(-7.06566467866967,1.07431911490553,-4.01156634558658));
#1528=CARTESIAN_POINT('',(-7.34820383101849,-1.15845303416898,-3.98894068462479));
#1529=CARTESIAN_POINT('',(-7.48947929011673,-2.26100043008116,-3.48349012875022));
#1530=CARTESIAN_POINT('',(-7.77200779716963,-3.73886055675013,-1.80965255618926));
#1531=CARTESIAN_POINT('',(-7.91335692270993,-4.10115225244754,-0.651858265035225));
#1532=CARTESIAN_POINT('',(-8.1251497871243,-3.91096992195359,1.01140519198388));
#1533=CARTESIAN_POINT('',(-8.19568784007532,-3.72941843814374,1.55177293433736));
#1534=CARTESIAN_POINT('',(-8.30184527841118,-3.3029661336505,2.27403535348922));
#1535=CARTESIAN_POINT('',(-8.33728698422206,-3.13480098530385,2.49993309624115));
#1536=CARTESIAN_POINT('',(-8.39033179033843,-2.85117519678732,2.80874436078581));
#1537=CARTESIAN_POINT('',(-8.40799365977036,-2.75141311266657,2.906683242535));
#1538=CARTESIAN_POINT('',(-8.44324274659322,-2.54274151704249,3.09130967950309));
#1539=CARTESIAN_POINT('',(-8.46082974138408,-2.43329388546889,3.17726524493651));
#1540=CARTESIAN_POINT('',(-8.48673017917215,-2.26738202317583,3.29717974306485));
#1541=CARTESIAN_POINT('',(-8.49509870776324,-2.21428066184448,3.33660901543735));
#1542=CARTESIAN_POINT('',(-8.50346719855233,-2.16092685084232,3.37569588865446));
#1543=CARTESIAN_POINT('',(-4.00317497549482,0.145058624282136,-3.15004094627778));
#1544=CARTESIAN_POINT('',(-4.01154346628393,0.078919280421179,-3.15004094627778));
#1545=CARTESIAN_POINT('',(-4.01996023479259,0.00555356156815133,-3.15047395192794));
#1546=CARTESIAN_POINT('',(-4.04571136959875,-0.176782610653036,-3.14913379551899));
#1547=CARTESIAN_POINT('',(-4.06314577680306,-0.270745140910184,-3.14059483952231));
#1548=CARTESIAN_POINT('',(-4.09844320945407,-0.488654316003907,-3.11377246040538));
#1549=CARTESIAN_POINT('',(-4.11620403081217,-0.597457400673697,-3.09459636376707));
#1550=CARTESIAN_POINT('',(-4.16951897206914,-0.920489660970876,-3.02028234802783));
#1551=CARTESIAN_POINT('',(-4.20500678991508,-1.13130569266789,-2.94833368982088));
#1552=CARTESIAN_POINT('',(-4.37967021661619,-2.12553471255713,-2.48726724000033));
#1553=CARTESIAN_POINT('',(-4.52393712916456,-2.7545577770848,-1.76124080252539));
#1554=CARTESIAN_POINT('',(-4.80361610439585,-3.26942870526826,-0.0872827475820159));
#1555=CARTESIAN_POINT('',(-4.94768392166359,-3.15258013034231,0.8671792254175));
#1556=CARTESIAN_POINT('',(-5.22760255164695,-2.25324484916714,2.37034551147969));
#1557=CARTESIAN_POINT('',(-5.37148774816986,-1.46617772977895,2.92253056884147));
#1558=CARTESIAN_POINT('',(-5.65143888170519,0.25258214527914,3.26063574568581));
#1559=CARTESIAN_POINT('',(-5.79529704104251,1.18965195250993,3.04558596455178));
#1560=CARTESIAN_POINT('',(-6.07525082239675,2.59138412330025,1.99505999800174));
#1561=CARTESIAN_POINT('',(-6.21910654070901,3.0589095327424,1.15496237900758));
#1562=CARTESIAN_POINT('',(-6.49906048895145,3.21681500711537,-0.58960737247886));
#1563=CARTESIAN_POINT('',(-6.64291544353538,2.90567912846977,-1.49929879814143));
#1564=CARTESIAN_POINT('',(-6.92287002295565,1.71535362940754,-2.78443845497846));
#1565=CARTESIAN_POINT('',(-7.06671656561587,0.831276358471735,-3.16225746658726));
#1566=CARTESIAN_POINT('',(-7.3466806680319,-0.920270982756348,-3.13825657791929));
#1567=CARTESIAN_POINT('',(-7.49045136657878,-1.7927378809186,-2.7344266167471));
#1568=CARTESIAN_POINT('',(-7.77050960557253,-2.94750801691073,-1.41706395359641));
#1569=CARTESIAN_POINT('',(-7.9139551773778,-3.23132700698241,-0.498532875923077));
#1570=CARTESIAN_POINT('',(-8.12433043047861,-3.07734422698056,0.806542396514693));
#1571=CARTESIAN_POINT('',(-8.19645859478504,-2.9319248388496,1.23381012622707));
#1572=CARTESIAN_POINT('',(-8.30125911308842,-2.59560895574097,1.79885672212928));
#1573=CARTESIAN_POINT('',(-8.33674209810263,-2.46203549227492,1.97713756812134));
#1574=CARTESIAN_POINT('',(-8.390055254492,-2.23694392037039,2.22046119765695));
#1575=CARTESIAN_POINT('',(-8.4078161700622,-2.15782155862324,2.29756787416241));
#1576=CARTESIAN_POINT('',(-8.4431142944497,-1.99286510620006,2.44245806910414));
#1577=CARTESIAN_POINT('',(-8.46054895621683,-1.91871087780183,2.50055980711054));
#1578=CARTESIAN_POINT('',(-8.48629962228334,-1.7708416728484,2.60725126702957));
#1579=CARTESIAN_POINT('',(-8.49471654224221,-1.71191071392698,2.65095291404331));
#1580=CARTESIAN_POINT('',(-8.50308503303128,-1.65855690292482,2.6900397872604));
#1581=CARTESIAN_POINT('',(-4.84645160580895,0.251756881348291,-3.14995906160217));
#1582=CARTESIAN_POINT('',(-4.85482009659806,0.185617537487334,-3.14995906160217));
#1583=CARTESIAN_POINT('',(-4.86323702976964,0.112249961613342,-3.14953282082512));
#1584=CARTESIAN_POINT('',(-4.88898765494254,-0.0700804631111418,-3.15085203989053));
#1585=CARTESIAN_POINT('',(-4.9064222747137,-0.164224160757873,-3.14780298517113));
#1586=CARTESIAN_POINT('',(-4.94172041219537,-0.382902833122399,-3.12840501654935));
#1587=CARTESIAN_POINT('',(-4.95948135492928,-0.492289926819102,-3.11296275157933));
#1588=CARTESIAN_POINT('',(-5.01279458602751,-0.817642510937545,-3.04969953950949));
#1589=CARTESIAN_POINT('',(-5.04827758504259,-1.03073794581105,-2.98482251456374));
#1590=CARTESIAN_POINT('',(-5.22294449190149,-2.0393739230937,-2.55640309445538));
#1591=CARTESIAN_POINT('',(-5.36720815876619,-2.69385256236323,-1.85364445778766));
#1592=CARTESIAN_POINT('',(-5.64689104166951,-3.26345531385138,-0.197651538919655));
#1593=CARTESIAN_POINT('',(-5.79095796639781,-3.18055526606221,0.760211630256298));
#1594=CARTESIAN_POINT('',(-6.07087667940273,-2.3313869117669,2.29212562841557));
#1595=CARTESIAN_POINT('',(-6.21476233020603,-1.56436825277708,2.87170484910544));
#1596=CARTESIAN_POINT('',(-6.49471283290846,0.14216013731456,3.26635207667414));
#1597=CARTESIAN_POINT('',(-6.6385716777303,1.08616413922284,3.08450753378703));
#1598=CARTESIAN_POINT('',(-6.91852475409822,2.52171467040721,2.08092018878437));
#1599=CARTESIAN_POINT('',(-7.06238118085254,3.01854825407501,1.25789722710986));
#1600=CARTESIAN_POINT('',(-7.34233442007701,3.23396264689894,-0.480374730800177));
#1601=CARTESIAN_POINT('',(-7.48619007792958,2.95512994290447,-1.40040864620102));
#1602=CARTESIAN_POINT('',(-7.76614396913226,1.80798059734437,-2.72405591895575));
#1603=CARTESIAN_POINT('',(-7.90999113293356,0.937843493259094,-3.13278760128823));
#1604=CARTESIAN_POINT('',(-8.18995479562362,-0.813408180445722,-3.16664864467847));
#1605=CARTESIAN_POINT('',(-8.33372545553422,-1.69945584229253,-2.7938134970496));
#1606=CARTESIAN_POINT('',(-8.61378515156822,-2.89707587458863,-1.51546352087623));
#1607=CARTESIAN_POINT('',(-8.75722810928787,-3.21266454083205,-0.607594993206295));
#1608=CARTESIAN_POINT('',(-8.96760889613651,-3.10225451505594,0.701785951478365));
#1609=CARTESIAN_POINT('',(-9.03973202888245,-2.97249996048963,1.13407393269596));
#1610=CARTESIAN_POINT('',(-9.14452971342776,-2.65478296247435,1.70972720128896));
#1611=CARTESIAN_POINT('',(-9.18001753995748,-2.52724645312196,1.89233940616391));
#1612=CARTESIAN_POINT('',(-9.23333255397149,-2.31058960366452,2.14317034022136));
#1613=CARTESIAN_POINT('',(-9.25109340259421,-2.23415630844669,2.22293246998568));
#1614=CARTESIAN_POINT('',(-9.28639084909846,-2.07423228413962,2.37333525638163));
#1615=CARTESIAN_POINT('',(-9.30382521458765,-2.00348800533988,2.43574325990639));
#1616=CARTESIAN_POINT('',(-9.32957630798408,-1.85719571053492,2.54457613650736));
#1617=CARTESIAN_POINT('',(-9.33799308987229,-1.79775525063323,2.58758589001044));
#1618=CARTESIAN_POINT('',(-9.34636158066136,-1.74440143963108,2.62667276322753));
#1619=CARTESIAN_POINT('',(-4.84653284278971,0.251767160115597,-3.99995905765799));
#1620=CARTESIAN_POINT('',(-4.85490133357882,0.18562781625464,-3.99995905765799));
#1621=CARTESIAN_POINT('',(-4.86326987546596,0.119487784392383,-3.99953365598323));
#1622=CARTESIAN_POINT('',(-4.88917027210249,-0.0852119545079537,-4.00085027801947));
#1623=CARTESIAN_POINT('',(-4.9067572250377,-0.224287510314931,-3.99619250530115));
#1624=CARTESIAN_POINT('',(-4.9420063253343,-0.5017143236491,-3.97057854053025));
#1625=CARTESIAN_POINT('',(-4.95966822198038,-0.640062925205396,-3.95053085236298));
#1626=CARTESIAN_POINT('',(-5.01271310182971,-1.05133737180839,-3.86903803799243));
#1627=CARTESIAN_POINT('',(-5.04815481898288,-1.32047928390646,-3.78619583228701));
#1628=CARTESIAN_POINT('',(-5.22508326148996,-2.60516155304146,-3.23520183563));
#1629=CARTESIAN_POINT('',(-5.36606046493836,-3.4274653595897,-2.34590025021458));
#1630=CARTESIAN_POINT('',(-5.64864108992787,-4.1462506679564,-0.231916710442202));
#1631=CARTESIAN_POINT('',(-5.78988959099337,-4.03720590176669,0.975974771750539));
#1632=CARTESIAN_POINT('',(-6.07243211429991,-2.94781637372072,2.92491112350977));
#1633=CARTESIAN_POINT('',(-6.21370068260217,-1.97750776402081,3.65254578384436));
#1634=CARTESIAN_POINT('',(-6.4962402506829,0.199601857980473,4.14788260007453));
#1635=CARTESIAN_POINT('',(-6.63751032714162,1.38968607728869,3.91412859105018));
#1636=CARTESIAN_POINT('',(-6.92004967133941,3.21504948349592,2.62835265364139));
#1637=CARTESIAN_POINT('',(-7.06131986116998,3.83804856870146,1.58776982989018));
#1638=CARTESIAN_POINT('',(-7.34385918636927,4.10477179674119,-0.628991438380335));
#1639=CARTESIAN_POINT('',(-7.48512940757799,3.74877192567396,-1.78838948682438));
#1640=CARTESIAN_POINT('',(-7.76766869223126,2.28050283322474,-3.47045947352912));
#1641=CARTESIAN_POINT('',(-7.90893924598736,1.18088624969289,-3.98209648028756));
#1642=CARTESIAN_POINT('',(-8.19147795861021,-1.05159023185836,-4.01733275138396));
#1643=CARTESIAN_POINT('',(-8.33275337907203,-2.1677183914551,-3.54287700905272));
#1644=CARTESIAN_POINT('',(-8.61528334316544,-3.68842841442803,-1.90805212346908));
#1645=CARTESIAN_POINT('',(-8.75662985461976,-4.08248978629718,-0.760920382318412));
#1646=CARTESIAN_POINT('',(-8.96842825278232,-3.93588021002898,0.906648746947529));
#1647=CARTESIAN_POINT('',(-9.03896127417257,-3.76999355978383,1.45203674080628));
#1648=CARTESIAN_POINT('',(-9.14511587875062,-3.36214014038387,2.18490583264888));
#1649=CARTESIAN_POINT('',(-9.18056242607685,-3.20001194615093,2.41513493428369));
#1650=CARTESIAN_POINT('',(-9.23360908981796,-2.92482088008143,2.73145350335024));
#1651=CARTESIAN_POINT('',(-9.25127089230239,-2.82774786249003,2.83204783835828));
#1652=CARTESIAN_POINT('',(-9.28651930124196,-2.62410869498205,3.02218686678058));
#1653=CARTESIAN_POINT('',(-9.30410599975495,-2.51807101300696,3.11244869773237));
#1654=CARTESIAN_POINT('',(-9.33000686487287,-2.35373606086236,3.23450461254264));
#1655=CARTESIAN_POINT('',(-9.33837525539332,-2.30012519855073,3.27324199140449));
#1656=CARTESIAN_POINT('',(-9.34674374618239,-2.24677138754858,3.31232886462158));
#1657=CARTESIAN_POINT('',(-4.84661407977047,0.251777438882904,-4.84995905371381));
#1658=CARTESIAN_POINT('',(-4.85498257055958,0.185638095021947,-4.84995905371381));
#1659=CARTESIAN_POINT('',(-4.86330272116228,0.126725607171424,-4.84953449114133));
#1660=CARTESIAN_POINT('',(-4.88935288926243,-0.100343445904765,-4.85084851614841));
#1661=CARTESIAN_POINT('',(-4.90709217536171,-0.284350859871988,-4.84458202543117));
#1662=CARTESIAN_POINT('',(-4.94229223847323,-0.6205258141758,-4.81275206451115));
#1663=CARTESIAN_POINT('',(-4.95985508903148,-0.78783592359169,-4.78809895314664));
#1664=CARTESIAN_POINT('',(-5.01263161763191,-1.28503223267924,-4.68837653647539));
#1665=CARTESIAN_POINT('',(-5.04803205292317,-1.61022062200188,-4.58756915001027));
#1666=CARTESIAN_POINT('',(-5.22722203107844,-3.17094918298922,-3.91400057680462));
#1667=CARTESIAN_POINT('',(-5.36491277111052,-4.16107815681618,-2.83815604264149));
#1668=CARTESIAN_POINT('',(-5.65039113818623,-5.0290460220614,-0.26618188196475));
#1669=CARTESIAN_POINT('',(-5.78882121558892,-4.89385653747115,1.19173791324478));
#1670=CARTESIAN_POINT('',(-6.07398754919712,-3.56424583567453,3.55769661860397));
#1671=CARTESIAN_POINT('',(-6.2126390349983,-2.39064727526453,4.43338671858328));
#1672=CARTESIAN_POINT('',(-6.49776766845734,0.257043578646384,5.02941312347491));
#1673=CARTESIAN_POINT('',(-6.63644897655295,1.69320801535454,4.74374964831333));
#1674=CARTESIAN_POINT('',(-6.92157458858058,3.90838429658464,3.17578511849839));
#1675=CARTESIAN_POINT('',(-7.06025854148741,4.65754888332791,1.91764243267048));
#1676=CARTESIAN_POINT('',(-7.34538395266152,4.97558094658342,-0.777608145960493));
#1677=CARTESIAN_POINT('',(-7.48406873722638,4.54241390844345,-2.17637032744775));
#1678=CARTESIAN_POINT('',(-7.76919341533024,2.75302506910509,-4.21686302810249));
#1679=CARTESIAN_POINT('',(-7.90788735904114,1.42392900612669,-4.83140535928689));
#1680=CARTESIAN_POINT('',(-8.1930011215968,-1.28977228327099,-4.86801685808946));
#1681=CARTESIAN_POINT('',(-8.33178130260985,-2.63598094061766,-4.29194052105584));
#1682=CARTESIAN_POINT('',(-8.61678153476266,-4.47978095426742,-2.30064072606193));
#1683=CARTESIAN_POINT('',(-8.75603159995165,-4.9523150317623,-0.914245771430528));
#1684=CARTESIAN_POINT('',(-8.96924760942812,-4.769505905002,1.11151154241669));
#1685=CARTESIAN_POINT('',(-9.03819051946268,-4.56748715907801,1.76999954891661));
#1686=CARTESIAN_POINT('',(-9.14570204407347,-4.06949731829338,2.6600844640088));
#1687=CARTESIAN_POINT('',(-9.1811073121962,-3.87277743917989,2.93793046240347));
#1688=CARTESIAN_POINT('',(-9.23388562566441,-3.53905215649834,3.31973666647911));
#1689=CARTESIAN_POINT('',(-9.25144838201058,-3.42133941653337,3.44116320673088));
#1690=CARTESIAN_POINT('',(-9.28664775338543,-3.17398510582446,3.67103847717952));
#1691=CARTESIAN_POINT('',(-9.30438678492224,-3.03265402067404,3.78915413555835));
#1692=CARTESIAN_POINT('',(-9.33043742176167,-2.85027641118979,3.92443308857791));
#1693=CARTESIAN_POINT('',(-9.33875742091436,-2.80249514646822,3.95889809279853));
#1694=CARTESIAN_POINT('',(-9.34712591170343,-2.74914133546607,3.99798496601563));
#1695=CARTESIAN_POINT('',(-4.00333744945634,0.145079181816749,-4.85004093838942));
#1696=CARTESIAN_POINT('',(-4.01170594024546,0.0789398379557912,-4.85004093838942));
#1697=CARTESIAN_POINT('',(-4.02002592618523,0.020029207126233,-4.85047562224413));
#1698=CARTESIAN_POINT('',(-4.04607660391863,-0.20704559344666,-4.84913027177694));
#1699=CARTESIAN_POINT('',(-4.06381567745109,-0.390871840024287,-4.83737387978241));
#1700=CARTESIAN_POINT('',(-4.09901503573191,-0.726277297057319,-4.79811950836713));
#1701=CARTESIAN_POINT('',(-4.11657776491437,-0.893003397446277,-4.76973256533441));
#1702=CARTESIAN_POINT('',(-4.16935600367354,-1.38787938271259,-4.65895934499366));
#1703=CARTESIAN_POINT('',(-4.20476125779566,-1.71078836885871,-4.55108032526742));
#1704=CARTESIAN_POINT('',(-4.38394775579314,-3.25710997245264,-3.84486472234957));
#1705=CARTESIAN_POINT('',(-4.52164174150901,-4.22178337153798,-2.74575238737917));
#1706=CARTESIAN_POINT('',(-4.80711620091245,-5.03501941347805,-0.155813090627172));
#1707=CARTESIAN_POINT('',(-4.94554717085469,-4.86588140175101,1.29870550840622));
#1708=CARTESIAN_POINT('',(-5.23071342144135,-3.48610377307501,3.63591650166784));
#1709=CARTESIAN_POINT('',(-5.36936445296213,-2.29245675226622,4.48421243831931));
#1710=CARTESIAN_POINT('',(-5.65449371725407,0.36746558661078,5.02369679248659));
#1711=CARTESIAN_POINT('',(-5.79317433986516,1.79669582864199,4.70482807907906));
#1712=CARTESIAN_POINT('',(-6.07830065687912,3.97805374947731,3.08992492771479));
#1713=CARTESIAN_POINT('',(-6.21698390134375,4.69791016199603,1.81470758456813));
#1714=CARTESIAN_POINT('',(-6.50211002153608,4.95843330679912,-0.886840787639114));
#1715=CARTESIAN_POINT('',(-6.64079410283219,4.49296309400876,-2.27526047938815));
#1716=CARTESIAN_POINT('',(-6.92591946915364,2.66039810116825,-4.2772455641252));
#1717=CARTESIAN_POINT('',(-7.06461279172345,1.31736187133933,-4.86087522458592));
#1718=CARTESIAN_POINT('',(-7.34972699400507,-1.39663508558161,-4.83962479133028));
#1719=CARTESIAN_POINT('',(-7.48850721365466,-2.72926297924373,-4.23255364075334));
#1720=CARTESIAN_POINT('',(-7.77350598876672,-4.53021309658951,-2.20224115878211));
#1721=CARTESIAN_POINT('',(-7.91275866804206,-4.97097749791266,-0.805183654147372));
#1722=CARTESIAN_POINT('',(-8.12596914376998,-4.74459561692662,1.21626798745306));
#1723=CARTESIAN_POINT('',(-8.19491708536561,-4.52691203743786,1.86973574244766));
#1724=CARTESIAN_POINT('',(-8.30243144373394,-4.01032331156004,2.74921398484915));
#1725=CARTESIAN_POINT('',(-8.33783187034147,-3.80756647833277,3.02272862436096));
#1726=CARTESIAN_POINT('',(-8.39060832618485,-3.46540647320425,3.39702752391467));
#1727=CARTESIAN_POINT('',(-8.40817114947851,-3.34500466670991,3.51579861090761));
#1728=CARTESIAN_POINT('',(-8.44337119873675,-3.0926179278849,3.74016128990203));
#1729=CARTESIAN_POINT('',(-8.46111052655134,-2.94787689313595,3.85397068276247));
#1730=CARTESIAN_POINT('',(-8.48716073606097,-2.76392237350327,3.98710821910013));
#1731=CARTESIAN_POINT('',(-8.49548087328428,-2.71665060976197,4.0222651168314));
#1732=CARTESIAN_POINT('',(-8.50384936407335,-2.66329679875981,4.0613519900485));
#1733=CARTESIAN_POINT('',(-4.00325621247558,0.145068903049442,-4.00004094233361));
#1734=CARTESIAN_POINT('',(-4.01162470326469,0.0789295591884852,-4.00004094233361));
#1735=CARTESIAN_POINT('',(-4.01999308048891,0.0127913843471922,-4.00047478708603));
#1736=CARTESIAN_POINT('',(-4.04589398675869,-0.191914102049849,-3.99913203364796));
#1737=CARTESIAN_POINT('',(-4.06348072712708,-0.330808490467236,-3.98898435965235));
#1738=CARTESIAN_POINT('',(-4.09872912259299,-0.607465806530614,-3.95594598438626));
#1739=CARTESIAN_POINT('',(-4.11639089786327,-0.745230399059988,-3.93216446455074));
#1740=CARTESIAN_POINT('',(-4.16943748787134,-1.15418452184173,-3.83962084651075));
#1741=CARTESIAN_POINT('',(-4.20488402385537,-1.4210470307633,-3.74970700754415));
#1742=CARTESIAN_POINT('',(-4.38180898620466,-2.69132234250489,-3.16606598117495));
#1743=CARTESIAN_POINT('',(-4.52278943533678,-3.4881705743114,-2.25349659495227));
#1744=CARTESIAN_POINT('',(-4.80536615265415,-4.15222405937316,-0.121547919104594));
#1745=CARTESIAN_POINT('',(-4.94661554625914,-4.00923076604666,1.08294236691187));
#1746=CARTESIAN_POINT('',(-5.22915798654415,-2.86967431112108,3.00313100657377));
#1747=CARTESIAN_POINT('',(-5.37042610056599,-1.87931724102258,3.7033715035804));
#1748=CARTESIAN_POINT('',(-5.65296629947963,0.31002386594496,4.14216626908621));
#1749=CARTESIAN_POINT('',(-5.79423569045383,1.49317389057596,3.87520702181543));
#1750=CARTESIAN_POINT('',(-6.07677573963794,3.28471893638878,2.54249246285826));
#1751=CARTESIAN_POINT('',(-6.21804522102638,3.87840984736921,1.48483498178785));
#1752=CARTESIAN_POINT('',(-6.50058525524376,4.08762415695724,-0.738224080058988));
#1753=CARTESIAN_POINT('',(-6.64185477318378,3.69932111123927,-1.88727963876479));
#1754=CARTESIAN_POINT('',(-6.92439474605465,2.1878758652879,-3.53084200955183));
#1755=CARTESIAN_POINT('',(-7.06566467866967,1.07431911490553,-4.01156634558658));
#1756=CARTESIAN_POINT('',(-7.34820383101849,-1.15845303416898,-3.98894068462479));
#1757=CARTESIAN_POINT('',(-7.48947929011673,-2.26100043008116,-3.48349012875022));
#1758=CARTESIAN_POINT('',(-7.77200779716963,-3.73886055675013,-1.80965255618926));
#1759=CARTESIAN_POINT('',(-7.91335692270993,-4.10115225244754,-0.651858265035225));
#1760=CARTESIAN_POINT('',(-8.1251497871243,-3.91096992195359,1.01140519198388));
#1761=CARTESIAN_POINT('',(-8.19568784007532,-3.72941843814374,1.55177293433736));
#1762=CARTESIAN_POINT('',(-8.30184527841118,-3.3029661336505,2.27403535348922));
#1763=CARTESIAN_POINT('',(-8.33728698422206,-3.13480098530385,2.49993309624115));
#1764=CARTESIAN_POINT('',(-8.39033179033843,-2.85117519678732,2.80874436078581));
#1765=CARTESIAN_POINT('',(-8.40799365977036,-2.75141311266657,2.906683242535));
#1766=CARTESIAN_POINT('',(-8.44324274659322,-2.54274151704249,3.09130967950309));
#1767=CARTESIAN_POINT('',(-8.46082974138408,-2.43329388546889,3.17726524493651));
#1768=CARTESIAN_POINT('',(-8.48673017917215,-2.26738202317583,3.29717974306485));
#1769=CARTESIAN_POINT('',(-8.49509870776324,-2.21428066184448,3.33660901543735));
#1770=CARTESIAN_POINT('',(-8.50346719855233,-2.16092685084232,3.37569588865446));
#1777=SURFACE_SIDE_STYLE('',(#3717));
#1778=EDGE_LOOP('',(#3718,#3719,#3720,#3721,#3722,#3723,#3724));
#1780=CARTESIAN_POINT('',(-4.00325621247558,0.145068903049442,-4.00004094233361));
#1781=CARTESIAN_POINT('',(-4.01162470326469,0.0789295591884852,-4.00004094233361));
#1782=CARTESIAN_POINT('',(-4.01999308048891,0.0127913843471922,-4.00047478708603));
#1783=CARTESIAN_POINT('',(-4.04589398675869,-0.191914102049849,-3.99913203364796));
#1784=CARTESIAN_POINT('',(-4.06348072712708,-0.330808490467236,-3.98898435965235));
#1785=CARTESIAN_POINT('',(-4.09872912259299,-0.607465806530614,-3.95594598438626));
#1786=CARTESIAN_POINT('',(-4.11639089786327,-0.745230399059988,-3.93216446455074));
#1787=CARTESIAN_POINT('',(-4.16943748787134,-1.15418452184173,-3.83962084651075));
#1788=CARTESIAN_POINT('',(-4.20488402385537,-1.4210470307633,-3.74970700754415));
#1789=CARTESIAN_POINT('',(-4.38180898620466,-2.69132234250489,-3.16606598117495));
#1790=CARTESIAN_POINT('',(-4.52278943533678,-3.4881705743114,-2.25349659495227));
#1791=CARTESIAN_POINT('',(-4.80536615265415,-4.15222405937316,-0.121547919104594));
#1792=CARTESIAN_POINT('',(-4.94661554625914,-4.00923076604666,1.08294236691187));
#1793=CARTESIAN_POINT('',(-5.22915798654415,-2.86967431112108,3.00313100657377));
#1794=CARTESIAN_POINT('',(-5.37042610056599,-1.87931724102258,3.7033715035804));
#1795=CARTESIAN_POINT('',(-5.65296629947963,0.31002386594496,4.14216626908621));
#1796=CARTESIAN_POINT('',(-5.79423569045383,1.49317389057596,3.87520702181543));
#1797=CARTESIAN_POINT('',(-6.07677573963794,3.28471893638878,2.54249246285826));
#1798=CARTESIAN_POINT('',(-6.21804522102638,3.87840984736921,1.48483498178785));
#1799=CARTESIAN_POINT('',(-6.50058525524376,4.08762415695724,-0.738224080058988));
#1800=CARTESIAN_POINT('',(-6.64185477318378,3.69932111123927,-1.88727963876479));
#1801=CARTESIAN_POINT('',(-6.92439474605465,2.1878758652879,-3.53084200955183));
#1802=CARTESIAN_POINT('',(-7.06566467866967,1.07431911490553,-4.01156634558658));
#1803=CARTESIAN_POINT('',(-7.34820383101849,-1.15845303416898,-3.98894068462479));
#1804=CARTESIAN_POINT('',(-7.48947929011673,-2.26100043008116,-3.48349012875022));
#1805=CARTESIAN_POINT('',(-7.77200779716963,-3.73886055675013,-1.80965255618926));
#1806=CARTESIAN_POINT('',(-7.91335692270993,-4.10115225244754,-0.651858265035225));
#1807=CARTESIAN_POINT('',(-8.1251497871243,-3.91096992195359,1.01140519198388));
#1808=CARTESIAN_POINT('',(-8.19568784007532,-3.72941843814374,1.55177293433736));
#1809=CARTESIAN_POINT('',(-8.30184527841118,-3.3029661336505,2.27403535348922));
#1810=CARTESIAN_POINT('',(-8.33728698422206,-3.13480098530385,2.49993309624115));
#1811=CARTESIAN_POINT('',(-8.39033179033843,-2.85117519678732,2.80874436078581));
#1812=CARTESIAN_POINT('',(-8.40799365977036,-2.75141311266657,2.906683242535));
#1813=CARTESIAN_POINT('',(-8.44324274659322,-2.54274151704249,3.09130967950309));
#1814=CARTESIAN_POINT('',(-8.46082974138408,-2.43329388546889,3.17726524493651));
#1815=CARTESIAN_POINT('',(-8.48673017917215,-2.26738202317583,3.29717974306485));
#1816=CARTESIAN_POINT('',(-8.49509870776324,-2.21428066184448,3.33660901543735));
#1817=CARTESIAN_POINT('',(-8.50346719855233,-2.16092685084232,3.37569588865446));
#1818=CARTESIAN_POINT('',(-4.00317497549482,0.145058624282136,-3.15004094627778));
#1819=CARTESIAN_POINT('',(-4.01154346628393,0.078919280421179,-3.15004094627778));
#1820=CARTESIAN_POINT('',(-4.01996023479259,0.00555356156815133,-3.15047395192794));
#1821=CARTESIAN_POINT('',(-4.04571136959875,-0.176782610653036,-3.14913379551899));
#1822=CARTESIAN_POINT('',(-4.06314577680306,-0.270745140910184,-3.14059483952231));
#1823=CARTESIAN_POINT('',(-4.09844320945407,-0.488654316003907,-3.11377246040538));
#1824=CARTESIAN_POINT('',(-4.11620403081217,-0.597457400673697,-3.09459636376707));
#1825=CARTESIAN_POINT('',(-4.16951897206914,-0.920489660970876,-3.02028234802783));
#1826=CARTESIAN_POINT('',(-4.20500678991508,-1.13130569266789,-2.94833368982088));
#1827=CARTESIAN_POINT('',(-4.37967021661619,-2.12553471255713,-2.48726724000033));
#1828=CARTESIAN_POINT('',(-4.52393712916456,-2.7545577770848,-1.76124080252539));
#1829=CARTESIAN_POINT('',(-4.80361610439585,-3.26942870526826,-0.0872827475820159));
#1830=CARTESIAN_POINT('',(-4.94768392166359,-3.15258013034231,0.8671792254175));
#1831=CARTESIAN_POINT('',(-5.22760255164695,-2.25324484916714,2.37034551147969));
#1832=CARTESIAN_POINT('',(-5.37148774816986,-1.46617772977895,2.92253056884147));
#1833=CARTESIAN_POINT('',(-5.65143888170519,0.25258214527914,3.26063574568581));
#1834=CARTESIAN_POINT('',(-5.79529704104251,1.18965195250993,3.04558596455178));
#1835=CARTESIAN_POINT('',(-6.07525082239675,2.59138412330025,1.99505999800174));
#1836=CARTESIAN_POINT('',(-6.21910654070901,3.0589095327424,1.15496237900758));
#1837=CARTESIAN_POINT('',(-6.49906048895145,3.21681500711537,-0.58960737247886));
#1838=CARTESIAN_POINT('',(-6.64291544353538,2.90567912846977,-1.49929879814143));
#1839=CARTESIAN_POINT('',(-6.92287002295565,1.71535362940754,-2.78443845497846));
#1840=CARTESIAN_POINT('',(-7.06671656561587,0.831276358471735,-3.16225746658726));
#1841=CARTESIAN_POINT('',(-7.3466806680319,-0.920270982756348,-3.13825657791929));
#1842=CARTESIAN_POINT('',(-7.49045136657878,-1.7927378809186,-2.7344266167471));
#1843=CARTESIAN_POINT('',(-7.77050960557253,-2.94750801691073,-1.41706395359641));
#1844=CARTESIAN_POINT('',(-7.9139551773778,-3.23132700698241,-0.498532875923077));
#1845=CARTESIAN_POINT('',(-8.12433043047861,-3.07734422698056,0.806542396514693));
#1846=CARTESIAN_POINT('',(-8.19645859478504,-2.9319248388496,1.23381012622707));
#1847=CARTESIAN_POINT('',(-8.30125911308842,-2.59560895574097,1.79885672212928));
#1848=CARTESIAN_POINT('',(-8.33674209810263,-2.46203549227492,1.97713756812134));
#1849=CARTESIAN_POINT('',(-8.390055254492,-2.23694392037039,2.22046119765695));
#1850=CARTESIAN_POINT('',(-8.4078161700622,-2.15782155862324,2.29756787416241));
#1851=CARTESIAN_POINT('',(-8.4431142944497,-1.99286510620006,2.44245806910414));
#1852=CARTESIAN_POINT('',(-8.46054895621683,-1.91871087780183,2.50055980711054));
#1853=CARTESIAN_POINT('',(-8.48629962228334,-1.7708416728484,2.60725126702957));
#1854=CARTESIAN_POINT('',(-8.49471654224221,-1.71191071392698,2.65095291404331));
#1855=CARTESIAN_POINT('',(-8.50308503303128,-1.65855690292482,2.6900397872604));
#1856=CARTESIAN_POINT('',(-4.84645160580895,0.251756881348291,-3.14995906160217));
#1857=CARTESIAN_POINT('',(-4.85482009659806,0.185617537487334,-3.14995906160217));
#1858=CARTESIAN_POINT('',(-4.86323702976964,0.112249961613342,-3.14953282082512));
#1859=CARTESIAN_POINT('',(-4.88898765494254,-0.0700804631111418,-3.15085203989053));
#1860=CARTESIAN_POINT('',(-4.9064222747137,-0.164224160757873,-3.14780298517113));
#1861=CARTESIAN_POINT('',(-4.94172041219537,-0.382902833122399,-3.12840501654935));
#1862=CARTESIAN_POINT('',(-4.95948135492928,-0.492289926819102,-3.11296275157933));
#1863=CARTESIAN_POINT('',(-5.01279458602751,-0.817642510937545,-3.04969953950949));
#1864=CARTESIAN_POINT('',(-5.04827758504259,-1.03073794581105,-2.98482251456374));
#1865=CARTESIAN_POINT('',(-5.22294449190149,-2.0393739230937,-2.55640309445538));
#1866=CARTESIAN_POINT('',(-5.36720815876619,-2.69385256236323,-1.85364445778766));
#1867=CARTESIAN_POINT('',(-5.64689104166951,-3.26345531385138,-0.197651538919655));
#1868=CARTESIAN_POINT('',(-5.79095796639781,-3.18055526606221,0.760211630256298));
#1869=CARTESIAN_POINT('',(-6.07087667940273,-2.3313869117669,2.29212562841557));
#1870=CARTESIAN_POINT('',(-6.21476233020603,-1.56436825277708,2.87170484910544));
#1871=CARTESIAN_POINT('',(-6.49471283290846,0.14216013731456,3.26635207667414));
#1872=CARTESIAN_POINT('',(-6.6385716777303,1.08616413922284,3.08450753378703));
#1873=CARTESIAN_POINT('',(-6.91852475409822,2.52171467040721,2.08092018878437));
#1874=CARTESIAN_POINT('',(-7.06238118085254,3.01854825407501,1.25789722710986));
#1875=CARTESIAN_POINT('',(-7.34233442007701,3.23396264689894,-0.480374730800177));
#1876=CARTESIAN_POINT('',(-7.48619007792958,2.95512994290447,-1.40040864620102));
#1877=CARTESIAN_POINT('',(-7.76614396913226,1.80798059734437,-2.72405591895575));
#1878=CARTESIAN_POINT('',(-7.90999113293356,0.937843493259094,-3.13278760128823));
#1879=CARTESIAN_POINT('',(-8.18995479562362,-0.813408180445722,-3.16664864467847));
#1880=CARTESIAN_POINT('',(-8.33372545553422,-1.69945584229253,-2.7938134970496));
#1881=CARTESIAN_POINT('',(-8.61378515156822,-2.89707587458863,-1.51546352087623));
#1882=CARTESIAN_POINT('',(-8.75722810928787,-3.21266454083205,-0.607594993206295));
#1883=CARTESIAN_POINT('',(-8.96760889613651,-3.10225451505594,0.701785951478365));
#1884=CARTESIAN_POINT('',(-9.03973202888245,-2.97249996048963,1.13407393269596));
#1885=CARTESIAN_POINT('',(-9.14452971342776,-2.65478296247435,1.70972720128896));
#1886=CARTESIAN_POINT('',(-9.18001753995748,-2.52724645312196,1.89233940616391));
#1887=CARTESIAN_POINT('',(-9.23333255397149,-2.31058960366452,2.14317034022136));
#1888=CARTESIAN_POINT('',(-9.25109340259421,-2.23415630844669,2.22293246998568));
#1889=CARTESIAN_POINT('',(-9.28639084909846,-2.07423228413962,2.37333525638163));
#1890=CARTESIAN_POINT('',(-9.30382521458765,-2.00348800533988,2.43574325990639));
#1891=CARTESIAN_POINT('',(-9.32957630798408,-1.85719571053492,2.54457613650736));
#1892=CARTESIAN_POINT('',(-9.33799308987229,-1.79775525063323,2.58758589001044));
#1893=CARTESIAN_POINT('',(-9.34636158066136,-1.74440143963108,2.62667276322753));
#1894=CARTESIAN_POINT('',(-4.84653284278971,0.251767160115597,-3.99995905765799));
#1895=CARTESIAN_POINT('',(-4.85490133357882,0.18562781625464,-3.99995905765799));
#1896=CARTESIAN_POINT('',(-4.86326987546596,0.119487784392383,-3.99953365598323));
#1897=CARTESIAN_POINT('',(-4.88917027210249,-0.0852119545079537,-4.00085027801947));
#1898=CARTESIAN_POINT('',(-4.9067572250377,-0.224287510314931,-3.99619250530115));
#1899=CARTESIAN_POINT('',(-4.9420063253343,-0.5017143236491,-3.97057854053025));
#1900=CARTESIAN_POINT('',(-4.95966822198038,-0.640062925205396,-3.95053085236298));
#1901=CARTESIAN_POINT('',(-5.01271310182971,-1.05133737180839,-3.86903803799243));
#1902=CARTESIAN_POINT('',(-5.04815481898288,-1.32047928390646,-3.78619583228701));
#1903=CARTESIAN_POINT('',(-5.22508326148996,-2.60516155304146,-3.23520183563));
#1904=CARTESIAN_POINT('',(-5.36606046493836,-3.4274653595897,-2.34590025021458));
#1905=CARTESIAN_POINT('',(-5.64864108992787,-4.1462506679564,-0.231916710442202));
#1906=CARTESIAN_POINT('',(-5.78988959099337,-4.03720590176669,0.975974771750539));
#1907=CARTESIAN_POINT('',(-6.07243211429991,-2.94781637372072,2.92491112350977));
#1908=CARTESIAN_POINT('',(-6.21370068260217,-1.97750776402081,3.65254578384436));
#1909=CARTESIAN_POINT('',(-6.4962402506829,0.199601857980473,4.14788260007453));
#1910=CARTESIAN_POINT('',(-6.63751032714162,1.38968607728869,3.91412859105018));
#1911=CARTESIAN_POINT('',(-6.92004967133941,3.21504948349592,2.62835265364139));
#1912=CARTESIAN_POINT('',(-7.06131986116998,3.83804856870146,1.58776982989018));
#1913=CARTESIAN_POINT('',(-7.34385918636927,4.10477179674119,-0.628991438380335));
#1914=CARTESIAN_POINT('',(-7.48512940757799,3.74877192567396,-1.78838948682438));
#1915=CARTESIAN_POINT('',(-7.76766869223126,2.28050283322474,-3.47045947352912));
#1916=CARTESIAN_POINT('',(-7.90893924598736,1.18088624969289,-3.98209648028756));
#1917=CARTESIAN_POINT('',(-8.19147795861021,-1.05159023185836,-4.01733275138396));
#1918=CARTESIAN_POINT('',(-8.33275337907203,-2.1677183914551,-3.54287700905272));
#1919=CARTESIAN_POINT('',(-8.61528334316544,-3.68842841442803,-1.90805212346908));
#1920=CARTESIAN_POINT('',(-8.75662985461976,-4.08248978629718,-0.760920382318412));
#1921=CARTESIAN_POINT('',(-8.96842825278232,-3.93588021002898,0.906648746947529));
#1922=CARTESIAN_POINT('',(-9.03896127417257,-3.76999355978383,1.45203674080628));
#1923=CARTESIAN_POINT('',(-9.14511587875062,-3.36214014038387,2.18490583264888));
#1924=CARTESIAN_POINT('',(-9.18056242607685,-3.20001194615093,2.41513493428369));
#1925=CARTESIAN_POINT('',(-9.23360908981796,-2.92482088008143,2.73145350335024));
#1926=CARTESIAN_POINT('',(-9.25127089230239,-2.82774786249003,2.83204783835828));
#1927=CARTESIAN_POINT('',(-9.28651930124196,-2.62410869498205,3.02218686678058));
#1928=CARTESIAN_POINT('',(-9.30410599975495,-2.51807101300696,3.11244869773237));
#1929=CARTESIAN_POINT('',(-9.33000686487287,-2.35373606086236,3.23450461254264));
#1930=CARTESIAN_POINT('',(-9.33837525539332,-2.30012519855073,3.27324199140449));
#1931=CARTESIAN_POINT('',(-9.34674374618239,-2.24677138754858,3.31232886462158));
#1932=CARTESIAN_POINT('',(-4.84661407977047,0.251777438882904,-4.84995905371381));
#1933=CARTESIAN_POINT('',(-4.85498257055958,0.185638095021947,-4.84995905371381));
#1934=CARTESIAN_POINT('',(-4.86330272116228,0.126725607171424,-4.84953449114133));
#1935=CARTESIAN_POINT('',(-4.88935288926243,-0.100343445904765,-4.85084851614841));
#1936=CARTESIAN_POINT('',(-4.90709217536171,-0.284350859871988,-4.84458202543117));
#1937=CARTESIAN_POINT('',(-4.94229223847323,-0.6205258141758,-4.81275206451115));
#1938=CARTESIAN_POINT('',(-4.95985508903148,-0.78783592359169,-4.78809895314664));
#1939=CARTESIAN_POINT('',(-5.01263161763191,-1.28503223267924,-4.68837653647539));
#1940=CARTESIAN_POINT('',(-5.04803205292317,-1.61022062200188,-4.58756915001027));
#1941=CARTESIAN_POINT('',(-5.22722203107844,-3.17094918298922,-3.91400057680462));
#1942=CARTESIAN_POINT('',(-5.36491277111052,-4.16107815681618,-2.83815604264149));
#1943=CARTESIAN_POINT('',(-5.65039113818623,-5.0290460220614,-0.26618188196475));
#1944=CARTESIAN_POINT('',(-5.78882121558892,-4.89385653747115,1.19173791324478));
#1945=CARTESIAN_POINT('',(-6.07398754919712,-3.56424583567453,3.55769661860397));
#1946=CARTESIAN_POINT('',(-6.2126390349983,-2.39064727526453,4.43338671858328));
#1947=CARTESIAN_POINT('',(-6.49776766845734,0.257043578646384,5.02941312347491));
#1948=CARTESIAN_POINT('',(-6.63644897655295,1.69320801535454,4.74374964831333));
#1949=CARTESIAN_POINT('',(-6.92157458858058,3.90838429658464,3.17578511849839));
#1950=CARTESIAN_POINT('',(-7.06025854148741,4.65754888332791,1.91764243267048));
#1951=CARTESIAN_POINT('',(-7.34538395266152,4.97558094658342,-0.777608145960493));
#1952=CARTESIAN_POINT('',(-7.48406873722638,4.54241390844345,-2.17637032744775));
#1953=CARTESIAN_POINT('',(-7.76919341533024,2.75302506910509,-4.21686302810249));
#1954=CARTESIAN_POINT('',(-7.90788735904114,1.42392900612669,-4.83140535928689));
#1955=CARTESIAN_POINT('',(-8.1930011215968,-1.28977228327099,-4.86801685808946));
#1956=CARTESIAN_POINT('',(-8.33178130260985,-2.63598094061766,-4.29194052105584));
#1957=CARTESIAN_POINT('',(-8.61678153476266,-4.47978095426742,-2.30064072606193));
#1958=CARTESIAN_POINT('',(-8.75603159995165,-4.9523150317623,-0.914245771430528));
#1959=CARTESIAN_POINT('',(-8.96924760942812,-4.769505905002,1.11151154241669));
#1960=CARTESIAN_POINT('',(-9.03819051946268,-4.56748715907801,1.76999954891661));
#1961=CARTESIAN_POINT('',(-9.14570204407347,-4.06949731829338,2.6600844640088));
#1962=CARTESIAN_POINT('',(-9.1811073121962,-3.87277743917989,2.93793046240347));
#1963=CARTESIAN_POINT('',(-9.23388562566441,-3.53905215649834,3.31973666647911));
#1964=CARTESIAN_POINT('',(-9.25144838201058,-3.42133941653337,3.44116320673088));
#1965=CARTESIAN_POINT('',(-9.28664775338543,-3.17398510582446,3.67103847717952));
#1966=CARTESIAN_POINT('',(-9.30438678492224,-3.03265402067404,3.78915413555835));
#1967=CARTESIAN_POINT('',(-9.33043742176167,-2.85027641118979,3.92443308857791));
#1968=CARTESIAN_POINT('',(-9.33875742091436,-2.80249514646822,3.95889809279853));
#1969=CARTESIAN_POINT('',(-9.34712591170343,-2.74914133546607,3.99798496601563));
#1970=CARTESIAN_POINT('',(-4.00333744945634,0.145079181816749,-4.85004093838942));
#1971=CARTESIAN_POINT('',(-4.01170594024546,0.0789398379557912,-4.85004093838942));
#1972=CARTESIAN_POINT('',(-4.02002592618523,0.020029207126233,-4.85047562224413));
#1973=CARTESIAN_POINT('',(-4.04607660391863,-0.20704559344666,-4.84913027177694));
#1974=CARTESIAN_POINT('',(-4.06381567745109,-0.390871840024287,-4.83737387978241));
#1975=CARTESIAN_POINT('',(-4.09901503573191,-0.726277297057319,-4.79811950836713));
#1976=CARTESIAN_POINT('',(-4.11657776491437,-0.893003397446277,-4.76973256533441));
#1977=CARTESIAN_POINT('',(-4.16935600367354,-1.38787938271259,-4.65895934499366));
#1978=CARTESIAN_POINT('',(-4.20476125779566,-1.71078836885871,-4.55108032526742));
#1979=CARTESIAN_POINT('',(-4.38394775579314,-3.25710997245264,-3.84486472234957));
#1980=CARTESIAN_POINT('',(-4.52164174150901,-4.22178337153798,-2.74575238737917));
#1981=CARTESIAN_POINT('',(-4.80711620091245,-5.03501941347805,-0.155813090627172));
#1982=CARTESIAN_POINT('',(-4.94554717085469,-4.86588140175101,1.29870550840622));
#1983=CARTESIAN_POINT('',(-5.23071342144135,-3.48610377307501,3.63591650166784));
#1984=CARTESIAN_POINT('',(-5.36936445296213,-2.29245675226622,4.48421243831931));
#1985=CARTESIAN_POINT('',(-5.65449371725407,0.36746558661078,5.02369679248659));
#1986=CARTESIAN_POINT('',(-5.79317433986516,1.79669582864199,4.70482807907906));
#1987=CARTESIAN_POINT('',(-6.07830065687912,3.97805374947731,3.08992492771479));
#1988=CARTESIAN_POINT('',(-6.21698390134375,4.69791016199603,1.81470758456813));
#1989=CARTESIAN_POINT('',(-6.50211002153608,4.95843330679912,-0.886840787639114));
#1990=CARTESIAN_POINT('',(-6.64079410283219,4.49296309400876,-2.27526047938815));
#1991=CARTESIAN_POINT('',(-6.92591946915364,2.66039810116825,-4.2772455641252));
#1992=CARTESIAN_POINT('',(-7.06461279172345,1.31736187133933,-4.86087522458592));
#1993=CARTESIAN_POINT('',(-7.34972699400507,-1.39663508558161,-4.83962479133028));
#1994=CARTESIAN_POINT('',(-7.48850721365466,-2.72926297924373,-4.23255364075334));
#1995=CARTESIAN_POINT('',(-7.77350598876672,-4.53021309658951,-2.20224115878211));
#1996=CARTESIAN_POINT('',(-7.91275866804206,-4.97097749791266,-0.805183654147372));
#1997=CARTESIAN_POINT('',(-8.12596914376998,-4.74459561692662,1.21626798745306));
#1998=CARTESIAN_POINT('',(-8.19491708536561,-4.52691203743786,1.86973574244766));
#1999=CARTESIAN_POINT('',(-8.30243144373394,-4.01032331156004,2.74921398484915));
#2000=CARTESIAN_POINT('',(-8.33783187034147,-3.80756647833277,3.02272862436096));
#2001=CARTESIAN_POINT('',(-8.39060832618485,-3.46540647320425,3.39702752391467));
#2002=CARTESIAN_POINT('',(-8.40817114947851,-3.34500466670991,3.51579861090761));
#2003=CARTESIAN_POINT('',(-8.44337119873675,-3.0926179278849,3.74016128990203));
#2004=CARTESIAN_POINT('',(-8.46111052655134,-2.94787689313595,3.85397068276247));
#2005=CARTESIAN_POINT('',(-8.48716073606097,-2.76392237350327,3.98710821910013));
#2006=CARTESIAN_POINT('',(-8.49548087328428,-2.71665060976197,4.0222651168314));
#2007=CARTESIAN_POINT('',(-8.50384936407335,-2.66329679875981,4.0613519900485));
#2008=CARTESIAN_POINT('',(-4.00325621247558,0.145068903049442,-4.00004094233361));
#2009=CARTESIAN_POINT('',(-4.01162470326469,0.0789295591884852,-4.00004094233361));
#2010=CARTESIAN_POINT('',(-4.01999308048891,0.0127913843471922,-4.00047478708603));
#2011=CARTESIAN_POINT('',(-4.04589398675869,-0.191914102049849,-3.99913203364796));
#2012=CARTESIAN_POINT('',(-4.06348072712708,-0.330808490467236,-3.98898435965235));
#2013=CARTESIAN_POINT('',(-4.09872912259299,-0.607465806530614,-3.95594598438626));
#2014=CARTESIAN_POINT('',(-4.11639089786327,-0.745230399059988,-3.93216446455074));
#2015=CARTESIAN_POINT('',(-4.16943748787134,-1.15418452184173,-3.83962084651075));
#2016=CARTESIAN_POINT('',(-4.20488402385537,-1.4210470307633,-3.74970700754415));
#2017=CARTESIAN_POINT('',(-4.38180898620466,-2.69132234250489,-3.16606598117495));
#2018=CARTESIAN_POINT('',(-4.52278943533678,-3.4881705743114,-2.25349659495227));
#2019=CARTESIAN_POINT('',(-4.80536615265415,-4.15222405937316,-0.121547919104594));
#2020=CARTESIAN_POINT('',(-4.94661554625914,-4.00923076604666,1.08294236691187));
#2021=CARTESIAN_POINT('',(-5.22915798654415,-2.86967431112108,3.00313100657377));
#2022=CARTESIAN_POINT('',(-5.37042610056599,-1.87931724102258,3.7033715035804));
#2023=CARTESIAN_POINT('',(-5.65296629947963,0.31002386594496,4.14216626908621));
#2024=CARTESIAN_POINT('',(-5.79423569045383,1.49317389057596,3.87520702181543));
#2025=CARTESIAN_POINT('',(-6.07677573963794,3.28471893638878,2.54249246285826));
#2026=CARTESIAN_POINT('',(-6.21804522102638,3.87840984736921,1.48483498178785));
#2027=CARTESIAN_POINT('',(-6.50058525524376,4.08762415695724,-0.738224080058988));
#2028=CARTESIAN_POINT('',(-6.64185477318378,3.69932111123927,-1.88727963876479));
#2029=CARTESIAN_POINT('',(-6.92439474605465,2.1878758652879,-3.53084200955183));
#2030=CARTESIAN_POINT('',(-7.06566467866967,1.07431911490553,-4.01156634558658));
#2031=CARTESIAN_POINT('',(-7.34820383101849,-1.15845303416898,-3.98894068462479));
#2032=CARTESIAN_POINT('',(-7.48947929011673,-2.26100043008116,-3.48349012875022));
#2033=CARTESIAN_POINT('',(-7.77200779716963,-3.73886055675013,-1.80965255618926));
#2034=CARTESIAN_POINT('',(-7.91335692270993,-4.10115225244754,-0.651858265035225));
#2035=CARTESIAN_POINT('',(-8.1251497871243,-3.91096992195359,1.01140519198388));
#2036=CARTESIAN_POINT('',(-8.19568784007532,-3.72941843814374,1.55177293433736));
#2037=CARTESIAN_POINT('',(-8.30184527841118,-3.3029661336505,2.27403535348922));
#2038=CARTESIAN_POINT('',(-8.33728698422206,-3.13480098530385,2.49993309624115));
#2039=CARTESIAN_POINT('',(-8.39033179033843,-2.85117519678732,2.80874436078581));
#2040=CARTESIAN_POINT('',(-8.40799365977036,-2.75141311266657,2.906683242535));
#2041=CARTESIAN_POINT('',(-8.44324274659322,-2.54274151704249,3.09130967950309));
#2042=CARTESIAN_POINT('',(-8.46082974138408,-2.43329388546889,3.17726524493651));
#2043=CARTESIAN_POINT('',(-8.48673017917215,-2.26738202317583,3.29717974306485));
#2044=CARTESIAN_POINT('',(-8.49509870776324,-2.21428066184448,3.33660901543735));
#2045=CARTESIAN_POINT('',(-8.50346719855233,-2.16092685084232,3.37569588865446));
#2052=SURFACE_SIDE_STYLE('',(#3725));
#2053=EDGE_LOOP('',(#3726,#3727,#3728,#3729,#3730,#3731));
#2055=CARTESIAN_POINT('',(-3.17424342494902,-0.0143823485901233,-3.9999999999958));
#2056=CARTESIAN_POINT('',(-3.19301684072847,-0.568821139022925,-3.99805811686448));
#2057=CARTESIAN_POINT('',(-3.21202896887257,-1.12969237925868,-3.87725572641122));
#2058=CARTESIAN_POINT('',(-3.24992492529345,-2.15052531469018,-3.41948608201939));
#2059=CARTESIAN_POINT('',(-3.26880879383987,-2.61030106662307,-3.08213035989354));
#2060=CARTESIAN_POINT('',(-3.3066113827146,-3.35410345452399,-2.24953714020189));
#2061=CARTESIAN_POINT('',(-3.32552983565002,-3.63791399901901,-1.75407617294219));
#2062=CARTESIAN_POINT('',(-3.36335728157925,-3.97949006919766,-0.690715224726298));
#2063=CARTESIAN_POINT('',(-3.38226639862638,-4.03693280930193,-0.122726445988627));
#2064=CARTESIAN_POINT('',(-3.42008724822025,-3.91626628725478,0.987568347654629));
#2065=CARTESIAN_POINT('',(-3.43899888646353,-3.73781633113867,1.52984570463642));
#2066=CARTESIAN_POINT('',(-3.47682148242034,-3.17604032824902,2.49509220097802));
#2067=CARTESIAN_POINT('',(-3.49573244023183,-2.79242696644797,2.91789182310375));
#2068=CARTESIAN_POINT('',(-3.53355457594043,-1.88660336030511,3.57118665669828));
#2069=CARTESIAN_POINT('',(-3.55246571986493,-1.36419384161992,3.80140899258485));
#2070=CARTESIAN_POINT('',(-3.59028796865989,-0.270967227049357,4.02979383808223));
#2071=CARTESIAN_POINT('',(-3.60919905126819,0.299919183303009,4.02762724795185));
#2072=CARTESIAN_POINT('',(-3.64702130388316,1.39152382590317,3.79161162843574));
#2073=CARTESIAN_POINT('',(-3.66593244537093,1.9121723208066,3.55743358917603));
#2074=CARTESIAN_POINT('',(-3.70375457090814,2.8134095196212,2.89782608720731));
#2075=CARTESIAN_POINT('',(-3.72266553799141,3.19379859970773,2.47212400287192));
#2076=CARTESIAN_POINT('',(-3.76048816391083,3.74882211601816,1.50297903325654));
#2077=CARTESIAN_POINT('',(-3.77939977211972,3.92316902031635,0.959367006355421));
#2078=CARTESIAN_POINT('',(-3.8172205422272,4.03606364480711,-0.151744933445499));
#2079=CARTESIAN_POINT('',(-3.83612974722984,3.97427062625447,-0.719273080376805));
#2080=CARTESIAN_POINT('',(-3.87395736815282,3.62530743989281,-1.78023274588721));
#2081=CARTESIAN_POINT('',(-3.89287560887369,3.33781462852404,-2.27357503615687));
#2082=CARTESIAN_POINT('',(-3.93067790407181,2.5881589310047,-3.10090193383406));
#2083=CARTESIAN_POINT('',(-3.94956217954586,2.12578019466786,-3.43466278748358));
#2084=CARTESIAN_POINT('',(-3.97798432891211,1.35781128475638,-3.77271386500291));
#2085=CARTESIAN_POINT('',(-3.98747415478789,1.0893728033095,-3.85821608571787));
#2086=CARTESIAN_POINT('',(-4.00167633389481,0.67875539713147,-3.94382282638322));
#2087=CARTESIAN_POINT('',(-4.0064049590429,0.540557173660015,-3.96525386608763));
#2088=CARTESIAN_POINT('',(-4.01584185235479,0.263293154756972,-3.99360561834255));
#2089=CARTESIAN_POINT('',(-4.02055009073891,0.124227528723625,-4.00027477705507));
#2090=CARTESIAN_POINT('',(-4.02749948494521,-0.081011269588494,-3.99992853941177));
#2091=CARTESIAN_POINT('',(-4.02975553628149,-0.147639313245384,-4.00004094233361));
#2092=CARTESIAN_POINT('',(-4.03201159096223,-0.214267795606196,-4.00004094233361));
#2093=CARTESIAN_POINT('',(-3.17424342494902,-0.0143823485901246,-3.1499999999958));
#2094=CARTESIAN_POINT('',(-3.19279544459984,-0.447517027079732,-3.14805811940729));
#2095=CARTESIAN_POINT('',(-3.21220817944755,-0.895133161919788,-3.0513504870357));
#2096=CARTESIAN_POINT('',(-3.24961019321078,-1.69483847279209,-2.69182756044342));
#2097=CARTESIAN_POINT('',(-3.26892742405641,-2.05874772101752,-2.42431934907798));
#2098=CARTESIAN_POINT('',(-3.30647439390711,-2.64187924658173,-1.77030536606533));
#2099=CARTESIAN_POINT('',(-3.32566706939745,-2.8668214972086,-1.37664878161063));
#2100=CARTESIAN_POINT('',(-3.36309987356926,-3.13385613328099,-0.542599457875317));
#2101=CARTESIAN_POINT('',(-3.38240196352462,-3.17900249212655,-0.0918616980558112));
#2102=CARTESIAN_POINT('',(-3.41988715303727,-3.08351563527124,0.778945740937124));
#2103=CARTESIAN_POINT('',(-3.43913311835936,-2.94146718395838,1.20916534283826));
#2104=CARTESIAN_POINT('',(-3.47659887417937,-2.50013757239282,1.96578766514853));
#2105=CARTESIAN_POINT('',(-3.49586769996244,-2.19537315996618,2.3010190253784));
#2106=CARTESIAN_POINT('',(-3.53333969637478,-1.48442214471341,2.81273063398742));
#2107=CARTESIAN_POINT('',(-3.55260036031716,-1.06965949365481,2.99502490352731));
#2108=CARTESIAN_POINT('',(-3.59007065735014,-0.21204878395593,3.173327627907));
#2109=CARTESIAN_POINT('',(-3.60933452481903,0.241003529293962,3.17116082905807));
#2110=CARTESIAN_POINT('',(-3.64680482567263,1.09699211076953,2.98522659555027));
#2111=CARTESIAN_POINT('',(-3.66606548717793,1.50999356839828,2.79897624156441));
#2112=CARTESIAN_POINT('',(-3.70353747341791,2.21635773449208,2.28095135645122));
#2113=CARTESIAN_POINT('',(-3.72280630847373,2.51789755459283,1.94281725440347));
#2114=CARTESIAN_POINT('',(-3.76027209425906,2.95247402907944,1.18229608325953));
#2115=CARTESIAN_POINT('',(-3.77951802954409,3.09041903330703,0.750741682863917));
#2116=CARTESIAN_POINT('',(-3.81700313956243,3.17813324390081,-0.120882981005897));
#2117=CARTESIAN_POINT('',(-3.83630531748171,3.12863618752323,-0.571160064644281));
#2118=CARTESIAN_POINT('',(-3.87373829666451,2.85421372363063,-1.40280787434689));
#2119=CARTESIAN_POINT('',(-3.89293075991981,2.62558885139914,-1.79434557770874));
#2120=CARTESIAN_POINT('',(-3.93047743606531,2.03660345233845,-2.4430927313766));
#2121=CARTESIAN_POINT('',(-3.94979507387807,1.67009096895066,-2.70700572795434));
#2122=CARTESIAN_POINT('',(-3.97784676626842,1.06796755162979,-2.97137125884573));
#2123=CARTESIAN_POINT('',(-3.9873475507914,0.855590517200185,-3.03890258578668));
#2124=CARTESIAN_POINT('',(-4.00162299310077,0.530892312818021,-3.10627061812041));
#2125=CARTESIAN_POINT('',(-4.00637868975793,0.421653806383468,-3.12309293663862));
#2126=CARTESIAN_POINT('',(-4.01582908882627,0.203155713505967,-3.1452209591255));
#2127=CARTESIAN_POINT('',(-4.02049587784111,0.10906236178524,-3.1502767779648));
#2128=CARTESIAN_POINT('',(-4.02740436806058,-0.073725569571487,-3.14992758342681));
#2129=CARTESIAN_POINT('',(-4.02967369850651,-0.14764208428997,-3.15004094627778));
#2130=CARTESIAN_POINT('',(-4.03192975318726,-0.214270566650782,-3.15004094627778));
#2131=CARTESIAN_POINT('',(-4.02375657505098,0.0143823485894545,-3.1499999999958));
#2132=CARTESIAN_POINT('',(-4.04230839707602,-0.418746493268121,-3.15194188073016));
#2133=CARTESIAN_POINT('',(-4.06172084247732,-0.86725113259701,-3.05945253639717));
#2134=CARTESIAN_POINT('',(-4.09912307518249,-1.67007140343621,-2.70696921648335));
#2135=CARTESIAN_POINT('',(-4.11844073383001,-2.03657901842666,-2.44305923797978));
#2136=CARTESIAN_POINT('',(-4.15598739769119,-2.6255561145163,-1.79432017869965));
#2137=CARTESIAN_POINT('',(-4.17517987417576,-2.85417779648974,-1.40278717489977));
#2138=CARTESIAN_POINT('',(-4.21261283433245,-3.12859595829034,-0.571150179231547));
#2139=CARTESIAN_POINT('',(-4.23191503117185,-3.17809200330878,-0.120878698903636));
#2140=CARTESIAN_POINT('',(-4.26940012503015,-3.09037825686933,0.750734350752167));
#2141=CARTESIAN_POINT('',(-4.28864607642159,-2.95243461075129,1.18228322503854));
#2142=CARTESIAN_POINT('',(-4.32611184501609,-2.51786328737694,1.94279397173614));
#2143=CARTESIAN_POINT('',(-4.34538069730859,-2.21632695462568,2.28092357624152));
#2144=CARTESIAN_POINT('',(-4.38285266668413,-1.50997173322874,2.79894103353616));
#2145=CARTESIAN_POINT('',(-4.40211334502538,-1.09697529103184,2.98518869788644));
#2146=CARTESIAN_POINT('',(-4.43958362892564,-0.24099790232591,3.17111978397141));
#2147=CARTESIAN_POINT('',(-4.45884751338732,0.21204873515517,3.17328616538571));
#2148=CARTESIAN_POINT('',(-4.49631779346831,1.06964793957871,2.99498511820515));
#2149=CARTESIAN_POINT('',(-4.51557847424592,1.48440523590948,2.81269277615715));
#2150=CARTESIAN_POINT('',(-4.55305045379175,2.19534642280342,2.30098737910783));
#2151=CARTESIAN_POINT('',(-4.57231929681342,2.50010672665857,1.96575995720295));
#2152=CARTESIAN_POINT('',(-4.6097850354482,2.94142988611157,1.20914730821999));
#2153=CARTESIAN_POINT('',(-4.62903101687108,3.08347618877975,0.77893297527748));
#2154=CARTESIAN_POINT('',(-4.66651619020823,3.1789610840722,-0.0918630069399981));
#2155=CARTESIAN_POINT('',(-4.68581829910045,3.13381489841803,-0.542595074701061));
#2156=CARTESIAN_POINT('',(-4.72325108428041,2.86678314116238,-1.37663312174436));
#2157=CARTESIAN_POINT('',(-4.74244377295899,2.64184337133202,-1.77028459843484));
#2158=CARTESIAN_POINT('',(-4.77999073046853,2.05871902098325,-2.42428947239559));
#2159=CARTESIAN_POINT('',(-4.79930798222743,1.69481413963954,-2.69179397306522));
#2160=CARTESIAN_POINT('',(-4.82735947472355,1.09504291901584,-2.96143211049842));
#2161=CARTESIAN_POINT('',(-4.83686061576375,0.883287478188521,-3.03086808426198));
#2162=CARTESIAN_POINT('',(-4.85113619361072,0.559225818936294,-3.10121441444712));
#2163=CARTESIAN_POINT('',(-4.85589188485522,0.450148453248958,-3.11904327409757));
#2164=CARTESIAN_POINT('',(-4.86534223388156,0.231865221057548,-3.14317306599853));
#2165=CARTESIAN_POINT('',(-4.87000900207377,0.137826265258929,-3.14970939443038));
#2166=CARTESIAN_POINT('',(-4.87691752476098,-0.0449604910599702,-3.15007907508614));
#2167=CARTESIAN_POINT('',(-4.87918684466656,-0.118877387243865,-3.14995906160217));
#2168=CARTESIAN_POINT('',(-4.88144289934731,-0.185505869604678,-3.14995906160217));
#2169=CARTESIAN_POINT('',(-4.02375657505098,0.0143823485894559,-3.9999999999958));
#2170=CARTESIAN_POINT('',(-4.04252979320461,-0.540050605211314,-4.00194187818741));
#2171=CARTESIAN_POINT('',(-4.06154163190232,-1.10181034993584,-3.88535777577274));
#2172=CARTESIAN_POINT('',(-4.09943780726517,-2.12575824533436,-3.43462773805927));
#2173=CARTESIAN_POINT('',(-4.11832210361344,-2.58813236403213,-3.10087024879529));
#2174=CARTESIAN_POINT('',(-4.15612438649868,-3.33778032245862,-2.27355195283627));
#2175=CARTESIAN_POINT('',(-4.17504264042833,-3.62527029830009,-1.78021456623135));
#2176=CARTESIAN_POINT('',(-4.21287024234243,-3.97422989420707,-0.719265946082514));
#2177=CARTESIAN_POINT('',(-4.23177946627361,-4.0360223204841,-0.151743446836474));
#2178=CARTESIAN_POINT('',(-4.26960022021312,-3.92312890885292,0.959356957469693));
#2179=CARTESIAN_POINT('',(-4.28851184452573,-3.74878375793169,1.50296358683664));
#2180=CARTESIAN_POINT('',(-4.32633445325708,-3.19376604323302,2.4720985075657));
#2181=CARTESIAN_POINT('',(-4.34524543757799,-2.81338076110755,2.89779637396682));
#2182=CARTESIAN_POINT('',(-4.38306754624977,-1.91215294882035,3.55739705624709));
#2183=CARTESIAN_POINT('',(-4.40197870457314,-1.39150963899693,3.79157278694386));
#2184=CARTESIAN_POINT('',(-4.43980094023538,-0.29991634541935,4.02758599414676));
#2185=CARTESIAN_POINT('',(-4.45871203983647,0.270964389164264,4.02975258427931));
#2186=CARTESIAN_POINT('',(-4.49653427167885,1.36417965471231,3.80137015109081));
#2187=CARTESIAN_POINT('',(-4.51544543243893,1.88658398831781,3.57115012376864));
#2188=CARTESIAN_POINT('',(-4.55326755128198,2.79239820793255,2.91786210986403));
#2189=CARTESIAN_POINT('',(-4.57217852633111,3.17600777177335,2.49506670567146));
#2190=CARTESIAN_POINT('',(-4.61000110509996,3.73777797305041,1.52983025821694));
#2191=CARTESIAN_POINT('',(-4.62891275944674,3.91622617578919,0.987558298768999));
#2192=CARTESIAN_POINT('',(-4.66673359287298,4.03689148497837,-0.122724959379616));
#2193=CARTESIAN_POINT('',(-4.68564272884858,3.97944933714926,-0.6907080904336));
#2194=CARTESIAN_POINT('',(-4.72347015576873,3.63787685742456,-1.75405799328466));
#2195=CARTESIAN_POINT('',(-4.74238862191289,3.35406914845699,-2.24951405688296));
#2196=CARTESIAN_POINT('',(-4.78019119847501,2.61027449964942,-3.08209867485304));
#2197=CARTESIAN_POINT('',(-4.79907508789524,2.15050336535673,-3.41945103259426));
#2198=CARTESIAN_POINT('',(-4.82749703736724,1.38488665214242,-3.76277471665569));
#2199=CARTESIAN_POINT('',(-4.83698721976026,1.11706976429782,-3.8501815841931));
#2200=CARTESIAN_POINT('',(-4.85118953440475,0.70708890324975,-3.93876662270996));
#2201=CARTESIAN_POINT('',(-4.8559181541402,0.569051820525503,-3.96120420354658));
#2202=CARTESIAN_POINT('',(-4.86535499741008,0.292002662308555,-3.99155772521558));
#2203=CARTESIAN_POINT('',(-4.87006321497158,0.152991432197313,-3.99970739352065));
#2204=CARTESIAN_POINT('',(-4.87701264164562,-0.0522461910769772,-4.00008003107111));
#2205=CARTESIAN_POINT('',(-4.87926868244154,-0.118874616199279,-3.99995905765799));
#2206=CARTESIAN_POINT('',(-4.88152473712228,-0.185503098560091,-3.99995905765799));
#2207=CARTESIAN_POINT('',(-4.02375657505098,0.0143823485894573,-4.84999999999579));
#2208=CARTESIAN_POINT('',(-4.04275118933321,-0.661354717154506,-4.85194187564466));
#2209=CARTESIAN_POINT('',(-4.06136242132733,-1.33636956727468,-4.71126301514832));
#2210=CARTESIAN_POINT('',(-4.09975253934786,-2.58144508723251,-4.16228625963519));
#2211=CARTESIAN_POINT('',(-4.11820347339688,-3.13968570963761,-3.75868125961079));
#2212=CARTESIAN_POINT('',(-4.15626137530618,-4.05000453040094,-2.75278372697289));
#2213=CARTESIAN_POINT('',(-4.1749054066809,-4.39636280011044,-2.15764195756292));
#2214=CARTESIAN_POINT('',(-4.21312765035241,-4.81986383012378,-0.86738171293348));
#2215=CARTESIAN_POINT('',(-4.23164390137537,-4.89395263765942,-0.182608194769314));
#2216=CARTESIAN_POINT('',(-4.26980031539609,-4.75587956083651,1.16797956418721));
#2217=CARTESIAN_POINT('',(-4.28837761262988,-4.54513290511208,1.82364394863474));
#2218=CARTESIAN_POINT('',(-4.32655706149807,-3.86966879908909,3.00140304339525));
#2219=CARTESIAN_POINT('',(-4.34511017784738,-3.41043456758943,3.51466917169212));
#2220=CARTESIAN_POINT('',(-4.38328242581541,-2.31433416441196,4.31585307895802));
#2221=CARTESIAN_POINT('',(-4.4018440641209,-1.68604398696202,4.59795687600129));
#2222=CARTESIAN_POINT('',(-4.44001825154513,-0.358834788512792,4.88405220432208));
#2223=CARTESIAN_POINT('',(-4.45857656628561,0.329880043173358,4.88621900317291));
#2224=CARTESIAN_POINT('',(-4.49675074988939,1.6587113698459,4.60775518397644));
#2225=CARTESIAN_POINT('',(-4.51531239063193,2.28876274072614,4.32960747138014));
#2226=CARTESIAN_POINT('',(-4.55348464877221,3.38944999306169,3.53473684062023));
#2227=CARTESIAN_POINT('',(-4.5720377558488,3.85190881688813,3.02437345413997));
#2228=CARTESIAN_POINT('',(-4.61021717475172,4.53412605998925,1.85051320821389));
#2229=CARTESIAN_POINT('',(-4.62879450202239,4.74897616279862,1.19618362226052));
#2230=CARTESIAN_POINT('',(-4.66695099553774,4.89482188588455,-0.153586911819234));
#2231=CARTESIAN_POINT('',(-4.68546715859671,4.82508377588049,-0.838821106166139));
#2232=CARTESIAN_POINT('',(-4.72368922725705,4.40897057368676,-2.13148286482496));
#2233=CARTESIAN_POINT('',(-4.7423334708668,4.06629492558195,-2.72874351533108));
#2234=CARTESIAN_POINT('',(-4.78039166648149,3.1618299783156,-3.73990787731049));
#2235=CARTESIAN_POINT('',(-4.79884219356305,2.60619259107391,-4.14710809212329));
#2236=CARTESIAN_POINT('',(-4.82763460001093,1.674730385269,-4.56411732281295));
#2237=CARTESIAN_POINT('',(-4.83711382375677,1.35085205040712,-4.66949508412423));
#2238=CARTESIAN_POINT('',(-4.85124287519879,0.854951987563207,-4.7763188309728));
#2239=CARTESIAN_POINT('',(-4.85594442342517,0.687955187802048,-4.80336513299559));
#2240=CARTESIAN_POINT('',(-4.8653677609386,0.352140103559562,-4.83994238443261));
#2241=CARTESIAN_POINT('',(-4.87011742786938,0.168156599135699,-4.84970539261092));
#2242=CARTESIAN_POINT('',(-4.87710775853026,-0.0595318910939843,-4.85008098705607));
#2243=CARTESIAN_POINT('',(-4.87935052021651,-0.118871845154691,-4.84995905371381));
#2244=CARTESIAN_POINT('',(-4.88160657489725,-0.185500327515504,-4.84995905371381));
#2245=CARTESIAN_POINT('',(-3.17424342494902,-0.0143823485901219,-4.84999999999579));
#2246=CARTESIAN_POINT('',(-3.1932382368571,-0.690125250966116,-4.84805811432166));
#2247=CARTESIAN_POINT('',(-3.21184975829759,-1.36425159659758,-4.70316096578673));
#2248=CARTESIAN_POINT('',(-3.25023965737612,-2.60621215658826,-4.14714460359537));
#2249=CARTESIAN_POINT('',(-3.26869016362333,-3.1618544122286,-3.7399413707091));
#2250=CARTESIAN_POINT('',(-3.30674837152207,-4.06632766246626,-2.72876891433844));
#2251=CARTESIAN_POINT('',(-3.32539260190257,-4.40900650082941,-2.13150356427375));
#2252=CARTESIAN_POINT('',(-3.36361468958925,-4.82512400511433,-0.838830991577279));
#2253=CARTESIAN_POINT('',(-3.38213083372815,-4.89486312647731,-0.153591193921445));
#2254=CARTESIAN_POINT('',(-3.42028734340321,-4.74901693923832,1.19619095437213));
#2255=CARTESIAN_POINT('',(-3.4388646545677,-4.53416547831893,1.85052606643458));
#2256=CARTESIAN_POINT('',(-3.47704409066132,-3.85194308410523,3.02439673680751));
#2257=CARTESIAN_POINT('',(-3.49559718050122,-3.38948077292975,3.53476462082911));
#2258=CARTESIAN_POINT('',(-3.53376945550608,-2.2887845758968,4.32964267940915));
#2259=CARTESIAN_POINT('',(-3.55233107941269,-1.65872818958502,4.60779308164239));
#2260=CARTESIAN_POINT('',(-3.59050527996963,-0.329885670142781,4.88626004825743));
#2261=CARTESIAN_POINT('',(-3.60906357771734,0.358834837312059,4.88409366684562));
#2262=CARTESIAN_POINT('',(-3.64723778209369,1.68605554103681,4.5979966613212));
#2263=CARTESIAN_POINT('',(-3.66579940356394,2.31435107321494,4.31589093678765));
#2264=CARTESIAN_POINT('',(-3.70397166839837,3.41046130475035,3.51470081796338));
#2265=CARTESIAN_POINT('',(-3.72252476750909,3.86969964482263,3.00143075134036));
#2266=CARTESIAN_POINT('',(-3.76070423356259,4.54517020295688,1.82366198325355));
#2267=CARTESIAN_POINT('',(-3.77928151469536,4.75591900732566,1.16799232984692));
#2268=CARTESIAN_POINT('',(-3.81743794489197,4.89399404571341,-0.182606885885102));
#2269=CARTESIAN_POINT('',(-3.83595417697798,4.8199050649857,-0.867386096109328));
#2270=CARTESIAN_POINT('',(-3.87417643964113,4.39640115615501,-2.15765761742752));
#2271=CARTESIAN_POINT('',(-3.89282045782759,4.05004040564896,-2.75280449460499));
#2272=CARTESIAN_POINT('',(-3.93087837207831,3.13971440967093,-3.75871113629151));
#2273=CARTESIAN_POINT('',(-3.94932928521366,2.58146942038505,-4.16231984701278));
#2274=CARTESIAN_POINT('',(-3.97812189155581,1.64765501788296,-4.57405647116008));
#2275=CARTESIAN_POINT('',(-3.98760075878439,1.32315508941882,-4.67752958564905));
#2276=CARTESIAN_POINT('',(-4.00172967468884,0.826618481444919,-4.78137503464603));
#2277=CARTESIAN_POINT('',(-4.00643122832787,0.659460540936563,-4.80741479553664));
#2278=CARTESIAN_POINT('',(-4.01585461588331,0.323430596007976,-4.84199027755959));
#2279=CARTESIAN_POINT('',(-4.0206043036367,0.139392695662011,-4.85027277614533));
#2280=CARTESIAN_POINT('',(-4.02759460182985,-0.0882969696055009,-4.84992949539673));
#2281=CARTESIAN_POINT('',(-4.02983737405646,-0.147636542200796,-4.85004093838942));
#2282=CARTESIAN_POINT('',(-4.0320934287372,-0.214265024561608,-4.85004093838942));
#2283=CARTESIAN_POINT('',(-3.17424342494902,-0.0143823485901233,-3.9999999999958));
#2284=CARTESIAN_POINT('',(-3.19301684072847,-0.568821139022925,-3.99805811686448));
#2285=CARTESIAN_POINT('',(-3.21202896887257,-1.12969237925868,-3.87725572641122));
#2286=CARTESIAN_POINT('',(-3.24992492529345,-2.15052531469018,-3.41948608201939));
#2287=CARTESIAN_POINT('',(-3.26880879383987,-2.61030106662307,-3.08213035989354));
#2288=CARTESIAN_POINT('',(-3.3066113827146,-3.35410345452399,-2.24953714020189));
#2289=CARTESIAN_POINT('',(-3.32552983565002,-3.63791399901901,-1.75407617294219));
#2290=CARTESIAN_POINT('',(-3.36335728157925,-3.97949006919766,-0.690715224726298));
#2291=CARTESIAN_POINT('',(-3.38226639862638,-4.03693280930193,-0.122726445988627));
#2292=CARTESIAN_POINT('',(-3.42008724822025,-3.91626628725478,0.987568347654629));
#2293=CARTESIAN_POINT('',(-3.43899888646353,-3.73781633113867,1.52984570463642));
#2294=CARTESIAN_POINT('',(-3.47682148242034,-3.17604032824902,2.49509220097802));
#2295=CARTESIAN_POINT('',(-3.49573244023183,-2.79242696644797,2.91789182310375));
#2296=CARTESIAN_POINT('',(-3.53355457594043,-1.88660336030511,3.57118665669828));
#2297=CARTESIAN_POINT('',(-3.55246571986493,-1.36419384161992,3.80140899258485));
#2298=CARTESIAN_POINT('',(-3.59028796865989,-0.270967227049357,4.02979383808223));
#2299=CARTESIAN_POINT('',(-3.60919905126819,0.299919183303009,4.02762724795185));
#2300=CARTESIAN_POINT('',(-3.64702130388316,1.39152382590317,3.79161162843574));
#2301=CARTESIAN_POINT('',(-3.66593244537093,1.9121723208066,3.55743358917603));
#2302=CARTESIAN_POINT('',(-3.70375457090814,2.8134095196212,2.89782608720731));
#2303=CARTESIAN_POINT('',(-3.72266553799141,3.19379859970773,2.47212400287192));
#2304=CARTESIAN_POINT('',(-3.76048816391083,3.74882211601816,1.50297903325654));
#2305=CARTESIAN_POINT('',(-3.77939977211972,3.92316902031635,0.959367006355421));
#2306=CARTESIAN_POINT('',(-3.8172205422272,4.03606364480711,-0.151744933445499));
#2307=CARTESIAN_POINT('',(-3.83612974722984,3.97427062625447,-0.719273080376805));
#2308=CARTESIAN_POINT('',(-3.87395736815282,3.62530743989281,-1.78023274588721));
#2309=CARTESIAN_POINT('',(-3.89287560887369,3.33781462852404,-2.27357503615687));
#2310=CARTESIAN_POINT('',(-3.93067790407181,2.5881589310047,-3.10090193383406));
#2311=CARTESIAN_POINT('',(-3.94956217954586,2.12578019466786,-3.43466278748358));
#2312=CARTESIAN_POINT('',(-3.97798432891211,1.35781128475638,-3.77271386500291));
#2313=CARTESIAN_POINT('',(-3.98747415478789,1.0893728033095,-3.85821608571787));
#2314=CARTESIAN_POINT('',(-4.00167633389481,0.67875539713147,-3.94382282638322));
#2315=CARTESIAN_POINT('',(-4.0064049590429,0.540557173660015,-3.96525386608763));
#2316=CARTESIAN_POINT('',(-4.01584185235479,0.263293154756972,-3.99360561834255));
#2317=CARTESIAN_POINT('',(-4.02055009073891,0.124227528723625,-4.00027477705507));
#2318=CARTESIAN_POINT('',(-4.02749948494521,-0.081011269588494,-3.99992853941177));
#2319=CARTESIAN_POINT('',(-4.02975553628149,-0.147639313245384,-4.00004094233361));
#2320=CARTESIAN_POINT('',(-4.03201159096223,-0.214267795606196,-4.00004094233361));
#2327=SURFACE_SIDE_STYLE('',(#3732));
#2328=EDGE_LOOP('',(#3733,#3734,#3735,#3736,#3737));
#2330=CARTESIAN_POINT('',(-3.17424342494902,-0.0143823485901233,-3.9999999999958));
#2331=CARTESIAN_POINT('',(-3.19301684072847,-0.568821139022925,-3.99805811686448));
#2332=CARTESIAN_POINT('',(-3.21202896887257,-1.12969237925868,-3.87725572641122));
#2333=CARTESIAN_POINT('',(-3.24992492529345,-2.15052531469018,-3.41948608201939));
#2334=CARTESIAN_POINT('',(-3.26880879383987,-2.61030106662307,-3.08213035989354));
#2335=CARTESIAN_POINT('',(-3.3066113827146,-3.35410345452399,-2.24953714020189));
#2336=CARTESIAN_POINT('',(-3.32552983565002,-3.63791399901901,-1.75407617294219));
#2337=CARTESIAN_POINT('',(-3.36335728157925,-3.97949006919766,-0.690715224726298));
#2338=CARTESIAN_POINT('',(-3.38226639862638,-4.03693280930193,-0.122726445988627));
#2339=CARTESIAN_POINT('',(-3.42008724822025,-3.91626628725478,0.987568347654629));
#2340=CARTESIAN_POINT('',(-3.43899888646353,-3.73781633113867,1.52984570463642));
#2341=CARTESIAN_POINT('',(-3.47682148242034,-3.17604032824902,2.49509220097802));
#2342=CARTESIAN_POINT('',(-3.49573244023183,-2.79242696644797,2.91789182310375));
#2343=CARTESIAN_POINT('',(-3.53355457594043,-1.88660336030511,3.57118665669828));
#2344=CARTESIAN_POINT('',(-3.55246571986493,-1.36419384161992,3.80140899258485));
#2345=CARTESIAN_POINT('',(-3.59028796865989,-0.270967227049357,4.02979383808223));
#2346=CARTESIAN_POINT('',(-3.60919905126819,0.299919183303009,4.02762724795185));
#2347=CARTESIAN_POINT('',(-3.64702130388316,1.39152382590317,3.79161162843574));
#2348=CARTESIAN_POINT('',(-3.66593244537093,1.9121723208066,3.55743358917603));
#2349=CARTESIAN_POINT('',(-3.70375457090814,2.8134095196212,2.89782608720731));
#2350=CARTESIAN_POINT('',(-3.72266553799141,3.19379859970773,2.47212400287192));
#2351=CARTESIAN_POINT('',(-3.76048816391083,3.74882211601816,1.50297903325654));
#2352=CARTESIAN_POINT('',(-3.77939977211972,3.92316902031635,0.959367006355421));
#2353=CARTESIAN_POINT('',(-3.8172205422272,4.03606364480711,-0.151744933445499));
#2354=CARTESIAN_POINT('',(-3.83612974722984,3.97427062625447,-0.719273080376805));
#2355=CARTESIAN_POINT('',(-3.87395736815282,3.62530743989281,-1.78023274588721));
#2356=CARTESIAN_POINT('',(-3.89287560887369,3.33781462852404,-2.27357503615687));
#2357=CARTESIAN_POINT('',(-3.93067790407181,2.5881589310047,-3.10090193383406));
#2358=CARTESIAN_POINT('',(-3.94956217954586,2.12578019466786,-3.43466278748358));
#2359=CARTESIAN_POINT('',(-3.97798432891211,1.35781128475638,-3.77271386500291));
#2360=CARTESIAN_POINT('',(-3.98747415478789,1.0893728033095,-3.85821608571787));
#2361=CARTESIAN_POINT('',(-4.00167633389481,0.67875539713147,-3.94382282638322));
#2362=CARTESIAN_POINT('',(-4.0064049590429,0.540557173660015,-3.96525386608763));
#2363=CARTESIAN_POINT('',(-4.01584185235479,0.263293154756972,-3.99360561834255));
#2364=CARTESIAN_POINT('',(-4.02055009073891,0.124227528723625,-4.00027477705507));
#2365=CARTESIAN_POINT('',(-4.02749948494521,-0.081011269588494,-3.99992853941177));
#2366=CARTESIAN_POINT('',(-4.02975553628149,-0.147639313245384,-4.00004094233361));
#2367=CARTESIAN_POINT('',(-4.03201159096223,-0.214267795606196,-4.00004094233361));
#2368=CARTESIAN_POINT('',(-3.17424342494902,-0.0143823485901246,-3.1499999999958));
#2369=CARTESIAN_POINT('',(-3.19279544459984,-0.447517027079732,-3.14805811940729));
#2370=CARTESIAN_POINT('',(-3.21220817944755,-0.895133161919788,-3.0513504870357));
#2371=CARTESIAN_POINT('',(-3.24961019321078,-1.69483847279209,-2.69182756044342));
#2372=CARTESIAN_POINT('',(-3.26892742405641,-2.05874772101752,-2.42431934907798));
#2373=CARTESIAN_POINT('',(-3.30647439390711,-2.64187924658173,-1.77030536606533));
#2374=CARTESIAN_POINT('',(-3.32566706939745,-2.8668214972086,-1.37664878161063));
#2375=CARTESIAN_POINT('',(-3.36309987356926,-3.13385613328099,-0.542599457875317));
#2376=CARTESIAN_POINT('',(-3.38240196352462,-3.17900249212655,-0.0918616980558112));
#2377=CARTESIAN_POINT('',(-3.41988715303727,-3.08351563527124,0.778945740937124));
#2378=CARTESIAN_POINT('',(-3.43913311835936,-2.94146718395838,1.20916534283826));
#2379=CARTESIAN_POINT('',(-3.47659887417937,-2.50013757239282,1.96578766514853));
#2380=CARTESIAN_POINT('',(-3.49586769996244,-2.19537315996618,2.3010190253784));
#2381=CARTESIAN_POINT('',(-3.53333969637478,-1.48442214471341,2.81273063398742));
#2382=CARTESIAN_POINT('',(-3.55260036031716,-1.06965949365481,2.99502490352731));
#2383=CARTESIAN_POINT('',(-3.59007065735014,-0.21204878395593,3.173327627907));
#2384=CARTESIAN_POINT('',(-3.60933452481903,0.241003529293962,3.17116082905807));
#2385=CARTESIAN_POINT('',(-3.64680482567263,1.09699211076953,2.98522659555027));
#2386=CARTESIAN_POINT('',(-3.66606548717793,1.50999356839828,2.79897624156441));
#2387=CARTESIAN_POINT('',(-3.70353747341791,2.21635773449208,2.28095135645122));
#2388=CARTESIAN_POINT('',(-3.72280630847373,2.51789755459283,1.94281725440347));
#2389=CARTESIAN_POINT('',(-3.76027209425906,2.95247402907944,1.18229608325953));
#2390=CARTESIAN_POINT('',(-3.77951802954409,3.09041903330703,0.750741682863917));
#2391=CARTESIAN_POINT('',(-3.81700313956243,3.17813324390081,-0.120882981005897));
#2392=CARTESIAN_POINT('',(-3.83630531748171,3.12863618752323,-0.571160064644281));
#2393=CARTESIAN_POINT('',(-3.87373829666451,2.85421372363063,-1.40280787434689));
#2394=CARTESIAN_POINT('',(-3.89293075991981,2.62558885139914,-1.79434557770874));
#2395=CARTESIAN_POINT('',(-3.93047743606531,2.03660345233845,-2.4430927313766));
#2396=CARTESIAN_POINT('',(-3.94979507387807,1.67009096895066,-2.70700572795434));
#2397=CARTESIAN_POINT('',(-3.97784676626842,1.06796755162979,-2.97137125884573));
#2398=CARTESIAN_POINT('',(-3.9873475507914,0.855590517200185,-3.03890258578668));
#2399=CARTESIAN_POINT('',(-4.00162299310077,0.530892312818021,-3.10627061812041));
#2400=CARTESIAN_POINT('',(-4.00637868975793,0.421653806383468,-3.12309293663862));
#2401=CARTESIAN_POINT('',(-4.01582908882627,0.203155713505967,-3.1452209591255));
#2402=CARTESIAN_POINT('',(-4.02049587784111,0.10906236178524,-3.1502767779648));
#2403=CARTESIAN_POINT('',(-4.02740436806058,-0.073725569571487,-3.14992758342681));
#2404=CARTESIAN_POINT('',(-4.02967369850651,-0.14764208428997,-3.15004094627778));
#2405=CARTESIAN_POINT('',(-4.03192975318726,-0.214270566650782,-3.15004094627778));
#2406=CARTESIAN_POINT('',(-4.02375657505098,0.0143823485894545,-3.1499999999958));
#2407=CARTESIAN_POINT('',(-4.04230839707602,-0.418746493268121,-3.15194188073016));
#2408=CARTESIAN_POINT('',(-4.06172084247732,-0.86725113259701,-3.05945253639717));
#2409=CARTESIAN_POINT('',(-4.09912307518249,-1.67007140343621,-2.70696921648335));
#2410=CARTESIAN_POINT('',(-4.11844073383001,-2.03657901842666,-2.44305923797978));
#2411=CARTESIAN_POINT('',(-4.15598739769119,-2.6255561145163,-1.79432017869965));
#2412=CARTESIAN_POINT('',(-4.17517987417576,-2.85417779648974,-1.40278717489977));
#2413=CARTESIAN_POINT('',(-4.21261283433245,-3.12859595829034,-0.571150179231547));
#2414=CARTESIAN_POINT('',(-4.23191503117185,-3.17809200330878,-0.120878698903636));
#2415=CARTESIAN_POINT('',(-4.26940012503015,-3.09037825686933,0.750734350752167));
#2416=CARTESIAN_POINT('',(-4.28864607642159,-2.95243461075129,1.18228322503854));
#2417=CARTESIAN_POINT('',(-4.32611184501609,-2.51786328737694,1.94279397173614));
#2418=CARTESIAN_POINT('',(-4.34538069730859,-2.21632695462568,2.28092357624152));
#2419=CARTESIAN_POINT('',(-4.38285266668413,-1.50997173322874,2.79894103353616));
#2420=CARTESIAN_POINT('',(-4.40211334502538,-1.09697529103184,2.98518869788644));
#2421=CARTESIAN_POINT('',(-4.43958362892564,-0.24099790232591,3.17111978397141));
#2422=CARTESIAN_POINT('',(-4.45884751338732,0.21204873515517,3.17328616538571));
#2423=CARTESIAN_POINT('',(-4.49631779346831,1.06964793957871,2.99498511820515));
#2424=CARTESIAN_POINT('',(-4.51557847424592,1.48440523590948,2.81269277615715));
#2425=CARTESIAN_POINT('',(-4.55305045379175,2.19534642280342,2.30098737910783));
#2426=CARTESIAN_POINT('',(-4.57231929681342,2.50010672665857,1.96575995720295));
#2427=CARTESIAN_POINT('',(-4.6097850354482,2.94142988611157,1.20914730821999));
#2428=CARTESIAN_POINT('',(-4.62903101687108,3.08347618877975,0.77893297527748));
#2429=CARTESIAN_POINT('',(-4.66651619020823,3.1789610840722,-0.0918630069399981));
#2430=CARTESIAN_POINT('',(-4.68581829910045,3.13381489841803,-0.542595074701061));
#2431=CARTESIAN_POINT('',(-4.72325108428041,2.86678314116238,-1.37663312174436));
#2432=CARTESIAN_POINT('',(-4.74244377295899,2.64184337133202,-1.77028459843484));
#2433=CARTESIAN_POINT('',(-4.77999073046853,2.05871902098325,-2.42428947239559));
#2434=CARTESIAN_POINT('',(-4.79930798222743,1.69481413963954,-2.69179397306522));
#2435=CARTESIAN_POINT('',(-4.82735947472355,1.09504291901584,-2.96143211049842));
#2436=CARTESIAN_POINT('',(-4.83686061576375,0.883287478188521,-3.03086808426198));
#2437=CARTESIAN_POINT('',(-4.85113619361072,0.559225818936294,-3.10121441444712));
#2438=CARTESIAN_POINT('',(-4.85589188485522,0.450148453248958,-3.11904327409757));
#2439=CARTESIAN_POINT('',(-4.86534223388156,0.231865221057548,-3.14317306599853));
#2440=CARTESIAN_POINT('',(-4.87000900207377,0.137826265258929,-3.14970939443038));
#2441=CARTESIAN_POINT('',(-4.87691752476098,-0.0449604910599702,-3.15007907508614));
#2442=CARTESIAN_POINT('',(-4.87918684466656,-0.118877387243865,-3.14995906160217));
#2443=CARTESIAN_POINT('',(-4.88144289934731,-0.185505869604678,-3.14995906160217));
#2444=CARTESIAN_POINT('',(-4.02375657505098,0.0143823485894559,-3.9999999999958));
#2445=CARTESIAN_POINT('',(-4.04252979320461,-0.540050605211314,-4.00194187818741));
#2446=CARTESIAN_POINT('',(-4.06154163190232,-1.10181034993584,-3.88535777577274));
#2447=CARTESIAN_POINT('',(-4.09943780726517,-2.12575824533436,-3.43462773805927));
#2448=CARTESIAN_POINT('',(-4.11832210361344,-2.58813236403213,-3.10087024879529));
#2449=CARTESIAN_POINT('',(-4.15612438649868,-3.33778032245862,-2.27355195283627));
#2450=CARTESIAN_POINT('',(-4.17504264042833,-3.62527029830009,-1.78021456623135));
#2451=CARTESIAN_POINT('',(-4.21287024234243,-3.97422989420707,-0.719265946082514));
#2452=CARTESIAN_POINT('',(-4.23177946627361,-4.0360223204841,-0.151743446836474));
#2453=CARTESIAN_POINT('',(-4.26960022021312,-3.92312890885292,0.959356957469693));
#2454=CARTESIAN_POINT('',(-4.28851184452573,-3.74878375793169,1.50296358683664));
#2455=CARTESIAN_POINT('',(-4.32633445325708,-3.19376604323302,2.4720985075657));
#2456=CARTESIAN_POINT('',(-4.34524543757799,-2.81338076110755,2.89779637396682));
#2457=CARTESIAN_POINT('',(-4.38306754624977,-1.91215294882035,3.55739705624709));
#2458=CARTESIAN_POINT('',(-4.40197870457314,-1.39150963899693,3.79157278694386));
#2459=CARTESIAN_POINT('',(-4.43980094023538,-0.29991634541935,4.02758599414676));
#2460=CARTESIAN_POINT('',(-4.45871203983647,0.270964389164264,4.02975258427931));
#2461=CARTESIAN_POINT('',(-4.49653427167885,1.36417965471231,3.80137015109081));
#2462=CARTESIAN_POINT('',(-4.51544543243893,1.88658398831781,3.57115012376864));
#2463=CARTESIAN_POINT('',(-4.55326755128198,2.79239820793255,2.91786210986403));
#2464=CARTESIAN_POINT('',(-4.57217852633111,3.17600777177335,2.49506670567146));
#2465=CARTESIAN_POINT('',(-4.61000110509996,3.73777797305041,1.52983025821694));
#2466=CARTESIAN_POINT('',(-4.62891275944674,3.91622617578919,0.987558298768999));
#2467=CARTESIAN_POINT('',(-4.66673359287298,4.03689148497837,-0.122724959379616));
#2468=CARTESIAN_POINT('',(-4.68564272884858,3.97944933714926,-0.6907080904336));
#2469=CARTESIAN_POINT('',(-4.72347015576873,3.63787685742456,-1.75405799328466));
#2470=CARTESIAN_POINT('',(-4.74238862191289,3.35406914845699,-2.24951405688296));
#2471=CARTESIAN_POINT('',(-4.78019119847501,2.61027449964942,-3.08209867485304));
#2472=CARTESIAN_POINT('',(-4.79907508789524,2.15050336535673,-3.41945103259426));
#2473=CARTESIAN_POINT('',(-4.82749703736724,1.38488665214242,-3.76277471665569));
#2474=CARTESIAN_POINT('',(-4.83698721976026,1.11706976429782,-3.8501815841931));
#2475=CARTESIAN_POINT('',(-4.85118953440475,0.70708890324975,-3.93876662270996));
#2476=CARTESIAN_POINT('',(-4.8559181541402,0.569051820525503,-3.96120420354658));
#2477=CARTESIAN_POINT('',(-4.86535499741008,0.292002662308555,-3.99155772521558));
#2478=CARTESIAN_POINT('',(-4.87006321497158,0.152991432197313,-3.99970739352065));
#2479=CARTESIAN_POINT('',(-4.87701264164562,-0.0522461910769772,-4.00008003107111));
#2480=CARTESIAN_POINT('',(-4.87926868244154,-0.118874616199279,-3.99995905765799));
#2481=CARTESIAN_POINT('',(-4.88152473712228,-0.185503098560091,-3.99995905765799));
#2482=CARTESIAN_POINT('',(-4.02375657505098,0.0143823485894573,-4.84999999999579));
#2483=CARTESIAN_POINT('',(-4.04275118933321,-0.661354717154506,-4.85194187564466));
#2484=CARTESIAN_POINT('',(-4.06136242132733,-1.33636956727468,-4.71126301514832));
#2485=CARTESIAN_POINT('',(-4.09975253934786,-2.58144508723251,-4.16228625963519));
#2486=CARTESIAN_POINT('',(-4.11820347339688,-3.13968570963761,-3.75868125961079));
#2487=CARTESIAN_POINT('',(-4.15626137530618,-4.05000453040094,-2.75278372697289));
#2488=CARTESIAN_POINT('',(-4.1749054066809,-4.39636280011044,-2.15764195756292));
#2489=CARTESIAN_POINT('',(-4.21312765035241,-4.81986383012378,-0.86738171293348));
#2490=CARTESIAN_POINT('',(-4.23164390137537,-4.89395263765942,-0.182608194769314));
#2491=CARTESIAN_POINT('',(-4.26980031539609,-4.75587956083651,1.16797956418721));
#2492=CARTESIAN_POINT('',(-4.28837761262988,-4.54513290511208,1.82364394863474));
#2493=CARTESIAN_POINT('',(-4.32655706149807,-3.86966879908909,3.00140304339525));
#2494=CARTESIAN_POINT('',(-4.34511017784738,-3.41043456758943,3.51466917169212));
#2495=CARTESIAN_POINT('',(-4.38328242581541,-2.31433416441196,4.31585307895802));
#2496=CARTESIAN_POINT('',(-4.4018440641209,-1.68604398696202,4.59795687600129));
#2497=CARTESIAN_POINT('',(-4.44001825154513,-0.358834788512792,4.88405220432208));
#2498=CARTESIAN_POINT('',(-4.45857656628561,0.329880043173358,4.88621900317291));
#2499=CARTESIAN_POINT('',(-4.49675074988939,1.6587113698459,4.60775518397644));
#2500=CARTESIAN_POINT('',(-4.51531239063193,2.28876274072614,4.32960747138014));
#2501=CARTESIAN_POINT('',(-4.55348464877221,3.38944999306169,3.53473684062023));
#2502=CARTESIAN_POINT('',(-4.5720377558488,3.85190881688813,3.02437345413997));
#2503=CARTESIAN_POINT('',(-4.61021717475172,4.53412605998925,1.85051320821389));
#2504=CARTESIAN_POINT('',(-4.62879450202239,4.74897616279862,1.19618362226052));
#2505=CARTESIAN_POINT('',(-4.66695099553774,4.89482188588455,-0.153586911819234));
#2506=CARTESIAN_POINT('',(-4.68546715859671,4.82508377588049,-0.838821106166139));
#2507=CARTESIAN_POINT('',(-4.72368922725705,4.40897057368676,-2.13148286482496));
#2508=CARTESIAN_POINT('',(-4.7423334708668,4.06629492558195,-2.72874351533108));
#2509=CARTESIAN_POINT('',(-4.78039166648149,3.1618299783156,-3.73990787731049));
#2510=CARTESIAN_POINT('',(-4.79884219356305,2.60619259107391,-4.14710809212329));
#2511=CARTESIAN_POINT('',(-4.82763460001093,1.674730385269,-4.56411732281295));
#2512=CARTESIAN_POINT('',(-4.83711382375677,1.35085205040712,-4.66949508412423));
#2513=CARTESIAN_POINT('',(-4.85124287519879,0.854951987563207,-4.7763188309728));
#2514=CARTESIAN_POINT('',(-4.85594442342517,0.687955187802048,-4.80336513299559));
#2515=CARTESIAN_POINT('',(-4.8653677609386,0.352140103559562,-4.83994238443261));
#2516=CARTESIAN_POINT('',(-4.87011742786938,0.168156599135699,-4.84970539261092));
#2517=CARTESIAN_POINT('',(-4.87710775853026,-0.0595318910939843,-4.85008098705607));
#2518=CARTESIAN_POINT('',(-4.87935052021651,-0.118871845154691,-4.84995905371381));
#2519=CARTESIAN_POINT('',(-4.88160657489725,-0.185500327515504,-4.84995905371381));
#2520=CARTESIAN_POINT('',(-3.17424342494902,-0.0143823485901219,-4.84999999999579));
#2521=CARTESIAN_POINT('',(-3.1932382368571,-0.690125250966116,-4.84805811432166));
#2522=CARTESIAN_POINT('',(-3.21184975829759,-1.36425159659758,-4.70316096578673));
#2523=CARTESIAN_POINT('',(-3.25023965737612,-2.60621215658826,-4.14714460359537));
#2524=CARTESIAN_POINT('',(-3.26869016362333,-3.1618544122286,-3.7399413707091));
#2525=CARTESIAN_POINT('',(-3.30674837152207,-4.06632766246626,-2.72876891433844));
#2526=CARTESIAN_POINT('',(-3.32539260190257,-4.40900650082941,-2.13150356427375));
#2527=CARTESIAN_POINT('',(-3.36361468958925,-4.82512400511433,-0.838830991577279));
#2528=CARTESIAN_POINT('',(-3.38213083372815,-4.89486312647731,-0.153591193921445));
#2529=CARTESIAN_POINT('',(-3.42028734340321,-4.74901693923832,1.19619095437213));
#2530=CARTESIAN_POINT('',(-3.4388646545677,-4.53416547831893,1.85052606643458));
#2531=CARTESIAN_POINT('',(-3.47704409066132,-3.85194308410523,3.02439673680751));
#2532=CARTESIAN_POINT('',(-3.49559718050122,-3.38948077292975,3.53476462082911));
#2533=CARTESIAN_POINT('',(-3.53376945550608,-2.2887845758968,4.32964267940915));
#2534=CARTESIAN_POINT('',(-3.55233107941269,-1.65872818958502,4.60779308164239));
#2535=CARTESIAN_POINT('',(-3.59050527996963,-0.329885670142781,4.88626004825743));
#2536=CARTESIAN_POINT('',(-3.60906357771734,0.358834837312059,4.88409366684562));
#2537=CARTESIAN_POINT('',(-3.64723778209369,1.68605554103681,4.5979966613212));
#2538=CARTESIAN_POINT('',(-3.66579940356394,2.31435107321494,4.31589093678765));
#2539=CARTESIAN_POINT('',(-3.70397166839837,3.41046130475035,3.51470081796338));
#2540=CARTESIAN_POINT('',(-3.72252476750909,3.86969964482263,3.00143075134036));
#2541=CARTESIAN_POINT('',(-3.76070423356259,4.54517020295688,1.82366198325355));
#2542=CARTESIAN_POINT('',(-3.77928151469536,4.75591900732566,1.16799232984692));
#2543=CARTESIAN_POINT('',(-3.81743794489197,4.89399404571341,-0.182606885885102));
#2544=CARTESIAN_POINT('',(-3.83595417697798,4.8199050649857,-0.867386096109328));
#2545=CARTESIAN_POINT('',(-3.87417643964113,4.39640115615501,-2.15765761742752));
#2546=CARTESIAN_POINT('',(-3.89282045782759,4.05004040564896,-2.75280449460499));
#2547=CARTESIAN_POINT('',(-3.93087837207831,3.13971440967093,-3.75871113629151));
#2548=CARTESIAN_POINT('',(-3.94932928521366,2.58146942038505,-4.16231984701278));
#2549=CARTESIAN_POINT('',(-3.97812189155581,1.64765501788296,-4.57405647116008));
#2550=CARTESIAN_POINT('',(-3.98760075878439,1.32315508941882,-4.67752958564905));
#2551=CARTESIAN_POINT('',(-4.00172967468884,0.826618481444919,-4.78137503464603));
#2552=CARTESIAN_POINT('',(-4.00643122832787,0.659460540936563,-4.80741479553664));
#2553=CARTESIAN_POINT('',(-4.01585461588331,0.323430596007976,-4.84199027755959));
#2554=CARTESIAN_POINT('',(-4.0206043036367,0.139392695662011,-4.85027277614533));
#2555=CARTESIAN_POINT('',(-4.02759460182985,-0.0882969696055009,-4.84992949539673));
#2556=CARTESIAN_POINT('',(-4.02983737405646,-0.147636542200796,-4.85004093838942));
#2557=CARTESIAN_POINT('',(-4.0320934287372,-0.214265024561608,-4.85004093838942));
#2558=CARTESIAN_POINT('',(-3.17424342494902,-0.0143823485901233,-3.9999999999958));
#2559=CARTESIAN_POINT('',(-3.19301684072847,-0.568821139022925,-3.99805811686448));
#2560=CARTESIAN_POINT('',(-3.21202896887257,-1.12969237925868,-3.87725572641122));
#2561=CARTESIAN_POINT('',(-3.24992492529345,-2.15052531469018,-3.41948608201939));
#2562=CARTESIAN_POINT('',(-3.26880879383987,-2.61030106662307,-3.08213035989354));
#2563=CARTESIAN_POINT('',(-3.3066113827146,-3.35410345452399,-2.24953714020189));
#2564=CARTESIAN_POINT('',(-3.32552983565002,-3.63791399901901,-1.75407617294219));
#2565=CARTESIAN_POINT('',(-3.36335728157925,-3.97949006919766,-0.690715224726298));
#2566=CARTESIAN_POINT('',(-3.38226639862638,-4.03693280930193,-0.122726445988627));
#2567=CARTESIAN_POINT('',(-3.42008724822025,-3.91626628725478,0.987568347654629));
#2568=CARTESIAN_POINT('',(-3.43899888646353,-3.73781633113867,1.52984570463642));
#2569=CARTESIAN_POINT('',(-3.47682148242034,-3.17604032824902,2.49509220097802));
#2570=CARTESIAN_POINT('',(-3.49573244023183,-2.79242696644797,2.91789182310375));
#2571=CARTESIAN_POINT('',(-3.53355457594043,-1.88660336030511,3.57118665669828));
#2572=CARTESIAN_POINT('',(-3.55246571986493,-1.36419384161992,3.80140899258485));
#2573=CARTESIAN_POINT('',(-3.59028796865989,-0.270967227049357,4.02979383808223));
#2574=CARTESIAN_POINT('',(-3.60919905126819,0.299919183303009,4.02762724795185));
#2575=CARTESIAN_POINT('',(-3.64702130388316,1.39152382590317,3.79161162843574));
#2576=CARTESIAN_POINT('',(-3.66593244537093,1.9121723208066,3.55743358917603));
#2577=CARTESIAN_POINT('',(-3.70375457090814,2.8134095196212,2.89782608720731));
#2578=CARTESIAN_POINT('',(-3.72266553799141,3.19379859970773,2.47212400287192));
#2579=CARTESIAN_POINT('',(-3.76048816391083,3.74882211601816,1.50297903325654));
#2580=CARTESIAN_POINT('',(-3.77939977211972,3.92316902031635,0.959367006355421));
#2581=CARTESIAN_POINT('',(-3.8172205422272,4.03606364480711,-0.151744933445499));
#2582=CARTESIAN_POINT('',(-3.83612974722984,3.97427062625447,-0.719273080376805));
#2583=CARTESIAN_POINT('',(-3.87395736815282,3.62530743989281,-1.78023274588721));
#2584=CARTESIAN_POINT('',(-3.89287560887369,3.33781462852404,-2.27357503615687));
#2585=CARTESIAN_POINT('',(-3.93067790407181,2.5881589310047,-3.10090193383406));
#2586=CARTESIAN_POINT('',(-3.94956217954586,2.12578019466786,-3.43466278748358));
#2587=CARTESIAN_POINT('',(-3.97798432891211,1.35781128475638,-3.77271386500291));
#2588=CARTESIAN_POINT('',(-3.98747415478789,1.0893728033095,-3.85821608571787));
#2589=CARTESIAN_POINT('',(-4.00167633389481,0.67875539713147,-3.94382282638322));
#2590=CARTESIAN_POINT('',(-4.0064049590429,0.540557173660015,-3.96525386608763));
#2591=CARTESIAN_POINT('',(-4.01584185235479,0.263293154756972,-3.99360561834255));
#2592=CARTESIAN_POINT('',(-4.02055009073891,0.124227528723625,-4.00027477705507));
#2593=CARTESIAN_POINT('',(-4.02749948494521,-0.081011269588494,-3.99992853941177));
#2594=CARTESIAN_POINT('',(-4.02975553628149,-0.147639313245384,-4.00004094233361));
#2595=CARTESIAN_POINT('',(-4.03201159096223,-0.214267795606196,-4.00004094233361));
#2602=SURFACE_SIDE_STYLE('',(#3738));
#2603=EDGE_LOOP('',(#3739,#3740,#3741,#3742));
#2605=CARTESIAN_POINT('',(-4.00325621247558,0.145068903049442,-4.00004094233361));
#2606=CARTESIAN_POINT('',(-4.01162470326469,0.0789295591884852,-4.00004094233361));
#2607=CARTESIAN_POINT('',(-4.01999308048891,0.0127913843471922,-4.00047478708603));
#2608=CARTESIAN_POINT('',(-4.04589398675869,-0.191914102049849,-3.99913203364796));
#2609=CARTESIAN_POINT('',(-4.06348072712708,-0.330808490467236,-3.98898435965235));
#2610=CARTESIAN_POINT('',(-4.09872912259299,-0.607465806530614,-3.95594598438626));
#2611=CARTESIAN_POINT('',(-4.11639089786327,-0.745230399059988,-3.93216446455074));
#2612=CARTESIAN_POINT('',(-4.16943748787134,-1.15418452184173,-3.83962084651075));
#2613=CARTESIAN_POINT('',(-4.20488402385537,-1.4210470307633,-3.74970700754415));
#2614=CARTESIAN_POINT('',(-4.38180898620466,-2.69132234250489,-3.16606598117495));
#2615=CARTESIAN_POINT('',(-4.52278943533678,-3.4881705743114,-2.25349659495227));
#2616=CARTESIAN_POINT('',(-4.80536615265415,-4.15222405937316,-0.121547919104594));
#2617=CARTESIAN_POINT('',(-4.94661554625914,-4.00923076604666,1.08294236691187));
#2618=CARTESIAN_POINT('',(-5.22915798654415,-2.86967431112108,3.00313100657377));
#2619=CARTESIAN_POINT('',(-5.37042610056599,-1.87931724102258,3.7033715035804));
#2620=CARTESIAN_POINT('',(-5.65296629947963,0.31002386594496,4.14216626908621));
#2621=CARTESIAN_POINT('',(-5.79423569045383,1.49317389057596,3.87520702181543));
#2622=CARTESIAN_POINT('',(-6.07677573963794,3.28471893638878,2.54249246285826));
#2623=CARTESIAN_POINT('',(-6.21804522102638,3.87840984736921,1.48483498178785));
#2624=CARTESIAN_POINT('',(-6.50058525524376,4.08762415695724,-0.738224080058988));
#2625=CARTESIAN_POINT('',(-6.64185477318378,3.69932111123927,-1.88727963876479));
#2626=CARTESIAN_POINT('',(-6.92439474605465,2.1878758652879,-3.53084200955183));
#2627=CARTESIAN_POINT('',(-7.06566467866967,1.07431911490553,-4.01156634558658));
#2628=CARTESIAN_POINT('',(-7.34820383101849,-1.15845303416898,-3.98894068462479));
#2629=CARTESIAN_POINT('',(-7.48947929011673,-2.26100043008116,-3.48349012875022));
#2630=CARTESIAN_POINT('',(-7.77200779716963,-3.73886055675013,-1.80965255618926));
#2631=CARTESIAN_POINT('',(-7.91335692270993,-4.10115225244754,-0.651858265035225));
#2632=CARTESIAN_POINT('',(-8.1251497871243,-3.91096992195359,1.01140519198388));
#2633=CARTESIAN_POINT('',(-8.19568784007532,-3.72941843814374,1.55177293433736));
#2634=CARTESIAN_POINT('',(-8.30184527841118,-3.3029661336505,2.27403535348922));
#2635=CARTESIAN_POINT('',(-8.33728698422206,-3.13480098530385,2.49993309624115));
#2636=CARTESIAN_POINT('',(-8.39033179033843,-2.85117519678732,2.80874436078581));
#2637=CARTESIAN_POINT('',(-8.40799365977036,-2.75141311266657,2.906683242535));
#2638=CARTESIAN_POINT('',(-8.44324274659322,-2.54274151704249,3.09130967950309));
#2639=CARTESIAN_POINT('',(-8.46082974138408,-2.43329388546889,3.17726524493651));
#2640=CARTESIAN_POINT('',(-8.48673017917215,-2.26738202317583,3.29717974306485));
#2641=CARTESIAN_POINT('',(-8.49509870776324,-2.21428066184448,3.33660901543735));
#2642=CARTESIAN_POINT('',(-8.50346719855233,-2.16092685084232,3.37569588865446));
#2643=CARTESIAN_POINT('',(-4.00317497549482,0.145058624282136,-3.15004094627778));
#2644=CARTESIAN_POINT('',(-4.01154346628393,0.078919280421179,-3.15004094627778));
#2645=CARTESIAN_POINT('',(-4.01996023479259,0.00555356156815133,-3.15047395192794));
#2646=CARTESIAN_POINT('',(-4.04571136959875,-0.176782610653036,-3.14913379551899));
#2647=CARTESIAN_POINT('',(-4.06314577680306,-0.270745140910184,-3.14059483952231));
#2648=CARTESIAN_POINT('',(-4.09844320945407,-0.488654316003907,-3.11377246040538));
#2649=CARTESIAN_POINT('',(-4.11620403081217,-0.597457400673697,-3.09459636376707));
#2650=CARTESIAN_POINT('',(-4.16951897206914,-0.920489660970876,-3.02028234802783));
#2651=CARTESIAN_POINT('',(-4.20500678991508,-1.13130569266789,-2.94833368982088));
#2652=CARTESIAN_POINT('',(-4.37967021661619,-2.12553471255713,-2.48726724000033));
#2653=CARTESIAN_POINT('',(-4.52393712916456,-2.7545577770848,-1.76124080252539));
#2654=CARTESIAN_POINT('',(-4.80361610439585,-3.26942870526826,-0.0872827475820159));
#2655=CARTESIAN_POINT('',(-4.94768392166359,-3.15258013034231,0.8671792254175));
#2656=CARTESIAN_POINT('',(-5.22760255164695,-2.25324484916714,2.37034551147969));
#2657=CARTESIAN_POINT('',(-5.37148774816986,-1.46617772977895,2.92253056884147));
#2658=CARTESIAN_POINT('',(-5.65143888170519,0.25258214527914,3.26063574568581));
#2659=CARTESIAN_POINT('',(-5.79529704104251,1.18965195250993,3.04558596455178));
#2660=CARTESIAN_POINT('',(-6.07525082239675,2.59138412330025,1.99505999800174));
#2661=CARTESIAN_POINT('',(-6.21910654070901,3.0589095327424,1.15496237900758));
#2662=CARTESIAN_POINT('',(-6.49906048895145,3.21681500711537,-0.58960737247886));
#2663=CARTESIAN_POINT('',(-6.64291544353538,2.90567912846977,-1.49929879814143));
#2664=CARTESIAN_POINT('',(-6.92287002295565,1.71535362940754,-2.78443845497846));
#2665=CARTESIAN_POINT('',(-7.06671656561587,0.831276358471735,-3.16225746658726));
#2666=CARTESIAN_POINT('',(-7.3466806680319,-0.920270982756348,-3.13825657791929));
#2667=CARTESIAN_POINT('',(-7.49045136657878,-1.7927378809186,-2.7344266167471));
#2668=CARTESIAN_POINT('',(-7.77050960557253,-2.94750801691073,-1.41706395359641));
#2669=CARTESIAN_POINT('',(-7.9139551773778,-3.23132700698241,-0.498532875923077));
#2670=CARTESIAN_POINT('',(-8.12433043047861,-3.07734422698056,0.806542396514693));
#2671=CARTESIAN_POINT('',(-8.19645859478504,-2.9319248388496,1.23381012622707));
#2672=CARTESIAN_POINT('',(-8.30125911308842,-2.59560895574097,1.79885672212928));
#2673=CARTESIAN_POINT('',(-8.33674209810263,-2.46203549227492,1.97713756812134));
#2674=CARTESIAN_POINT('',(-8.390055254492,-2.23694392037039,2.22046119765695));
#2675=CARTESIAN_POINT('',(-8.4078161700622,-2.15782155862324,2.29756787416241));
#2676=CARTESIAN_POINT('',(-8.4431142944497,-1.99286510620006,2.44245806910414));
#2677=CARTESIAN_POINT('',(-8.46054895621683,-1.91871087780183,2.50055980711054));
#2678=CARTESIAN_POINT('',(-8.48629962228334,-1.7708416728484,2.60725126702957));
#2679=CARTESIAN_POINT('',(-8.49471654224221,-1.71191071392698,2.65095291404331));
#2680=CARTESIAN_POINT('',(-8.50308503303128,-1.65855690292482,2.6900397872604));
#2681=CARTESIAN_POINT('',(-4.84645160580895,0.251756881348291,-3.14995906160217));
#2682=CARTESIAN_POINT('',(-4.85482009659806,0.185617537487334,-3.14995906160217));
#2683=CARTESIAN_POINT('',(-4.86323702976964,0.112249961613342,-3.14953282082512));
#2684=CARTESIAN_POINT('',(-4.88898765494254,-0.0700804631111418,-3.15085203989053));
#2685=CARTESIAN_POINT('',(-4.9064222747137,-0.164224160757873,-3.14780298517113));
#2686=CARTESIAN_POINT('',(-4.94172041219537,-0.382902833122399,-3.12840501654935));
#2687=CARTESIAN_POINT('',(-4.95948135492928,-0.492289926819102,-3.11296275157933));
#2688=CARTESIAN_POINT('',(-5.01279458602751,-0.817642510937545,-3.04969953950949));
#2689=CARTESIAN_POINT('',(-5.04827758504259,-1.03073794581105,-2.98482251456374));
#2690=CARTESIAN_POINT('',(-5.22294449190149,-2.0393739230937,-2.55640309445538));
#2691=CARTESIAN_POINT('',(-5.36720815876619,-2.69385256236323,-1.85364445778766));
#2692=CARTESIAN_POINT('',(-5.64689104166951,-3.26345531385138,-0.197651538919655));
#2693=CARTESIAN_POINT('',(-5.79095796639781,-3.18055526606221,0.760211630256298));
#2694=CARTESIAN_POINT('',(-6.07087667940273,-2.3313869117669,2.29212562841557));
#2695=CARTESIAN_POINT('',(-6.21476233020603,-1.56436825277708,2.87170484910544));
#2696=CARTESIAN_POINT('',(-6.49471283290846,0.14216013731456,3.26635207667414));
#2697=CARTESIAN_POINT('',(-6.6385716777303,1.08616413922284,3.08450753378703));
#2698=CARTESIAN_POINT('',(-6.91852475409822,2.52171467040721,2.08092018878437));
#2699=CARTESIAN_POINT('',(-7.06238118085254,3.01854825407501,1.25789722710986));
#2700=CARTESIAN_POINT('',(-7.34233442007701,3.23396264689894,-0.480374730800177));
#2701=CARTESIAN_POINT('',(-7.48619007792958,2.95512994290447,-1.40040864620102));
#2702=CARTESIAN_POINT('',(-7.76614396913226,1.80798059734437,-2.72405591895575));
#2703=CARTESIAN_POINT('',(-7.90999113293356,0.937843493259094,-3.13278760128823));
#2704=CARTESIAN_POINT('',(-8.18995479562362,-0.813408180445722,-3.16664864467847));
#2705=CARTESIAN_POINT('',(-8.33372545553422,-1.69945584229253,-2.7938134970496));
#2706=CARTESIAN_POINT('',(-8.61378515156822,-2.89707587458863,-1.51546352087623));
#2707=CARTESIAN_POINT('',(-8.75722810928787,-3.21266454083205,-0.607594993206295));
#2708=CARTESIAN_POINT('',(-8.96760889613651,-3.10225451505594,0.701785951478365));
#2709=CARTESIAN_POINT('',(-9.03973202888245,-2.97249996048963,1.13407393269596));
#2710=CARTESIAN_POINT('',(-9.14452971342776,-2.65478296247435,1.70972720128896));
#2711=CARTESIAN_POINT('',(-9.18001753995748,-2.52724645312196,1.89233940616391));
#2712=CARTESIAN_POINT('',(-9.23333255397149,-2.31058960366452,2.14317034022136));
#2713=CARTESIAN_POINT('',(-9.25109340259421,-2.23415630844669,2.22293246998568));
#2714=CARTESIAN_POINT('',(-9.28639084909846,-2.07423228413962,2.37333525638163));
#2715=CARTESIAN_POINT('',(-9.30382521458765,-2.00348800533988,2.43574325990639));
#2716=CARTESIAN_POINT('',(-9.32957630798408,-1.85719571053492,2.54457613650736));
#2717=CARTESIAN_POINT('',(-9.33799308987229,-1.79775525063323,2.58758589001044));
#2718=CARTESIAN_POINT('',(-9.34636158066136,-1.74440143963108,2.62667276322753));
#2719=CARTESIAN_POINT('',(-4.84653284278971,0.251767160115597,-3.99995905765799));
#2720=CARTESIAN_POINT('',(-4.85490133357882,0.18562781625464,-3.99995905765799));
#2721=CARTESIAN_POINT('',(-4.86326987546596,0.119487784392383,-3.99953365598323));
#2722=CARTESIAN_POINT('',(-4.88917027210249,-0.0852119545079537,-4.00085027801947));
#2723=CARTESIAN_POINT('',(-4.9067572250377,-0.224287510314931,-3.99619250530115));
#2724=CARTESIAN_POINT('',(-4.9420063253343,-0.5017143236491,-3.97057854053025));
#2725=CARTESIAN_POINT('',(-4.95966822198038,-0.640062925205396,-3.95053085236298));
#2726=CARTESIAN_POINT('',(-5.01271310182971,-1.05133737180839,-3.86903803799243));
#2727=CARTESIAN_POINT('',(-5.04815481898288,-1.32047928390646,-3.78619583228701));
#2728=CARTESIAN_POINT('',(-5.22508326148996,-2.60516155304146,-3.23520183563));
#2729=CARTESIAN_POINT('',(-5.36606046493836,-3.4274653595897,-2.34590025021458));
#2730=CARTESIAN_POINT('',(-5.64864108992787,-4.1462506679564,-0.231916710442202));
#2731=CARTESIAN_POINT('',(-5.78988959099337,-4.03720590176669,0.975974771750539));
#2732=CARTESIAN_POINT('',(-6.07243211429991,-2.94781637372072,2.92491112350977));
#2733=CARTESIAN_POINT('',(-6.21370068260217,-1.97750776402081,3.65254578384436));
#2734=CARTESIAN_POINT('',(-6.4962402506829,0.199601857980473,4.14788260007453));
#2735=CARTESIAN_POINT('',(-6.63751032714162,1.38968607728869,3.91412859105018));
#2736=CARTESIAN_POINT('',(-6.92004967133941,3.21504948349592,2.62835265364139));
#2737=CARTESIAN_POINT('',(-7.06131986116998,3.83804856870146,1.58776982989018));
#2738=CARTESIAN_POINT('',(-7.34385918636927,4.10477179674119,-0.628991438380335));
#2739=CARTESIAN_POINT('',(-7.48512940757799,3.74877192567396,-1.78838948682438));
#2740=CARTESIAN_POINT('',(-7.76766869223126,2.28050283322474,-3.47045947352912));
#2741=CARTESIAN_POINT('',(-7.90893924598736,1.18088624969289,-3.98209648028756));
#2742=CARTESIAN_POINT('',(-8.19147795861021,-1.05159023185836,-4.01733275138396));
#2743=CARTESIAN_POINT('',(-8.33275337907203,-2.1677183914551,-3.54287700905272));
#2744=CARTESIAN_POINT('',(-8.61528334316544,-3.68842841442803,-1.90805212346908));
#2745=CARTESIAN_POINT('',(-8.75662985461976,-4.08248978629718,-0.760920382318412));
#2746=CARTESIAN_POINT('',(-8.96842825278232,-3.93588021002898,0.906648746947529));
#2747=CARTESIAN_POINT('',(-9.03896127417257,-3.76999355978383,1.45203674080628));
#2748=CARTESIAN_POINT('',(-9.14511587875062,-3.36214014038387,2.18490583264888));
#2749=CARTESIAN_POINT('',(-9.18056242607685,-3.20001194615093,2.41513493428369));
#2750=CARTESIAN_POINT('',(-9.23360908981796,-2.92482088008143,2.73145350335024));
#2751=CARTESIAN_POINT('',(-9.25127089230239,-2.82774786249003,2.83204783835828));
#2752=CARTESIAN_POINT('',(-9.28651930124196,-2.62410869498205,3.02218686678058));
#2753=CARTESIAN_POINT('',(-9.30410599975495,-2.51807101300696,3.11244869773237));
#2754=CARTESIAN_POINT('',(-9.33000686487287,-2.35373606086236,3.23450461254264));
#2755=CARTESIAN_POINT('',(-9.33837525539332,-2.30012519855073,3.27324199140449));
#2756=CARTESIAN_POINT('',(-9.34674374618239,-2.24677138754858,3.31232886462158));
#2757=CARTESIAN_POINT('',(-4.84661407977047,0.251777438882904,-4.84995905371381));
#2758=CARTESIAN_POINT('',(-4.85498257055958,0.185638095021947,-4.84995905371381));
#2759=CARTESIAN_POINT('',(-4.86330272116228,0.126725607171424,-4.84953449114133));
#2760=CARTESIAN_POINT('',(-4.88935288926243,-0.100343445904765,-4.85084851614841));
#2761=CARTESIAN_POINT('',(-4.90709217536171,-0.284350859871988,-4.84458202543117));
#2762=CARTESIAN_POINT('',(-4.94229223847323,-0.6205258141758,-4.81275206451115));
#2763=CARTESIAN_POINT('',(-4.95985508903148,-0.78783592359169,-4.78809895314664));
#2764=CARTESIAN_POINT('',(-5.01263161763191,-1.28503223267924,-4.68837653647539));
#2765=CARTESIAN_POINT('',(-5.04803205292317,-1.61022062200188,-4.58756915001027));
#2766=CARTESIAN_POINT('',(-5.22722203107844,-3.17094918298922,-3.91400057680462));
#2767=CARTESIAN_POINT('',(-5.36491277111052,-4.16107815681618,-2.83815604264149));
#2768=CARTESIAN_POINT('',(-5.65039113818623,-5.0290460220614,-0.26618188196475));
#2769=CARTESIAN_POINT('',(-5.78882121558892,-4.89385653747115,1.19173791324478));
#2770=CARTESIAN_POINT('',(-6.07398754919712,-3.56424583567453,3.55769661860397));
#2771=CARTESIAN_POINT('',(-6.2126390349983,-2.39064727526453,4.43338671858328));
#2772=CARTESIAN_POINT('',(-6.49776766845734,0.257043578646384,5.02941312347491));
#2773=CARTESIAN_POINT('',(-6.63644897655295,1.69320801535454,4.74374964831333));
#2774=CARTESIAN_POINT('',(-6.92157458858058,3.90838429658464,3.17578511849839));
#2775=CARTESIAN_POINT('',(-7.06025854148741,4.65754888332791,1.91764243267048));
#2776=CARTESIAN_POINT('',(-7.34538395266152,4.97558094658342,-0.777608145960493));
#2777=CARTESIAN_POINT('',(-7.48406873722638,4.54241390844345,-2.17637032744775));
#2778=CARTESIAN_POINT('',(-7.76919341533024,2.75302506910509,-4.21686302810249));
#2779=CARTESIAN_POINT('',(-7.90788735904114,1.42392900612669,-4.83140535928689));
#2780=CARTESIAN_POINT('',(-8.1930011215968,-1.28977228327099,-4.86801685808946));
#2781=CARTESIAN_POINT('',(-8.33178130260985,-2.63598094061766,-4.29194052105584));
#2782=CARTESIAN_POINT('',(-8.61678153476266,-4.47978095426742,-2.30064072606193));
#2783=CARTESIAN_POINT('',(-8.75603159995165,-4.9523150317623,-0.914245771430528));
#2784=CARTESIAN_POINT('',(-8.96924760942812,-4.769505905002,1.11151154241669));
#2785=CARTESIAN_POINT('',(-9.03819051946268,-4.56748715907801,1.76999954891661));
#2786=CARTESIAN_POINT('',(-9.14570204407347,-4.06949731829338,2.6600844640088));
#2787=CARTESIAN_POINT('',(-9.1811073121962,-3.87277743917989,2.93793046240347));
#2788=CARTESIAN_POINT('',(-9.23388562566441,-3.53905215649834,3.31973666647911));
#2789=CARTESIAN_POINT('',(-9.25144838201058,-3.42133941653337,3.44116320673088));
#2790=CARTESIAN_POINT('',(-9.28664775338543,-3.17398510582446,3.67103847717952));
#2791=CARTESIAN_POINT('',(-9.30438678492224,-3.03265402067404,3.78915413555835));
#2792=CARTESIAN_POINT('',(-9.33043742176167,-2.85027641118979,3.92443308857791));
#2793=CARTESIAN_POINT('',(-9.33875742091436,-2.80249514646822,3.95889809279853));
#2794=CARTESIAN_POINT('',(-9.34712591170343,-2.74914133546607,3.99798496601563));
#2795=CARTESIAN_POINT('',(-4.00333744945634,0.145079181816749,-4.85004093838942));
#2796=CARTESIAN_POINT('',(-4.01170594024546,0.0789398379557912,-4.85004093838942));
#2797=CARTESIAN_POINT('',(-4.02002592618523,0.020029207126233,-4.85047562224413));
#2798=CARTESIAN_POINT('',(-4.04607660391863,-0.20704559344666,-4.84913027177694));
#2799=CARTESIAN_POINT('',(-4.06381567745109,-0.390871840024287,-4.83737387978241));
#2800=CARTESIAN_POINT('',(-4.09901503573191,-0.726277297057319,-4.79811950836713));
#2801=CARTESIAN_POINT('',(-4.11657776491437,-0.893003397446277,-4.76973256533441));
#2802=CARTESIAN_POINT('',(-4.16935600367354,-1.38787938271259,-4.65895934499366));
#2803=CARTESIAN_POINT('',(-4.20476125779566,-1.71078836885871,-4.55108032526742));
#2804=CARTESIAN_POINT('',(-4.38394775579314,-3.25710997245264,-3.84486472234957));
#2805=CARTESIAN_POINT('',(-4.52164174150901,-4.22178337153798,-2.74575238737917));
#2806=CARTESIAN_POINT('',(-4.80711620091245,-5.03501941347805,-0.155813090627172));
#2807=CARTESIAN_POINT('',(-4.94554717085469,-4.86588140175101,1.29870550840622));
#2808=CARTESIAN_POINT('',(-5.23071342144135,-3.48610377307501,3.63591650166784));
#2809=CARTESIAN_POINT('',(-5.36936445296213,-2.29245675226622,4.48421243831931));
#2810=CARTESIAN_POINT('',(-5.65449371725407,0.36746558661078,5.02369679248659));
#2811=CARTESIAN_POINT('',(-5.79317433986516,1.79669582864199,4.70482807907906));
#2812=CARTESIAN_POINT('',(-6.07830065687912,3.97805374947731,3.08992492771479));
#2813=CARTESIAN_POINT('',(-6.21698390134375,4.69791016199603,1.81470758456813));
#2814=CARTESIAN_POINT('',(-6.50211002153608,4.95843330679912,-0.886840787639114));
#2815=CARTESIAN_POINT('',(-6.64079410283219,4.49296309400876,-2.27526047938815));
#2816=CARTESIAN_POINT('',(-6.92591946915364,2.66039810116825,-4.2772455641252));
#2817=CARTESIAN_POINT('',(-7.06461279172345,1.31736187133933,-4.86087522458592));
#2818=CARTESIAN_POINT('',(-7.34972699400507,-1.39663508558161,-4.83962479133028));
#2819=CARTESIAN_POINT('',(-7.48850721365466,-2.72926297924373,-4.23255364075334));
#2820=CARTESIAN_POINT('',(-7.77350598876672,-4.53021309658951,-2.20224115878211));
#2821=CARTESIAN_POINT('',(-7.91275866804206,-4.97097749791266,-0.805183654147372));
#2822=CARTESIAN_POINT('',(-8.12596914376998,-4.74459561692662,1.21626798745306));
#2823=CARTESIAN_POINT('',(-8.19491708536561,-4.52691203743786,1.86973574244766));
#2824=CARTESIAN_POINT('',(-8.30243144373394,-4.01032331156004,2.74921398484915));
#2825=CARTESIAN_POINT('',(-8.33783187034147,-3.80756647833277,3.02272862436096));
#2826=CARTESIAN_POINT('',(-8.39060832618485,-3.46540647320425,3.39702752391467));
#2827=CARTESIAN_POINT('',(-8.40817114947851,-3.34500466670991,3.51579861090761));
#2828=CARTESIAN_POINT('',(-8.44337119873675,-3.0926179278849,3.74016128990203));
#2829=CARTESIAN_POINT('',(-8.46111052655134,-2.94787689313595,3.85397068276247));
#2830=CARTESIAN_POINT('',(-8.48716073606097,-2.76392237350327,3.98710821910013));
#2831=CARTESIAN_POINT('',(-8.49548087328428,-2.71665060976197,4.0222651168314));
#2832=CARTESIAN_POINT('',(-8.50384936407335,-2.66329679875981,4.0613519900485));
#2833=CARTESIAN_POINT('',(-4.00325621247558,0.145068903049442,-4.00004094233361));
#2834=CARTESIAN_POINT('',(-4.01162470326469,0.0789295591884852,-4.00004094233361));
#2835=CARTESIAN_POINT('',(-4.01999308048891,0.0127913843471922,-4.00047478708603));
#2836=CARTESIAN_POINT('',(-4.04589398675869,-0.191914102049849,-3.99913203364796));
#2837=CARTESIAN_POINT('',(-4.06348072712708,-0.330808490467236,-3.98898435965235));
#2838=CARTESIAN_POINT('',(-4.09872912259299,-0.607465806530614,-3.95594598438626));
#2839=CARTESIAN_POINT('',(-4.11639089786327,-0.745230399059988,-3.93216446455074));
#2840=CARTESIAN_POINT('',(-4.16943748787134,-1.15418452184173,-3.83962084651075));
#2841=CARTESIAN_POINT('',(-4.20488402385537,-1.4210470307633,-3.74970700754415));
#2842=CARTESIAN_POINT('',(-4.38180898620466,-2.69132234250489,-3.16606598117495));
#2843=CARTESIAN_POINT('',(-4.52278943533678,-3.4881705743114,-2.25349659495227));
#2844=CARTESIAN_POINT('',(-4.80536615265415,-4.15222405937316,-0.121547919104594));
#2845=CARTESIAN_POINT('',(-4.94661554625914,-4.00923076604666,1.08294236691187));
#2846=CARTESIAN_POINT('',(-5.22915798654415,-2.86967431112108,3.00313100657377));
#2847=CARTESIAN_POINT('',(-5.37042610056599,-1.87931724102258,3.7033715035804));
#2848=CARTESIAN_POINT('',(-5.65296629947963,0.31002386594496,4.14216626908621));
#2849=CARTESIAN_POINT('',(-5.79423569045383,1.49317389057596,3.87520702181543));
#2850=CARTESIAN_POINT('',(-6.07677573963794,3.28471893638878,2.54249246285826));
#2851=CARTESIAN_POINT('',(-6.21804522102638,3.87840984736921,1.48483498178785));
#2852=CARTESIAN_POINT('',(-6.50058525524376,4.08762415695724,-0.738224080058988));
#2853=CARTESIAN_POINT('',(-6.64185477318378,3.69932111123927,-1.88727963876479));
#2854=CARTESIAN_POINT('',(-6.92439474605465,2.1878758652879,-3.53084200955183));
#2855=CARTESIAN_POINT('',(-7.06566467866967,1.07431911490553,-4.01156634558658));
#2856=CARTESIAN_POINT('',(-7.34820383101849,-1.15845303416898,-3.98894068462479));
#2857=CARTESIAN_POINT('',(-7.48947929011673,-2.26100043008116,-3.48349012875022));
#2858=CARTESIAN_POINT('',(-7.77200779716963,-3.73886055675013,-1.80965255618926));
#2859=CARTESIAN_POINT('',(-7.91335692270993,-4.10115225244754,-0.651858265035225));
#2860=CARTESIAN_POINT('',(-8.1251497871243,-3.91096992195359,1.01140519198388));
#2861=CARTESIAN_POINT('',(-8.19568784007532,-3.72941843814374,1.55177293433736));
#2862=CARTESIAN_POINT('',(-8.30184527841118,-3.3029661336505,2.27403535348922));
#2863=CARTESIAN_POINT('',(-8.33728698422206,-3.13480098530385,2.49993309624115));
#2864=CARTESIAN_POINT('',(-8.39033179033843,-2.85117519678732,2.80874436078581));
#2865=CARTESIAN_POINT('',(-8.40799365977036,-2.75141311266657,2.906683242535));
#2866=CARTESIAN_POINT('',(-8.44324274659322,-2.54274151704249,3.09130967950309));
#2867=CARTESIAN_POINT('',(-8.46082974138408,-2.43329388546889,3.17726524493651));
#2868=CARTESIAN_POINT('',(-8.48673017917215,-2.26738202317583,3.29717974306485));
#2869=CARTESIAN_POINT('',(-8.49509870776324,-2.21428066184448,3.33660901543735));
#2870=CARTESIAN_POINT('',(-8.50346719855233,-2.16092685084232,3.37569588865446));
#2877=SURFACE_SIDE_STYLE('',(#3743));
#2878=EDGE_LOOP('',(#3744,#3745,#3746,#3747,#3748));
#2880=CARTESIAN_POINT('',(-8.46847530452549,-2.51366749162466,3.11727894625055));
#2881=CARTESIAN_POINT('',(-8.47073135920612,-2.45991909849386,3.15665488938312));
#2882=CARTESIAN_POINT('',(-8.47298739635357,-2.40624385973953,3.19612720318737));
#2883=CARTESIAN_POINT('',(-8.47993683426643,-2.24045594726683,3.31712109174514));
#2884=CARTESIAN_POINT('',(-8.48464506321675,-2.12349076286519,3.39270632609134));
#2885=CARTESIAN_POINT('',(-8.49408190277572,-1.88204625993423,3.53195852638942));
#2886=CARTESIAN_POINT('',(-8.49881051507298,-1.75742613441777,3.5954389106532));
#2887=CARTESIAN_POINT('',(-8.5130128095873,-1.37432573635241,3.76627785848611));
#2888=CARTESIAN_POINT('',(-8.52250298896933,-1.10661023492068,3.85404670456603));
#2889=CARTESIAN_POINT('',(-8.55092504022932,-0.286051122188436,4.029564584168));
#2890=CARTESIAN_POINT('',(-8.56980881057783,0.28424099660397,4.02914105023294));
#2891=CARTESIAN_POINT('',(-8.60761145737406,1.37635467002068,3.79705759344802));
#2892=CARTESIAN_POINT('',(-8.62652984817224,1.89813195913238,3.56509016643694));
#2893=CARTESIAN_POINT('',(-8.6643573835254,2.80214413044659,2.90912159968794));
#2894=CARTESIAN_POINT('',(-8.68326641152681,3.18416911225555,2.48485949137969));
#2895=CARTESIAN_POINT('',(-8.72108733717953,3.74301574709447,1.5178397081145));
#2896=CARTESIAN_POINT('',(-8.73999889966598,3.91954446362471,0.974905813120497));
#2897=CARTESIAN_POINT('',(-8.777821576481,4.0368115533242,-0.13579821327624));
#2898=CARTESIAN_POINT('',(-8.79673245320155,3.97721771686968,-0.703599053330576));
#2899=CARTESIAN_POINT('',(-8.83455466824964,3.63256671548932,-1.7659775879625));
#2900=CARTESIAN_POINT('',(-8.85346573297486,3.34718825110768,-2.26045068939255));
#2901=CARTESIAN_POINT('',(-8.89128806152024,2.60022950109105,-3.09079917918644));
#2902=CARTESIAN_POINT('',(-8.91019906418923,2.13840037389822,-3.42644829916606));
#2903=CARTESIAN_POINT('',(-8.94802139655486,1.11828634583291,-3.88119367672888));
#2904=CARTESIAN_POINT('',(-8.96693245884291,0.559865404784088,-3.99998234934574));
#2905=CARTESIAN_POINT('',(-9.00475466372026,-0.557019638410086,-4.00049618020848));
#2906=CARTESIAN_POINT('',(-9.0236655497119,-1.11548147338743,-3.88188343558616));
#2907=CARTESIAN_POINT('',(-9.06148825649025,-2.13600520939444,-3.4280703589858));
#2908=CARTESIAN_POINT('',(-9.08039978894136,-2.59793296607815,-3.09256460659596));
#2909=CARTESIAN_POINT('',(-9.11822063510891,-3.34568268136586,-2.26292180004725));
#2910=CARTESIAN_POINT('',(-9.13712975106497,-3.63124489639287,-1.76856231756113));
#2911=CARTESIAN_POINT('',(-9.17495746141235,-3.97676102266675,-0.706417613530982));
#2912=CARTESIAN_POINT('',(-9.19387563999535,-4.0364011731512,-0.138516023221915));
#2913=CARTESIAN_POINT('',(-9.23167799311582,-3.92058920456259,0.971962519225143));
#2914=CARTESIAN_POINT('',(-9.2505621703925,-3.74483088573121,1.51448447336484));
#2915=CARTESIAN_POINT('',(-9.2884584814712,-3.18516278237165,2.48327095027508));
#2916=CARTESIAN_POINT('',(-9.30747021009628,-2.80087537897969,2.90932911769586));
#2917=CARTESIAN_POINT('',(-9.32624348908278,-2.3524465087957,3.23543980292369));
#2918=CARTESIAN_POINT('',(-8.46809031267056,-2.01132603495803,2.43160197223485));
#2919=CARTESIAN_POINT('',(-8.47034636735119,-1.95757764182723,2.47097791536742));
#2920=CARTESIAN_POINT('',(-8.47261568360052,-1.89802239058477,2.51475688114987));
#2921=CARTESIAN_POINT('',(-8.47952421755052,-1.75034683349517,2.62248487762017));
#2922=CARTESIAN_POINT('',(-8.48419099712676,-1.67061322585476,2.67279329517992));
#2923=CARTESIAN_POINT('',(-8.49364134241193,-1.48025200924911,2.78233580239019));
#2924=CARTESIAN_POINT('',(-8.4983970262119,-1.38171672996419,2.8324189447724));
#2925=CARTESIAN_POINT('',(-8.51267258399101,-1.07870428736801,2.9671929901583));
#2926=CARTESIAN_POINT('',(-8.5221737222155,-0.866832924028194,3.0363266345829));
#2927=CARTESIAN_POINT('',(-8.55022531644483,-0.223605183875738,3.17327168305802));
#2928=CARTESIAN_POINT('',(-8.56954244885602,0.228074291624181,3.17253632237692));
#2929=CARTESIAN_POINT('',(-8.60708947679089,1.08503968257046,2.9895541962285));
#2930=CARTESIAN_POINT('',(-8.62628209020679,1.49916374998604,2.80491952506787));
#2931=CARTESIAN_POINT('',(-8.66371498377306,2.20752417009628,2.2898786855721));
#2932=CARTESIAN_POINT('',(-8.68301698459319,2.51033562206969,1.9529333293468));
#2933=CARTESIAN_POINT('',(-8.72050225024322,2.94795967290017,1.19398391705324));
#2934=CARTESIAN_POINT('',(-8.73974813978146,3.08762756402378,0.762957512007714));
#2935=CARTESIAN_POINT('',(-8.77721397648784,3.17876157386268,-0.108271198598253));
#2936=CARTESIAN_POINT('',(-8.79648272113536,3.1310213917316,-0.558833629106996));
#2937=CARTESIAN_POINT('',(-8.83395479692977,2.85989586265356,-1.39183228937036));
#2938=CARTESIAN_POINT('',(-8.85321538163655,2.63302870211123,-1.78402454439543));
#2939=CARTESIAN_POINT('',(-8.8906857584555,2.04653839053443,-2.43472632725184));
#2940=CARTESIAN_POINT('',(-8.9099495459479,1.67976331258474,-2.70073638700352));
#2941=CARTESIAN_POINT('',(-8.94741992659075,0.8793134204296,-3.0566347795642));
#2942=CARTESIAN_POINT('',(-8.96668050885362,0.436053806308564,-3.15046723133436));
#2943=CARTESIAN_POINT('',(-9.00415257447586,-0.439957395179927,-3.15002491097412));
#2944=CARTESIAN_POINT('',(-9.02342132839855,-0.883061376740651,-3.05545212446636));
#2945=CARTESIAN_POINT('',(-9.06088719509999,-1.68312854009184,-2.69874859584333));
#2946=CARTESIAN_POINT('',(-9.08013305457022,-2.04946664093767,-2.43212407491725));
#2947=CARTESIAN_POINT('',(-9.11761824065876,-2.6353693930818,-1.78078930148157));
#2948=CARTESIAN_POINT('',(-9.13692032952514,-2.86155614968521,-1.38828046690134));
#2949=CARTESIAN_POINT('',(-9.1743533982509,-3.13168186448781,-0.555169642270356));
#2950=CARTESIAN_POINT('',(-9.19354579924033,-3.17864392513308,-0.104181993797406));
#2951=CARTESIAN_POINT('',(-9.23109253321216,-3.08690255985753,0.767285541621948));
#2952=CARTESIAN_POINT('',(-9.25041007295615,-2.94719795056869,1.19680665713536));
#2953=CARTESIAN_POINT('',(-9.2878124415703,-2.50784553656045,1.95565513313067));
#2954=CARTESIAN_POINT('',(-9.30722477667037,-2.2006784220938,2.29534354676334));
#2955=CARTESIAN_POINT('',(-9.32577665946305,-1.85010284102285,2.54976449965061));
#2956=CARTESIAN_POINT('',(-9.31760337553507,-2.03430251489791,2.41429193491157));
#2957=CARTESIAN_POINT('',(-9.3198594302157,-1.98055412176711,2.45366787804414));
#2958=CARTESIAN_POINT('',(-9.32212876430261,-1.9208580268116,2.49726072310377));
#2959=CARTESIAN_POINT('',(-9.32903724330704,-1.77361631427408,2.60556203207683));
#2960=CARTESIAN_POINT('',(-9.33370402092845,-1.69473423401208,2.65708301555612));
#2961=CARTESIAN_POINT('',(-9.3431544236773,-1.50541076459653,2.76835097787974));
#2962=CARTESIAN_POINT('',(-9.34791012776653,-1.40735467269061,2.81933395343483));
#2963=CARTESIAN_POINT('',(-9.36218559026794,-1.10563285485897,2.95686692152572));
#2964=CARTESIAN_POINT('',(-9.37168637799755,-0.894416351045902,3.02789412924756));
#2965=CARTESIAN_POINT('',(-9.39973796854495,-0.252504563158231,3.17046142554833));
#2966=CARTESIAN_POINT('',(-9.4190557251541,0.199090754103894,3.17416415171397));
#2967=CARTESIAN_POINT('',(-9.45660233125561,1.05754776735186,2.99891409746424));
#2968=CARTESIAN_POINT('',(-9.47579486994047,1.47333621165952,2.8181884060417));
#2969=CARTESIAN_POINT('',(-9.5132277406441,2.18613853379266,2.30952092895416));
#2970=CARTESIAN_POINT('',(-9.53253002643988,2.49214736584428,1.97556185351883));
#2971=CARTESIAN_POINT('',(-9.57001504431721,2.93646305266763,1.22065059532277));
#2972=CARTESIAN_POINT('',(-9.58926107143888,3.08021110630925,0.791028445985049));
#2973=CARTESIAN_POINT('',(-9.6267267592031,3.17908307509297,-0.0792344842884231));
#2974=CARTESIAN_POINT('',(-9.64599569254274,3.13566511587852,-0.530174039224913));
#2975=CARTESIAN_POINT('',(-9.68346758262001,2.8720068956938,-1.36543958747008));
#2976=CARTESIAN_POINT('',(-9.70272834012518,2.64892739966561,-1.75973085590907));
#2977=CARTESIAN_POINT('',(-9.74019854431,2.068335583097,-2.41553967618609));
#2978=CARTESIAN_POINT('',(-9.75946250867447,1.70416897428641,-2.68501034649614));
#2979=CARTESIAN_POINT('',(-9.79693270904267,0.90703040463305,-3.04797338468937));
#2980=CARTESIAN_POINT('',(-9.81619346897746,0.464745663352406,-3.14602506885819));
#2981=CARTESIAN_POINT('',(-9.85366536922568,-0.411113927571105,-3.15338508772809));
#2982=CARTESIAN_POINT('',(-9.87293429329703,-0.855045772494833,-3.06307121405012));
#2983=CARTESIAN_POINT('',(-9.91039995113054,-1.65814564738276,-2.71355179298718));
#2984=CARTESIAN_POINT('',(-9.92964600825308,-2.02695694618312,-2.45046328070572));
#2985=CARTESIAN_POINT('',(-9.96713110554207,-2.61856513660229,-1.8044701038315));
#2986=CARTESIAN_POINT('',(-9.98643330347375,-2.84850366554109,-1.41421166439507));
#2987=CARTESIAN_POINT('',(-10.0238659993477,-3.12596978554418,-0.583644202870314));
#2988=CARTESIAN_POINT('',(-10.0430587500362,-3.17714802145728,-0.133182196480548));
#2989=CARTESIAN_POINT('',(-10.0806056495274,-3.09325279800466,0.738954612153799));
#2990=CARTESIAN_POINT('',(-10.0999229996134,-2.95779054809691,1.16978070535787));
#2991=CARTESIAN_POINT('',(-10.1373248778521,-2.52517730247597,1.93235170963036));
#2992=CARTESIAN_POINT('',(-10.1567377225427,-2.22126222785962,2.27487041705365));
#2993=CARTESIAN_POINT('',(-10.1752896812975,-1.87303092783582,2.53238840777635));
#2994=CARTESIAN_POINT('',(-9.31798836739,-2.53664397156454,3.09996890892727));
#2995=CARTESIAN_POINT('',(-9.32024442207063,-2.48289557843374,3.13934485205984));
#2996=CARTESIAN_POINT('',(-9.32250047705567,-2.42907949596636,3.17863104514127));
#2997=CARTESIAN_POINT('',(-9.32944986002294,-2.26372542804572,3.30019824620178));
#2998=CARTESIAN_POINT('',(-9.33415808701845,-2.14761177102253,3.37699604646754));
#2999=CARTESIAN_POINT('',(-9.34359498404109,-1.90720501528163,3.51797370187896));
#3000=CARTESIAN_POINT('',(-9.34832361662761,-1.78306407714418,3.58235391931563));
#3001=CARTESIAN_POINT('',(-9.36252581586423,-1.40125430384338,3.75595178985352));
#3002=CARTESIAN_POINT('',(-9.37201564475132,-1.13419366193839,3.84561419923074));
#3003=CARTESIAN_POINT('',(-9.40043769232956,-0.314950501470929,4.02675432665819));
#3004=CARTESIAN_POINT('',(-9.41932208687578,0.255257459083683,4.03076887957005));
#3005=CARTESIAN_POINT('',(-9.4571243118389,1.34886275480208,3.8064174946837));
#3006=CARTESIAN_POINT('',(-9.47604262790604,1.87230442080589,3.57835904741083));
#3007=CARTESIAN_POINT('',(-9.51387014039632,2.78075849414294,2.92876384306994));
#3008=CARTESIAN_POINT('',(-9.53277945337349,3.16598085602997,2.50748801555175));
#3009=CARTESIAN_POINT('',(-9.5706001312535,3.73151912686212,1.54450638638398));
#3010=CARTESIAN_POINT('',(-9.5895118313234,3.91212800591011,1.00297674709782));
#3011=CARTESIAN_POINT('',(-9.62733435919627,4.03713305455455,-0.106761498966395));
#3012=CARTESIAN_POINT('',(-9.64624542460892,3.98186144101673,-0.674939463448478));
#3013=CARTESIAN_POINT('',(-9.68406745393987,3.64467774852943,-1.73958488606224));
#3014=CARTESIAN_POINT('',(-9.70297869146336,3.36308694866207,-2.23615700090612));
#3015=CARTESIAN_POINT('',(-9.74080084737486,2.62202669365362,-3.07161252812074));
#3016=CARTESIAN_POINT('',(-9.75971202691567,2.16280603559993,-3.41072225865874));
#3017=CARTESIAN_POINT('',(-9.79753417900691,1.14600333003634,-3.87253228185399));
#3018=CARTESIAN_POINT('',(-9.81644541896686,0.588557261827929,-3.99554018686968));
#3019=CARTESIAN_POINT('',(-9.85426745846997,-0.528176170801262,-4.00385635696232));
#3020=CARTESIAN_POINT('',(-9.87317851461039,-1.08746586914157,-3.8895025251698));
#3021=CARTESIAN_POINT('',(-9.9110010125208,-2.11102231668539,-3.44287355612976));
#3022=CARTESIAN_POINT('',(-9.92991274262421,-2.5754232713236,-3.11090381238443));
#3023=CARTESIAN_POINT('',(-9.96773349999222,-3.32887842488636,-2.28660260239719));
#3024=CARTESIAN_POINT('',(-9.98664272501358,-3.61819241224875,-1.79449351505487));
#3025=CARTESIAN_POINT('',(-10.0244700625091,-3.97104894372313,-0.734892174130924));
#3026=CARTESIAN_POINT('',(-10.0433885907912,-4.03490526947552,-0.167516225905057));
#3027=CARTESIAN_POINT('',(-10.0811911094311,-3.92693944270959,0.943631589756992));
#3028=CARTESIAN_POINT('',(-10.1000750970497,-3.75542348325924,1.48745852158732));
#3029=CARTESIAN_POINT('',(-10.1379709177531,-3.20249454828735,2.4599675267748));
#3030=CARTESIAN_POINT('',(-10.1569831559686,-2.82145918474555,2.88885598798678));
#3031=CARTESIAN_POINT('',(-10.1757565109172,-2.37537459560868,3.21806371104944));
#3032=CARTESIAN_POINT('',(-9.31837335924494,-3.03898542823117,3.78564588294296));
#3033=CARTESIAN_POINT('',(-9.32062941392556,-2.98523703510037,3.82502182607553));
#3034=CARTESIAN_POINT('',(-9.32287218980873,-2.93730096512113,3.86000136717877));
#3035=CARTESIAN_POINT('',(-9.32986247673884,-2.75383454181736,3.99483446032674));
#3036=CARTESIAN_POINT('',(-9.33461215310845,-2.60048930803299,4.09690907737896));
#3037=CARTESIAN_POINT('',(-9.34403554440488,-2.30899926596673,4.26759642587819));
#3038=CARTESIAN_POINT('',(-9.34873710548869,-2.15877348159776,4.34537388519642));
#3039=CARTESIAN_POINT('',(-9.36286604146051,-1.69687575282779,4.55503665818133));
#3040=CARTESIAN_POINT('',(-9.37234491150509,-1.37397097283087,4.66333426921392));
#3041=CARTESIAN_POINT('',(-9.40113741611416,-0.377396439783627,4.88304722776804));
#3042=CARTESIAN_POINT('',(-9.41958844859746,0.311424164063471,4.88737360742613));
#3043=CARTESIAN_POINT('',(-9.4576462924222,1.6401777422523,4.61392089190314));
#3044=CARTESIAN_POINT('',(-9.47629038587162,2.27127262995224,4.33852968877996));
#3045=CARTESIAN_POINT('',(-9.51451254014852,3.37537845449323,3.54800675718572));
#3046=CARTESIAN_POINT('',(-9.53302888030711,3.83981434621565,3.03941417758467));
#3047=CARTESIAN_POINT('',(-9.57118521818979,4.5265752010566,1.8683621774452));
#3048=CARTESIAN_POINT('',(-9.5897625912079,4.74404490551097,1.21492504821058));
#3049=CARTESIAN_POINT('',(-9.62794195918942,4.89518303401614,-0.134288513644365));
#3050=CARTESIAN_POINT('',(-9.64649515667511,4.82805776615493,-0.819704887672041));
#3051=CARTESIAN_POINT('',(-9.68466732525972,4.41734860136506,-2.11373018465439));
#3052=CARTESIAN_POINT('',(-9.70322904280155,4.07724649765852,-2.71258314590317));
#3053=CARTESIAN_POINT('',(-9.74140315043972,3.17571780421024,-3.72768538005539));
#3054=CARTESIAN_POINT('',(-9.75996154515686,2.62144309691345,-4.13643417082134));
#3055=CARTESIAN_POINT('',(-9.79813564897114,1.38497625543962,-4.69709117901861));
#3056=CARTESIAN_POINT('',(-9.81669736895626,0.712368860303449,-4.84505530488117));
#3057=CARTESIAN_POINT('',(-9.85486954771426,-0.645238414031418,-4.85432762619655));
#3058=CARTESIAN_POINT('',(-9.87342273592375,-1.31988596578831,-4.71593383628947));
#3059=CARTESIAN_POINT('',(-9.91160207391106,-2.56389898598802,-4.17219531927235));
#3060=CARTESIAN_POINT('',(-9.93017947699535,-3.12388959646407,-3.77134434406314));
#3061=CARTESIAN_POINT('',(-9.96833589444236,-4.03919171317041,-2.76873510096286));
#3062=CARTESIAN_POINT('',(-9.9868521465534,-4.38788115895641,-2.17477536571467));
#3063=CARTESIAN_POINT('',(-10.0250741256706,-4.81612810190208,-0.886140145391532));
#3064=CARTESIAN_POINT('',(-10.0437184315462,-4.89266251749375,-0.201850255329566));
#3065=CARTESIAN_POINT('',(-10.0817765693347,-4.76062608741451,1.14830856736019));
#3066=CARTESIAN_POINT('',(-10.1002271944859,-4.55305641842157,1.80513633781677));
#3067=CARTESIAN_POINT('',(-10.1386169576542,-3.87981179409871,2.98758334391924));
#3068=CARTESIAN_POINT('',(-10.1572285893945,-3.42165614163147,3.5028415589199));
#3069=CARTESIAN_POINT('',(-10.1762233405369,-2.87771826338152,3.90373901432251));
#3070=CARTESIAN_POINT('',(-8.46886029638043,-3.01600894829129,3.80295592026624));
#3071=CARTESIAN_POINT('',(-8.47111635106105,-2.96226055516049,3.84233186339881));
#3072=CARTESIAN_POINT('',(-8.47335910910662,-2.91446532889429,3.87749752522487));
#3073=CARTESIAN_POINT('',(-8.48034945098233,-2.73056506103847,4.01175730587011));
#3074=CARTESIAN_POINT('',(-8.48509912930675,-2.57636829987562,4.11261935700276));
#3075=CARTESIAN_POINT('',(-8.49452246313952,-2.28384051061935,4.28158125038865));
#3076=CARTESIAN_POINT('',(-8.49922400393407,-2.13313553887135,4.35845887653399));
#3077=CARTESIAN_POINT('',(-8.51335303518359,-1.66994718533682,4.56536272681392));
#3078=CARTESIAN_POINT('',(-8.52283225572316,-1.34638754581316,4.67176677454914));
#3079=CARTESIAN_POINT('',(-8.55162476401381,-0.348497060501135,4.88585748527797));
#3080=CARTESIAN_POINT('',(-8.57007517229963,0.340407701583757,4.88574577808895));
#3081=CARTESIAN_POINT('',(-8.60813343795723,1.66766965747091,4.60456099066753));
#3082=CARTESIAN_POINT('',(-8.62677760613769,2.2971001682787,4.32526080780601));
#3083=CARTESIAN_POINT('',(-8.66499978327773,3.39676409079692,3.52836451380379));
#3084=CARTESIAN_POINT('',(-8.68351583846041,3.85800260244142,3.01678565341258));
#3085=CARTESIAN_POINT('',(-8.72167242411581,4.53807182128878,1.84169549917574));
#3086=CARTESIAN_POINT('',(-8.74024965955049,4.75146136322563,1.18685411423328));
#3087=CARTESIAN_POINT('',(-8.77842917647416,4.89486153278572,-0.163325227954225));
#3088=CARTESIAN_POINT('',(-8.79698218526774,4.82341404200775,-0.848364477554154));
#3089=CARTESIAN_POINT('',(-8.83515453956949,4.40523756832506,-2.14012288655464));
#3090=CARTESIAN_POINT('',(-8.85371608431316,4.06134780010413,-2.73687683438966));
#3091=CARTESIAN_POINT('',(-8.89189036458498,3.15392061164766,-3.74687203112102));
#3092=CARTESIAN_POINT('',(-8.91044858243055,2.5970374352117,-4.1521602113286));
#3093=CARTESIAN_POINT('',(-8.94862286651897,1.35725927123623,-4.70575257389355));
#3094=CARTESIAN_POINT('',(-8.96718440883218,0.683677003259611,-4.8494974673571));
#3095=CARTESIAN_POINT('',(-9.00535675296467,-0.674081881640244,-4.85096744944284));
#3096=CARTESIAN_POINT('',(-9.02390977102526,-1.34790157003419,-4.70831474670595));
#3097=CARTESIAN_POINT('',(-9.06208931788052,-2.58888187869704,-4.15739212212826));
#3098=CARTESIAN_POINT('',(-9.08066652331249,-3.14639929121864,-3.75300513827467));
#3099=CARTESIAN_POINT('',(-9.11882302955906,-4.05599596964992,-2.74505429861292));
#3100=CARTESIAN_POINT('',(-9.13733917260479,-4.40093364310053,-2.14884416822092));
#3101=CARTESIAN_POINT('',(-9.17556152457378,-4.8218401808457,-0.857665584791605));
#3102=CARTESIAN_POINT('',(-9.19420548075036,-4.89415842116931,-0.172850052646424));
#3103=CARTESIAN_POINT('',(-9.23226345301947,-4.75427584926763,1.17663949682834));
#3104=CARTESIAN_POINT('',(-9.25071426782883,-4.54246382089371,1.83216228959432));
#3105=CARTESIAN_POINT('',(-9.2891045213721,-3.86248002818284,3.01088676741949));
#3106=CARTESIAN_POINT('',(-9.30771564352217,-3.40107233586558,3.52331468862839));
#3107=CARTESIAN_POINT('',(-9.32671031870252,-2.85479017656853,3.92111510619678));
#3108=CARTESIAN_POINT('',(-8.46847530452549,-2.51366749162466,3.11727894625055));
#3109=CARTESIAN_POINT('',(-8.47073135920612,-2.45991909849386,3.15665488938312));
#3110=CARTESIAN_POINT('',(-8.47298739635357,-2.40624385973953,3.19612720318737));
#3111=CARTESIAN_POINT('',(-8.47993683426643,-2.24045594726683,3.31712109174514));
#3112=CARTESIAN_POINT('',(-8.48464506321675,-2.12349076286519,3.39270632609134));
#3113=CARTESIAN_POINT('',(-8.49408190277572,-1.88204625993423,3.53195852638942));
#3114=CARTESIAN_POINT('',(-8.49881051507298,-1.75742613441777,3.5954389106532));
#3115=CARTESIAN_POINT('',(-8.5130128095873,-1.37432573635241,3.76627785848611));
#3116=CARTESIAN_POINT('',(-8.52250298896933,-1.10661023492068,3.85404670456603));
#3117=CARTESIAN_POINT('',(-8.55092504022932,-0.286051122188436,4.029564584168));
#3118=CARTESIAN_POINT('',(-8.56980881057783,0.28424099660397,4.02914105023294));
#3119=CARTESIAN_POINT('',(-8.60761145737406,1.37635467002068,3.79705759344802));
#3120=CARTESIAN_POINT('',(-8.62652984817224,1.89813195913238,3.56509016643694));
#3121=CARTESIAN_POINT('',(-8.6643573835254,2.80214413044659,2.90912159968794));
#3122=CARTESIAN_POINT('',(-8.68326641152681,3.18416911225555,2.48485949137969));
#3123=CARTESIAN_POINT('',(-8.72108733717953,3.74301574709447,1.5178397081145));
#3124=CARTESIAN_POINT('',(-8.73999889966598,3.91954446362471,0.974905813120497));
#3125=CARTESIAN_POINT('',(-8.777821576481,4.0368115533242,-0.13579821327624));
#3126=CARTESIAN_POINT('',(-8.79673245320155,3.97721771686968,-0.703599053330576));
#3127=CARTESIAN_POINT('',(-8.83455466824964,3.63256671548932,-1.7659775879625));
#3128=CARTESIAN_POINT('',(-8.85346573297486,3.34718825110768,-2.26045068939255));
#3129=CARTESIAN_POINT('',(-8.89128806152024,2.60022950109105,-3.09079917918644));
#3130=CARTESIAN_POINT('',(-8.91019906418923,2.13840037389822,-3.42644829916606));
#3131=CARTESIAN_POINT('',(-8.94802139655486,1.11828634583291,-3.88119367672888));
#3132=CARTESIAN_POINT('',(-8.96693245884291,0.559865404784088,-3.99998234934574));
#3133=CARTESIAN_POINT('',(-9.00475466372026,-0.557019638410086,-4.00049618020848));
#3134=CARTESIAN_POINT('',(-9.0236655497119,-1.11548147338743,-3.88188343558616));
#3135=CARTESIAN_POINT('',(-9.06148825649025,-2.13600520939444,-3.4280703589858));
#3136=CARTESIAN_POINT('',(-9.08039978894136,-2.59793296607815,-3.09256460659596));
#3137=CARTESIAN_POINT('',(-9.11822063510891,-3.34568268136586,-2.26292180004725));
#3138=CARTESIAN_POINT('',(-9.13712975106497,-3.63124489639287,-1.76856231756113));
#3139=CARTESIAN_POINT('',(-9.17495746141235,-3.97676102266675,-0.706417613530982));
#3140=CARTESIAN_POINT('',(-9.19387563999535,-4.0364011731512,-0.138516023221915));
#3141=CARTESIAN_POINT('',(-9.23167799311582,-3.92058920456259,0.971962519225143));
#3142=CARTESIAN_POINT('',(-9.2505621703925,-3.74483088573121,1.51448447336484));
#3143=CARTESIAN_POINT('',(-9.2884584814712,-3.18516278237165,2.48327095027508));
#3144=CARTESIAN_POINT('',(-9.30747021009628,-2.80087537897969,2.90932911769586));
#3145=CARTESIAN_POINT('',(-9.32624348908278,-2.3524465087957,3.23543980292369));
#3152=SURFACE_SIDE_STYLE('',(#3749));
#3153=EDGE_LOOP('',(#3750,#3751));
#3154=AXIS2_PLACEMENT_3D('',#3752,#3753,#3754);
#3155=SURFACE_SIDE_STYLE('',(#3755));
#3156=EDGE_LOOP('',(#3756,#3757));
#3157=AXIS2_PLACEMENT_3D('',#3758,#3759,#3760);
#3158=SURFACE_SIDE_STYLE('',(#3761));
#3159=SURFACE_SIDE_STYLE('',(#3762));
#3160=EDGE_LOOP('',(#3763,#3764,#3765,#3766,#3767,#3768));
#3161=AXIS2_PLACEMENT_3D('',#3769,#3770,#3771);
#3162=SURFACE_SIDE_STYLE('',(#3772));
#3163=EDGE_LOOP('',(#3773,#3774,#3775,#3776));
#3164=AXIS2_PLACEMENT_3D('',#3777,#3778,#3779);
#3165=SURFACE_SIDE_STYLE('',(#3780));
#3166=EDGE_LOOP('',(#3781,#3782,#3783,#3784));
#3167=AXIS2_PLACEMENT_3D('',#3785,#3786,#3787);
#3168=SURFACE_SIDE_STYLE('',(#3788));
#3169=EDGE_LOOP('',(#3789,#3790,#3791,#3792));
#3170=AXIS2_PLACEMENT_3D('',#3793,#3794,#3795);
#3171=SURFACE_SIDE_STYLE('',(#3796));
#3172=EDGE_LOOP('',(#3797,#3798,#3799,#3800));
#3173=AXIS2_PLACEMENT_3D('',#3801,#3802,#3803);
#3174=SURFACE_SIDE_STYLE('',(#3804));
#3175=EDGE_LOOP('',(#3805,#3806,#3807,#3808));
#3176=AXIS2_PLACEMENT_3D('',#3809,#3810,#3811);
#3177=SURFACE_SIDE_STYLE('',(#3812));
#3178=EDGE_LOOP('',(#3813,#3814,#3815,#3816));
#3179=AXIS2_PLACEMENT_3D('',#3817,#3818,#3819);
#3180=SURFACE_SIDE_STYLE('',(#3820));
#3181=EDGE_LOOP('',(#3821,#3822,#3823,#3824));
#3182=AXIS2_PLACEMENT_3D('',#3825,#3826,#3827);
#3183=SURFACE_SIDE_STYLE('',(#3828));
#3184=EDGE_LOOP('',(#3829,#3830,#3831,#3832));
#3185=AXIS2_PLACEMENT_3D('',#3833,#3834,#3835);
#3186=SURFACE_SIDE_STYLE('',(#3836));
#3187=EDGE_LOOP('',(#3837,#3838,#3839,#3840));
#3188=AXIS2_PLACEMENT_3D('',#3841,#3842,#3843);
#3189=SURFACE_SIDE_STYLE('',(#3844));
#3190=EDGE_LOOP('',(#3845,#3846,#3847,#3848));
#3191=AXIS2_PLACEMENT_3D('',#3849,#3850,#3851);
#3192=SURFACE_SIDE_STYLE('',(#3852));
#3193=EDGE_LOOP('',(#3853,#3854,#3855));
#3194=AXIS2_PLACEMENT_3D('',#3856,#3857,#3858);
#3195=SURFACE_SIDE_STYLE('',(#3859));
#3196=EDGE_LOOP('',(#3860,#3861,#3862,#3863));
#3197=AXIS2_PLACEMENT_3D('',#3864,#3865,#3866);
#3198=SURFACE_SIDE_STYLE('',(#3867));
#3199=EDGE_LOOP('',(#3868,#3869,#3870,#3871));
#3200=AXIS2_PLACEMENT_3D('',#3872,#3873,#3874);
#3201=SURFACE_SIDE_STYLE('',(#3875));
#3202=EDGE_LOOP('',(#3876,#3877,#3878));
#3203=AXIS2_PLACEMENT_3D('',#3879,#3880,#3881);
#3204=SURFACE_SIDE_STYLE('',(#3882));
#3205=EDGE_LOOP('',(#3883,#3884,#3885,#3886));
#3206=AXIS2_PLACEMENT_3D('',#3887,#3888,#3889);
#3207=SURFACE_SIDE_STYLE('',(#3890));
#3208=EDGE_LOOP('',(#3891,#3892,#3893));
#3209=AXIS2_PLACEMENT_3D('',#3894,#3895,#3896);
#3210=SURFACE_SIDE_STYLE('',(#3897));
#3211=EDGE_LOOP('',(#3898,#3899,#3900));
#3212=AXIS2_PLACEMENT_3D('',#3901,#3902,#3903);
#3213=SURFACE_SIDE_STYLE('',(#3904));
#3214=EDGE_LOOP('',(#3905,#3906,#3907,#3908));
#3215=AXIS2_PLACEMENT_3D('',#3909,#3910,#3911);
#3216=SURFACE_SIDE_STYLE('',(#3912));
#3217=EDGE_LOOP('',(#3913,#3914,#3915,#3916));
#3218=AXIS2_PLACEMENT_3D('',#3917,#3918,#3919);
#3219=SURFACE_SIDE_STYLE('',(#3920));
#3220=EDGE_LOOP('',(#3921,#3922,#3923,#3924,#3925,#3926));
#3221=EDGE_LOOP('',(#3927,#3928));
#3222=EDGE_LOOP('',(#3929,#3930,#3931,#3932));
#3223=AXIS2_PLACEMENT_3D('',#3933,#3934,#3935);
#3224=SURFACE_SIDE_STYLE('',(#3936));
#3225=EDGE_LOOP('',(#3937,#3938,#3939,#3940,#3941,#3942));
#3226=EDGE_LOOP('',(#3943,#3944,#3945,#3946,#3947,#3948));
#3227=AXIS2_PLACEMENT_3D('',#3949,#3950,#3951);
#3228=SURFACE_SIDE_STYLE('',(#3952));
#3229=EDGE_LOOP('',(#3953,#3954,#3955));
#3230=AXIS2_PLACEMENT_3D('',#3956,#3957,#3958);
#3231=SURFACE_SIDE_STYLE('',(#3959));
#3232=EDGE_LOOP('',(#3960,#3961,#3962,#3963));
#3233=AXIS2_PLACEMENT_3D('',#3964,#3965,#3966);
#3234=SURFACE_SIDE_STYLE('',(#3967));
#3235=EDGE_LOOP('',(#3968,#3969,#3970,#3971));
#3236=EDGE_LOOP('',(#3972,#3973));
#3237=AXIS2_PLACEMENT_3D('',#3974,#3975,#3976);
#3238=SURFACE_SIDE_STYLE('',(#3977));
#3239=EDGE_LOOP('',(#3978,#3979,#3980,#3981));
#3240=AXIS2_PLACEMENT_3D('',#3982,#3983,#3984);
#3241=SURFACE_SIDE_STYLE('',(#3985));
#3242=EDGE_LOOP('',(#3986,#3987,#3988));
#3243=AXIS2_PLACEMENT_3D('',#3989,#3990,#3991);
#3244=SURFACE_SIDE_STYLE('',(#3992));
#3245=EDGE_LOOP('',(#3993,#3994,#3995,#3996));
#3246=AXIS2_PLACEMENT_3D('',#3997,#3998,#3999);
#3247=SURFACE_SIDE_STYLE('',(#4000));
#3248=EDGE_LOOP('',(#4001,#4002));
#3249=EDGE_LOOP('',(#4003,#4004));
#3250=AXIS2_PLACEMENT_3D('',#4005,#4006,#4007);
#3251=SURFACE_SIDE_STYLE('',(#4008));
#3252=EDGE_LOOP('',(#4009,#4010,#4011,#4012));
#3253=AXIS2_PLACEMENT_3D('',#4013,#4014,#4015);
#3254=SURFACE_SIDE_STYLE('',(#4016));
#3255=EDGE_LOOP('',(#4017,#4018,#4019,#4020,#4021,#4022));
#3256=AXIS2_PLACEMENT_3D('',#4023,#4024,#4025);
#3257=SURFACE_SIDE_STYLE('',(#4026));
#3258=EDGE_LOOP('',(#4027,#4028,#4029,#4030));
#3259=AXIS2_PLACEMENT_3D('',#4031,#4032,#4033);
#3260=SURFACE_SIDE_STYLE('',(#4034));
#3261=EDGE_LOOP('',(#4035,#4036,#4037,#4038));
#3262=AXIS2_PLACEMENT_3D('',#4039,#4040,#4041);
#3263=SURFACE_SIDE_STYLE('',(#4042));
#3264=EDGE_LOOP('',(#4043,#4044,#4045,#4046));
#3265=AXIS2_PLACEMENT_3D('',#4047,#4048,#4049);
#3266=SURFACE_SIDE_STYLE('',(#4050));
#3267=EDGE_LOOP('',(#4051,#4052,#4053,#4054));
#3268=AXIS2_PLACEMENT_3D('',#4055,#4056,#4057);
#3269=SURFACE_SIDE_STYLE('',(#4058));
#3270=EDGE_LOOP('',(#4059,#4060,#4061,#4062));
#3271=AXIS2_PLACEMENT_3D('',#4063,#4064,#4065);
#3272=SURFACE_SIDE_STYLE('',(#4066));
#3273=EDGE_LOOP('',(#4067,#4068,#4069,#4070));
#3274=AXIS2_PLACEMENT_3D('',#4071,#4072,#4073);
#3275=SURFACE_SIDE_STYLE('',(#4074));
#3276=EDGE_LOOP('',(#4075,#4076,#4077,#4078));
#3277=AXIS2_PLACEMENT_3D('',#4079,#4080,#4081);
#3278=SURFACE_SIDE_STYLE('',(#4082));
#3279=EDGE_LOOP('',(#4083,#4084,#4085,#4086));
#3280=AXIS2_PLACEMENT_3D('',#4087,#4088,#4089);
#3281=SURFACE_SIDE_STYLE('',(#4090));
#3282=EDGE_LOOP('',(#4091,#4092,#4093,#4094));
#3283=AXIS2_PLACEMENT_3D('',#4095,#4096,#4097);
#3284=SURFACE_SIDE_STYLE('',(#4098));
#3285=EDGE_LOOP('',(#4099,#4100,#4101,#4102));
#3286=AXIS2_PLACEMENT_3D('',#4103,#4104,#4105);
#3287=SURFACE_SIDE_STYLE('',(#4106));
#3288=EDGE_LOOP('',(#4107,#4108,#4109,#4110));
#3289=AXIS2_PLACEMENT_3D('',#4111,#4112,#4113);
#3290=SURFACE_SIDE_STYLE('',(#4114));
#3291=EDGE_LOOP('',(#4115,#4116,#4117,#4118));
#3292=AXIS2_PLACEMENT_3D('',#4119,#4120,#4121);
#3293=SURFACE_SIDE_STYLE('',(#4122));
#3294=EDGE_LOOP('',(#4123,#4124,#4125,#4126));
#3295=AXIS2_PLACEMENT_3D('',#4127,#4128,#4129);
#3296=SURFACE_SIDE_STYLE('',(#4130));
#3297=EDGE_LOOP('',(#4131,#4132,#4133,#4134));
#3298=AXIS2_PLACEMENT_3D('',#4135,#4136,#4137);
#3299=SURFACE_SIDE_STYLE('',(#4138));
#3300=EDGE_LOOP('',(#4139,#4140,#4141,#4142));
#3301=AXIS2_PLACEMENT_3D('',#4143,#4144,#4145);
#3302=SURFACE_SIDE_STYLE('',(#4146));
#3303=EDGE_LOOP('',(#4147,#4148,#4149,#4150,#4151,#4152));
#3304=AXIS2_PLACEMENT_3D('',#4153,#4154,#4155);
#3305=SURFACE_SIDE_STYLE('',(#4156));
#3306=EDGE_LOOP('',(#4157,#4158));
#3307=EDGE_LOOP('',(#4159,#4160));
#3308=AXIS2_PLACEMENT_3D('',#4161,#4162,#4163);
#3309=SURFACE_SIDE_STYLE('',(#4164));
#3310=SURFACE_SIDE_STYLE('',(#4165));
#3311=EDGE_LOOP('',(#4166,#4167,#4168,#4169));
#3312=AXIS2_PLACEMENT_3D('',#4170,#4171,#4172);
#3313=SURFACE_SIDE_STYLE('',(#4173));
#3314=EDGE_LOOP('',(#4174,#4175,#4176,#4177));
#3315=AXIS2_PLACEMENT_3D('',#4178,#4179,#4180);
#3316=SURFACE_SIDE_STYLE('',(#4181));
#3317=EDGE_LOOP('',(#4182,#4183,#4184,#4185));
#3318=AXIS2_PLACEMENT_3D('',#4186,#4187,#4188);
#3319=SURFACE_SIDE_STYLE('',(#4189));
#3320=EDGE_LOOP('',(#4190,#4191,#4192,#4193));
#3321=AXIS2_PLACEMENT_3D('',#4194,#4195,#4196);
#3322=SURFACE_SIDE_STYLE('',(#4197));
#3323=EDGE_LOOP('',(#4198,#4199,#4200,#4201));
#3324=AXIS2_PLACEMENT_3D('',#4202,#4203,#4204);
#3325=SURFACE_SIDE_STYLE('',(#4205));
#3326=EDGE_LOOP('',(#4206,#4207,#4208,#4209,#4210,#4211));
#3327=AXIS2_PLACEMENT_3D('',#4212,#4213,#4214);
#3328=SURFACE_SIDE_STYLE('',(#4215));
#3329=EDGE_LOOP('',(#4216,#4217,#4218,#4219));
#3330=AXIS2_PLACEMENT_3D('',#4220,#4221,#4222);
#3331=SURFACE_SIDE_STYLE('',(#4223));
#3332=EDGE_LOOP('',(#4224,#4225,#4226,#4227,#4228));
#3333=AXIS2_PLACEMENT_3D('',#4229,#4230,#4231);
#3334=SURFACE_SIDE_STYLE('',(#4232));
#3335=EDGE_LOOP('',(#4233,#4234,#4235,#4236));
#3336=AXIS2_PLACEMENT_3D('',#4237,#4238,#4239);
#3337=SURFACE_SIDE_STYLE('',(#4240));
#3338=EDGE_LOOP('',(#4241,#4242,#4243,#4244));
#3339=AXIS2_PLACEMENT_3D('',#4245,#4246,#4247);
#3340=SURFACE_SIDE_STYLE('',(#4248));
#3341=EDGE_LOOP('',(#4249,#4250,#4251,#4252));
#3342=AXIS2_PLACEMENT_3D('',#4253,#4254,#4255);
#3343=SURFACE_SIDE_STYLE('',(#4256));
#3344=EDGE_LOOP('',(#4257,#4258,#4259,#4260,#4261,#4262));
#3345=AXIS2_PLACEMENT_3D('',#4263,#4264,#4265);
#3346=SURFACE_SIDE_STYLE('',(#4266));
#3347=EDGE_LOOP('',(#4267,#4268,#4269,#4270));
#3348=AXIS2_PLACEMENT_3D('',#4271,#4272,#4273);
#3349=SURFACE_SIDE_STYLE('',(#4274));
#3350=EDGE_LOOP('',(#4275,#4276,#4277,#4278));
#3351=AXIS2_PLACEMENT_3D('',#4279,#4280,#4281);
#3352=SURFACE_SIDE_STYLE('',(#4282));
#3353=EDGE_LOOP('',(#4283,#4284,#4285,#4286,#4287));
#3354=AXIS2_PLACEMENT_3D('',#4288,#4289,#4290);
#3355=SURFACE_SIDE_STYLE('',(#4291));
#3356=EDGE_LOOP('',(#4292,#4293,#4294,#4295));
#3357=AXIS2_PLACEMENT_3D('',#4296,#4297,#4298);
#3358=SURFACE_SIDE_STYLE('',(#4299));
#3359=EDGE_LOOP('',(#4300,#4301,#4302,#4303));
#3360=EDGE_LOOP('',(#4304,#4305));
#3361=AXIS2_PLACEMENT_3D('',#4306,#4307,#4308);
#3362=SURFACE_SIDE_STYLE('',(#4309));
#3363=EDGE_LOOP('',(#4310,#4311,#4312,#4313));
#3364=AXIS2_PLACEMENT_3D('',#4314,#4315,#4316);
#3365=SURFACE_SIDE_STYLE('',(#4317));
#3366=EDGE_LOOP('',(#4318,#4319));
#3367=EDGE_LOOP('',(#4320,#4321));
#3368=AXIS2_PLACEMENT_3D('',#4322,#4323,#4324);
#3369=SURFACE_SIDE_STYLE('',(#4325));
#3370=EDGE_LOOP('',(#4326,#4327));
#3371=EDGE_LOOP('',(#4328,#4329));
#3372=AXIS2_PLACEMENT_3D('',#4330,#4331,#4332);
#3373=SURFACE_SIDE_STYLE('',(#4333));
#3374=EDGE_LOOP('',(#4334,#4335));
#3375=AXIS2_PLACEMENT_3D('',#4336,#4337,#4338);
#3376=SURFACE_SIDE_STYLE('',(#4339));
#3377=EDGE_LOOP('',(#4340,#4341,#4342,#4343));
#3378=AXIS2_PLACEMENT_3D('',#4344,#4345,#4346);
#3379=SURFACE_SIDE_STYLE('',(#4347));
#3380=EDGE_LOOP('',(#4348,#4349));
#3381=AXIS2_PLACEMENT_3D('',#4350,#4351,#4352);
#3382=SURFACE_SIDE_STYLE('',(#4353));
#3383=SURFACE_SIDE_STYLE('',(#4354));
#3384=EDGE_LOOP('',(#4355,#4356,#4357,#4358));
#3385=AXIS2_PLACEMENT_3D('',#4359,#4360,#4361);
#3386=SURFACE_SIDE_STYLE('',(#4362));
#3387=EDGE_LOOP('',(#4363,#4364,#4365,#4366));
#3388=AXIS2_PLACEMENT_3D('',#4367,#4368,#4369);
#3389=SURFACE_SIDE_STYLE('',(#4370));
#3390=EDGE_LOOP('',(#4371,#4372,#4373,#4374));
#3391=AXIS2_PLACEMENT_3D('',#4375,#4376,#4377);
#3392=SURFACE_SIDE_STYLE('',(#4378));
#3393=EDGE_LOOP('',(#4379,#4380,#4381,#4382));
#3394=AXIS2_PLACEMENT_3D('',#4383,#4384,#4385);
#3395=SURFACE_SIDE_STYLE('',(#4386));
#3396=EDGE_LOOP('',(#4387,#4388,#4389,#4390));
#3397=AXIS2_PLACEMENT_3D('',#4391,#4392,#4393);
#3398=SURFACE_SIDE_STYLE('',(#4394));
#3399=EDGE_LOOP('',(#4395,#4396,#4397,#4398));
#3400=AXIS2_PLACEMENT_3D('',#4399,#4400,#4401);
#3401=SURFACE_SIDE_STYLE('',(#4402));
#3402=EDGE_LOOP('',(#4403,#4404,#4405,#4406));
#3403=AXIS2_PLACEMENT_3D('',#4407,#4408,#4409);
#3404=SURFACE_SIDE_STYLE('',(#4410));
#3405=EDGE_LOOP('',(#4411,#4412,#4413,#4414));
#3406=AXIS2_PLACEMENT_3D('',#4415,#4416,#4417);
#3407=SURFACE_SIDE_STYLE('',(#4418));
#3408=EDGE_LOOP('',(#4419,#4420,#4421,#4422));
#3409=AXIS2_PLACEMENT_3D('',#4423,#4424,#4425);
#3410=SURFACE_SIDE_STYLE('',(#4426));
#3411=EDGE_LOOP('',(#4427,#4428,#4429,#4430));
#3412=AXIS2_PLACEMENT_3D('',#4431,#4432,#4433);
#3413=SURFACE_SIDE_STYLE('',(#4434));
#3414=EDGE_LOOP('',(#4435,#4436,#4437,#4438));
#3415=AXIS2_PLACEMENT_3D('',#4439,#4440,#4441);
#3416=SURFACE_SIDE_STYLE('',(#4442));
#3417=EDGE_LOOP('',(#4443,#4444,#4445,#4446));
#3418=AXIS2_PLACEMENT_3D('',#4447,#4448,#4449);
#3419=SURFACE_SIDE_STYLE('',(#4450));
#3420=EDGE_LOOP('',(#4451,#4452,#4453,#4454));
#3421=AXIS2_PLACEMENT_3D('',#4455,#4456,#4457);
#3422=SURFACE_SIDE_STYLE('',(#4458));
#3423=EDGE_LOOP('',(#4459,#4460,#4461,#4462));
#3424=AXIS2_PLACEMENT_3D('',#4463,#4464,#4465);
#3425=SURFACE_SIDE_STYLE('',(#4466));
#3426=EDGE_LOOP('',(#4467,#4468,#4469,#4470));
#3427=AXIS2_PLACEMENT_3D('',#4471,#4472,#4473);
#3428=SURFACE_SIDE_STYLE('',(#4474));
#3429=EDGE_LOOP('',(#4475,#4476,#4477,#4478));
#3430=AXIS2_PLACEMENT_3D('',#4479,#4480,#4481);
#3431=SURFACE_SIDE_STYLE('',(#4482));
#3432=EDGE_LOOP('',(#4483,#4484,#4485,#4486));
#3433=AXIS2_PLACEMENT_3D('',#4487,#4488,#4489);
#3434=SURFACE_SIDE_STYLE('',(#4490));
#3435=EDGE_LOOP('',(#4491,#4492,#4493,#4494));
#3436=AXIS2_PLACEMENT_3D('',#4495,#4496,#4497);
#3437=SURFACE_SIDE_STYLE('',(#4498));
#3438=EDGE_LOOP('',(#4499,#4500,#4501,#4502));
#3439=AXIS2_PLACEMENT_3D('',#4503,#4504,#4505);
#3440=SURFACE_SIDE_STYLE('',(#4506));
#3441=EDGE_LOOP('',(#4507,#4508,#4509,#4510));
#3442=AXIS2_PLACEMENT_3D('',#4511,#4512,#4513);
#3443=SURFACE_SIDE_STYLE('',(#4514));
#3444=EDGE_LOOP('',(#4515,#4516,#4517,#4518));
#3445=AXIS2_PLACEMENT_3D('',#4519,#4520,#4521);
#3446=SURFACE_SIDE_STYLE('',(#4522));
#3447=EDGE_LOOP('',(#4523,#4524,#4525,#4526));
#3448=AXIS2_PLACEMENT_3D('',#4527,#4528,#4529);
#3449=SURFACE_SIDE_STYLE('',(#4530));
#3450=EDGE_LOOP('',(#4531,#4532,#4533,#4534));
#3451=AXIS2_PLACEMENT_3D('',#4535,#4536,#4537);
#3452=SURFACE_SIDE_STYLE('',(#4538));
#3453=EDGE_LOOP('',(#4539,#4540,#4541,#4542));
#3454=AXIS2_PLACEMENT_3D('',#4543,#4544,#4545);
#3455=SURFACE_SIDE_STYLE('',(#4546));
#3456=EDGE_LOOP('',(#4547,#4548,#4549,#4550));
#3457=AXIS2_PLACEMENT_3D('',#4551,#4552,#4553);
#3458=SURFACE_SIDE_STYLE('',(#4554));
#3459=EDGE_LOOP('',(#4555,#4556,#4557,#4558));
#3460=AXIS2_PLACEMENT_3D('',#4559,#4560,#4561);
#3461=SURFACE_SIDE_STYLE('',(#4562));
#3462=EDGE_LOOP('',(#4563,#4564,#4565,#4566));
#3463=AXIS2_PLACEMENT_3D('',#4567,#4568,#4569);
#3464=SURFACE_SIDE_STYLE('',(#4570));
#3465=EDGE_LOOP('',(#4571,#4572,#4573,#4574));
#3466=AXIS2_PLACEMENT_3D('',#4575,#4576,#4577);
#3467=SURFACE_SIDE_STYLE('',(#4578));
#3468=EDGE_LOOP('',(#4579,#4580,#4581,#4582));
#3469=AXIS2_PLACEMENT_3D('',#4583,#4584,#4585);
#3470=SURFACE_SIDE_STYLE('',(#4586));
#3471=EDGE_LOOP('',(#4587,#4588,#4589,#4590));
#3472=AXIS2_PLACEMENT_3D('',#4591,#4592,#4593);
#3473=SURFACE_SIDE_STYLE('',(#4594));
#3474=EDGE_LOOP('',(#4595,#4596,#4597,#4598));
#3475=AXIS2_PLACEMENT_3D('',#4599,#4600,#4601);
#3476=SURFACE_SIDE_STYLE('',(#4602));
#3477=EDGE_LOOP('',(#4603,#4604,#4605,#4606));
#3478=AXIS2_PLACEMENT_3D('',#4607,#4608,#4609);
#3479=SURFACE_SIDE_STYLE('',(#4610));
#3480=EDGE_LOOP('',(#4611,#4612,#4613,#4614));
#3481=AXIS2_PLACEMENT_3D('',#4615,#4616,#4617);
#3482=SURFACE_SIDE_STYLE('',(#4618));
#3483=EDGE_LOOP('',(#4619,#4620,#4621,#4622));
#3484=AXIS2_PLACEMENT_3D('',#4623,#4624,#4625);
#3485=SURFACE_SIDE_STYLE('',(#4626));
#3486=EDGE_LOOP('',(#4627,#4628,#4629,#4630));
#3487=AXIS2_PLACEMENT_3D('',#4631,#4632,#4633);
#3488=SURFACE_SIDE_STYLE('',(#4634));
#3489=EDGE_LOOP('',(#4635,#4636,#4637,#4638));
#3490=AXIS2_PLACEMENT_3D('',#4639,#4640,#4641);
#3491=SURFACE_SIDE_STYLE('',(#4642));
#3492=EDGE_LOOP('',(#4643,#4644,#4645,#4646));
#3493=AXIS2_PLACEMENT_3D('',#4647,#4648,#4649);
#3494=SURFACE_SIDE_STYLE('',(#4650));
#3495=EDGE_LOOP('',(#4651,#4652,#4653,#4654));
#3496=AXIS2_PLACEMENT_3D('',#4655,#4656,#4657);
#3497=SURFACE_SIDE_STYLE('',(#4658));
#3498=EDGE_LOOP('',(#4659,#4660,#4661,#4662));
#3499=AXIS2_PLACEMENT_3D('',#4663,#4664,#4665);
#3500=SURFACE_SIDE_STYLE('',(#4666));
#3501=EDGE_LOOP('',(#4667,#4668,#4669,#4670));
#3502=AXIS2_PLACEMENT_3D('',#4671,#4672,#4673);
#3503=SURFACE_SIDE_STYLE('',(#4674));
#3504=EDGE_LOOP('',(#4675,#4676,#4677,#4678,#4679,#4680));
#3505=EDGE_LOOP('',(#4681,#4682));
#3506=EDGE_LOOP('',(#4683,#4684));
#3507=EDGE_LOOP('',(#4685,#4686));
#3508=EDGE_LOOP('',(#4687,#4688));
#3509=EDGE_LOOP('',(#4689,#4690));
#3510=AXIS2_PLACEMENT_3D('',#4691,#4692,#4693);
#3511=SURFACE_SIDE_STYLE('',(#4694));
#3512=EDGE_LOOP('',(#4695,#4696,#4697,#4698));
#3513=AXIS2_PLACEMENT_3D('',#4699,#4700,#4701);
#3514=SURFACE_SIDE_STYLE('',(#4702));
#3515=EDGE_LOOP('',(#4703,#4704,#4705,#4706));
#3516=AXIS2_PLACEMENT_3D('',#4707,#4708,#4709);
#3517=SURFACE_SIDE_STYLE('',(#4710));
#3518=EDGE_LOOP('',(#4711,#4712,#4713,#4714));
#3519=AXIS2_PLACEMENT_3D('',#4715,#4716,#4717);
#3520=SURFACE_SIDE_STYLE('',(#4718));
#3521=EDGE_LOOP('',(#4719,#4720,#4721,#4722));
#3522=AXIS2_PLACEMENT_3D('',#4723,#4724,#4725);
#3523=SURFACE_SIDE_STYLE('',(#4726));
#3524=EDGE_LOOP('',(#4727,#4728));
#3525=EDGE_LOOP('',(#4729,#4730));
#3526=AXIS2_PLACEMENT_3D('',#4731,#4732,#4733);
#3527=SURFACE_SIDE_STYLE('',(#4734));
#3528=EDGE_LOOP('',(#4735,#4736));
#3529=EDGE_LOOP('',(#4737,#4738));
#3530=AXIS2_PLACEMENT_3D('',#4739,#4740,#4741);
#3531=SURFACE_SIDE_STYLE('',(#4742));
#3532=EDGE_LOOP('',(#4743,#4744,#4745,#4746));
#3533=AXIS2_PLACEMENT_3D('',#4747,#4748,#4749);
#3534=SURFACE_SIDE_STYLE('',(#4750));
#3535=EDGE_LOOP('',(#4751,#4752,#4753,#4754));
#3536=AXIS2_PLACEMENT_3D('',#4755,#4756,#4757);
#3537=SURFACE_SIDE_STYLE('',(#4758));
#3538=EDGE_LOOP('',(#4759,#4760,#4761,#4762,#4763,#4764));
#3539=EDGE_LOOP('',(#4765,#4766));
#3540=EDGE_LOOP('',(#4767,#4768));
#3541=EDGE_LOOP('',(#4769,#4770));
#3542=EDGE_LOOP('',(#4771,#4772));
#3543=EDGE_LOOP('',(#4773,#4774));
#3544=AXIS2_PLACEMENT_3D('',#4775,#4776,#4777);
#3545=SURFACE_SIDE_STYLE('',(#4778));
#3546=EDGE_LOOP('',(#4779,#4780,#4781,#4782));
#3547=AXIS2_PLACEMENT_3D('',#4783,#4784,#4785);
#3548=SURFACE_SIDE_STYLE('',(#4786));
#3549=EDGE_LOOP('',(#4787,#4788,#4789,#4790));
#3550=AXIS2_PLACEMENT_3D('',#4791,#4792,#4793);
#3551=SURFACE_SIDE_STYLE('',(#4794));
#3552=EDGE_LOOP('',(#4795,#4796,#4797,#4798));
#3553=AXIS2_PLACEMENT_3D('',#4799,#4800,#4801);
#3554=SURFACE_SIDE_STYLE('',(#4802));
#3555=EDGE_LOOP('',(#4803,#4804,#4805,#4806));
#3556=AXIS2_PLACEMENT_3D('',#4807,#4808,#4809);
#3557=SURFACE_SIDE_STYLE('',(#4810));
#3558=SURFACE_SIDE_STYLE('',(#4811));
#3559=EDGE_LOOP('',(#4812,#4813,#4814,#4815));
#3560=AXIS2_PLACEMENT_3D('',#4816,#4817,#4818);
#3561=SURFACE_SIDE_STYLE('',(#4819));
#3562=EDGE_LOOP('',(#4820,#4821,#4822,#4823,#4824));
#3563=AXIS2_PLACEMENT_3D('',#4825,#4826,#4827);
#3564=SURFACE_SIDE_STYLE('',(#4828));
#3565=EDGE_LOOP('',(#4829,#4830,#4831,#4832));
#3566=AXIS2_PLACEMENT_3D('',#4833,#4834,#4835);
#3567=SURFACE_SIDE_STYLE('',(#4836));
#3568=EDGE_LOOP('',(#4837,#4838,#4839,#4840));
#3569=AXIS2_PLACEMENT_3D('',#4841,#4842,#4843);
#3570=SURFACE_SIDE_STYLE('',(#4844));
#3571=EDGE_LOOP('',(#4845,#4846,#4847,#4848));
#3572=AXIS2_PLACEMENT_3D('',#4849,#4850,#4851);
#3573=SURFACE_SIDE_STYLE('',(#4852));
#3574=EDGE_LOOP('',(#4853,#4854,#4855,#4856));
#3575=AXIS2_PLACEMENT_3D('',#4857,#4858,#4859);
#3576=SURFACE_SIDE_STYLE('',(#4860));
#3577=EDGE_LOOP('',(#4861,#4862,#4863,#4864,#4865,#4866,#4867,#4868,#4869,#4870,#4871,#4872));
#3578=AXIS2_PLACEMENT_3D('',#4873,#4874,#4875);
#3579=SURFACE_SIDE_STYLE('',(#4876));
#3580=EDGE_LOOP('',(#4877,#4878));
#3581=AXIS2_PLACEMENT_3D('',#4879,#4880,#4881);
#3582=SURFACE_SIDE_STYLE('',(#4882));
#3583=EDGE_LOOP('',(#4883,#4884,#4885));
#3584=EDGE_LOOP('',(#4886,#4887,#4888,#4889,#4890,#4891,#4892,#4893,#4894,#4895,#4896,#4897));
#3585=AXIS2_PLACEMENT_3D('',#4898,#4899,#4900);
#3586=SURFACE_SIDE_STYLE('',(#4901));
#3587=EDGE_LOOP('',(#4902,#4903,#4904,#4905));
#3588=AXIS2_PLACEMENT_3D('',#4906,#4907,#4908);
#3589=SURFACE_SIDE_STYLE('',(#4909));
#3590=EDGE_LOOP('',(#4910,#4911,#4912,#4913));
#3591=AXIS2_PLACEMENT_3D('',#4914,#4915,#4916);
#3592=SURFACE_SIDE_STYLE('',(#4917));
#3593=EDGE_LOOP('',(#4918,#4919,#4920,#4921));
#3594=AXIS2_PLACEMENT_3D('',#4922,#4923,#4924);
#3595=SURFACE_SIDE_STYLE('',(#4925));
#3596=EDGE_LOOP('',(#4926,#4927,#4928,#4929));
#3597=AXIS2_PLACEMENT_3D('',#4930,#4931,#4932);
#3598=SURFACE_SIDE_STYLE('',(#4933));
#3599=EDGE_LOOP('',(#4934,#4935,#4936,#4937));
#3600=AXIS2_PLACEMENT_3D('',#4938,#4939,#4940);
#3601=SURFACE_SIDE_STYLE('',(#4941));
#3602=EDGE_LOOP('',(#4942,#4943,#4944,#4945));
#3603=AXIS2_PLACEMENT_3D('',#4946,#4947,#4948);
#3604=SURFACE_SIDE_STYLE('',(#4949));
#3605=EDGE_LOOP('',(#4950,#4951,#4952,#4953));
#3606=AXIS2_PLACEMENT_3D('',#4954,#4955,#4956);
#3607=SURFACE_SIDE_STYLE('',(#4957));
#3608=EDGE_LOOP('',(#4958,#4959,#4960,#4961));
#3609=AXIS2_PLACEMENT_3D('',#4962,#4963,#4964);
#3610=SURFACE_SIDE_STYLE('',(#4965));
#3611=EDGE_LOOP('',(#4966,#4967,#4968,#4969));
#3612=AXIS2_PLACEMENT_3D('',#4970,#4971,#4972);
#3613=SURFACE_SIDE_STYLE('',(#4973));
#3614=EDGE_LOOP('',(#4974,#4975,#4976,#4977));
#3615=AXIS2_PLACEMENT_3D('',#4978,#4979,#4980);
#3616=SURFACE_SIDE_STYLE('',(#4981));
#3617=EDGE_LOOP('',(#4982,#4983,#4984,#4985));
#3618=AXIS2_PLACEMENT_3D('',#4986,#4987,#4988);
#3619=SURFACE_SIDE_STYLE('',(#4989));
#3620=EDGE_LOOP('',(#4990,#4991,#4992,#4993));
#3621=AXIS2_PLACEMENT_3D('',#4994,#4995,#4996);
#3622=SURFACE_SIDE_STYLE('',(#4997));
#3623=EDGE_LOOP('',(#4998,#4999,#5000,#5001));
#3624=AXIS2_PLACEMENT_3D('',#5002,#5003,#5004);
#3625=SURFACE_SIDE_STYLE('',(#5005));
#3626=EDGE_LOOP('',(#5006,#5007,#5008,#5009));
#3627=AXIS2_PLACEMENT_3D('',#5010,#5011,#5012);
#3628=SURFACE_SIDE_STYLE('',(#5013));
#3629=SURFACE_SIDE_STYLE('',(#5014));
#3630=EDGE_LOOP('',(#5015,#5016,#5017,#5018));
#3631=AXIS2_PLACEMENT_3D('',#5019,#5020,#5021);
#3632=SURFACE_SIDE_STYLE('',(#5022));
#3633=EDGE_LOOP('',(#5023,#5024,#5025,#5026,#5027));
#3634=AXIS2_PLACEMENT_3D('',#5028,#5029,#5030);
#3635=SURFACE_SIDE_STYLE('',(#5031));
#3636=EDGE_LOOP('',(#5032,#5033,#5034,#5035));
#3637=AXIS2_PLACEMENT_3D('',#5036,#5037,#5038);
#3638=SURFACE_SIDE_STYLE('',(#5039));
#3639=EDGE_LOOP('',(#5040,#5041,#5042,#5043));
#3640=AXIS2_PLACEMENT_3D('',#5044,#5045,#5046);
#3641=SURFACE_SIDE_STYLE('',(#5047));
#3642=EDGE_LOOP('',(#5048,#5049,#5050,#5051));
#3643=AXIS2_PLACEMENT_3D('',#5052,#5053,#5054);
#3644=SURFACE_SIDE_STYLE('',(#5055));
#3645=EDGE_LOOP('',(#5056,#5057,#5058,#5059));
#3646=AXIS2_PLACEMENT_3D('',#5060,#5061,#5062);
#3647=SURFACE_SIDE_STYLE('',(#5063));
#3648=EDGE_LOOP('',(#5064,#5065,#5066,#5067,#5068,#5069,#5070,#5071,#5072,#5073,#5074,#5075));
#3649=AXIS2_PLACEMENT_3D('',#5076,#5077,#5078);
#3650=SURFACE_SIDE_STYLE('',(#5079));
#3651=EDGE_LOOP('',(#5080,#5081));
#3652=AXIS2_PLACEMENT_3D('',#5082,#5083,#5084);
#3653=SURFACE_SIDE_STYLE('',(#5085));
#3654=EDGE_LOOP('',(#5086,#5087,#5088));
#3655=EDGE_LOOP('',(#5089,#5090,#5091,#5092,#5093,#5094,#5095,#5096,#5097,#5098,#5099,#5100));
#3656=AXIS2_PLACEMENT_3D('',#5101,#5102,#5103);
#3657=SURFACE_SIDE_STYLE('',(#5104));
#3658=EDGE_LOOP('',(#5105,#5106,#5107,#5108));
#3659=AXIS2_PLACEMENT_3D('',#5109,#5110,#5111);
#3660=SURFACE_SIDE_STYLE('',(#5112));
#3661=EDGE_LOOP('',(#5113,#5114,#5115,#5116));
#3662=AXIS2_PLACEMENT_3D('',#5117,#5118,#5119);
#3663=SURFACE_SIDE_STYLE('',(#5120));
#3664=EDGE_LOOP('',(#5121,#5122,#5123,#5124));
#3665=AXIS2_PLACEMENT_3D('',#5125,#5126,#5127);
#3666=SURFACE_SIDE_STYLE('',(#5128));
#3667=EDGE_LOOP('',(#5129,#5130,#5131,#5132));
#3668=AXIS2_PLACEMENT_3D('',#5133,#5134,#5135);
#3669=SURFACE_SIDE_STYLE('',(#5136));
#3670=EDGE_LOOP('',(#5137,#5138,#5139,#5140));
#3671=AXIS2_PLACEMENT_3D('',#5141,#5142,#5143);
#3672=SURFACE_SIDE_STYLE('',(#5144));
#3673=EDGE_LOOP('',(#5145,#5146,#5147,#5148));
#3674=AXIS2_PLACEMENT_3D('',#5149,#5150,#5151);
#3675=SURFACE_SIDE_STYLE('',(#5152));
#3676=EDGE_LOOP('',(#5153,#5154,#5155,#5156));
#3677=AXIS2_PLACEMENT_3D('',#5157,#5158,#5159);
#3678=SURFACE_SIDE_STYLE('',(#5160));
#3679=EDGE_LOOP('',(#5161,#5162,#5163,#5164));
#3680=AXIS2_PLACEMENT_3D('',#5165,#5166,#5167);
#3681=SURFACE_SIDE_STYLE('',(#5168));
#3682=EDGE_LOOP('',(#5169,#5170,#5171,#5172));
#3683=AXIS2_PLACEMENT_3D('',#5173,#5174,#5175);
#3684=SURFACE_SIDE_STYLE('',(#5176));
#3685=EDGE_LOOP('',(#5177,#5178,#5179,#5180));
#3686=AXIS2_PLACEMENT_3D('',#5181,#5182,#5183);
#3687=SURFACE_SIDE_STYLE('',(#5184));
#3688=EDGE_LOOP('',(#5185,#5186,#5187,#5188));
#3689=AXIS2_PLACEMENT_3D('',#5189,#5190,#5191);
#3690=SURFACE_SIDE_STYLE('',(#5192));
#3691=EDGE_LOOP('',(#5193,#5194,#5195,#5196));
#3692=AXIS2_PLACEMENT_3D('',#5197,#5198,#5199);
#3693=SURFACE_SIDE_STYLE('',(#5200));
#3694=EDGE_LOOP('',(#5201,#5202,#5203,#5204));
#3695=AXIS2_PLACEMENT_3D('',#5205,#5206,#5207);
#3696=SURFACE_SIDE_STYLE('',(#5208));
#3697=EDGE_LOOP('',(#5209,#5210,#5211,#5212));
#3698=AXIS2_PLACEMENT_3D('',#5213,#5214,#5215);
#3699=SURFACE_SIDE_STYLE('',(#5216));
#3701= (NAMED_UNIT(#1219)LENGTH_UNIT()SI_UNIT(.MILLI.,.METRE.));
#3702=SURFACE_STYLE_FILL_AREA(#5218);
#3703=ORIENTED_EDGE('',*,*,#5219,.F.);
#3704=ORIENTED_EDGE('',*,*,#5220,.F.);
#3705=ORIENTED_EDGE('',*,*,#5221,.T.);
#3706=ORIENTED_EDGE('',*,*,#5222,.T.);
#3707=ORIENTED_EDGE('',*,*,#5223,.T.);
#3708=ORIENTED_EDGE('',*,*,#5224,.T.);
#3709=ORIENTED_EDGE('',*,*,#5225,.F.);
#3710=SURFACE_STYLE_FILL_AREA(#5226);
#3711=ORIENTED_EDGE('',*,*,#5227,.F.);
#3712=ORIENTED_EDGE('',*,*,#5222,.F.);
#3713=ORIENTED_EDGE('',*,*,#5228,.T.);
#3714=ORIENTED_EDGE('',*,*,#5229,.T.);
#3715=ORIENTED_EDGE('',*,*,#5230,.T.);
#3716=ORIENTED_EDGE('',*,*,#5231,.F.);
#3717=SURFACE_STYLE_FILL_AREA(#5232);
#3718=ORIENTED_EDGE('',*,*,#5229,.F.);
#3719=ORIENTED_EDGE('',*,*,#5233,.T.);
#3720=ORIENTED_EDGE('',*,*,#5225,.T.);
#3721=ORIENTED_EDGE('',*,*,#5224,.F.);
#3722=ORIENTED_EDGE('',*,*,#5234,.T.);
#3723=ORIENTED_EDGE('',*,*,#5235,.T.);
#3724=ORIENTED_EDGE('',*,*,#5236,.T.);
#3725=SURFACE_STYLE_FILL_AREA(#5237);
#3726=ORIENTED_EDGE('',*,*,#5238,.F.);
#3727=ORIENTED_EDGE('',*,*,#5235,.F.);
#3728=ORIENTED_EDGE('',*,*,#5239,.T.);
#3729=ORIENTED_EDGE('',*,*,#5231,.T.);
#3730=ORIENTED_EDGE('',*,*,#5240,.T.);
#3731=ORIENTED_EDGE('',*,*,#5241,.T.);
#3732=SURFACE_STYLE_FILL_AREA(#5242);
#3733=ORIENTED_EDGE('',*,*,#5238,.T.);
#3734=ORIENTED_EDGE('',*,*,#5243,.T.);
#3735=ORIENTED_EDGE('',*,*,#5240,.F.);
#3736=ORIENTED_EDGE('',*,*,#5230,.F.);
#3737=ORIENTED_EDGE('',*,*,#5236,.F.);
#3738=SURFACE_STYLE_FILL_AREA(#5244);
#3739=ORIENTED_EDGE('',*,*,#5227,.T.);
#3740=ORIENTED_EDGE('',*,*,#5239,.F.);
#3741=ORIENTED_EDGE('',*,*,#5234,.F.);
#3742=ORIENTED_EDGE('',*,*,#5223,.F.);
#3743=SURFACE_STYLE_FILL_AREA(#5245);
#3744=ORIENTED_EDGE('',*,*,#5219,.T.);
#3745=ORIENTED_EDGE('',*,*,#5233,.F.);
#3746=ORIENTED_EDGE('',*,*,#5228,.F.);
#3747=ORIENTED_EDGE('',*,*,#5221,.F.);
#3748=ORIENTED_EDGE('',*,*,#5246,.F.);
#3749=SURFACE_STYLE_FILL_AREA(#5247);
#3750=ORIENTED_EDGE('',*,*,#5241,.F.);
#3751=ORIENTED_EDGE('',*,*,#5243,.F.);
#3752=CARTESIAN_POINT('',(-3.599,-3.33679650315373E-13,-3.9999999999958));
#3753=DIRECTION('',(-0.0338408202112696,-0.999427235414079,-1.58217782999119E-15));
#3754=DIRECTION('',(0.999427235414079,-0.0338408202112696,-9.4839796852065E-17));
#3755=SURFACE_STYLE_FILL_AREA(#5248);
#3756=ORIENTED_EDGE('',*,*,#5220,.T.);
#3757=ORIENTED_EDGE('',*,*,#5246,.T.);
#3758=CARTESIAN_POINT('',(-9.751,-2.36391055220218,3.22675175698657));
#3759=DIRECTION('',(-0.0338408202112661,0.806225896962103,0.590639146988312));
#3760=DIRECTION('',(0.9994270845111,0.026974219779983,0.0204424610285427));
#3761=SURFACE_STYLE_FILL_AREA(#5249);
#3762=SURFACE_STYLE_FILL_AREA(#5250);
#3763=ORIENTED_EDGE('',*,*,#5251,.F.);
#3764=ORIENTED_EDGE('',*,*,#5252,.F.);
#3765=ORIENTED_EDGE('',*,*,#5253,.F.);
#3766=ORIENTED_EDGE('',*,*,#5254,.F.);
#3767=ORIENTED_EDGE('',*,*,#5255,.F.);
#3768=ORIENTED_EDGE('',*,*,#5256,.F.);
#3769=CARTESIAN_POINT('',(-6.5,2.9934569664837E-15,-1.50692382262917E-13));
#3770=DIRECTION('',(1.0,1.43769899976529E-28,4.52654407012747E-17));
#3771=DIRECTION('',(-4.52654407012747E-17,7.90510706344563E-31,1.0));
#3772=SURFACE_STYLE_FILL_AREA(#5257);
#3773=ORIENTED_EDGE('',*,*,#5258,.F.);
#3774=ORIENTED_EDGE('',*,*,#5259,.F.);
#3775=ORIENTED_EDGE('',*,*,#5260,.F.);
#3776=ORIENTED_EDGE('',*,*,#5261,.F.);
#3777=CARTESIAN_POINT('',(-2.95,3.23627878810895E-15,18.2499999999999));
#3778=DIRECTION('',(1.0,1.43769899976529E-28,4.52654407012747E-17));
#3779=DIRECTION('',(-4.52654407012747E-17,1.26946197022875E-30,1.0));
#3780=SURFACE_STYLE_FILL_AREA(#5262);
#3781=ORIENTED_EDGE('',*,*,#5263,.F.);
#3782=ORIENTED_EDGE('',*,*,#5264,.F.);
#3783=ORIENTED_EDGE('',*,*,#5265,.F.);
#3784=ORIENTED_EDGE('',*,*,#5266,.F.);
#3785=CARTESIAN_POINT('',(-2.95,2.75063514485948E-15,-18.2500000000002));
#3786=DIRECTION('',(1.0,1.43769899976529E-28,4.52654407012747E-17));
#3787=DIRECTION('',(-4.52654407012747E-17,1.26946197022875E-30,1.0));
#3788=SURFACE_STYLE_FILL_AREA(#5267);
#3789=ORIENTED_EDGE('',*,*,#5268,.F.);
#3790=ORIENTED_EDGE('',*,*,#5269,.F.);
#3791=ORIENTED_EDGE('',*,*,#5270,.F.);
#3792=ORIENTED_EDGE('',*,*,#5259,.T.);
#3793=CARTESIAN_POINT('',(-3.25,3.2362787881089E-15,18.2499999999999));
#3794=DIRECTION('',(1.0,1.43769899976529E-28,4.52654407012747E-17));
#3795=DIRECTION('',(-4.52654407012747E-17,1.13798515269191E-30,1.0));
#3796=SURFACE_STYLE_FILL_AREA(#5271);
#3797=ORIENTED_EDGE('',*,*,#5272,.F.);
#3798=ORIENTED_EDGE('',*,*,#5266,.T.);
#3799=ORIENTED_EDGE('',*,*,#5273,.F.);
#3800=ORIENTED_EDGE('',*,*,#5274,.F.);
#3801=CARTESIAN_POINT('',(-3.25,2.75063514485943E-15,-18.2500000000002));
#3802=DIRECTION('',(1.0,1.43769899976529E-28,4.52654407012747E-17));
#3803=DIRECTION('',(-4.52654407012747E-17,1.13798515269191E-30,1.0));
#3804=SURFACE_STYLE_FILL_AREA(#5275);
#3805=ORIENTED_EDGE('',*,*,#5276,.F.);
#3806=ORIENTED_EDGE('',*,*,#5277,.F.);
#3807=ORIENTED_EDGE('',*,*,#5278,.F.);
#3808=ORIENTED_EDGE('',*,*,#5279,.F.);
#3809=CARTESIAN_POINT('',(-21.95,2.75063514485675E-15,-18.2500000000002));
#3810=DIRECTION('',(-1.0,-1.43769899976529E-28,-4.52654407012747E-17));
#3811=DIRECTION('',(4.52654407012747E-17,-1.26946197022875E-30,-1.0));
#3812=SURFACE_STYLE_FILL_AREA(#5280);
#3813=ORIENTED_EDGE('',*,*,#5281,.F.);
#3814=ORIENTED_EDGE('',*,*,#5282,.F.);
#3815=ORIENTED_EDGE('',*,*,#5283,.T.);
#3816=ORIENTED_EDGE('',*,*,#5284,.F.);
#3817=CARTESIAN_POINT('',(-21.95,3.23627878810621E-15,18.2499999999998));
#3818=DIRECTION('',(-1.0,-1.43769899976529E-28,-4.52654407012747E-17));
#3819=DIRECTION('',(4.52654407012747E-17,-1.26946197022875E-30,-1.0));
#3820=SURFACE_STYLE_FILL_AREA(#5285);
#3821=ORIENTED_EDGE('',*,*,#5286,.F.);
#3822=ORIENTED_EDGE('',*,*,#5287,.T.);
#3823=ORIENTED_EDGE('',*,*,#5288,.T.);
#3824=ORIENTED_EDGE('',*,*,#5277,.T.);
#3825=CARTESIAN_POINT('',(-1.75,2.75063514485965E-15,-18.2500000000002));
#3826=DIRECTION('',(-1.0,-1.43769899976529E-28,-4.52654407012747E-17));
#3827=DIRECTION('',(4.52654407012747E-17,-1.43850359277611E-30,-1.0));
#3828=SURFACE_STYLE_FILL_AREA(#5289);
#3829=ORIENTED_EDGE('',*,*,#5290,.F.);
#3830=ORIENTED_EDGE('',*,*,#5284,.T.);
#3831=ORIENTED_EDGE('',*,*,#5291,.F.);
#3832=ORIENTED_EDGE('',*,*,#5292,.T.);
#3833=CARTESIAN_POINT('',(-1.75,3.23627878810913E-15,18.2499999999999));
#3834=DIRECTION('',(-1.0,-1.43769899976529E-28,-4.52654407012747E-17));
#3835=DIRECTION('',(4.52654407012747E-17,-1.43850359277611E-30,-1.0));
#3836=SURFACE_STYLE_FILL_AREA(#5293);
#3837=ORIENTED_EDGE('',*,*,#5294,.F.);
#3838=ORIENTED_EDGE('',*,*,#5295,.F.);
#3839=ORIENTED_EDGE('',*,*,#5296,.F.);
#3840=ORIENTED_EDGE('',*,*,#5297,.F.);
#3841=CARTESIAN_POINT('',(-4.5,2.99345696648401E-15,12.4999999999998));
#3842=DIRECTION('',(1.0,1.43769899976529E-28,4.52654407012747E-17));
#3843=DIRECTION('',(-4.52654407012747E-17,7.90510706344563E-31,1.0));
#3844=SURFACE_STYLE_FILL_AREA(#5298);
#3845=ORIENTED_EDGE('',*,*,#5299,.F.);
#3846=ORIENTED_EDGE('',*,*,#5300,.T.);
#3847=ORIENTED_EDGE('',*,*,#5301,.F.);
#3848=ORIENTED_EDGE('',*,*,#5302,.T.);
#3849=CARTESIAN_POINT('',(-1.75,2.9934569664844E-15,12.4999999999998));
#3850=DIRECTION('',(-1.0,-1.43769899976529E-28,-4.52654407012747E-17));
#3851=DIRECTION('',(-4.52654407012747E-17,1.12414548768804E-30,1.0));
#3852=SURFACE_STYLE_FILL_AREA(#5303);
#3853=ORIENTED_EDGE('',*,*,#5304,.F.);
#3854=ORIENTED_EDGE('',*,*,#5305,.F.);
#3855=ORIENTED_EDGE('',*,*,#5306,.F.);
#3856=CARTESIAN_POINT('',(484.40303448854,2.99345696655417E-15,12.4999999999999));
#3857=DIRECTION('',(1.0,1.43769899976529E-28,4.52654407012747E-17));
#3858=DIRECTION('',(-4.52654407012747E-17,1.25212019571249E-30,1.0));
#3859=SURFACE_STYLE_FILL_AREA(#5307);
#3860=ORIENTED_EDGE('',*,*,#5308,.F.);
#3861=ORIENTED_EDGE('',*,*,#5309,.F.);
#3862=ORIENTED_EDGE('',*,*,#5253,.T.);
#3863=ORIENTED_EDGE('',*,*,#5310,.F.);
#3864=CARTESIAN_POINT('',(-4.5,2.99345696648398E-15,-10.5000000000002));
#3865=DIRECTION('',(1.0,1.43769899976529E-28,4.52654407012747E-17));
#3866=DIRECTION('',(-4.52654407012747E-17,7.90510706344563E-31,1.0));
#3867=SURFACE_STYLE_FILL_AREA(#5311);
#3868=ORIENTED_EDGE('',*,*,#5312,.F.);
#3869=ORIENTED_EDGE('',*,*,#5313,.T.);
#3870=ORIENTED_EDGE('',*,*,#5314,.F.);
#3871=ORIENTED_EDGE('',*,*,#5315,.T.);
#3872=CARTESIAN_POINT('',(-1.75,2.99345696648437E-15,-10.5000000000002));
#3873=DIRECTION('',(-1.0,-1.43769899976529E-28,-4.52654407012747E-17));
#3874=DIRECTION('',(-4.52654407012747E-17,1.12414548768804E-30,1.0));
#3875=SURFACE_STYLE_FILL_AREA(#5316);
#3876=ORIENTED_EDGE('',*,*,#5317,.F.);
#3877=ORIENTED_EDGE('',*,*,#5318,.F.);
#3878=ORIENTED_EDGE('',*,*,#5319,.F.);
#3879=CARTESIAN_POINT('',(484.40303448854,2.99345696655417E-15,-10.5000000000001));
#3880=DIRECTION('',(1.0,1.43769899976529E-28,4.52654407012747E-17));
#3881=DIRECTION('',(-4.52654407012747E-17,1.25212019571249E-30,1.0));
#3882=SURFACE_STYLE_FILL_AREA(#5320);
#3883=ORIENTED_EDGE('',*,*,#5321,.F.);
#3884=ORIENTED_EDGE('',*,*,#5322,.T.);
#3885=ORIENTED_EDGE('',*,*,#5323,.F.);
#3886=ORIENTED_EDGE('',*,*,#5324,.T.);
#3887=CARTESIAN_POINT('',(-3.25,2.99345696648417E-15,-1.50545269580638E-13));
#3888=DIRECTION('',(-1.0,-1.43769899976529E-28,-4.52654407012747E-17));
#3889=DIRECTION('',(-4.52654407012747E-17,1.29980277427571E-30,1.0));
#3890=SURFACE_STYLE_FILL_AREA(#5325);
#3891=ORIENTED_EDGE('',*,*,#5326,.F.);
#3892=ORIENTED_EDGE('',*,*,#5327,.F.);
#3893=ORIENTED_EDGE('',*,*,#5328,.F.);
#3894=CARTESIAN_POINT('',(481.373611625134,2.99345696655366E-15,-1.28608568226183E-13));
#3895=DIRECTION('',(1.0,1.43769899976529E-28,4.52654407012747E-17));
#3896=DIRECTION('',(-4.52654407012747E-17,1.25212019571249E-30,1.0));
#3897=SURFACE_STYLE_FILL_AREA(#5329);
#3898=ORIENTED_EDGE('',*,*,#5326,.T.);
#3899=ORIENTED_EDGE('',*,*,#5322,.F.);
#3900=ORIENTED_EDGE('',*,*,#5327,.T.);
#3901=CARTESIAN_POINT('',(481.373611625134,2.99345696655366E-15,-1.28608568226183E-13));
#3902=DIRECTION('',(1.0,1.43769899976529E-28,4.52654407012747E-17));
#3903=DIRECTION('',(-4.52654407012747E-17,1.25212019571249E-30,1.0));
#3904=SURFACE_STYLE_FILL_AREA(#5330);
#3905=ORIENTED_EDGE('',*,*,#5331,.F.);
#3906=ORIENTED_EDGE('',*,*,#5332,.T.);
#3907=ORIENTED_EDGE('',*,*,#5333,.F.);
#3908=ORIENTED_EDGE('',*,*,#5334,.F.);
#3909=CARTESIAN_POINT('',(-3.25,7.5,-1.50545269580638E-13));
#3910=DIRECTION('',(0.5,-0.866025403784439,2.26327203506385E-17));
#3911=DIRECTION('',(4.52654407012746E-17,-1.34912441788242E-30,-1.0));
#3912=SURFACE_STYLE_FILL_AREA(#5335);
#3913=ORIENTED_EDGE('',*,*,#5321,.T.);
#3914=ORIENTED_EDGE('',*,*,#5336,.T.);
#3915=ORIENTED_EDGE('',*,*,#5323,.T.);
#3916=ORIENTED_EDGE('',*,*,#5328,.T.);
#3917=CARTESIAN_POINT('',(-3.25,2.99345696648417E-15,-1.50545269580638E-13));
#3918=DIRECTION('',(-1.0,-1.43769899976529E-28,-4.52654407012747E-17));
#3919=DIRECTION('',(-4.52654407012747E-17,1.29980277427571E-30,1.0));
#3920=SURFACE_STYLE_FILL_AREA(#5337);
#3921=ORIENTED_EDGE('',*,*,#5338,.T.);
#3922=ORIENTED_EDGE('',*,*,#5261,.T.);
#3923=ORIENTED_EDGE('',*,*,#5339,.T.);
#3924=ORIENTED_EDGE('',*,*,#5264,.T.);
#3925=ORIENTED_EDGE('',*,*,#5340,.T.);
#3926=ORIENTED_EDGE('',*,*,#5341,.T.);
#3927=ORIENTED_EDGE('',*,*,#5342,.T.);
#3928=ORIENTED_EDGE('',*,*,#5295,.T.);
#3929=ORIENTED_EDGE('',*,*,#5343,.T.);
#3930=ORIENTED_EDGE('',*,*,#5310,.T.);
#3931=ORIENTED_EDGE('',*,*,#5252,.T.);
#3932=ORIENTED_EDGE('',*,*,#5344,.T.);
#3933=CARTESIAN_POINT('',(-3.25,3.2362787881089E-15,18.2499999999999));
#3934=DIRECTION('',(1.0,1.43769899976529E-28,4.52654407012747E-17));
#3935=DIRECTION('',(-4.52654407012747E-17,1.56528480968663E-30,1.0));
#3936=SURFACE_STYLE_FILL_AREA(#5345);
#3937=ORIENTED_EDGE('',*,*,#5346,.F.);
#3938=ORIENTED_EDGE('',*,*,#5347,.F.);
#3939=ORIENTED_EDGE('',*,*,#5348,.F.);
#3940=ORIENTED_EDGE('',*,*,#5292,.F.);
#3941=ORIENTED_EDGE('',*,*,#5349,.F.);
#3942=ORIENTED_EDGE('',*,*,#5287,.F.);
#3943=ORIENTED_EDGE('',*,*,#5350,.T.);
#3944=ORIENTED_EDGE('',*,*,#5274,.T.);
#3945=ORIENTED_EDGE('',*,*,#5351,.T.);
#3946=ORIENTED_EDGE('',*,*,#5269,.T.);
#3947=ORIENTED_EDGE('',*,*,#5352,.T.);
#3948=ORIENTED_EDGE('',*,*,#5334,.T.);
#3949=CARTESIAN_POINT('',(-1.75,2.75063514485965E-15,-18.2500000000002));
#3950=DIRECTION('',(-1.0,-1.43769899976529E-28,-4.52654407012747E-17));
#3951=DIRECTION('',(4.52654407012747E-17,-1.56528480968663E-30,-1.0));
#3952=SURFACE_STYLE_FILL_AREA(#5353);
#3953=ORIENTED_EDGE('',*,*,#5317,.T.);
#3954=ORIENTED_EDGE('',*,*,#5313,.F.);
#3955=ORIENTED_EDGE('',*,*,#5318,.T.);
#3956=CARTESIAN_POINT('',(484.40303448854,2.99345696655417E-15,-10.5000000000001));
#3957=DIRECTION('',(1.0,1.43769899976529E-28,4.52654407012747E-17));
#3958=DIRECTION('',(-4.52654407012747E-17,1.25212019571249E-30,1.0));
#3959=SURFACE_STYLE_FILL_AREA(#5354);
#3960=ORIENTED_EDGE('',*,*,#5312,.T.);
#3961=ORIENTED_EDGE('',*,*,#5355,.T.);
#3962=ORIENTED_EDGE('',*,*,#5314,.T.);
#3963=ORIENTED_EDGE('',*,*,#5319,.T.);
#3964=CARTESIAN_POINT('',(-1.75,2.99345696648437E-15,-10.5000000000002));
#3965=DIRECTION('',(-1.0,-1.43769899976529E-28,-4.52654407012747E-17));
#3966=DIRECTION('',(-4.52654407012747E-17,1.12414548768804E-30,1.0));
#3967=SURFACE_STYLE_FILL_AREA(#5356);
#3968=ORIENTED_EDGE('',*,*,#5309,.T.);
#3969=ORIENTED_EDGE('',*,*,#5357,.T.);
#3970=ORIENTED_EDGE('',*,*,#5358,.T.);
#3971=ORIENTED_EDGE('',*,*,#5254,.T.);
#3972=ORIENTED_EDGE('',*,*,#5315,.F.);
#3973=ORIENTED_EDGE('',*,*,#5355,.F.);
#3974=CARTESIAN_POINT('',(-4.5,2.99345696648398E-15,-10.5000000000002));
#3975=DIRECTION('',(-1.0,-1.43769899976529E-28,-4.52654407012747E-17));
#3976=DIRECTION('',(4.52654407012747E-17,-1.56528480968663E-30,-1.0));
#3977=SURFACE_STYLE_FILL_AREA(#5359);
#3978=ORIENTED_EDGE('',*,*,#5308,.T.);
#3979=ORIENTED_EDGE('',*,*,#5343,.F.);
#3980=ORIENTED_EDGE('',*,*,#5360,.T.);
#3981=ORIENTED_EDGE('',*,*,#5357,.F.);
#3982=CARTESIAN_POINT('',(-4.5,2.99345696648398E-15,-10.5000000000002));
#3983=DIRECTION('',(1.0,1.43769899976529E-28,4.52654407012747E-17));
#3984=DIRECTION('',(-4.52654407012747E-17,7.90510706344563E-31,1.0));
#3985=SURFACE_STYLE_FILL_AREA(#5361);
#3986=ORIENTED_EDGE('',*,*,#5304,.T.);
#3987=ORIENTED_EDGE('',*,*,#5300,.F.);
#3988=ORIENTED_EDGE('',*,*,#5305,.T.);
#3989=CARTESIAN_POINT('',(484.40303448854,2.99345696655417E-15,12.4999999999999));
#3990=DIRECTION('',(1.0,1.43769899976529E-28,4.52654407012747E-17));
#3991=DIRECTION('',(-4.52654407012747E-17,1.25212019571249E-30,1.0));
#3992=SURFACE_STYLE_FILL_AREA(#5362);
#3993=ORIENTED_EDGE('',*,*,#5299,.T.);
#3994=ORIENTED_EDGE('',*,*,#5363,.T.);
#3995=ORIENTED_EDGE('',*,*,#5301,.T.);
#3996=ORIENTED_EDGE('',*,*,#5306,.T.);
#3997=CARTESIAN_POINT('',(-1.75,2.9934569664844E-15,12.4999999999998));
#3998=DIRECTION('',(-1.0,-1.43769899976529E-28,-4.52654407012747E-17));
#3999=DIRECTION('',(-4.52654407012747E-17,1.12414548768804E-30,1.0));
#4000=SURFACE_STYLE_FILL_AREA(#5364);
#4001=ORIENTED_EDGE('',*,*,#5297,.T.);
#4002=ORIENTED_EDGE('',*,*,#5365,.T.);
#4003=ORIENTED_EDGE('',*,*,#5302,.F.);
#4004=ORIENTED_EDGE('',*,*,#5363,.F.);
#4005=CARTESIAN_POINT('',(-4.5,2.99345696648401E-15,12.4999999999998));
#4006=DIRECTION('',(-1.0,-1.43769899976529E-28,-4.52654407012747E-17));
#4007=DIRECTION('',(4.52654407012747E-17,-1.56528480968663E-30,-1.0));
#4008=SURFACE_STYLE_FILL_AREA(#5366);
#4009=ORIENTED_EDGE('',*,*,#5294,.T.);
#4010=ORIENTED_EDGE('',*,*,#5365,.F.);
#4011=ORIENTED_EDGE('',*,*,#5296,.T.);
#4012=ORIENTED_EDGE('',*,*,#5342,.F.);
#4013=CARTESIAN_POINT('',(-4.5,2.99345696648401E-15,12.4999999999998));
#4014=DIRECTION('',(1.0,1.43769899976529E-28,4.52654407012747E-17));
#4015=DIRECTION('',(-4.52654407012747E-17,7.90510706344563E-31,1.0));
#4016=SURFACE_STYLE_FILL_AREA(#5367);
#4017=ORIENTED_EDGE('',*,*,#5368,.T.);
#4018=ORIENTED_EDGE('',*,*,#5282,.T.);
#4019=ORIENTED_EDGE('',*,*,#5369,.T.);
#4020=ORIENTED_EDGE('',*,*,#5370,.T.);
#4021=ORIENTED_EDGE('',*,*,#5371,.T.);
#4022=ORIENTED_EDGE('',*,*,#5279,.T.);
#4023=CARTESIAN_POINT('',(-22.25,2.75063514485671E-15,-18.2500000000002));
#4024=DIRECTION('',(-1.0,-1.43769899976529E-28,-4.52654407012747E-17));
#4025=DIRECTION('',(4.52654407012747E-17,-1.56528480968663E-30,-1.0));
#4026=SURFACE_STYLE_FILL_AREA(#5372);
#4027=ORIENTED_EDGE('',*,*,#5373,.T.);
#4028=ORIENTED_EDGE('',*,*,#5374,.T.);
#4029=ORIENTED_EDGE('',*,*,#5375,.F.);
#4030=ORIENTED_EDGE('',*,*,#5347,.T.);
#4031=CARTESIAN_POINT('',(-1.75,8.75,-1.49783482029195E-13));
#4032=DIRECTION('',(-1.43769899976529E-28,1.0,-1.16551662124388E-30));
#4033=DIRECTION('',(4.52654407012747E-17,-1.16551662124387E-30,-1.0));
#4034=SURFACE_STYLE_FILL_AREA(#5376);
#4035=ORIENTED_EDGE('',*,*,#5290,.T.);
#4036=ORIENTED_EDGE('',*,*,#5348,.T.);
#4037=ORIENTED_EDGE('',*,*,#5375,.T.);
#4038=ORIENTED_EDGE('',*,*,#5377,.T.);
#4039=CARTESIAN_POINT('',(-1.75,3.23627878810913E-15,18.2499999999999));
#4040=DIRECTION('',(-1.0,-1.43769899976529E-28,-4.52654407012747E-17));
#4041=DIRECTION('',(4.52654407012747E-17,-1.43850359277611E-30,-1.0));
#4042=SURFACE_STYLE_FILL_AREA(#5378);
#4043=ORIENTED_EDGE('',*,*,#5291,.T.);
#4044=ORIENTED_EDGE('',*,*,#5379,.T.);
#4045=ORIENTED_EDGE('',*,*,#5288,.F.);
#4046=ORIENTED_EDGE('',*,*,#5349,.T.);
#4047=CARTESIAN_POINT('',(-1.75,-8.75,-1.48659981034291E-13));
#4048=DIRECTION('',(1.43769899976529E-28,-1.0,1.22460635382239E-16));
#4049=DIRECTION('',(-4.52654407012747E-17,1.22460635382239E-16,1.0));
#4050=SURFACE_STYLE_FILL_AREA(#5380);
#4051=ORIENTED_EDGE('',*,*,#5286,.T.);
#4052=ORIENTED_EDGE('',*,*,#5381,.T.);
#4053=ORIENTED_EDGE('',*,*,#5373,.F.);
#4054=ORIENTED_EDGE('',*,*,#5346,.T.);
#4055=CARTESIAN_POINT('',(-1.75,2.75063514485965E-15,-18.2500000000002));
#4056=DIRECTION('',(-1.0,-1.43769899976529E-28,-4.52654407012747E-17));
#4057=DIRECTION('',(4.52654407012747E-17,-1.43850359277611E-30,-1.0));
#4058=SURFACE_STYLE_FILL_AREA(#5382);
#4059=ORIENTED_EDGE('',*,*,#5281,.T.);
#4060=ORIENTED_EDGE('',*,*,#5377,.F.);
#4061=ORIENTED_EDGE('',*,*,#5383,.T.);
#4062=ORIENTED_EDGE('',*,*,#5369,.F.);
#4063=CARTESIAN_POINT('',(-21.95,3.23627878810621E-15,18.2499999999998));
#4064=DIRECTION('',(-1.0,-1.43769899976529E-28,-4.52654407012747E-17));
#4065=DIRECTION('',(4.52654407012747E-17,-1.26946197022875E-30,-1.0));
#4066=SURFACE_STYLE_FILL_AREA(#5384);
#4067=ORIENTED_EDGE('',*,*,#5385,.T.);
#4068=ORIENTED_EDGE('',*,*,#5370,.F.);
#4069=ORIENTED_EDGE('',*,*,#5383,.F.);
#4070=ORIENTED_EDGE('',*,*,#5374,.F.);
#4071=CARTESIAN_POINT('',(-21.95,8.45,-18.2500000000002));
#4072=DIRECTION('',(4.52654407012747E-17,-1.26946197022875E-30,-1.0));
#4073=DIRECTION('',(1.0,1.43802769180914E-28,4.52654407012747E-17));
#4074=SURFACE_STYLE_FILL_AREA(#5386);
#4075=ORIENTED_EDGE('',*,*,#5278,.T.);
#4076=ORIENTED_EDGE('',*,*,#5379,.F.);
#4077=ORIENTED_EDGE('',*,*,#5283,.F.);
#4078=ORIENTED_EDGE('',*,*,#5368,.F.);
#4079=CARTESIAN_POINT('',(-21.95,-8.45,-18.2500000000002));
#4080=DIRECTION('',(-4.52654407012747E-17,1.22460635382239E-16,1.0));
#4081=DIRECTION('',(-1.43802769180914E-28,1.0,-1.22460635382239E-16));
#4082=SURFACE_STYLE_FILL_AREA(#5387);
#4083=ORIENTED_EDGE('',*,*,#5276,.T.);
#4084=ORIENTED_EDGE('',*,*,#5371,.F.);
#4085=ORIENTED_EDGE('',*,*,#5385,.F.);
#4086=ORIENTED_EDGE('',*,*,#5381,.F.);
#4087=CARTESIAN_POINT('',(-21.95,2.75063514485675E-15,-18.2500000000002));
#4088=DIRECTION('',(-1.0,-1.43769899976529E-28,-4.52654407012747E-17));
#4089=DIRECTION('',(4.52654407012747E-17,-1.26946197022875E-30,-1.0));
#4090=SURFACE_STYLE_FILL_AREA(#5388);
#4091=ORIENTED_EDGE('',*,*,#5273,.T.);
#4092=ORIENTED_EDGE('',*,*,#5389,.T.);
#4093=ORIENTED_EDGE('',*,*,#5270,.T.);
#4094=ORIENTED_EDGE('',*,*,#5351,.F.);
#4095=CARTESIAN_POINT('',(-3.25,-7.5,-1.50545269580638E-13));
#4096=DIRECTION('',(0.5,0.866025403784439,-8.34213008539646E-17));
#4097=DIRECTION('',(-4.52654407012753E-17,1.22460635382239E-16,1.0));
#4098=SURFACE_STYLE_FILL_AREA(#5390);
#4099=ORIENTED_EDGE('',*,*,#5272,.T.);
#4100=ORIENTED_EDGE('',*,*,#5350,.F.);
#4101=ORIENTED_EDGE('',*,*,#5333,.T.);
#4102=ORIENTED_EDGE('',*,*,#5391,.T.);
#4103=CARTESIAN_POINT('',(-3.25,2.75063514485943E-15,-18.2500000000002));
#4104=DIRECTION('',(1.0,1.43769899976529E-28,4.52654407012747E-17));
#4105=DIRECTION('',(-4.52654407012747E-17,1.13798515269191E-30,1.0));
#4106=SURFACE_STYLE_FILL_AREA(#5392);
#4107=ORIENTED_EDGE('',*,*,#5268,.T.);
#4108=ORIENTED_EDGE('',*,*,#5393,.T.);
#4109=ORIENTED_EDGE('',*,*,#5331,.T.);
#4110=ORIENTED_EDGE('',*,*,#5352,.F.);
#4111=CARTESIAN_POINT('',(-3.25,3.2362787881089E-15,18.2499999999999));
#4112=DIRECTION('',(1.0,1.43769899976529E-28,4.52654407012747E-17));
#4113=DIRECTION('',(-4.52654407012747E-17,1.13798515269191E-30,1.0));
#4114=SURFACE_STYLE_FILL_AREA(#5394);
#4115=ORIENTED_EDGE('',*,*,#5260,.T.);
#4116=ORIENTED_EDGE('',*,*,#5389,.F.);
#4117=ORIENTED_EDGE('',*,*,#5265,.T.);
#4118=ORIENTED_EDGE('',*,*,#5339,.F.);
#4119=CARTESIAN_POINT('',(-2.95,-7.32679491924311,18.2499999999999));
#4120=DIRECTION('',(-4.52654407012747E-17,1.22460635382239E-16,1.0));
#4121=DIRECTION('',(-1.43802769180914E-28,1.0,-1.22460635382239E-16));
#4122=SURFACE_STYLE_FILL_AREA(#5395);
#4123=ORIENTED_EDGE('',*,*,#5263,.T.);
#4124=ORIENTED_EDGE('',*,*,#5391,.F.);
#4125=ORIENTED_EDGE('',*,*,#5396,.T.);
#4126=ORIENTED_EDGE('',*,*,#5340,.F.);
#4127=CARTESIAN_POINT('',(-2.95,2.75063514485948E-15,-18.2500000000002));
#4128=DIRECTION('',(1.0,1.43769899976529E-28,4.52654407012747E-17));
#4129=DIRECTION('',(-4.52654407012747E-17,1.26946197022875E-30,1.0));
#4130=SURFACE_STYLE_FILL_AREA(#5397);
#4131=ORIENTED_EDGE('',*,*,#5258,.T.);
#4132=ORIENTED_EDGE('',*,*,#5338,.F.);
#4133=ORIENTED_EDGE('',*,*,#5398,.T.);
#4134=ORIENTED_EDGE('',*,*,#5393,.F.);
#4135=CARTESIAN_POINT('',(-2.95,3.23627878810895E-15,18.2499999999999));
#4136=DIRECTION('',(1.0,1.43769899976529E-28,4.52654407012747E-17));
#4137=DIRECTION('',(-4.52654407012747E-17,1.26946197022875E-30,1.0));
#4138=SURFACE_STYLE_FILL_AREA(#5399);
#4139=ORIENTED_EDGE('',*,*,#5396,.F.);
#4140=ORIENTED_EDGE('',*,*,#5332,.F.);
#4141=ORIENTED_EDGE('',*,*,#5398,.F.);
#4142=ORIENTED_EDGE('',*,*,#5341,.F.);
#4143=CARTESIAN_POINT('',(-2.95,7.32679491924311,18.2499999999999));
#4144=DIRECTION('',(4.52654407012747E-17,-1.26946197022875E-30,-1.0));
#4145=DIRECTION('',(1.0,1.43802769180914E-28,4.52654407012747E-17));
#4146=SURFACE_STYLE_FILL_AREA(#5400);
#4147=ORIENTED_EDGE('',*,*,#5251,.T.);
#4148=ORIENTED_EDGE('',*,*,#5401,.F.);
#4149=ORIENTED_EDGE('',*,*,#5255,.T.);
#4150=ORIENTED_EDGE('',*,*,#5358,.F.);
#4151=ORIENTED_EDGE('',*,*,#5360,.F.);
#4152=ORIENTED_EDGE('',*,*,#5344,.F.);
#4153=CARTESIAN_POINT('',(-6.5,2.9934569664837E-15,-1.50692382262917E-13));
#4154=DIRECTION('',(1.0,1.43769899976529E-28,4.52654407012747E-17));
#4155=DIRECTION('',(-4.52654407012747E-17,7.90510706344563E-31,1.0));
#4156=SURFACE_STYLE_FILL_AREA(#5402);
#4157=ORIENTED_EDGE('',*,*,#5256,.T.);
#4158=ORIENTED_EDGE('',*,*,#5401,.T.);
#4159=ORIENTED_EDGE('',*,*,#5324,.F.);
#4160=ORIENTED_EDGE('',*,*,#5336,.F.);
#4161=CARTESIAN_POINT('',(-6.5,2.9934569664837E-15,-1.50692382262917E-13));
#4162=DIRECTION('',(-1.0,-1.43769899976529E-28,-4.52654407012747E-17));
#4163=DIRECTION('',(4.52654407012747E-17,-1.56528480968663E-30,-1.0));
#4164=SURFACE_STYLE_FILL_AREA(#5403);
#4165=SURFACE_STYLE_FILL_AREA(#5404);
#4166=ORIENTED_EDGE('',*,*,#5405,.F.);
#4167=ORIENTED_EDGE('',*,*,#5406,.F.);
#4168=ORIENTED_EDGE('',*,*,#5407,.F.);
#4169=ORIENTED_EDGE('',*,*,#5408,.F.);
#4170=CARTESIAN_POINT('',(-16.75,6.89137016630796E-12,3.77011276182329E-13));
#4171=DIRECTION('',(1.0,-2.93708597264625E-13,-2.24796906138236E-14));
#4172=DIRECTION('',(-2.24796906138338E-14,-3.45958282248106E-14,-1.0));
#4173=SURFACE_STYLE_FILL_AREA(#5409);
#4174=ORIENTED_EDGE('',*,*,#5410,.F.);
#4175=ORIENTED_EDGE('',*,*,#5411,.T.);
#4176=ORIENTED_EDGE('',*,*,#5412,.F.);
#4177=ORIENTED_EDGE('',*,*,#5413,.F.);
#4178=CARTESIAN_POINT('',(-7.75,4.24799279092634E-12,1.74694060657916E-13));
#4179=DIRECTION('',(-1.0,2.93708597264625E-13,2.24796906138236E-14));
#4180=DIRECTION('',(2.24796906138338E-14,3.45958282248106E-14,1.0));
#4181=SURFACE_STYLE_FILL_AREA(#5414);
#4182=ORIENTED_EDGE('',*,*,#5415,.F.);
#4183=ORIENTED_EDGE('',*,*,#5416,.T.);
#4184=ORIENTED_EDGE('',*,*,#5417,.F.);
#4185=ORIENTED_EDGE('',*,*,#5418,.T.);
#4186=CARTESIAN_POINT('',(-6.75,3.95428419366172E-12,1.52214370044093E-13));
#4187=DIRECTION('',(-1.0,2.93708597264624E-13,2.24796906138236E-14));
#4188=DIRECTION('',(2.24796906138338E-14,3.45958282248106E-14,1.0));
#4189=SURFACE_STYLE_FILL_AREA(#5419);
#4190=ORIENTED_EDGE('',*,*,#5420,.F.);
#4191=ORIENTED_EDGE('',*,*,#5421,.T.);
#4192=ORIENTED_EDGE('',*,*,#5422,.F.);
#4193=ORIENTED_EDGE('',*,*,#5423,.T.);
#4194=CARTESIAN_POINT('',(5.25,4.29781026486223E-13,-1.17541917321791E-13));
#4195=DIRECTION('',(-1.0,2.93708597264625E-13,2.24796906138236E-14));
#4196=DIRECTION('',(2.24796906138338E-14,3.45958282248106E-14,1.0));
#4197=SURFACE_STYLE_FILL_AREA(#5424);
#4198=ORIENTED_EDGE('',*,*,#5425,.F.);
#4199=ORIENTED_EDGE('',*,*,#5426,.F.);
#4200=ORIENTED_EDGE('',*,*,#5427,.F.);
#4201=ORIENTED_EDGE('',*,*,#5408,.T.);
#4202=CARTESIAN_POINT('',(-6.75,3.95428419366172E-12,1.52214370044093E-13));
#4203=DIRECTION('',(-1.0,2.93708597264624E-13,2.24796906138236E-14));
#4204=DIRECTION('',(2.24796906138338E-14,3.45958282248106E-14,1.0));
#4205=SURFACE_STYLE_FILL_AREA(#5428);
#4206=ORIENTED_EDGE('',*,*,#5429,.F.);
#4207=ORIENTED_EDGE('',*,*,#5430,.F.);
#4208=ORIENTED_EDGE('',*,*,#5431,.F.);
#4209=ORIENTED_EDGE('',*,*,#5432,.T.);
#4210=ORIENTED_EDGE('',*,*,#5433,.T.);
#4211=ORIENTED_EDGE('',*,*,#5434,.T.);
#4212=CARTESIAN_POINT('',(24.25,-5.15068232154164E-12,-5.44656038984439E-13));
#4213=DIRECTION('',(-1.0,2.93708597264625E-13,2.24796906138236E-14));
#4214=DIRECTION('',(2.24796906138338E-14,3.45958282248106E-14,1.0));
#4215=SURFACE_STYLE_FILL_AREA(#5435);
#4216=ORIENTED_EDGE('',*,*,#5436,.F.);
#4217=ORIENTED_EDGE('',*,*,#5416,.F.);
#4218=ORIENTED_EDGE('',*,*,#5437,.F.);
#4219=ORIENTED_EDGE('',*,*,#5423,.F.);
#4220=CARTESIAN_POINT('',(-6.25,3.8074298950294E-12,1.40974524737181E-13));
#4221=DIRECTION('',(1.0,-2.93708597264625E-13,-2.24796906138236E-14));
#4222=DIRECTION('',(-2.24796906138338E-14,-3.45958282248106E-14,-1.0));
#4223=SURFACE_STYLE_FILL_AREA(#5438);
#4224=ORIENTED_EDGE('',*,*,#5434,.F.);
#4225=ORIENTED_EDGE('',*,*,#5439,.F.);
#4226=ORIENTED_EDGE('',*,*,#5440,.F.);
#4227=ORIENTED_EDGE('',*,*,#5441,.T.);
#4228=ORIENTED_EDGE('',*,*,#5442,.F.);
#4229=CARTESIAN_POINT('',(-16.7499999999999,7.02975347920721E-12,4.00000000000038));
#4230=DIRECTION('',(-2.24796906138338E-14,-3.45345979071195E-14,-1.0));
#4231=DIRECTION('',(2.93708597264624E-13,1.0,-3.45345979071261E-14));
#4232=SURFACE_STYLE_FILL_AREA(#5443);
#4233=ORIENTED_EDGE('',*,*,#5444,.F.);
#4234=ORIENTED_EDGE('',*,*,#5441,.F.);
#4235=ORIENTED_EDGE('',*,*,#5445,.F.);
#4236=ORIENTED_EDGE('',*,*,#5446,.T.);
#4237=CARTESIAN_POINT('',(-16.7500000000012,-3.99999999999311,5.15105468502268E-13));
#4238=DIRECTION('',(2.93708597264624E-13,1.0,-3.48407494955817E-14));
#4239=DIRECTION('',(2.24796906138339E-14,3.48407494955751E-14,1.0));
#4240=SURFACE_STYLE_FILL_AREA(#5447);
#4241=ORIENTED_EDGE('',*,*,#5433,.F.);
#4242=ORIENTED_EDGE('',*,*,#5448,.F.);
#4243=ORIENTED_EDGE('',*,*,#5449,.F.);
#4244=ORIENTED_EDGE('',*,*,#5439,.T.);
#4245=CARTESIAN_POINT('',(-16.7499999999988,4.00000000000689,2.38338842703731E-13));
#4246=DIRECTION('',(-2.93708597264624E-13,-1.0,3.47182888601995E-14));
#4247=DIRECTION('',(-2.24796906138338E-14,-3.47182888601929E-14,-1.0));
#4248=SURFACE_STYLE_FILL_AREA(#5450);
#4249=ORIENTED_EDGE('',*,*,#5436,.T.);
#4250=ORIENTED_EDGE('',*,*,#5451,.F.);
#4251=ORIENTED_EDGE('',*,*,#5437,.T.);
#4252=ORIENTED_EDGE('',*,*,#5452,.F.);
#4253=CARTESIAN_POINT('',(-6.25,3.8074298950294E-12,1.40974524737181E-13));
#4254=DIRECTION('',(1.0,-2.93708597264625E-13,-2.24796906138236E-14));
#4255=DIRECTION('',(-2.24796906138338E-14,-3.45958282248106E-14,-1.0));
#4256=SURFACE_STYLE_FILL_AREA(#5453);
#4257=ORIENTED_EDGE('',*,*,#5429,.T.);
#4258=ORIENTED_EDGE('',*,*,#5442,.T.);
#4259=ORIENTED_EDGE('',*,*,#5444,.T.);
#4260=ORIENTED_EDGE('',*,*,#5454,.T.);
#4261=ORIENTED_EDGE('',*,*,#5431,.T.);
#4262=ORIENTED_EDGE('',*,*,#5455,.F.);
#4263=CARTESIAN_POINT('',(24.25,-5.15068232154164E-12,-5.44656038984439E-13));
#4264=DIRECTION('',(-1.0,2.93708597264625E-13,2.24796906138236E-14));
#4265=DIRECTION('',(2.24796906138338E-14,3.45958282248106E-14,1.0));
#4266=SURFACE_STYLE_FILL_AREA(#5456);
#4267=ORIENTED_EDGE('',*,*,#5425,.T.);
#4268=ORIENTED_EDGE('',*,*,#5457,.T.);
#4269=ORIENTED_EDGE('',*,*,#5427,.T.);
#4270=ORIENTED_EDGE('',*,*,#5458,.F.);
#4271=CARTESIAN_POINT('',(-6.75,3.95428419366172E-12,1.52214370044093E-13));
#4272=DIRECTION('',(-1.0,2.93708597264624E-13,2.24796906138236E-14));
#4273=DIRECTION('',(2.24796906138338E-14,3.45958282248106E-14,1.0));
#4274=SURFACE_STYLE_FILL_AREA(#5459);
#4275=ORIENTED_EDGE('',*,*,#5420,.T.);
#4276=ORIENTED_EDGE('',*,*,#5451,.T.);
#4277=ORIENTED_EDGE('',*,*,#5422,.T.);
#4278=ORIENTED_EDGE('',*,*,#5460,.T.);
#4279=CARTESIAN_POINT('',(5.25,4.29781026486223E-13,-1.17541917321791E-13));
#4280=DIRECTION('',(-1.0,2.93708597264625E-13,2.24796906138236E-14));
#4281=DIRECTION('',(2.24796906138338E-14,3.45958282248106E-14,1.0));
#4282=SURFACE_STYLE_FILL_AREA(#5461);
#4283=ORIENTED_EDGE('',*,*,#5454,.F.);
#4284=ORIENTED_EDGE('',*,*,#5446,.F.);
#4285=ORIENTED_EDGE('',*,*,#5462,.F.);
#4286=ORIENTED_EDGE('',*,*,#5448,.T.);
#4287=ORIENTED_EDGE('',*,*,#5432,.F.);
#4288=CARTESIAN_POINT('',(-16.7500000000001,6.75298685340872E-12,-3.99999999999962));
#4289=DIRECTION('',(2.24796906138337E-14,3.44121372717373E-14,1.0));
#4290=DIRECTION('',(-2.93708597264624E-13,-1.0,3.44121372717439E-14));
#4291=SURFACE_STYLE_FILL_AREA(#5463);
#4292=ORIENTED_EDGE('',*,*,#5415,.T.);
#4293=ORIENTED_EDGE('',*,*,#5464,.T.);
#4294=ORIENTED_EDGE('',*,*,#5417,.T.);
#4295=ORIENTED_EDGE('',*,*,#5452,.T.);
#4296=CARTESIAN_POINT('',(-6.75,3.95428419366172E-12,1.52214370044093E-13));
#4297=DIRECTION('',(-1.0,2.93708597264624E-13,2.24796906138236E-14));
#4298=DIRECTION('',(2.24796906138338E-14,3.45958282248106E-14,1.0));
#4299=SURFACE_STYLE_FILL_AREA(#5465);
#4300=ORIENTED_EDGE('',*,*,#5449,.T.);
#4301=ORIENTED_EDGE('',*,*,#5462,.T.);
#4302=ORIENTED_EDGE('',*,*,#5445,.T.);
#4303=ORIENTED_EDGE('',*,*,#5440,.T.);
#4304=ORIENTED_EDGE('',*,*,#5421,.F.);
#4305=ORIENTED_EDGE('',*,*,#5460,.F.);
#4306=CARTESIAN_POINT('',(5.25,4.29781026486223E-13,-1.17541917321791E-13));
#4307=DIRECTION('',(-1.0,2.93708597264625E-13,2.24796906138236E-14));
#4308=DIRECTION('',(2.24796906138338E-14,3.45958282248106E-14,1.0));
#4309=SURFACE_STYLE_FILL_AREA(#5466);
#4310=ORIENTED_EDGE('',*,*,#5410,.T.);
#4311=ORIENTED_EDGE('',*,*,#5467,.F.);
#4312=ORIENTED_EDGE('',*,*,#5412,.T.);
#4313=ORIENTED_EDGE('',*,*,#5468,.T.);
#4314=CARTESIAN_POINT('',(-7.75,4.24799279092634E-12,1.74694060657916E-13));
#4315=DIRECTION('',(-1.0,2.93708597264625E-13,2.24796906138236E-14));
#4316=DIRECTION('',(2.24796906138338E-14,3.45958282248106E-14,1.0));
#4317=SURFACE_STYLE_FILL_AREA(#5469);
#4318=ORIENTED_EDGE('',*,*,#5411,.F.);
#4319=ORIENTED_EDGE('',*,*,#5468,.F.);
#4320=ORIENTED_EDGE('',*,*,#5464,.F.);
#4321=ORIENTED_EDGE('',*,*,#5418,.F.);
#4322=CARTESIAN_POINT('',(-7.75,4.24799279092634E-12,1.74694060657916E-13));
#4323=DIRECTION('',(-1.0,2.93708597264625E-13,2.24796906138236E-14));
#4324=DIRECTION('',(2.24796906138338E-14,3.45958282248106E-14,1.0));
#4325=SURFACE_STYLE_FILL_AREA(#5470);
#4326=ORIENTED_EDGE('',*,*,#5413,.T.);
#4327=ORIENTED_EDGE('',*,*,#5467,.T.);
#4328=ORIENTED_EDGE('',*,*,#5458,.T.);
#4329=ORIENTED_EDGE('',*,*,#5426,.T.);
#4330=CARTESIAN_POINT('',(-11.75,5.42282717998484E-12,2.64612823113211E-13));
#4331=DIRECTION('',(-1.0,2.93708597264625E-13,2.24796906138236E-14));
#4332=DIRECTION('',(2.24796906138338E-14,3.45958282248106E-14,1.0));
#4333=SURFACE_STYLE_FILL_AREA(#5471);
#4334=ORIENTED_EDGE('',*,*,#5406,.T.);
#4335=ORIENTED_EDGE('',*,*,#5472,.T.);
#4336=CARTESIAN_POINT('',(-16.75,6.89137016630796E-12,3.77011276182329E-13));
#4337=DIRECTION('',(-1.0,2.93708597264625E-13,2.24796906138236E-14));
#4338=DIRECTION('',(2.24796906138338E-14,3.45958282248106E-14,1.0));
#4339=SURFACE_STYLE_FILL_AREA(#5473);
#4340=ORIENTED_EDGE('',*,*,#5405,.T.);
#4341=ORIENTED_EDGE('',*,*,#5457,.F.);
#4342=ORIENTED_EDGE('',*,*,#5407,.T.);
#4343=ORIENTED_EDGE('',*,*,#5472,.F.);
#4344=CARTESIAN_POINT('',(-16.75,6.89137016630796E-12,3.77011276182329E-13));
#4345=DIRECTION('',(1.0,-2.93708597264625E-13,-2.24796906138236E-14));
#4346=DIRECTION('',(-2.24796906138338E-14,-3.45958282248106E-14,-1.0));
#4347=SURFACE_STYLE_FILL_AREA(#5474);
#4348=ORIENTED_EDGE('',*,*,#5430,.T.);
#4349=ORIENTED_EDGE('',*,*,#5455,.T.);
#4350=CARTESIAN_POINT('',(24.25,-5.15068232154164E-12,-5.44656038984439E-13));
#4351=DIRECTION('',(-1.0,2.93708597264625E-13,2.24796906138236E-14));
#4352=DIRECTION('',(2.24796906138338E-14,3.45958282248106E-14,1.0));
#4353=SURFACE_STYLE_FILL_AREA(#5475);
#4354=SURFACE_STYLE_FILL_AREA(#5476);
#4355=ORIENTED_EDGE('',*,*,#5477,.F.);
#4356=ORIENTED_EDGE('',*,*,#5478,.T.);
#4357=ORIENTED_EDGE('',*,*,#5479,.T.);
#4358=ORIENTED_EDGE('',*,*,#5480,.T.);
#4359=CARTESIAN_POINT('',(-9.73333215279149E-29,-6.43080715330438E-14,18.2499999999998));
#4360=DIRECTION('',(-1.0,1.51159826435063E-15,-4.62223186652937E-33));
#4361=DIRECTION('',(-4.59543208044523E-30,-3.0370568403311E-15,1.0));
#4362=SURFACE_STYLE_FILL_AREA(#5481);
#4363=ORIENTED_EDGE('',*,*,#5482,.F.);
#4364=ORIENTED_EDGE('',*,*,#5483,.T.);
#4365=ORIENTED_EDGE('',*,*,#5484,.F.);
#4366=ORIENTED_EDGE('',*,*,#5485,.T.);
#4367=CARTESIAN_POINT('',(7.04228803479909E-29,4.65445031390414E-14,-18.2500000000002));
#4368=DIRECTION('',(-1.0,1.51159826435063E-15,-4.62223186652937E-33));
#4369=DIRECTION('',(-4.59543208044523E-30,-3.0370568403311E-15,1.0));
#4370=SURFACE_STYLE_FILL_AREA(#5486);
#4371=ORIENTED_EDGE('',*,*,#5487,.F.);
#4372=ORIENTED_EDGE('',*,*,#5488,.T.);
#4373=ORIENTED_EDGE('',*,*,#5489,.F.);
#4374=ORIENTED_EDGE('',*,*,#5490,.F.);
#4375=CARTESIAN_POINT('',(-2.0,-5.85858766829999E-15,-1.60427227058335E-13));
#4376=DIRECTION('',(1.0,-1.51159826435063E-15,4.62223186652978E-33));
#4377=DIRECTION('',(4.59543208044523E-30,3.0370568403311E-15,-1.0));
#4378=SURFACE_STYLE_FILL_AREA(#5491);
#4379=ORIENTED_EDGE('',*,*,#5492,.F.);
#4380=ORIENTED_EDGE('',*,*,#5493,.T.);
#4381=ORIENTED_EDGE('',*,*,#5494,.F.);
#4382=ORIENTED_EDGE('',*,*,#5495,.T.);
#4383=CARTESIAN_POINT('',(-3.25,-4.19323003420005E-14,12.4999999999998));
#4384=DIRECTION('',(1.0,-1.51159826435063E-15,4.62223186652857E-33));
#4385=DIRECTION('',(-4.59543208044523E-30,-3.0370568403311E-15,1.0));
#4386=SURFACE_STYLE_FILL_AREA(#5496);
#4387=ORIENTED_EDGE('',*,*,#5497,.F.);
#4388=ORIENTED_EDGE('',*,*,#5498,.T.);
#4389=ORIENTED_EDGE('',*,*,#5499,.F.);
#4390=ORIENTED_EDGE('',*,*,#5500,.T.);
#4391=CARTESIAN_POINT('',(-3.25,2.79200069856149E-14,-10.5000000000002));
#4392=DIRECTION('',(1.0,-1.51159826435063E-15,4.62223186652857E-33));
#4393=DIRECTION('',(-4.59543208044523E-30,-3.0370568403311E-15,1.0));
#4394=SURFACE_STYLE_FILL_AREA(#5501);
#4395=ORIENTED_EDGE('',*,*,#5502,.F.);
#4396=ORIENTED_EDGE('',*,*,#5503,.T.);
#4397=ORIENTED_EDGE('',*,*,#5504,.F.);
#4398=ORIENTED_EDGE('',*,*,#5505,.T.);
#4399=CARTESIAN_POINT('',(-3.25,-3.9690898378617E-15,-1.60427227058335E-13));
#4400=DIRECTION('',(-1.0,1.51159826435063E-15,-4.62223186652863E-33));
#4401=DIRECTION('',(-4.59543208044523E-30,-3.0370568403311E-15,1.0));
#4402=SURFACE_STYLE_FILL_AREA(#5506);
#4403=ORIENTED_EDGE('',*,*,#5507,.F.);
#4404=ORIENTED_EDGE('',*,*,#5508,.T.);
#4405=ORIENTED_EDGE('',*,*,#5509,.F.);
#4406=ORIENTED_EDGE('',*,*,#5510,.T.);
#4407=CARTESIAN_POINT('',(-3.25,6.1327632229257E-14,-21.5000000000002));
#4408=DIRECTION('',(1.0,-1.51159826435063E-15,4.62223186653026E-33));
#4409=DIRECTION('',(-4.59543208044523E-30,-3.0370568403311E-15,1.0));
#4410=SURFACE_STYLE_FILL_AREA(#5511);
#4411=ORIENTED_EDGE('',*,*,#5512,.F.);
#4412=ORIENTED_EDGE('',*,*,#5513,.F.);
#4413=ORIENTED_EDGE('',*,*,#5514,.F.);
#4414=ORIENTED_EDGE('',*,*,#5515,.F.);
#4415=CARTESIAN_POINT('',(-1.3,5.83800156137733E-14,-21.5000000000002));
#4416=DIRECTION('',(-1.0,1.51159826435063E-15,-4.62223186653026E-33));
#4417=DIRECTION('',(-4.59543208044523E-30,-3.0370568403311E-15,1.0));
#4418=SURFACE_STYLE_FILL_AREA(#5516);
#4419=ORIENTED_EDGE('',*,*,#5517,.F.);
#4420=ORIENTED_EDGE('',*,*,#5518,.F.);
#4421=ORIENTED_EDGE('',*,*,#5519,.F.);
#4422=ORIENTED_EDGE('',*,*,#5513,.T.);
#4423=CARTESIAN_POINT('',(-2.55,6.02695134442115E-14,-21.5000000000002));
#4424=DIRECTION('',(-1.0,1.51159826435063E-15,-4.62223186652857E-33));
#4425=DIRECTION('',(-4.59543208044523E-30,-3.0370568403311E-15,1.0));
#4426=SURFACE_STYLE_FILL_AREA(#5520);
#4427=ORIENTED_EDGE('',*,*,#5521,.F.);
#4428=ORIENTED_EDGE('',*,*,#5480,.F.);
#4429=ORIENTED_EDGE('',*,*,#5522,.F.);
#4430=ORIENTED_EDGE('',*,*,#5523,.F.);
#4431=CARTESIAN_POINT('',(-1.63196601125012,-6.1841194542959E-14,18.2499999999998));
#4432=DIRECTION('',(-1.0,1.51159826435063E-15,-4.62223186652937E-33));
#4433=DIRECTION('',(-4.59543208044523E-30,-3.0370568403311E-15,1.0));
#4434=SURFACE_STYLE_FILL_AREA(#5524);
#4435=ORIENTED_EDGE('',*,*,#5525,.F.);
#4436=ORIENTED_EDGE('',*,*,#5526,.F.);
#4437=ORIENTED_EDGE('',*,*,#5527,.T.);
#4438=ORIENTED_EDGE('',*,*,#5483,.F.);
#4439=CARTESIAN_POINT('',(-1.63196601125012,4.90113801291263E-14,-18.2500000000002));
#4440=DIRECTION('',(-1.0,1.51159826435063E-15,-4.62223186652937E-33));
#4441=DIRECTION('',(-4.59543208044523E-30,-3.0370568403311E-15,1.0));
#4442=SURFACE_STYLE_FILL_AREA(#5528);
#4443=ORIENTED_EDGE('',*,*,#5529,.F.);
#4444=ORIENTED_EDGE('',*,*,#5530,.F.);
#4445=ORIENTED_EDGE('',*,*,#5531,.F.);
#4446=ORIENTED_EDGE('',*,*,#5532,.F.);
#4447=CARTESIAN_POINT('',(-5.95,1.12225475884996E-16,-1.60427227058335E-13));
#4448=DIRECTION('',(-1.0,1.51159826435063E-15,-4.62223186652934E-33));
#4449=DIRECTION('',(-4.59543208044523E-30,-3.0370568403311E-15,1.0));
#4450=SURFACE_STYLE_FILL_AREA(#5533);
#4451=ORIENTED_EDGE('',*,*,#5534,.F.);
#4452=ORIENTED_EDGE('',*,*,#5505,.F.);
#4453=ORIENTED_EDGE('',*,*,#5535,.F.);
#4454=ORIENTED_EDGE('',*,*,#5536,.F.);
#4455=CARTESIAN_POINT('',(-5.95,1.12225475884996E-16,-1.60427227058335E-13));
#4456=DIRECTION('',(-1.0,1.51159826435063E-15,-4.62223186652993E-33));
#4457=DIRECTION('',(-4.59543208044523E-30,-3.0370568403311E-15,1.0));
#4458=SURFACE_STYLE_FILL_AREA(#5537);
#4459=ORIENTED_EDGE('',*,*,#5538,.F.);
#4460=ORIENTED_EDGE('',*,*,#5539,.F.);
#4461=ORIENTED_EDGE('',*,*,#5540,.F.);
#4462=ORIENTED_EDGE('',*,*,#5541,.F.);
#4463=CARTESIAN_POINT('',(-2.75,-6.01511763060796E-14,18.2499999999998));
#4464=DIRECTION('',(-1.0,1.51159826435063E-15,-4.62223186652979E-33));
#4465=DIRECTION('',(-4.59543208044523E-30,-3.0370568403311E-15,1.0));
#4466=SURFACE_STYLE_FILL_AREA(#5542);
#4467=ORIENTED_EDGE('',*,*,#5543,.F.);
#4468=ORIENTED_EDGE('',*,*,#5544,.F.);
#4469=ORIENTED_EDGE('',*,*,#5545,.T.);
#4470=ORIENTED_EDGE('',*,*,#5546,.F.);
#4471=CARTESIAN_POINT('',(-2.75,5.07013983660056E-14,-18.2500000000002));
#4472=DIRECTION('',(-1.0,1.51159826435063E-15,-4.62223186652979E-33));
#4473=DIRECTION('',(-4.59543208044523E-30,-3.0370568403311E-15,1.0));
#4474=SURFACE_STYLE_FILL_AREA(#5547);
#4475=ORIENTED_EDGE('',*,*,#5548,.F.);
#4476=ORIENTED_EDGE('',*,*,#5523,.T.);
#4477=ORIENTED_EDGE('',*,*,#5549,.F.);
#4478=ORIENTED_EDGE('',*,*,#5539,.T.);
#4479=CARTESIAN_POINT('',(-3.25,-5.93953771739043E-14,18.2499999999998));
#4480=DIRECTION('',(1.0,-1.51159826435063E-15,4.62223186652857E-33));
#4481=DIRECTION('',(4.59543208044523E-30,3.0370568403311E-15,-1.0));
#4482=SURFACE_STYLE_FILL_AREA(#5550);
#4483=ORIENTED_EDGE('',*,*,#5551,.F.);
#4484=ORIENTED_EDGE('',*,*,#5546,.T.);
#4485=ORIENTED_EDGE('',*,*,#5552,.T.);
#4486=ORIENTED_EDGE('',*,*,#5526,.T.);
#4487=CARTESIAN_POINT('',(-3.25,5.14571974981809E-14,-18.2500000000002));
#4488=DIRECTION('',(1.0,-1.51159826435063E-15,4.62223186652857E-33));
#4489=DIRECTION('',(4.59543208044523E-30,3.0370568403311E-15,-1.0));
#4490=SURFACE_STYLE_FILL_AREA(#5553);
#4491=ORIENTED_EDGE('',*,*,#5554,.F.);
#4492=ORIENTED_EDGE('',*,*,#5532,.T.);
#4493=ORIENTED_EDGE('',*,*,#5555,.F.);
#4494=ORIENTED_EDGE('',*,*,#5556,.F.);
#4495=CARTESIAN_POINT('',(-1.3455220589962E-29,-8.88178419700125E-15,-1.60427227058335E-13));
#4496=DIRECTION('',(-1.0,1.51159826435063E-15,-4.62223186653028E-33));
#4497=DIRECTION('',(-4.59543208044523E-30,-3.0370568403311E-15,1.0));
#4498=SURFACE_STYLE_FILL_AREA(#5557);
#4499=ORIENTED_EDGE('',*,*,#5558,.F.);
#4500=ORIENTED_EDGE('',*,*,#5559,.T.);
#4501=ORIENTED_EDGE('',*,*,#5560,.F.);
#4502=ORIENTED_EDGE('',*,*,#5561,.T.);
#4503=CARTESIAN_POINT('',(-3.25,-6.92658119049804E-14,21.4999999999998));
#4504=DIRECTION('',(1.0,-1.51159826435063E-15,4.62223186653026E-33));
#4505=DIRECTION('',(-4.59543208044523E-30,-3.0370568403311E-15,1.0));
#4506=SURFACE_STYLE_FILL_AREA(#5562);
#4507=ORIENTED_EDGE('',*,*,#5563,.F.);
#4508=ORIENTED_EDGE('',*,*,#5564,.F.);
#4509=ORIENTED_EDGE('',*,*,#5565,.F.);
#4510=ORIENTED_EDGE('',*,*,#5566,.F.);
#4511=CARTESIAN_POINT('',(-1.3,-7.22134285204641E-14,21.4999999999998));
#4512=DIRECTION('',(-1.0,1.51159826435063E-15,-4.62223186653026E-33));
#4513=DIRECTION('',(-4.59543208044523E-30,-3.0370568403311E-15,1.0));
#4514=SURFACE_STYLE_FILL_AREA(#5567);
#4515=ORIENTED_EDGE('',*,*,#5568,.F.);
#4516=ORIENTED_EDGE('',*,*,#5569,.F.);
#4517=ORIENTED_EDGE('',*,*,#5570,.F.);
#4518=ORIENTED_EDGE('',*,*,#5564,.T.);
#4519=CARTESIAN_POINT('',(-2.55,-7.03239306900258E-14,21.4999999999998));
#4520=DIRECTION('',(-1.0,1.51159826435063E-15,-4.62223186652857E-33));
#4521=DIRECTION('',(-4.59543208044523E-30,-3.0370568403311E-15,1.0));
#4522=SURFACE_STYLE_FILL_AREA(#5571);
#4523=ORIENTED_EDGE('',*,*,#5568,.T.);
#4524=ORIENTED_EDGE('',*,*,#5572,.T.);
#4525=ORIENTED_EDGE('',*,*,#5570,.T.);
#4526=ORIENTED_EDGE('',*,*,#5573,.F.);
#4527=CARTESIAN_POINT('',(-2.55,-7.03239306900258E-14,21.4999999999998));
#4528=DIRECTION('',(-1.0,1.51159826435063E-15,-4.62223186652857E-33));
#4529=DIRECTION('',(-4.59543208044523E-30,-3.0370568403311E-15,1.0));
#4530=SURFACE_STYLE_FILL_AREA(#5574);
#4531=ORIENTED_EDGE('',*,*,#5563,.T.);
#4532=ORIENTED_EDGE('',*,*,#5561,.F.);
#4533=ORIENTED_EDGE('',*,*,#5565,.T.);
#4534=ORIENTED_EDGE('',*,*,#5572,.F.);
#4535=CARTESIAN_POINT('',(-1.3,-7.22134285204641E-14,21.4999999999998));
#4536=DIRECTION('',(-1.0,1.51159826435063E-15,-4.62223186653026E-33));
#4537=DIRECTION('',(-4.59543208044523E-30,-3.0370568403311E-15,1.0));
#4538=SURFACE_STYLE_FILL_AREA(#5575);
#4539=ORIENTED_EDGE('',*,*,#5558,.T.);
#4540=ORIENTED_EDGE('',*,*,#5566,.T.);
#4541=ORIENTED_EDGE('',*,*,#5560,.T.);
#4542=ORIENTED_EDGE('',*,*,#5576,.T.);
#4543=CARTESIAN_POINT('',(-3.25,-6.92658119049804E-14,21.4999999999998));
#4544=DIRECTION('',(1.0,-1.51159826435063E-15,4.62223186653026E-33));
#4545=DIRECTION('',(-4.59543208044523E-30,-3.0370568403311E-15,1.0));
#4546=SURFACE_STYLE_FILL_AREA(#5577);
#4547=ORIENTED_EDGE('',*,*,#5554,.T.);
#4548=ORIENTED_EDGE('',*,*,#5578,.F.);
#4549=ORIENTED_EDGE('',*,*,#5555,.T.);
#4550=ORIENTED_EDGE('',*,*,#5579,.T.);
#4551=CARTESIAN_POINT('',(-1.3455220589962E-29,-8.88178419700125E-15,-1.60427227058335E-13));
#4552=DIRECTION('',(-1.0,1.51159826435063E-15,-4.62223186653028E-33));
#4553=DIRECTION('',(-4.59543208044523E-30,-3.0370568403311E-15,1.0));
#4554=SURFACE_STYLE_FILL_AREA(#5580);
#4555=ORIENTED_EDGE('',*,*,#5581,.T.);
#4556=ORIENTED_EDGE('',*,*,#5582,.T.);
#4557=ORIENTED_EDGE('',*,*,#5583,.F.);
#4558=ORIENTED_EDGE('',*,*,#5584,.T.);
#4559=CARTESIAN_POINT('',(-1.24706856808927E-14,-8.25000000000001,-1.84949403970186E-13));
#4560=DIRECTION('',(-1.51159826435063E-15,-1.0,-3.15951747571334E-15));
#4561=DIRECTION('',(-4.78208405191351E-30,-3.15951747571334E-15,1.0));
#4562=SURFACE_STYLE_FILL_AREA(#5585);
#4563=ORIENTED_EDGE('',*,*,#5551,.T.);
#4564=ORIENTED_EDGE('',*,*,#5586,.T.);
#4565=ORIENTED_EDGE('',*,*,#5587,.T.);
#4566=ORIENTED_EDGE('',*,*,#5588,.T.);
#4567=CARTESIAN_POINT('',(-3.25,5.14571974981809E-14,-18.2500000000002));
#4568=DIRECTION('',(1.0,-1.51159826435063E-15,4.62223186652857E-33));
#4569=DIRECTION('',(4.59543208044523E-30,3.0370568403311E-15,-1.0));
#4570=SURFACE_STYLE_FILL_AREA(#5589);
#4571=ORIENTED_EDGE('',*,*,#5587,.F.);
#4572=ORIENTED_EDGE('',*,*,#5590,.T.);
#4573=ORIENTED_EDGE('',*,*,#5591,.T.);
#4574=ORIENTED_EDGE('',*,*,#5592,.T.);
#4575=CARTESIAN_POINT('',(-3.25000000000001,-7.49999999999995,-18.2500000000002));
#4576=DIRECTION('',(0.447213595499959,0.894427190999915,2.82595834071743E-15));
#4577=DIRECTION('',(-4.78786184174667E-30,-3.15951747571334E-15,1.0));
#4578=SURFACE_STYLE_FILL_AREA(#5593);
#4579=ORIENTED_EDGE('',*,*,#5549,.T.);
#4580=ORIENTED_EDGE('',*,*,#5594,.T.);
#4581=ORIENTED_EDGE('',*,*,#5552,.F.);
#4582=ORIENTED_EDGE('',*,*,#5595,.T.);
#4583=CARTESIAN_POINT('',(-3.24999999999999,7.50000000000005,-18.2500000000001));
#4584=DIRECTION('',(0.447213595499957,-0.894427190999917,-2.7447977432263E-15));
#4585=DIRECTION('',(4.63763930608446E-30,3.06877716917101E-15,-1.0));
#4586=SURFACE_STYLE_FILL_AREA(#5596);
#4587=ORIENTED_EDGE('',*,*,#5548,.T.);
#4588=ORIENTED_EDGE('',*,*,#5597,.T.);
#4589=ORIENTED_EDGE('',*,*,#5591,.F.);
#4590=ORIENTED_EDGE('',*,*,#5598,.T.);
#4591=CARTESIAN_POINT('',(-3.25,-5.93953771739043E-14,18.2499999999998));
#4592=DIRECTION('',(1.0,-1.51159826435063E-15,4.62223186652857E-33));
#4593=DIRECTION('',(4.59543208044523E-30,3.0370568403311E-15,-1.0));
#4594=SURFACE_STYLE_FILL_AREA(#5599);
#4595=ORIENTED_EDGE('',*,*,#5543,.T.);
#4596=ORIENTED_EDGE('',*,*,#5588,.F.);
#4597=ORIENTED_EDGE('',*,*,#5600,.T.);
#4598=ORIENTED_EDGE('',*,*,#5601,.F.);
#4599=CARTESIAN_POINT('',(-2.75,5.07013983660056E-14,-18.2500000000002));
#4600=DIRECTION('',(-1.0,1.51159826435063E-15,-4.62223186652979E-33));
#4601=DIRECTION('',(-4.59543208044523E-30,-3.0370568403311E-15,1.0));
#4602=SURFACE_STYLE_FILL_AREA(#5602);
#4603=ORIENTED_EDGE('',*,*,#5603,.T.);
#4604=ORIENTED_EDGE('',*,*,#5604,.F.);
#4605=ORIENTED_EDGE('',*,*,#5600,.F.);
#4606=ORIENTED_EDGE('',*,*,#5592,.F.);
#4607=CARTESIAN_POINT('',(-2.75000000000001,-7.190983005625,-18.2500000000002));
#4608=DIRECTION('',(4.78092849394687E-30,3.15951747571334E-15,-1.0));
#4609=DIRECTION('',(-1.51159826435063E-15,-1.0,-3.15951747571334E-15));
#4610=SURFACE_STYLE_FILL_AREA(#5605);
#4611=ORIENTED_EDGE('',*,*,#5540,.T.);
#4612=ORIENTED_EDGE('',*,*,#5595,.F.);
#4613=ORIENTED_EDGE('',*,*,#5545,.F.);
#4614=ORIENTED_EDGE('',*,*,#5606,.F.);
#4615=CARTESIAN_POINT('',(-2.74999999999999,7.19098300562511,-18.2500000000001));
#4616=DIRECTION('',(-4.6438022819065E-30,-3.06877716917101E-15,1.0));
#4617=DIRECTION('',(1.51159826435063E-15,1.0,3.06877716917101E-15));
#4618=SURFACE_STYLE_FILL_AREA(#5607);
#4619=ORIENTED_EDGE('',*,*,#5538,.T.);
#4620=ORIENTED_EDGE('',*,*,#5608,.F.);
#4621=ORIENTED_EDGE('',*,*,#5603,.F.);
#4622=ORIENTED_EDGE('',*,*,#5597,.F.);
#4623=CARTESIAN_POINT('',(-2.75,-6.01511763060796E-14,18.2499999999998));
#4624=DIRECTION('',(-1.0,1.51159826435063E-15,-4.62223186652979E-33));
#4625=DIRECTION('',(-4.59543208044523E-30,-3.0370568403311E-15,1.0));
#4626=SURFACE_STYLE_FILL_AREA(#5609);
#4627=ORIENTED_EDGE('',*,*,#5534,.T.);
#4628=ORIENTED_EDGE('',*,*,#5610,.F.);
#4629=ORIENTED_EDGE('',*,*,#5535,.T.);
#4630=ORIENTED_EDGE('',*,*,#5611,.F.);
#4631=CARTESIAN_POINT('',(-5.95,1.12225475884996E-16,-1.60427227058335E-13));
#4632=DIRECTION('',(-1.0,1.51159826435063E-15,-4.62223186652993E-33));
#4633=DIRECTION('',(-4.59543208044523E-30,-3.0370568403311E-15,1.0));
#4634=SURFACE_STYLE_FILL_AREA(#5612);
#4635=ORIENTED_EDGE('',*,*,#5529,.T.);
#4636=ORIENTED_EDGE('',*,*,#5579,.F.);
#4637=ORIENTED_EDGE('',*,*,#5531,.T.);
#4638=ORIENTED_EDGE('',*,*,#5613,.F.);
#4639=CARTESIAN_POINT('',(-5.95,1.12225475884996E-16,-1.60427227058335E-13));
#4640=DIRECTION('',(-1.0,1.51159826435063E-15,-4.62223186652934E-33));
#4641=DIRECTION('',(-4.59543208044523E-30,-3.0370568403311E-15,1.0));
#4642=SURFACE_STYLE_FILL_AREA(#5614);
#4643=ORIENTED_EDGE('',*,*,#5525,.T.);
#4644=ORIENTED_EDGE('',*,*,#5615,.F.);
#4645=ORIENTED_EDGE('',*,*,#5616,.T.);
#4646=ORIENTED_EDGE('',*,*,#5586,.F.);
#4647=CARTESIAN_POINT('',(-1.63196601125012,4.90113801291263E-14,-18.2500000000002));
#4648=DIRECTION('',(-1.0,1.51159826435063E-15,-4.62223186652937E-33));
#4649=DIRECTION('',(-4.59543208044523E-30,-3.0370568403311E-15,1.0));
#4650=SURFACE_STYLE_FILL_AREA(#5617);
#4651=ORIENTED_EDGE('',*,*,#5522,.T.);
#4652=ORIENTED_EDGE('',*,*,#5618,.F.);
#4653=ORIENTED_EDGE('',*,*,#5527,.F.);
#4654=ORIENTED_EDGE('',*,*,#5594,.F.);
#4655=CARTESIAN_POINT('',(-1.6319660112501,7.74999999999999,-1.38595921048388E-13));
#4656=DIRECTION('',(4.64534302586201E-30,3.06877716917101E-15,-1.0));
#4657=DIRECTION('',(-1.51159826435063E-15,-1.0,-3.06877716917101E-15));
#4658=SURFACE_STYLE_FILL_AREA(#5619);
#4659=ORIENTED_EDGE('',*,*,#5620,.T.);
#4660=ORIENTED_EDGE('',*,*,#5590,.F.);
#4661=ORIENTED_EDGE('',*,*,#5616,.F.);
#4662=ORIENTED_EDGE('',*,*,#5582,.F.);
#4663=CARTESIAN_POINT('',(-1.63196601125012,-7.75000000000001,-1.83369645232329E-13));
#4664=DIRECTION('',(-4.78092849394687E-30,-3.15951747571334E-15,1.0));
#4665=DIRECTION('',(1.51159826435063E-15,1.0,3.15951747571334E-15));
#4666=SURFACE_STYLE_FILL_AREA(#5621);
#4667=ORIENTED_EDGE('',*,*,#5521,.T.);
#4668=ORIENTED_EDGE('',*,*,#5598,.F.);
#4669=ORIENTED_EDGE('',*,*,#5620,.F.);
#4670=ORIENTED_EDGE('',*,*,#5622,.F.);
#4671=CARTESIAN_POINT('',(-1.63196601125012,-6.1841194542959E-14,18.2499999999998));
#4672=DIRECTION('',(-1.0,1.51159826435063E-15,-4.62223186652937E-33));
#4673=DIRECTION('',(-4.59543208044523E-30,-3.0370568403311E-15,1.0));
#4674=SURFACE_STYLE_FILL_AREA(#5623);
#4675=ORIENTED_EDGE('',*,*,#5606,.T.);
#4676=ORIENTED_EDGE('',*,*,#5544,.T.);
#4677=ORIENTED_EDGE('',*,*,#5601,.T.);
#4678=ORIENTED_EDGE('',*,*,#5604,.T.);
#4679=ORIENTED_EDGE('',*,*,#5608,.T.);
#4680=ORIENTED_EDGE('',*,*,#5541,.T.);
#4681=ORIENTED_EDGE('',*,*,#5503,.F.);
#4682=ORIENTED_EDGE('',*,*,#5624,.F.);
#4683=ORIENTED_EDGE('',*,*,#5625,.T.);
#4684=ORIENTED_EDGE('',*,*,#5518,.T.);
#4685=ORIENTED_EDGE('',*,*,#5573,.T.);
#4686=ORIENTED_EDGE('',*,*,#5569,.T.);
#4687=ORIENTED_EDGE('',*,*,#5626,.F.);
#4688=ORIENTED_EDGE('',*,*,#5495,.F.);
#4689=ORIENTED_EDGE('',*,*,#5627,.F.);
#4690=ORIENTED_EDGE('',*,*,#5500,.F.);
#4691=CARTESIAN_POINT('',(-3.25,5.14571974981809E-14,-18.2500000000002));
#4692=DIRECTION('',(-1.0,1.51159826435063E-15,-4.62223186652937E-33));
#4693=DIRECTION('',(-4.59543208044523E-30,-3.0370568403311E-15,1.0));
#4694=SURFACE_STYLE_FILL_AREA(#5628);
#4695=ORIENTED_EDGE('',*,*,#5517,.T.);
#4696=ORIENTED_EDGE('',*,*,#5629,.T.);
#4697=ORIENTED_EDGE('',*,*,#5519,.T.);
#4698=ORIENTED_EDGE('',*,*,#5625,.F.);
#4699=CARTESIAN_POINT('',(-2.55,6.02695134442115E-14,-21.5000000000002));
#4700=DIRECTION('',(-1.0,1.51159826435063E-15,-4.62223186652857E-33));
#4701=DIRECTION('',(-4.59543208044523E-30,-3.0370568403311E-15,1.0));
#4702=SURFACE_STYLE_FILL_AREA(#5630);
#4703=ORIENTED_EDGE('',*,*,#5512,.T.);
#4704=ORIENTED_EDGE('',*,*,#5510,.F.);
#4705=ORIENTED_EDGE('',*,*,#5514,.T.);
#4706=ORIENTED_EDGE('',*,*,#5629,.F.);
#4707=CARTESIAN_POINT('',(-1.3,5.83800156137733E-14,-21.5000000000002));
#4708=DIRECTION('',(-1.0,1.51159826435063E-15,-4.62223186653026E-33));
#4709=DIRECTION('',(-4.59543208044523E-30,-3.0370568403311E-15,1.0));
#4710=SURFACE_STYLE_FILL_AREA(#5631);
#4711=ORIENTED_EDGE('',*,*,#5507,.T.);
#4712=ORIENTED_EDGE('',*,*,#5515,.T.);
#4713=ORIENTED_EDGE('',*,*,#5509,.T.);
#4714=ORIENTED_EDGE('',*,*,#5632,.T.);
#4715=CARTESIAN_POINT('',(-3.25,6.1327632229257E-14,-21.5000000000002));
#4716=DIRECTION('',(1.0,-1.51159826435063E-15,4.62223186653026E-33));
#4717=DIRECTION('',(-4.59543208044523E-30,-3.0370568403311E-15,1.0));
#4718=SURFACE_STYLE_FILL_AREA(#5633);
#4719=ORIENTED_EDGE('',*,*,#5502,.T.);
#4720=ORIENTED_EDGE('',*,*,#5611,.T.);
#4721=ORIENTED_EDGE('',*,*,#5504,.T.);
#4722=ORIENTED_EDGE('',*,*,#5624,.T.);
#4723=CARTESIAN_POINT('',(-3.25,-3.9690898378617E-15,-1.60427227058335E-13));
#4724=DIRECTION('',(-1.0,1.51159826435063E-15,-4.62223186652863E-33));
#4725=DIRECTION('',(-4.59543208044523E-30,-3.0370568403311E-15,1.0));
#4726=SURFACE_STYLE_FILL_AREA(#5634);
#4727=ORIENTED_EDGE('',*,*,#5536,.T.);
#4728=ORIENTED_EDGE('',*,*,#5610,.T.);
#4729=ORIENTED_EDGE('',*,*,#5613,.T.);
#4730=ORIENTED_EDGE('',*,*,#5530,.T.);
#4731=CARTESIAN_POINT('',(-6.25,5.65704955190185E-16,-1.60427227058335E-13));
#4732=DIRECTION('',(-1.0,1.51159826435063E-15,-4.62223186652937E-33));
#4733=DIRECTION('',(-4.59543208044523E-30,-3.0370568403311E-15,1.0));
#4734=SURFACE_STYLE_FILL_AREA(#5635);
#4735=ORIENTED_EDGE('',*,*,#5490,.T.);
#4736=ORIENTED_EDGE('',*,*,#5636,.T.);
#4737=ORIENTED_EDGE('',*,*,#5578,.T.);
#4738=ORIENTED_EDGE('',*,*,#5556,.T.);
#4739=CARTESIAN_POINT('',(-2.0,-5.85858766829999E-15,-1.60427227058335E-13));
#4740=DIRECTION('',(1.0,-1.51159826435063E-15,4.62223186652937E-33));
#4741=DIRECTION('',(4.59543208044523E-30,3.0370568403311E-15,-1.0));
#4742=SURFACE_STYLE_FILL_AREA(#5637);
#4743=ORIENTED_EDGE('',*,*,#5497,.T.);
#4744=ORIENTED_EDGE('',*,*,#5627,.T.);
#4745=ORIENTED_EDGE('',*,*,#5499,.T.);
#4746=ORIENTED_EDGE('',*,*,#5638,.T.);
#4747=CARTESIAN_POINT('',(-3.25,2.79200069856149E-14,-10.5000000000002));
#4748=DIRECTION('',(1.0,-1.51159826435063E-15,4.62223186652857E-33));
#4749=DIRECTION('',(-4.59543208044523E-30,-3.0370568403311E-15,1.0));
#4750=SURFACE_STYLE_FILL_AREA(#5639);
#4751=ORIENTED_EDGE('',*,*,#5492,.T.);
#4752=ORIENTED_EDGE('',*,*,#5626,.T.);
#4753=ORIENTED_EDGE('',*,*,#5494,.T.);
#4754=ORIENTED_EDGE('',*,*,#5640,.T.);
#4755=CARTESIAN_POINT('',(-3.25,-4.19323003420005E-14,12.4999999999998));
#4756=DIRECTION('',(1.0,-1.51159826435063E-15,4.62223186652857E-33));
#4757=DIRECTION('',(-4.59543208044523E-30,-3.0370568403311E-15,1.0));
#4758=SURFACE_STYLE_FILL_AREA(#5641);
#4759=ORIENTED_EDGE('',*,*,#5584,.F.);
#4760=ORIENTED_EDGE('',*,*,#5642,.F.);
#4761=ORIENTED_EDGE('',*,*,#5485,.F.);
#4762=ORIENTED_EDGE('',*,*,#5643,.F.);
#4763=ORIENTED_EDGE('',*,*,#5478,.F.);
#4764=ORIENTED_EDGE('',*,*,#5644,.F.);
#4765=ORIENTED_EDGE('',*,*,#5493,.F.);
#4766=ORIENTED_EDGE('',*,*,#5640,.F.);
#4767=ORIENTED_EDGE('',*,*,#5498,.F.);
#4768=ORIENTED_EDGE('',*,*,#5638,.F.);
#4769=ORIENTED_EDGE('',*,*,#5645,.F.);
#4770=ORIENTED_EDGE('',*,*,#5488,.F.);
#4771=ORIENTED_EDGE('',*,*,#5508,.F.);
#4772=ORIENTED_EDGE('',*,*,#5632,.F.);
#4773=ORIENTED_EDGE('',*,*,#5559,.F.);
#4774=ORIENTED_EDGE('',*,*,#5576,.F.);
#4775=CARTESIAN_POINT('',(7.04228803479909E-29,4.65445031390414E-14,-18.2500000000002));
#4776=DIRECTION('',(-1.0,1.51159826435063E-15,-4.62223186652937E-33));
#4777=DIRECTION('',(-4.59543208044523E-30,-3.0370568403311E-15,1.0));
#4778=SURFACE_STYLE_FILL_AREA(#5646);
#4779=ORIENTED_EDGE('',*,*,#5487,.T.);
#4780=ORIENTED_EDGE('',*,*,#5636,.F.);
#4781=ORIENTED_EDGE('',*,*,#5489,.T.);
#4782=ORIENTED_EDGE('',*,*,#5645,.T.);
#4783=CARTESIAN_POINT('',(-2.0,-5.85858766829999E-15,-1.60427227058335E-13));
#4784=DIRECTION('',(1.0,-1.51159826435063E-15,4.62223186652978E-33));
#4785=DIRECTION('',(4.59543208044523E-30,3.0370568403311E-15,-1.0));
#4786=SURFACE_STYLE_FILL_AREA(#5647);
#4787=ORIENTED_EDGE('',*,*,#5482,.T.);
#4788=ORIENTED_EDGE('',*,*,#5642,.T.);
#4789=ORIENTED_EDGE('',*,*,#5583,.T.);
#4790=ORIENTED_EDGE('',*,*,#5615,.T.);
#4791=CARTESIAN_POINT('',(7.04228803479909E-29,4.65445031390414E-14,-18.2500000000002));
#4792=DIRECTION('',(-1.0,1.51159826435063E-15,-4.62223186652937E-33));
#4793=DIRECTION('',(-4.59543208044523E-30,-3.0370568403311E-15,1.0));
#4794=SURFACE_STYLE_FILL_AREA(#5648);
#4795=ORIENTED_EDGE('',*,*,#5484,.T.);
#4796=ORIENTED_EDGE('',*,*,#5618,.T.);
#4797=ORIENTED_EDGE('',*,*,#5479,.F.);
#4798=ORIENTED_EDGE('',*,*,#5643,.T.);
#4799=CARTESIAN_POINT('',(1.24706856808927E-14,8.24999999999999,-1.37061532463802E-13));
#4800=DIRECTION('',(1.51159826435063E-15,1.0,3.06877716917101E-15));
#4801=DIRECTION('',(4.64534302586201E-30,3.06877716917101E-15,-1.0));
#4802=SURFACE_STYLE_FILL_AREA(#5649);
#4803=ORIENTED_EDGE('',*,*,#5477,.T.);
#4804=ORIENTED_EDGE('',*,*,#5622,.T.);
#4805=ORIENTED_EDGE('',*,*,#5581,.F.);
#4806=ORIENTED_EDGE('',*,*,#5644,.T.);
#4807=CARTESIAN_POINT('',(-9.73333215279149E-29,-6.43080715330438E-14,18.2499999999998));
#4808=DIRECTION('',(-1.0,1.51159826435063E-15,-4.62223186652937E-33));
#4809=DIRECTION('',(-4.59543208044523E-30,-3.0370568403311E-15,1.0));
#4810=SURFACE_STYLE_FILL_AREA(#5650);
#4811=SURFACE_STYLE_FILL_AREA(#5651);
#4812=ORIENTED_EDGE('',*,*,#5652,.F.);
#4813=ORIENTED_EDGE('',*,*,#5653,.F.);
#4814=ORIENTED_EDGE('',*,*,#5654,.F.);
#4815=ORIENTED_EDGE('',*,*,#5655,.T.);
#4816=CARTESIAN_POINT('',(9.24999999999999,-0.0664817059295508,12.5928255137434));
#4817=DIRECTION('',(1.0,-1.52340907153122E-12,-4.52654407012698E-17));
#4818=DIRECTION('',(4.526544070099E-17,-1.83690953073693E-16,1.0));
#4819=SURFACE_STYLE_FILL_AREA(#5656);
#4820=ORIENTED_EDGE('',*,*,#5657,.F.);
#4821=ORIENTED_EDGE('',*,*,#5658,.T.);
#4822=ORIENTED_EDGE('',*,*,#5659,.T.);
#4823=ORIENTED_EDGE('',*,*,#5660,.F.);
#4824=ORIENTED_EDGE('',*,*,#5655,.F.);
#4825=CARTESIAN_POINT('',(9.99999999999999,-0.0664817059306877,12.5928255137434));
#4826=DIRECTION('',(-1.0,1.52340907153122E-12,4.52654407012698E-17));
#4827=DIRECTION('',(-4.526544070099E-17,1.83690953073693E-16,-1.0));
#4828=SURFACE_STYLE_FILL_AREA(#5661);
#4829=ORIENTED_EDGE('',*,*,#5662,.F.);
#4830=ORIENTED_EDGE('',*,*,#5663,.F.);
#4831=ORIENTED_EDGE('',*,*,#5664,.F.);
#4832=ORIENTED_EDGE('',*,*,#5665,.F.);
#4833=CARTESIAN_POINT('',(-10.0,-0.0664817059002232,12.5928255137434));
#4834=DIRECTION('',(1.0,-1.52340907153122E-12,-4.52654407012698E-17));
#4835=DIRECTION('',(4.526544070099E-17,-1.83690953073708E-16,1.0));
#4836=SURFACE_STYLE_FILL_AREA(#5666);
#4837=ORIENTED_EDGE('',*,*,#5667,.F.);
#4838=ORIENTED_EDGE('',*,*,#5653,.T.);
#4839=ORIENTED_EDGE('',*,*,#5668,.F.);
#4840=ORIENTED_EDGE('',*,*,#5665,.T.);
#4841=CARTESIAN_POINT('',(9.99999999999999,-0.0664817059306877,12.5928255137434));
#4842=DIRECTION('',(-1.0,1.52340907153122E-12,4.52654407012698E-17));
#4843=DIRECTION('',(-4.526544070099E-17,1.83690953073685E-16,-1.0));
#4844=SURFACE_STYLE_FILL_AREA(#5669);
#4845=ORIENTED_EDGE('',*,*,#5667,.T.);
#4846=ORIENTED_EDGE('',*,*,#5670,.T.);
#4847=ORIENTED_EDGE('',*,*,#5668,.T.);
#4848=ORIENTED_EDGE('',*,*,#5671,.T.);
#4849=CARTESIAN_POINT('',(9.99999999999999,-0.0664817059306877,12.5928255137434));
#4850=DIRECTION('',(-1.0,1.52340907153122E-12,4.52654407012698E-17));
#4851=DIRECTION('',(-4.526544070099E-17,1.83690953073685E-16,-1.0));
#4852=SURFACE_STYLE_FILL_AREA(#5672);
#4853=ORIENTED_EDGE('',*,*,#5662,.T.);
#4854=ORIENTED_EDGE('',*,*,#5670,.F.);
#4855=ORIENTED_EDGE('',*,*,#5664,.T.);
#4856=ORIENTED_EDGE('',*,*,#5673,.F.);
#4857=CARTESIAN_POINT('',(-10.0,-0.0664817059002232,12.5928255137434));
#4858=DIRECTION('',(1.0,-1.52340907153122E-12,-4.52654407012698E-17));
#4859=DIRECTION('',(4.526544070099E-17,-1.83690953073708E-16,1.0));
#4860=SURFACE_STYLE_FILL_AREA(#5674);
#4861=ORIENTED_EDGE('',*,*,#5675,.T.);
#4862=ORIENTED_EDGE('',*,*,#5676,.T.);
#4863=ORIENTED_EDGE('',*,*,#5677,.T.);
#4864=ORIENTED_EDGE('',*,*,#5678,.T.);
#4865=ORIENTED_EDGE('',*,*,#5679,.T.);
#4866=ORIENTED_EDGE('',*,*,#5680,.T.);
#4867=ORIENTED_EDGE('',*,*,#5681,.T.);
#4868=ORIENTED_EDGE('',*,*,#5682,.T.);
#4869=ORIENTED_EDGE('',*,*,#5683,.T.);
#4870=ORIENTED_EDGE('',*,*,#5684,.T.);
#4871=ORIENTED_EDGE('',*,*,#5685,.T.);
#4872=ORIENTED_EDGE('',*,*,#5686,.T.);
#4873=CARTESIAN_POINT('',(7.39999999999998,-0.06648170592673,12.5928255137434));
#4874=DIRECTION('',(1.0,-1.52340907153122E-12,-4.52654407012698E-17));
#4875=DIRECTION('',(-1.52340907153122E-12,-1.0,-1.83690953073596E-16));
#4876=SURFACE_STYLE_FILL_AREA(#5687);
#4877=ORIENTED_EDGE('',*,*,#5673,.T.);
#4878=ORIENTED_EDGE('',*,*,#5663,.T.);
#4879=CARTESIAN_POINT('',(-10.0,-0.0664817059002232,11.3428255137434));
#4880=DIRECTION('',(1.0,-1.52340907153122E-12,-4.52654407012698E-17));
#4881=DIRECTION('',(4.526544070099E-17,-1.83690953073691E-16,1.0));
#4882=SURFACE_STYLE_FILL_AREA(#5688);
#4883=ORIENTED_EDGE('',*,*,#5658,.F.);
#4884=ORIENTED_EDGE('',*,*,#5689,.F.);
#4885=ORIENTED_EDGE('',*,*,#5659,.F.);
#4886=ORIENTED_EDGE('',*,*,#5690,.F.);
#4887=ORIENTED_EDGE('',*,*,#5691,.T.);
#4888=ORIENTED_EDGE('',*,*,#5692,.T.);
#4889=ORIENTED_EDGE('',*,*,#5693,.F.);
#4890=ORIENTED_EDGE('',*,*,#5694,.T.);
#4891=ORIENTED_EDGE('',*,*,#5695,.T.);
#4892=ORIENTED_EDGE('',*,*,#5696,.F.);
#4893=ORIENTED_EDGE('',*,*,#5697,.T.);
#4894=ORIENTED_EDGE('',*,*,#5698,.T.);
#4895=ORIENTED_EDGE('',*,*,#5699,.F.);
#4896=ORIENTED_EDGE('',*,*,#5700,.T.);
#4897=ORIENTED_EDGE('',*,*,#5701,.T.);
#4898=CARTESIAN_POINT('',(9.99999999999999,-0.0664817059306877,10.7178255137434));
#4899=DIRECTION('',(-1.0,1.52340907153122E-12,4.52654407012698E-17));
#4900=DIRECTION('',(-4.526544070099E-17,1.83690953073691E-16,-1.0));
#4901=SURFACE_STYLE_FILL_AREA(#5702);
#4902=ORIENTED_EDGE('',*,*,#5657,.T.);
#4903=ORIENTED_EDGE('',*,*,#5703,.F.);
#4904=ORIENTED_EDGE('',*,*,#5660,.T.);
#4905=ORIENTED_EDGE('',*,*,#5689,.T.);
#4906=CARTESIAN_POINT('',(9.99999999999999,-0.0664817059306877,12.5928255137434));
#4907=DIRECTION('',(-1.0,1.52340907153122E-12,4.52654407012698E-17));
#4908=DIRECTION('',(-4.526544070099E-17,1.83690953073693E-16,-1.0));
#4909=SURFACE_STYLE_FILL_AREA(#5704);
#4910=ORIENTED_EDGE('',*,*,#5652,.T.);
#4911=ORIENTED_EDGE('',*,*,#5703,.T.);
#4912=ORIENTED_EDGE('',*,*,#5654,.T.);
#4913=ORIENTED_EDGE('',*,*,#5671,.F.);
#4914=CARTESIAN_POINT('',(9.24999999999999,-0.0664817059295508,12.5928255137434));
#4915=DIRECTION('',(1.0,-1.52340907153122E-12,-4.52654407012698E-17));
#4916=DIRECTION('',(4.526544070099E-17,-1.83690953073693E-16,1.0));
#4917=SURFACE_STYLE_FILL_AREA(#5705);
#4918=ORIENTED_EDGE('',*,*,#5706,.F.);
#4919=ORIENTED_EDGE('',*,*,#5675,.F.);
#4920=ORIENTED_EDGE('',*,*,#5707,.T.);
#4921=ORIENTED_EDGE('',*,*,#5700,.F.);
#4922=CARTESIAN_POINT('',(7.39999999999928,-0.526481705926731,11.2128255137434));
#4923=DIRECTION('',(-1.52340907153122E-12,-1.0,-1.2246063538249E-16));
#4924=DIRECTION('',(-4.52654407010174E-17,1.22460635382559E-16,-1.0));
#4925=SURFACE_STYLE_FILL_AREA(#5708);
#4926=ORIENTED_EDGE('',*,*,#5709,.F.);
#4927=ORIENTED_EDGE('',*,*,#5677,.F.);
#4928=ORIENTED_EDGE('',*,*,#5710,.T.);
#4929=ORIENTED_EDGE('',*,*,#5698,.F.);
#4930=CARTESIAN_POINT('',(7.40000000000068,0.393518294073271,11.2128255137434));
#4931=DIRECTION('',(1.52340907153122E-12,1.0,2.52435489670724E-28));
#4932=DIRECTION('',(4.52654407012698E-17,-3.21393272661897E-28,1.0));
#4933=SURFACE_STYLE_FILL_AREA(#5711);
#4934=ORIENTED_EDGE('',*,*,#5712,.F.);
#4935=ORIENTED_EDGE('',*,*,#5678,.F.);
#4936=ORIENTED_EDGE('',*,*,#5709,.T.);
#4937=ORIENTED_EDGE('',*,*,#5697,.F.);
#4938=CARTESIAN_POINT('',(7.40000000000209,1.31351829407327,12.1328255137434));
#4939=DIRECTION('',(-4.52654407008659E-17,3.06151588455922E-16,-1.0));
#4940=DIRECTION('',(1.52340907153122E-12,1.0,3.06151588455854E-16));
#4941=SURFACE_STYLE_FILL_AREA(#5713);
#4942=ORIENTED_EDGE('',*,*,#5714,.F.);
#4943=ORIENTED_EDGE('',*,*,#5680,.F.);
#4944=ORIENTED_EDGE('',*,*,#5715,.T.);
#4945=ORIENTED_EDGE('',*,*,#5695,.F.);
#4946=CARTESIAN_POINT('',(7.40000000000209,1.31351829407327,13.0528255137434));
#4947=DIRECTION('',(4.52654407010678E-17,-1.83690953073685E-16,1.0));
#4948=DIRECTION('',(-1.0,1.52340907153122E-12,4.52654407013477E-17));
#4949=SURFACE_STYLE_FILL_AREA(#5716);
#4950=ORIENTED_EDGE('',*,*,#5717,.F.);
#4951=ORIENTED_EDGE('',*,*,#5681,.F.);
#4952=ORIENTED_EDGE('',*,*,#5714,.T.);
#4953=ORIENTED_EDGE('',*,*,#5694,.F.);
#4954=CARTESIAN_POINT('',(7.40000000000068,0.393518294073271,13.9728255137434));
#4955=DIRECTION('',(1.52340907153122E-12,1.0,2.44921270764728E-16));
#4956=DIRECTION('',(4.52654407010173E-17,-2.44921270764797E-16,1.0));
#4957=SURFACE_STYLE_FILL_AREA(#5718);
#4958=ORIENTED_EDGE('',*,*,#5719,.F.);
#4959=ORIENTED_EDGE('',*,*,#5683,.F.);
#4960=ORIENTED_EDGE('',*,*,#5720,.T.);
#4961=ORIENTED_EDGE('',*,*,#5692,.F.);
#4962=CARTESIAN_POINT('',(7.39999999999928,-0.526481705926731,13.9728255137434));
#4963=DIRECTION('',(-1.52340907153122E-12,-1.0,-1.2246063538249E-16));
#4964=DIRECTION('',(-4.52654407010174E-17,1.22460635382559E-16,-1.0));
#4965=SURFACE_STYLE_FILL_AREA(#5721);
#4966=ORIENTED_EDGE('',*,*,#5722,.F.);
#4967=ORIENTED_EDGE('',*,*,#5684,.F.);
#4968=ORIENTED_EDGE('',*,*,#5719,.T.);
#4969=ORIENTED_EDGE('',*,*,#5691,.F.);
#4970=CARTESIAN_POINT('',(7.39999999999788,-1.44648170592673,13.0528255137434));
#4971=DIRECTION('',(4.52654407010678E-17,-1.83690953073685E-16,1.0));
#4972=DIRECTION('',(-1.0,1.52340907153122E-12,4.52654407013477E-17));
#4973=SURFACE_STYLE_FILL_AREA(#5723);
#4974=ORIENTED_EDGE('',*,*,#5707,.F.);
#4975=ORIENTED_EDGE('',*,*,#5686,.F.);
#4976=ORIENTED_EDGE('',*,*,#5724,.T.);
#4977=ORIENTED_EDGE('',*,*,#5701,.F.);
#4978=CARTESIAN_POINT('',(7.39999999999788,-1.44648170592673,12.1328255137434));
#4979=DIRECTION('',(-4.52654407008659E-17,3.06151588455922E-16,-1.0));
#4980=DIRECTION('',(1.52340907153122E-12,1.0,3.06151588455854E-16));
#4981=SURFACE_STYLE_FILL_AREA(#5725);
#4982=ORIENTED_EDGE('',*,*,#5699,.T.);
#4983=ORIENTED_EDGE('',*,*,#5710,.F.);
#4984=ORIENTED_EDGE('',*,*,#5676,.F.);
#4985=ORIENTED_EDGE('',*,*,#5706,.T.);
#4986=CARTESIAN_POINT('',(9.99999999999998,-0.0664817059306877,10.2928255137434));
#4987=DIRECTION('',(-0.438371146789078,6.68093748940994E-13,-0.898794046299167));
#4988=DIRECTION('',(0.898794046299167,-1.36915047875665E-12,-0.438371146789078));
#4989=SURFACE_STYLE_FILL_AREA(#5726);
#4990=ORIENTED_EDGE('',*,*,#5696,.T.);
#4991=ORIENTED_EDGE('',*,*,#5715,.F.);
#4992=ORIENTED_EDGE('',*,*,#5679,.F.);
#4993=ORIENTED_EDGE('',*,*,#5712,.T.);
#4994=CARTESIAN_POINT('',(10.0000000000035,2.23351829406931,12.5928255137434));
#4995=DIRECTION('',(-0.438371146787709,0.898794046299835,2.39976843125409E-16));
#4996=DIRECTION('',(-0.898794046299835,-0.438371146787709,-3.98405051480488E-17));
#4997=SURFACE_STYLE_FILL_AREA(#5727);
#4998=ORIENTED_EDGE('',*,*,#5693,.T.);
#4999=ORIENTED_EDGE('',*,*,#5720,.F.);
#5000=ORIENTED_EDGE('',*,*,#5682,.F.);
#5001=ORIENTED_EDGE('',*,*,#5717,.T.);
#5002=CARTESIAN_POINT('',(9.99999999999999,-0.0664817059306877,14.8928255137434));
#5003=DIRECTION('',(-0.438371146789078,6.67653481381043E-13,0.898794046299167));
#5004=DIRECTION('',(-0.898794046299167,1.36931152838415E-12,-0.438371146789078));
#5005=SURFACE_STYLE_FILL_AREA(#5728);
#5006=ORIENTED_EDGE('',*,*,#5690,.T.);
#5007=ORIENTED_EDGE('',*,*,#5724,.F.);
#5008=ORIENTED_EDGE('',*,*,#5685,.F.);
#5009=ORIENTED_EDGE('',*,*,#5722,.T.);
#5010=CARTESIAN_POINT('',(9.99999999999648,-2.36648170593069,12.5928255137434));
#5011=DIRECTION('',(-0.438371146790447,-0.898794046298499,-9.02238268376477E-17));
#5012=DIRECTION('',(0.898794046298499,-0.438371146790447,-1.21209122359124E-16));
#5013=SURFACE_STYLE_FILL_AREA(#5729);
#5014=SURFACE_STYLE_FILL_AREA(#5730);
#5015=ORIENTED_EDGE('',*,*,#5731,.F.);
#5016=ORIENTED_EDGE('',*,*,#5732,.F.);
#5017=ORIENTED_EDGE('',*,*,#5733,.F.);
#5018=ORIENTED_EDGE('',*,*,#5734,.T.);
#5019=CARTESIAN_POINT('',(9.24999999999999,-0.125357939983029,-10.3881047302712));
#5020=DIRECTION('',(1.0,-1.52340907153122E-12,-4.52654407014718E-17));
#5021=DIRECTION('',(4.52654407011919E-17,-1.83690953073424E-16,1.0));
#5022=SURFACE_STYLE_FILL_AREA(#5735);
#5023=ORIENTED_EDGE('',*,*,#5736,.F.);
#5024=ORIENTED_EDGE('',*,*,#5737,.T.);
#5025=ORIENTED_EDGE('',*,*,#5738,.T.);
#5026=ORIENTED_EDGE('',*,*,#5739,.F.);
#5027=ORIENTED_EDGE('',*,*,#5734,.F.);
#5028=CARTESIAN_POINT('',(9.99999999999999,-0.12535793998417,-10.3881047302712));
#5029=DIRECTION('',(-1.0,1.52340907153122E-12,4.52654407014718E-17));
#5030=DIRECTION('',(-4.52654407011919E-17,1.83690953073424E-16,-1.0));
#5031=SURFACE_STYLE_FILL_AREA(#5740);
#5032=ORIENTED_EDGE('',*,*,#5741,.F.);
#5033=ORIENTED_EDGE('',*,*,#5742,.F.);
#5034=ORIENTED_EDGE('',*,*,#5743,.F.);
#5035=ORIENTED_EDGE('',*,*,#5744,.F.);
#5036=CARTESIAN_POINT('',(-10.0,-0.125357939953702,-10.3881047302712));
#5037=DIRECTION('',(1.0,-1.52340907153122E-12,-4.52654407014718E-17));
#5038=DIRECTION('',(4.52654407011919E-17,-1.83690953073437E-16,1.0));
#5039=SURFACE_STYLE_FILL_AREA(#5745);
#5040=ORIENTED_EDGE('',*,*,#5746,.F.);
#5041=ORIENTED_EDGE('',*,*,#5732,.T.);
#5042=ORIENTED_EDGE('',*,*,#5747,.F.);
#5043=ORIENTED_EDGE('',*,*,#5744,.T.);
#5044=CARTESIAN_POINT('',(9.99999999999999,-0.12535793998417,-10.3881047302712));
#5045=DIRECTION('',(-1.0,1.52340907153122E-12,4.52654407014718E-17));
#5046=DIRECTION('',(-4.52654407011919E-17,1.83690953073432E-16,-1.0));
#5047=SURFACE_STYLE_FILL_AREA(#5748);
#5048=ORIENTED_EDGE('',*,*,#5746,.T.);
#5049=ORIENTED_EDGE('',*,*,#5749,.T.);
#5050=ORIENTED_EDGE('',*,*,#5747,.T.);
#5051=ORIENTED_EDGE('',*,*,#5750,.T.);
#5052=CARTESIAN_POINT('',(9.99999999999999,-0.12535793998417,-10.3881047302712));
#5053=DIRECTION('',(-1.0,1.52340907153122E-12,4.52654407014718E-17));
#5054=DIRECTION('',(-4.52654407011919E-17,1.83690953073432E-16,-1.0));
#5055=SURFACE_STYLE_FILL_AREA(#5751);
#5056=ORIENTED_EDGE('',*,*,#5741,.T.);
#5057=ORIENTED_EDGE('',*,*,#5749,.F.);
#5058=ORIENTED_EDGE('',*,*,#5743,.T.);
#5059=ORIENTED_EDGE('',*,*,#5752,.F.);
#5060=CARTESIAN_POINT('',(-10.0,-0.125357939953702,-10.3881047302712));
#5061=DIRECTION('',(1.0,-1.52340907153122E-12,-4.52654407014718E-17));
#5062=DIRECTION('',(4.52654407011919E-17,-1.83690953073437E-16,1.0));
#5063=SURFACE_STYLE_FILL_AREA(#5753);
#5064=ORIENTED_EDGE('',*,*,#5754,.T.);
#5065=ORIENTED_EDGE('',*,*,#5755,.T.);
#5066=ORIENTED_EDGE('',*,*,#5756,.T.);
#5067=ORIENTED_EDGE('',*,*,#5757,.T.);
#5068=ORIENTED_EDGE('',*,*,#5758,.T.);
#5069=ORIENTED_EDGE('',*,*,#5759,.T.);
#5070=ORIENTED_EDGE('',*,*,#5760,.T.);
#5071=ORIENTED_EDGE('',*,*,#5761,.T.);
#5072=ORIENTED_EDGE('',*,*,#5762,.T.);
#5073=ORIENTED_EDGE('',*,*,#5763,.T.);
#5074=ORIENTED_EDGE('',*,*,#5764,.T.);
#5075=ORIENTED_EDGE('',*,*,#5765,.T.);
#5076=CARTESIAN_POINT('',(7.39999999999999,-0.125357939980208,-10.3881047302712));
#5077=DIRECTION('',(1.0,-1.52340907153122E-12,-4.52654407014718E-17));
#5078=DIRECTION('',(-1.52340907153122E-12,-1.0,-1.83690953073344E-16));
#5079=SURFACE_STYLE_FILL_AREA(#5766);
#5080=ORIENTED_EDGE('',*,*,#5752,.T.);
#5081=ORIENTED_EDGE('',*,*,#5742,.T.);
#5082=CARTESIAN_POINT('',(-10.0,-0.125357939953702,-11.6381047302712));
#5083=DIRECTION('',(1.0,-1.52340907153122E-12,-4.52654407014718E-17));
#5084=DIRECTION('',(4.52654407011919E-17,-1.83690953073439E-16,1.0));
#5085=SURFACE_STYLE_FILL_AREA(#5767);
#5086=ORIENTED_EDGE('',*,*,#5737,.F.);
#5087=ORIENTED_EDGE('',*,*,#5768,.F.);
#5088=ORIENTED_EDGE('',*,*,#5738,.F.);
#5089=ORIENTED_EDGE('',*,*,#5769,.F.);
#5090=ORIENTED_EDGE('',*,*,#5770,.T.);
#5091=ORIENTED_EDGE('',*,*,#5771,.T.);
#5092=ORIENTED_EDGE('',*,*,#5772,.F.);
#5093=ORIENTED_EDGE('',*,*,#5773,.T.);
#5094=ORIENTED_EDGE('',*,*,#5774,.T.);
#5095=ORIENTED_EDGE('',*,*,#5775,.F.);
#5096=ORIENTED_EDGE('',*,*,#5776,.T.);
#5097=ORIENTED_EDGE('',*,*,#5777,.T.);
#5098=ORIENTED_EDGE('',*,*,#5778,.F.);
#5099=ORIENTED_EDGE('',*,*,#5779,.T.);
#5100=ORIENTED_EDGE('',*,*,#5780,.T.);
#5101=CARTESIAN_POINT('',(9.99999999999999,-0.12535793998417,-12.2631047302712));
#5102=DIRECTION('',(-1.0,1.52340907153122E-12,4.52654407014718E-17));
#5103=DIRECTION('',(-4.52654407011919E-17,1.83690953073439E-16,-1.0));
#5104=SURFACE_STYLE_FILL_AREA(#5781);
#5105=ORIENTED_EDGE('',*,*,#5736,.T.);
#5106=ORIENTED_EDGE('',*,*,#5782,.F.);
#5107=ORIENTED_EDGE('',*,*,#5739,.T.);
#5108=ORIENTED_EDGE('',*,*,#5768,.T.);
#5109=CARTESIAN_POINT('',(9.99999999999999,-0.12535793998417,-10.3881047302712));
#5110=DIRECTION('',(-1.0,1.52340907153122E-12,4.52654407014718E-17));
#5111=DIRECTION('',(-4.52654407011919E-17,1.83690953073424E-16,-1.0));
#5112=SURFACE_STYLE_FILL_AREA(#5783);
#5113=ORIENTED_EDGE('',*,*,#5731,.T.);
#5114=ORIENTED_EDGE('',*,*,#5782,.T.);
#5115=ORIENTED_EDGE('',*,*,#5733,.T.);
#5116=ORIENTED_EDGE('',*,*,#5750,.F.);
#5117=CARTESIAN_POINT('',(9.24999999999999,-0.125357939983029,-10.3881047302712));
#5118=DIRECTION('',(1.0,-1.52340907153122E-12,-4.52654407014718E-17));
#5119=DIRECTION('',(4.52654407011919E-17,-1.83690953073424E-16,1.0));
#5120=SURFACE_STYLE_FILL_AREA(#5784);
#5121=ORIENTED_EDGE('',*,*,#5785,.F.);
#5122=ORIENTED_EDGE('',*,*,#5754,.F.);
#5123=ORIENTED_EDGE('',*,*,#5786,.T.);
#5124=ORIENTED_EDGE('',*,*,#5779,.F.);
#5125=CARTESIAN_POINT('',(7.39999999999929,-0.585357939980209,-11.7681047302712));
#5126=DIRECTION('',(-1.52340907153122E-12,-1.0,-1.22460635382238E-16));
#5127=DIRECTION('',(-4.52654407012698E-17,1.22460635382307E-16,-1.0));
#5128=SURFACE_STYLE_FILL_AREA(#5787);
#5129=ORIENTED_EDGE('',*,*,#5788,.F.);
#5130=ORIENTED_EDGE('',*,*,#5756,.F.);
#5131=ORIENTED_EDGE('',*,*,#5789,.T.);
#5132=ORIENTED_EDGE('',*,*,#5777,.F.);
#5133=CARTESIAN_POINT('',(7.40000000000069,0.334642060019789,-11.7681047302712));
#5134=DIRECTION('',(1.52340907153122E-12,1.0,0.0));
#5135=DIRECTION('',(4.52654407015222E-17,-6.89577829915575E-29,1.0));
#5136=SURFACE_STYLE_FILL_AREA(#5790);
#5137=ORIENTED_EDGE('',*,*,#5791,.F.);
#5138=ORIENTED_EDGE('',*,*,#5757,.F.);
#5139=ORIENTED_EDGE('',*,*,#5788,.T.);
#5140=ORIENTED_EDGE('',*,*,#5776,.F.);
#5141=CARTESIAN_POINT('',(7.40000000000209,1.25464206001979,-10.8481047302712));
#5142=DIRECTION('',(-4.52654407010678E-17,3.0615158845567E-16,-1.0));
#5143=DIRECTION('',(1.52340907153122E-12,1.0,3.06151588455601E-16));
#5144=SURFACE_STYLE_FILL_AREA(#5792);
#5145=ORIENTED_EDGE('',*,*,#5793,.F.);
#5146=ORIENTED_EDGE('',*,*,#5759,.F.);
#5147=ORIENTED_EDGE('',*,*,#5794,.T.);
#5148=ORIENTED_EDGE('',*,*,#5774,.F.);
#5149=CARTESIAN_POINT('',(7.40000000000209,1.25464206001979,-9.92810473027123));
#5150=DIRECTION('',(4.52654407012698E-17,-1.83690953073432E-16,1.0));
#5151=DIRECTION('',(-1.0,1.52340907153122E-12,4.52654407015496E-17));
#5152=SURFACE_STYLE_FILL_AREA(#5795);
#5153=ORIENTED_EDGE('',*,*,#5796,.F.);
#5154=ORIENTED_EDGE('',*,*,#5760,.F.);
#5155=ORIENTED_EDGE('',*,*,#5793,.T.);
#5156=ORIENTED_EDGE('',*,*,#5773,.F.);
#5157=CARTESIAN_POINT('',(7.40000000000069,0.334642060019789,-9.00810473027123));
#5158=DIRECTION('',(1.52340907153122E-12,1.0,2.44921270764475E-16));
#5159=DIRECTION('',(4.52654407012698E-17,-2.44921270764544E-16,1.0));
#5160=SURFACE_STYLE_FILL_AREA(#5797);
#5161=ORIENTED_EDGE('',*,*,#5798,.F.);
#5162=ORIENTED_EDGE('',*,*,#5762,.F.);
#5163=ORIENTED_EDGE('',*,*,#5799,.T.);
#5164=ORIENTED_EDGE('',*,*,#5771,.F.);
#5165=CARTESIAN_POINT('',(7.39999999999929,-0.585357939980213,-9.00810473027123));
#5166=DIRECTION('',(-1.52340907153122E-12,-1.0,-1.22460635382238E-16));
#5167=DIRECTION('',(-4.52654407012698E-17,1.22460635382307E-16,-1.0));
#5168=SURFACE_STYLE_FILL_AREA(#5800);
#5169=ORIENTED_EDGE('',*,*,#5801,.F.);
#5170=ORIENTED_EDGE('',*,*,#5763,.F.);
#5171=ORIENTED_EDGE('',*,*,#5798,.T.);
#5172=ORIENTED_EDGE('',*,*,#5770,.F.);
#5173=CARTESIAN_POINT('',(7.39999999999789,-1.50535793998021,-9.92810473027123));
#5174=DIRECTION('',(4.52654407012698E-17,-1.83690953073432E-16,1.0));
#5175=DIRECTION('',(-1.0,1.52340907153122E-12,4.52654407015496E-17));
#5176=SURFACE_STYLE_FILL_AREA(#5802);
#5177=ORIENTED_EDGE('',*,*,#5786,.F.);
#5178=ORIENTED_EDGE('',*,*,#5765,.F.);
#5179=ORIENTED_EDGE('',*,*,#5803,.T.);
#5180=ORIENTED_EDGE('',*,*,#5780,.F.);
#5181=CARTESIAN_POINT('',(7.39999999999789,-1.50535793998021,-10.8481047302712));
#5182=DIRECTION('',(-4.52654407010678E-17,3.0615158845567E-16,-1.0));
#5183=DIRECTION('',(1.52340907153122E-12,1.0,3.06151588455601E-16));
#5184=SURFACE_STYLE_FILL_AREA(#5804);
#5185=ORIENTED_EDGE('',*,*,#5778,.T.);
#5186=ORIENTED_EDGE('',*,*,#5789,.F.);
#5187=ORIENTED_EDGE('',*,*,#5755,.F.);
#5188=ORIENTED_EDGE('',*,*,#5785,.T.);
#5189=CARTESIAN_POINT('',(9.99999999999999,-0.12535793998417,-12.6881047302712));
#5190=DIRECTION('',(-0.438371146789078,6.68093748940994E-13,-0.898794046299167));
#5191=DIRECTION('',(0.898794046299167,-1.36915047875665E-12,-0.438371146789078));
#5192=SURFACE_STYLE_FILL_AREA(#5805);
#5193=ORIENTED_EDGE('',*,*,#5775,.T.);
#5194=ORIENTED_EDGE('',*,*,#5794,.F.);
#5195=ORIENTED_EDGE('',*,*,#5758,.F.);
#5196=ORIENTED_EDGE('',*,*,#5791,.T.);
#5197=CARTESIAN_POINT('',(10.0000000000035,2.17464206001583,-10.3881047302712));
#5198=DIRECTION('',(-0.438371146787709,0.898794046299835,2.39976843125308E-16));
#5199=DIRECTION('',(-0.898794046299835,-0.438371146787709,-3.98405051477964E-17));
#5200=SURFACE_STYLE_FILL_AREA(#5806);
#5201=ORIENTED_EDGE('',*,*,#5772,.T.);
#5202=ORIENTED_EDGE('',*,*,#5799,.F.);
#5203=ORIENTED_EDGE('',*,*,#5761,.F.);
#5204=ORIENTED_EDGE('',*,*,#5796,.T.);
#5205=CARTESIAN_POINT('',(9.99999999999999,-0.12535793998417,-8.08810473027123));
#5206=DIRECTION('',(-0.438371146789078,6.67653481381044E-13,0.898794046299167));
#5207=DIRECTION('',(-0.898794046299167,1.36931152838415E-12,-0.438371146789078));
#5208=SURFACE_STYLE_FILL_AREA(#5807);
#5209=ORIENTED_EDGE('',*,*,#5769,.T.);
#5210=ORIENTED_EDGE('',*,*,#5803,.F.);
#5211=ORIENTED_EDGE('',*,*,#5764,.F.);
#5212=ORIENTED_EDGE('',*,*,#5801,.T.);
#5213=CARTESIAN_POINT('',(9.99999999999649,-2.42535793998417,-10.3881047302712));
#5214=DIRECTION('',(-0.438371146790447,-0.898794046298499,-9.02238268373448E-17));
#5215=DIRECTION('',(0.898794046298499,-0.438371146790447,-1.21209122359124E-16));
#5216=SURFACE_STYLE_FILL_AREA(#5808);
#5218=FILL_AREA_STYLE('',(#5809));
#5219=EDGE_CURVE('',#5810,#5811,#5812,.T.);
#5220=EDGE_CURVE('',#5813,#5810,#5814,.T.);
#5221=EDGE_CURVE('',#5813,#5815,#5816,.T.);
#5222=EDGE_CURVE('',#5815,#5817,#5818,.T.);
#5223=EDGE_CURVE('',#5817,#5819,#5820,.T.);
#5224=EDGE_CURVE('',#5819,#5821,#5822,.T.);
#5225=EDGE_CURVE('',#5811,#5821,#5823,.T.);
#5226=FILL_AREA_STYLE('',(#5824));
#5227=EDGE_CURVE('',#5817,#5825,#5826,.T.);
#5228=EDGE_CURVE('',#5815,#5827,#5828,.T.);
#5229=EDGE_CURVE('',#5827,#5829,#5830,.T.);
#5230=EDGE_CURVE('',#5829,#5831,#5832,.T.);
#5231=EDGE_CURVE('',#5825,#5831,#5833,.T.);
#5232=FILL_AREA_STYLE('',(#5834));
#5233=EDGE_CURVE('',#5827,#5811,#5835,.T.);
#5234=EDGE_CURVE('',#5819,#5836,#5837,.T.);
#5235=EDGE_CURVE('',#5836,#5838,#5839,.T.);
#5236=EDGE_CURVE('',#5838,#5829,#5840,.T.);
#5237=FILL_AREA_STYLE('',(#5841));
#5238=EDGE_CURVE('',#5838,#5842,#5843,.T.);
#5239=EDGE_CURVE('',#5836,#5825,#5844,.T.);
#5240=EDGE_CURVE('',#5831,#5845,#5846,.T.);
#5241=EDGE_CURVE('',#5845,#5842,#5847,.T.);
#5242=FILL_AREA_STYLE('',(#5848));
#5243=EDGE_CURVE('',#5842,#5845,#5849,.T.);
#5244=FILL_AREA_STYLE('',(#5850));
#5245=FILL_AREA_STYLE('',(#5851));
#5246=EDGE_CURVE('',#5810,#5813,#5852,.T.);
#5247=FILL_AREA_STYLE('',(#5853));
#5248=FILL_AREA_STYLE('',(#5854));
#5249=FILL_AREA_STYLE('',(#5855));
#5250=FILL_AREA_STYLE('',(#5856));
#5251=EDGE_CURVE('',#5857,#5858,#5859,.T.);
#5252=EDGE_CURVE('',#5860,#5857,#5861,.T.);
#5253=EDGE_CURVE('',#5862,#5860,#5863,.T.);
#5254=EDGE_CURVE('',#5864,#5862,#5865,.T.);
#5255=EDGE_CURVE('',#5866,#5864,#5867,.T.);
#5256=EDGE_CURVE('',#5858,#5866,#5868,.T.);
#5257=FILL_AREA_STYLE('',(#5869));
#5258=EDGE_CURVE('',#5870,#5871,#5872,.T.);
#5259=EDGE_CURVE('',#5873,#5870,#5874,.F.);
#5260=EDGE_CURVE('',#5875,#5873,#5876,.T.);
#5261=EDGE_CURVE('',#5871,#5875,#5877,.T.);
#5262=FILL_AREA_STYLE('',(#5878));
#5263=EDGE_CURVE('',#5879,#5880,#5881,.T.);
#5264=EDGE_CURVE('',#5882,#5879,#5883,.T.);
#5265=EDGE_CURVE('',#5884,#5882,#5885,.T.);
#5266=EDGE_CURVE('',#5880,#5884,#5886,.F.);
#5267=FILL_AREA_STYLE('',(#5887));
#5268=EDGE_CURVE('',#5888,#5870,#5889,.T.);
#5269=EDGE_CURVE('',#5890,#5888,#5891,.T.);
#5270=EDGE_CURVE('',#5873,#5890,#5892,.T.);
#5271=FILL_AREA_STYLE('',(#5893));
#5272=EDGE_CURVE('',#5880,#5894,#5895,.T.);
#5273=EDGE_CURVE('',#5896,#5884,#5897,.T.);
#5274=EDGE_CURVE('',#5894,#5896,#5898,.T.);
#5275=FILL_AREA_STYLE('',(#5899));
#5276=EDGE_CURVE('',#5900,#5901,#5902,.T.);
#5277=EDGE_CURVE('',#5903,#5900,#5904,.F.);
#5278=EDGE_CURVE('',#5905,#5903,#5906,.T.);
#5279=EDGE_CURVE('',#5901,#5905,#5907,.T.);
#5280=FILL_AREA_STYLE('',(#5908));
#5281=EDGE_CURVE('',#5909,#5910,#5911,.T.);
#5282=EDGE_CURVE('',#5912,#5909,#5913,.T.);
#5283=EDGE_CURVE('',#5912,#5914,#5915,.T.);
#5284=EDGE_CURVE('',#5910,#5914,#5916,.F.);
#5285=FILL_AREA_STYLE('',(#5917));
#5286=EDGE_CURVE('',#5918,#5900,#5919,.T.);
#5287=EDGE_CURVE('',#5918,#5920,#5921,.T.);
#5288=EDGE_CURVE('',#5920,#5903,#5922,.T.);
#5289=FILL_AREA_STYLE('',(#5923));
#5290=EDGE_CURVE('',#5910,#5924,#5925,.T.);
#5291=EDGE_CURVE('',#5926,#5914,#5927,.T.);
#5292=EDGE_CURVE('',#5926,#5924,#5928,.T.);
#5293=FILL_AREA_STYLE('',(#5929));
#5294=EDGE_CURVE('',#5930,#5931,#5932,.T.);
#5295=EDGE_CURVE('',#5933,#5930,#5934,.F.);
#5296=EDGE_CURVE('',#5935,#5933,#5936,.T.);
#5297=EDGE_CURVE('',#5931,#5935,#5937,.T.);
#5298=FILL_AREA_STYLE('',(#5938));
#5299=EDGE_CURVE('',#5939,#5940,#5941,.T.);
#5300=EDGE_CURVE('',#5939,#5942,#5943,.T.);
#5301=EDGE_CURVE('',#5944,#5942,#5945,.T.);
#5302=EDGE_CURVE('',#5944,#5940,#5946,.F.);
#5303=FILL_AREA_STYLE('',(#5947));
#5304=EDGE_CURVE('',#5948,#5942,#5949,.T.);
#5305=EDGE_CURVE('',#5939,#5948,#5950,.T.);
#5306=EDGE_CURVE('',#5942,#5939,#5951,.T.);
#5307=FILL_AREA_STYLE('',(#5952));
#5308=EDGE_CURVE('',#5953,#5954,#5955,.T.);
#5309=EDGE_CURVE('',#5862,#5953,#5956,.T.);
#5310=EDGE_CURVE('',#5954,#5860,#5957,.F.);
#5311=FILL_AREA_STYLE('',(#5958));
#5312=EDGE_CURVE('',#5959,#5960,#5961,.T.);
#5313=EDGE_CURVE('',#5959,#5962,#5963,.T.);
#5314=EDGE_CURVE('',#5964,#5962,#5965,.T.);
#5315=EDGE_CURVE('',#5964,#5960,#5966,.F.);
#5316=FILL_AREA_STYLE('',(#5967));
#5317=EDGE_CURVE('',#5968,#5962,#5969,.T.);
#5318=EDGE_CURVE('',#5959,#5968,#5970,.T.);
#5319=EDGE_CURVE('',#5962,#5959,#5971,.T.);
#5320=FILL_AREA_STYLE('',(#5972));
#5321=EDGE_CURVE('',#5973,#5974,#5975,.T.);
#5322=EDGE_CURVE('',#5973,#5976,#5977,.T.);
#5323=EDGE_CURVE('',#5978,#5976,#5979,.T.);
#5324=EDGE_CURVE('',#5978,#5974,#5980,.F.);
#5325=FILL_AREA_STYLE('',(#5981));
#5326=EDGE_CURVE('',#5982,#5976,#5983,.T.);
#5327=EDGE_CURVE('',#5973,#5982,#5984,.T.);
#5328=EDGE_CURVE('',#5976,#5973,#5985,.T.);
#5329=FILL_AREA_STYLE('',(#5986));
#5330=FILL_AREA_STYLE('',(#5987));
#5331=EDGE_CURVE('',#5988,#5989,#5990,.T.);
#5332=EDGE_CURVE('',#5988,#5991,#5992,.F.);
#5333=EDGE_CURVE('',#5993,#5991,#5994,.T.);
#5334=EDGE_CURVE('',#5989,#5993,#5995,.T.);
#5335=FILL_AREA_STYLE('',(#5996));
#5336=EDGE_CURVE('',#5974,#5978,#5997,.F.);
#5337=FILL_AREA_STYLE('',(#5998));
#5338=EDGE_CURVE('',#5999,#5871,#6000,.T.);
#5339=EDGE_CURVE('',#5875,#5882,#6001,.T.);
#5340=EDGE_CURVE('',#5879,#6002,#6003,.T.);
#5341=EDGE_CURVE('',#6002,#5999,#6004,.T.);
#5342=EDGE_CURVE('',#5930,#5933,#6005,.F.);
#5343=EDGE_CURVE('',#6006,#5954,#6007,.F.);
#5344=EDGE_CURVE('',#5857,#6006,#6008,.T.);
#5345=FILL_AREA_STYLE('',(#6009));
#5346=EDGE_CURVE('',#6010,#5918,#6011,.T.);
#5347=EDGE_CURVE('',#6012,#6010,#6013,.T.);
#5348=EDGE_CURVE('',#5924,#6012,#6014,.T.);
#5349=EDGE_CURVE('',#5920,#5926,#6015,.T.);
#5350=EDGE_CURVE('',#5993,#5894,#6016,.T.);
#5351=EDGE_CURVE('',#5896,#5890,#6017,.T.);
#5352=EDGE_CURVE('',#5888,#5989,#6018,.T.);
#5353=FILL_AREA_STYLE('',(#6019));
#5354=FILL_AREA_STYLE('',(#6020));
#5355=EDGE_CURVE('',#5960,#5964,#6021,.F.);
#5356=FILL_AREA_STYLE('',(#6022));
#5357=EDGE_CURVE('',#5953,#6023,#6024,.T.);
#5358=EDGE_CURVE('',#6023,#5864,#6025,.T.);
#5359=FILL_AREA_STYLE('',(#6026));
#5360=EDGE_CURVE('',#6006,#6023,#6027,.F.);
#5361=FILL_AREA_STYLE('',(#6028));
#5362=FILL_AREA_STYLE('',(#6029));
#5363=EDGE_CURVE('',#5940,#5944,#6030,.F.);
#5364=FILL_AREA_STYLE('',(#6031));
#5365=EDGE_CURVE('',#5935,#5931,#6032,.T.);
#5366=FILL_AREA_STYLE('',(#6033));
#5367=FILL_AREA_STYLE('',(#6034));
#5368=EDGE_CURVE('',#5905,#5912,#6035,.T.);
#5369=EDGE_CURVE('',#5909,#6036,#6037,.T.);
#5370=EDGE_CURVE('',#6036,#6038,#6039,.T.);
#5371=EDGE_CURVE('',#6038,#5901,#6040,.T.);
#5372=FILL_AREA_STYLE('',(#6041));
#5373=EDGE_CURVE('',#6010,#6042,#6043,.T.);
#5374=EDGE_CURVE('',#6042,#6044,#6045,.F.);
#5375=EDGE_CURVE('',#6012,#6044,#6046,.T.);
#5376=FILL_AREA_STYLE('',(#6047));
#5377=EDGE_CURVE('',#6044,#5910,#6048,.F.);
#5378=FILL_AREA_STYLE('',(#6049));
#5379=EDGE_CURVE('',#5914,#5903,#6050,.F.);
#5380=FILL_AREA_STYLE('',(#6051));
#5381=EDGE_CURVE('',#5900,#6042,#6052,.F.);
#5382=FILL_AREA_STYLE('',(#6053));
#5383=EDGE_CURVE('',#6044,#6036,#6054,.T.);
#5384=FILL_AREA_STYLE('',(#6055));
#5385=EDGE_CURVE('',#6042,#6038,#6056,.T.);
#5386=FILL_AREA_STYLE('',(#6057));
#5387=FILL_AREA_STYLE('',(#6058));
#5388=FILL_AREA_STYLE('',(#6059));
#5389=EDGE_CURVE('',#5884,#5873,#6060,.F.);
#5390=FILL_AREA_STYLE('',(#6061));
#5391=EDGE_CURVE('',#5991,#5880,#6062,.F.);
#5392=FILL_AREA_STYLE('',(#6063));
#5393=EDGE_CURVE('',#5870,#5988,#6064,.F.);
#5394=FILL_AREA_STYLE('',(#6065));
#5395=FILL_AREA_STYLE('',(#6066));
#5396=EDGE_CURVE('',#5991,#6002,#6067,.T.);
#5397=FILL_AREA_STYLE('',(#6068));
#5398=EDGE_CURVE('',#5999,#5988,#6069,.T.);
#5399=FILL_AREA_STYLE('',(#6070));
#5400=FILL_AREA_STYLE('',(#6071));
#5401=EDGE_CURVE('',#5866,#5858,#6072,.T.);
#5402=FILL_AREA_STYLE('',(#6073));
#5403=FILL_AREA_STYLE('',(#6074));
#5404=FILL_AREA_STYLE('',(#6075));
#5405=EDGE_CURVE('',#6076,#6077,#6078,.T.);
#5406=EDGE_CURVE('',#6079,#6076,#6080,.T.);
#5407=EDGE_CURVE('',#6081,#6079,#6082,.T.);
#5408=EDGE_CURVE('',#6077,#6081,#6083,.F.);
#5409=FILL_AREA_STYLE('',(#6084));
#5410=EDGE_CURVE('',#6085,#6086,#6087,.T.);
#5411=EDGE_CURVE('',#6085,#6088,#6089,.T.);
#5412=EDGE_CURVE('',#6090,#6088,#6091,.T.);
#5413=EDGE_CURVE('',#6086,#6090,#6092,.T.);
#5414=FILL_AREA_STYLE('',(#6093));
#5415=EDGE_CURVE('',#6094,#6095,#6096,.T.);
#5416=EDGE_CURVE('',#6094,#6097,#6098,.F.);
#5417=EDGE_CURVE('',#6099,#6097,#6100,.T.);
#5418=EDGE_CURVE('',#6099,#6095,#6101,.F.);
#5419=FILL_AREA_STYLE('',(#6102));
#5420=EDGE_CURVE('',#6103,#6104,#6105,.T.);
#5421=EDGE_CURVE('',#6103,#6106,#6107,.T.);
#5422=EDGE_CURVE('',#6108,#6106,#6109,.T.);
#5423=EDGE_CURVE('',#6108,#6104,#6110,.F.);
#5424=FILL_AREA_STYLE('',(#6111));
#5425=EDGE_CURVE('',#6112,#6081,#6113,.T.);
#5426=EDGE_CURVE('',#6114,#6112,#6115,.F.);
#5427=EDGE_CURVE('',#6077,#6114,#6116,.T.);
#5428=FILL_AREA_STYLE('',(#6117));
#5429=EDGE_CURVE('',#6118,#6119,#6120,.T.);
#5430=EDGE_CURVE('',#6121,#6118,#6122,.T.);
#5431=EDGE_CURVE('',#6123,#6121,#6124,.T.);
#5432=EDGE_CURVE('',#6123,#6125,#6126,.T.);
#5433=EDGE_CURVE('',#6125,#6127,#6128,.T.);
#5434=EDGE_CURVE('',#6127,#6119,#6129,.F.);
#5435=FILL_AREA_STYLE('',(#6130));
#5436=EDGE_CURVE('',#6097,#6108,#6131,.T.);
#5437=EDGE_CURVE('',#6104,#6094,#6132,.T.);
#5438=FILL_AREA_STYLE('',(#6133));
#5439=EDGE_CURVE('',#6134,#6127,#6135,.T.);
#5440=EDGE_CURVE('',#6136,#6134,#6137,.T.);
#5441=EDGE_CURVE('',#6136,#6138,#6139,.T.);
#5442=EDGE_CURVE('',#6119,#6138,#6140,.F.);
#5443=FILL_AREA_STYLE('',(#6141));
#5444=EDGE_CURVE('',#6138,#6142,#6143,.F.);
#5445=EDGE_CURVE('',#6144,#6136,#6145,.T.);
#5446=EDGE_CURVE('',#6144,#6142,#6146,.T.);
#5447=FILL_AREA_STYLE('',(#6147));
#5448=EDGE_CURVE('',#6148,#6125,#6149,.T.);
#5449=EDGE_CURVE('',#6134,#6148,#6150,.T.);
#5450=FILL_AREA_STYLE('',(#6151));
#5451=EDGE_CURVE('',#6104,#6108,#6152,.F.);
#5452=EDGE_CURVE('',#6097,#6094,#6153,.F.);
#5453=FILL_AREA_STYLE('',(#6154));
#5454=EDGE_CURVE('',#6142,#6123,#6155,.T.);
#5455=EDGE_CURVE('',#6118,#6121,#6156,.T.);
#5456=FILL_AREA_STYLE('',(#6157));
#5457=EDGE_CURVE('',#6081,#6077,#6158,.F.);
#5458=EDGE_CURVE('',#6112,#6114,#6159,.F.);
#5459=FILL_AREA_STYLE('',(#6160));
#5460=EDGE_CURVE('',#6106,#6103,#6161,.T.);
#5461=FILL_AREA_STYLE('',(#6162));
#5462=EDGE_CURVE('',#6148,#6144,#6163,.T.);
#5463=FILL_AREA_STYLE('',(#6164));
#5464=EDGE_CURVE('',#6095,#6099,#6165,.F.);
#5465=FILL_AREA_STYLE('',(#6166));
#5466=FILL_AREA_STYLE('',(#6167));
#5467=EDGE_CURVE('',#6090,#6086,#6168,.T.);
#5468=EDGE_CURVE('',#6088,#6085,#6169,.T.);
#5469=FILL_AREA_STYLE('',(#6170));
#5470=FILL_AREA_STYLE('',(#6171));
#5471=FILL_AREA_STYLE('',(#6172));
#5472=EDGE_CURVE('',#6076,#6079,#6173,.T.);
#5473=FILL_AREA_STYLE('',(#6174));
#5474=FILL_AREA_STYLE('',(#6175));
#5475=FILL_AREA_STYLE('',(#6176));
#5476=FILL_AREA_STYLE('',(#6177));
#5477=EDGE_CURVE('',#6178,#6179,#6180,.T.);
#5478=EDGE_CURVE('',#6178,#6181,#6182,.T.);
#5479=EDGE_CURVE('',#6181,#6183,#6184,.T.);
#5480=EDGE_CURVE('',#6183,#6179,#6185,.F.);
#5481=FILL_AREA_STYLE('',(#6186));
#5482=EDGE_CURVE('',#6187,#6188,#6189,.T.);
#5483=EDGE_CURVE('',#6187,#6190,#6191,.F.);
#5484=EDGE_CURVE('',#6192,#6190,#6193,.T.);
#5485=EDGE_CURVE('',#6192,#6188,#6194,.T.);
#5486=FILL_AREA_STYLE('',(#6195));
#5487=EDGE_CURVE('',#6196,#6197,#6198,.T.);
#5488=EDGE_CURVE('',#6196,#6199,#6200,.F.);
#5489=EDGE_CURVE('',#6201,#6199,#6202,.T.);
#5490=EDGE_CURVE('',#6197,#6201,#6203,.T.);
#5491=FILL_AREA_STYLE('',(#6204));
#5492=EDGE_CURVE('',#6205,#6206,#6207,.T.);
#5493=EDGE_CURVE('',#6205,#6208,#6209,.F.);
#5494=EDGE_CURVE('',#6210,#6208,#6211,.T.);
#5495=EDGE_CURVE('',#6210,#6206,#6212,.T.);
#5496=FILL_AREA_STYLE('',(#6213));
#5497=EDGE_CURVE('',#6214,#6215,#6216,.T.);
#5498=EDGE_CURVE('',#6214,#6217,#6218,.F.);
#5499=EDGE_CURVE('',#6219,#6217,#6220,.T.);
#5500=EDGE_CURVE('',#6219,#6215,#6221,.T.);
#5501=FILL_AREA_STYLE('',(#6222));
#5502=EDGE_CURVE('',#6223,#6224,#6225,.T.);
#5503=EDGE_CURVE('',#6223,#6226,#6227,.T.);
#5504=EDGE_CURVE('',#6228,#6226,#6229,.T.);
#5505=EDGE_CURVE('',#6228,#6224,#6230,.F.);
#5506=FILL_AREA_STYLE('',(#6231));
#5507=EDGE_CURVE('',#6232,#6233,#6234,.T.);
#5508=EDGE_CURVE('',#6232,#6235,#6236,.F.);
#5509=EDGE_CURVE('',#6237,#6235,#6238,.T.);
#5510=EDGE_CURVE('',#6237,#6233,#6239,.T.);
#5511=FILL_AREA_STYLE('',(#6240));
#5512=EDGE_CURVE('',#6241,#6233,#6242,.T.);
#5513=EDGE_CURVE('',#6243,#6241,#6244,.T.);
#5514=EDGE_CURVE('',#6237,#6243,#6245,.T.);
#5515=EDGE_CURVE('',#6233,#6237,#6246,.T.);
#5516=FILL_AREA_STYLE('',(#6247));
#5517=EDGE_CURVE('',#6248,#6241,#6249,.T.);
#5518=EDGE_CURVE('',#6250,#6248,#6251,.T.);
#5519=EDGE_CURVE('',#6243,#6250,#6252,.T.);
#5520=FILL_AREA_STYLE('',(#6253));
#5521=EDGE_CURVE('',#6179,#6254,#6255,.T.);
#5522=EDGE_CURVE('',#6256,#6183,#6257,.T.);
#5523=EDGE_CURVE('',#6254,#6256,#6258,.T.);
#5524=FILL_AREA_STYLE('',(#6259));
#5525=EDGE_CURVE('',#6260,#6187,#6261,.T.);
#5526=EDGE_CURVE('',#6262,#6260,#6263,.T.);
#5527=EDGE_CURVE('',#6262,#6190,#6264,.T.);
#5528=FILL_AREA_STYLE('',(#6265));
#5529=EDGE_CURVE('',#6266,#6267,#6268,.T.);
#5530=EDGE_CURVE('',#6269,#6266,#6270,.F.);
#5531=EDGE_CURVE('',#6271,#6269,#6272,.T.);
#5532=EDGE_CURVE('',#6267,#6271,#6273,.T.);
#5533=FILL_AREA_STYLE('',(#6274));
#5534=EDGE_CURVE('',#6224,#6275,#6276,.T.);
#5535=EDGE_CURVE('',#6277,#6228,#6278,.T.);
#5536=EDGE_CURVE('',#6275,#6277,#6279,.T.);
#5537=FILL_AREA_STYLE('',(#6280));
#5538=EDGE_CURVE('',#6281,#6282,#6283,.T.);
#5539=EDGE_CURVE('',#6284,#6281,#6285,.F.);
#5540=EDGE_CURVE('',#6286,#6284,#6287,.T.);
#5541=EDGE_CURVE('',#6282,#6286,#6288,.T.);
#5542=FILL_AREA_STYLE('',(#6289));
#5543=EDGE_CURVE('',#6290,#6291,#6292,.T.);
#5544=EDGE_CURVE('',#6293,#6290,#6294,.T.);
#5545=EDGE_CURVE('',#6293,#6295,#6296,.T.);
#5546=EDGE_CURVE('',#6291,#6295,#6297,.F.);
#5547=FILL_AREA_STYLE('',(#6298));
#5548=EDGE_CURVE('',#6254,#6281,#6299,.T.);
#5549=EDGE_CURVE('',#6284,#6256,#6300,.T.);
#5550=FILL_AREA_STYLE('',(#6301));
#5551=EDGE_CURVE('',#6291,#6260,#6302,.T.);
#5552=EDGE_CURVE('',#6295,#6262,#6303,.T.);
#5553=FILL_AREA_STYLE('',(#6304));
#5554=EDGE_CURVE('',#6267,#6305,#6306,.T.);
#5555=EDGE_CURVE('',#6307,#6271,#6308,.T.);
#5556=EDGE_CURVE('',#6305,#6307,#6309,.F.);
#5557=FILL_AREA_STYLE('',(#6310));
#5558=EDGE_CURVE('',#6311,#6312,#6313,.T.);
#5559=EDGE_CURVE('',#6311,#6314,#6315,.F.);
#5560=EDGE_CURVE('',#6316,#6314,#6317,.T.);
#5561=EDGE_CURVE('',#6316,#6312,#6318,.T.);
#5562=FILL_AREA_STYLE('',(#6319));
#5563=EDGE_CURVE('',#6320,#6312,#6321,.T.);
#5564=EDGE_CURVE('',#6322,#6320,#6323,.T.);
#5565=EDGE_CURVE('',#6316,#6322,#6324,.T.);
#5566=EDGE_CURVE('',#6312,#6316,#6325,.T.);
#5567=FILL_AREA_STYLE('',(#6326));
#5568=EDGE_CURVE('',#6327,#6320,#6328,.T.);
#5569=EDGE_CURVE('',#6329,#6327,#6330,.T.);
#5570=EDGE_CURVE('',#6322,#6329,#6331,.T.);
#5571=FILL_AREA_STYLE('',(#6332));
#5572=EDGE_CURVE('',#6320,#6322,#6333,.T.);
#5573=EDGE_CURVE('',#6327,#6329,#6334,.T.);
#5574=FILL_AREA_STYLE('',(#6335));
#5575=FILL_AREA_STYLE('',(#6336));
#5576=EDGE_CURVE('',#6314,#6311,#6337,.F.);
#5577=FILL_AREA_STYLE('',(#6338));
#5578=EDGE_CURVE('',#6307,#6305,#6339,.F.);
#5579=EDGE_CURVE('',#6271,#6267,#6340,.T.);
#5580=FILL_AREA_STYLE('',(#6341));
#5581=EDGE_CURVE('',#6342,#6343,#6344,.T.);
#5582=EDGE_CURVE('',#6343,#6345,#6346,.F.);
#5583=EDGE_CURVE('',#6347,#6345,#6348,.T.);
#5584=EDGE_CURVE('',#6347,#6342,#6349,.T.);
#5585=FILL_AREA_STYLE('',(#6350));
#5586=EDGE_CURVE('',#6260,#6351,#6352,.T.);
#5587=EDGE_CURVE('',#6351,#6353,#6354,.T.);
#5588=EDGE_CURVE('',#6353,#6291,#6355,.F.);
#5589=FILL_AREA_STYLE('',(#6356));
#5590=EDGE_CURVE('',#6351,#6357,#6358,.F.);
#5591=EDGE_CURVE('',#6357,#6359,#6360,.T.);
#5592=EDGE_CURVE('',#6359,#6353,#6361,.F.);
#5593=FILL_AREA_STYLE('',(#6362));
#5594=EDGE_CURVE('',#6256,#6262,#6363,.F.);
#5595=EDGE_CURVE('',#6295,#6284,#6364,.F.);
#5596=FILL_AREA_STYLE('',(#6365));
#5597=EDGE_CURVE('',#6281,#6359,#6366,.F.);
#5598=EDGE_CURVE('',#6357,#6254,#6367,.T.);
#5599=FILL_AREA_STYLE('',(#6368));
#5600=EDGE_CURVE('',#6353,#6369,#6370,.T.);
#5601=EDGE_CURVE('',#6290,#6369,#6371,.T.);
#5602=FILL_AREA_STYLE('',(#6372));
#5603=EDGE_CURVE('',#6359,#6373,#6374,.T.);
#5604=EDGE_CURVE('',#6369,#6373,#6375,.F.);
#5605=FILL_AREA_STYLE('',(#6376));
#5606=EDGE_CURVE('',#6286,#6293,#6377,.F.);
#5607=FILL_AREA_STYLE('',(#6378));
#5608=EDGE_CURVE('',#6373,#6282,#6379,.T.);
#5609=FILL_AREA_STYLE('',(#6380));
#5610=EDGE_CURVE('',#6277,#6275,#6381,.T.);
#5611=EDGE_CURVE('',#6224,#6228,#6382,.F.);
#5612=FILL_AREA_STYLE('',(#6383));
#5613=EDGE_CURVE('',#6266,#6269,#6384,.F.);
#5614=FILL_AREA_STYLE('',(#6385));
#5615=EDGE_CURVE('',#6345,#6187,#6386,.F.);
#5616=EDGE_CURVE('',#6345,#6351,#6387,.T.);
#5617=FILL_AREA_STYLE('',(#6388));
#5618=EDGE_CURVE('',#6190,#6183,#6389,.F.);
#5619=FILL_AREA_STYLE('',(#6390));
#5620=EDGE_CURVE('',#6343,#6357,#6391,.T.);
#5621=FILL_AREA_STYLE('',(#6392));
#5622=EDGE_CURVE('',#6179,#6343,#6393,.F.);
#5623=FILL_AREA_STYLE('',(#6394));
#5624=EDGE_CURVE('',#6226,#6223,#6395,.T.);
#5625=EDGE_CURVE('',#6248,#6250,#6396,.T.);
#5626=EDGE_CURVE('',#6206,#6210,#6397,.T.);
#5627=EDGE_CURVE('',#6215,#6219,#6398,.T.);
#5628=FILL_AREA_STYLE('',(#6399));
#5629=EDGE_CURVE('',#6241,#6243,#6400,.T.);
#5630=FILL_AREA_STYLE('',(#6401));
#5631=FILL_AREA_STYLE('',(#6402));
#5632=EDGE_CURVE('',#6235,#6232,#6403,.F.);
#5633=FILL_AREA_STYLE('',(#6404));
#5634=FILL_AREA_STYLE('',(#6405));
#5635=FILL_AREA_STYLE('',(#6406));
#5636=EDGE_CURVE('',#6201,#6197,#6407,.T.);
#5637=FILL_AREA_STYLE('',(#6408));
#5638=EDGE_CURVE('',#6217,#6214,#6409,.F.);
#5639=FILL_AREA_STYLE('',(#6410));
#5640=EDGE_CURVE('',#6208,#6205,#6411,.F.);
#5641=FILL_AREA_STYLE('',(#6412));
#5642=EDGE_CURVE('',#6188,#6347,#6413,.T.);
#5643=EDGE_CURVE('',#6181,#6192,#6414,.T.);
#5644=EDGE_CURVE('',#6342,#6178,#6415,.T.);
#5645=EDGE_CURVE('',#6199,#6196,#6416,.F.);
#5646=FILL_AREA_STYLE('',(#6417));
#5647=FILL_AREA_STYLE('',(#6418));
#5648=FILL_AREA_STYLE('',(#6419));
#5649=FILL_AREA_STYLE('',(#6420));
#5650=FILL_AREA_STYLE('',(#6421));
#5651=FILL_AREA_STYLE('',(#6422));
#5652=EDGE_CURVE('',#6423,#6424,#6425,.T.);
#5653=EDGE_CURVE('',#6426,#6423,#6427,.T.);
#5654=EDGE_CURVE('',#6428,#6426,#6429,.T.);
#5655=EDGE_CURVE('',#6428,#6424,#6430,.T.);
#5656=FILL_AREA_STYLE('',(#6431));
#5657=EDGE_CURVE('',#6432,#6428,#6433,.T.);
#5658=EDGE_CURVE('',#6432,#6434,#6435,.T.);
#5659=EDGE_CURVE('',#6434,#6436,#6437,.T.);
#5660=EDGE_CURVE('',#6424,#6436,#6438,.T.);
#5661=FILL_AREA_STYLE('',(#6439));
#5662=EDGE_CURVE('',#6440,#6441,#6442,.T.);
#5663=EDGE_CURVE('',#6443,#6440,#6444,.F.);
#5664=EDGE_CURVE('',#6445,#6443,#6446,.T.);
#5665=EDGE_CURVE('',#6441,#6445,#6447,.T.);
#5666=FILL_AREA_STYLE('',(#6448));
#5667=EDGE_CURVE('',#6426,#6445,#6449,.T.);
#5668=EDGE_CURVE('',#6441,#6423,#6450,.T.);
#5669=FILL_AREA_STYLE('',(#6451));
#5670=EDGE_CURVE('',#6445,#6441,#6452,.T.);
#5671=EDGE_CURVE('',#6423,#6426,#6453,.T.);
#5672=FILL_AREA_STYLE('',(#6454));
#5673=EDGE_CURVE('',#6440,#6443,#6455,.F.);
#5674=FILL_AREA_STYLE('',(#6456));
#5675=EDGE_CURVE('',#6457,#6458,#6459,.T.);
#5676=EDGE_CURVE('',#6458,#6460,#6461,.T.);
#5677=EDGE_CURVE('',#6460,#6462,#6463,.T.);
#5678=EDGE_CURVE('',#6462,#6464,#6465,.T.);
#5679=EDGE_CURVE('',#6464,#6466,#6467,.T.);
#5680=EDGE_CURVE('',#6466,#6468,#6469,.T.);
#5681=EDGE_CURVE('',#6468,#6470,#6471,.T.);
#5682=EDGE_CURVE('',#6470,#6472,#6473,.T.);
#5683=EDGE_CURVE('',#6472,#6474,#6475,.T.);
#5684=EDGE_CURVE('',#6474,#6476,#6477,.T.);
#5685=EDGE_CURVE('',#6476,#6478,#6479,.T.);
#5686=EDGE_CURVE('',#6478,#6457,#6480,.T.);
#5687=FILL_AREA_STYLE('',(#6481));
#5688=FILL_AREA_STYLE('',(#6482));
#5689=EDGE_CURVE('',#6436,#6432,#6483,.T.);
#5690=EDGE_CURVE('',#6484,#6485,#6486,.T.);
#5691=EDGE_CURVE('',#6484,#6487,#6488,.T.);
#5692=EDGE_CURVE('',#6487,#6489,#6490,.T.);
#5693=EDGE_CURVE('',#6491,#6489,#6492,.T.);
#5694=EDGE_CURVE('',#6491,#6493,#6494,.T.);
#5695=EDGE_CURVE('',#6493,#6495,#6496,.T.);
#5696=EDGE_CURVE('',#6497,#6495,#6498,.T.);
#5697=EDGE_CURVE('',#6497,#6499,#6500,.T.);
#5698=EDGE_CURVE('',#6499,#6501,#6502,.T.);
#5699=EDGE_CURVE('',#6503,#6501,#6504,.T.);
#5700=EDGE_CURVE('',#6503,#6505,#6506,.T.);
#5701=EDGE_CURVE('',#6505,#6485,#6507,.T.);
#5702=FILL_AREA_STYLE('',(#6508));
#5703=EDGE_CURVE('',#6424,#6428,#6509,.T.);
#5704=FILL_AREA_STYLE('',(#6510));
#5705=FILL_AREA_STYLE('',(#6511));
#5706=EDGE_CURVE('',#6458,#6503,#6512,.T.);
#5707=EDGE_CURVE('',#6457,#6505,#6513,.T.);
#5708=FILL_AREA_STYLE('',(#6514));
#5709=EDGE_CURVE('',#6462,#6499,#6515,.T.);
#5710=EDGE_CURVE('',#6460,#6501,#6516,.T.);
#5711=FILL_AREA_STYLE('',(#6517));
#5712=EDGE_CURVE('',#6464,#6497,#6518,.T.);
#5713=FILL_AREA_STYLE('',(#6519));
#5714=EDGE_CURVE('',#6468,#6493,#6520,.T.);
#5715=EDGE_CURVE('',#6466,#6495,#6521,.T.);
#5716=FILL_AREA_STYLE('',(#6522));
#5717=EDGE_CURVE('',#6470,#6491,#6523,.T.);
#5718=FILL_AREA_STYLE('',(#6524));
#5719=EDGE_CURVE('',#6474,#6487,#6525,.T.);
#5720=EDGE_CURVE('',#6472,#6489,#6526,.T.);
#5721=FILL_AREA_STYLE('',(#6527));
#5722=EDGE_CURVE('',#6476,#6484,#6528,.T.);
#5723=FILL_AREA_STYLE('',(#6529));
#5724=EDGE_CURVE('',#6478,#6485,#6530,.T.);
#5725=FILL_AREA_STYLE('',(#6531));
#5726=FILL_AREA_STYLE('',(#6532));
#5727=FILL_AREA_STYLE('',(#6533));
#5728=FILL_AREA_STYLE('',(#6534));
#5729=FILL_AREA_STYLE('',(#6535));
#5730=FILL_AREA_STYLE('',(#6536));
#5731=EDGE_CURVE('',#6537,#6538,#6539,.T.);
#5732=EDGE_CURVE('',#6540,#6537,#6541,.T.);
#5733=EDGE_CURVE('',#6542,#6540,#6543,.T.);
#5734=EDGE_CURVE('',#6542,#6538,#6544,.T.);
#5735=FILL_AREA_STYLE('',(#6545));
#5736=EDGE_CURVE('',#6546,#6542,#6547,.T.);
#5737=EDGE_CURVE('',#6546,#6548,#6549,.T.);
#5738=EDGE_CURVE('',#6548,#6550,#6551,.T.);
#5739=EDGE_CURVE('',#6538,#6550,#6552,.T.);
#5740=FILL_AREA_STYLE('',(#6553));
#5741=EDGE_CURVE('',#6554,#6555,#6556,.T.);
#5742=EDGE_CURVE('',#6557,#6554,#6558,.F.);
#5743=EDGE_CURVE('',#6559,#6557,#6560,.T.);
#5744=EDGE_CURVE('',#6555,#6559,#6561,.T.);
#5745=FILL_AREA_STYLE('',(#6562));
#5746=EDGE_CURVE('',#6540,#6559,#6563,.T.);
#5747=EDGE_CURVE('',#6555,#6537,#6564,.T.);
#5748=FILL_AREA_STYLE('',(#6565));
#5749=EDGE_CURVE('',#6559,#6555,#6566,.T.);
#5750=EDGE_CURVE('',#6537,#6540,#6567,.T.);
#5751=FILL_AREA_STYLE('',(#6568));
#5752=EDGE_CURVE('',#6554,#6557,#6569,.F.);
#5753=FILL_AREA_STYLE('',(#6570));
#5754=EDGE_CURVE('',#6571,#6572,#6573,.T.);
#5755=EDGE_CURVE('',#6572,#6574,#6575,.T.);
#5756=EDGE_CURVE('',#6574,#6576,#6577,.T.);
#5757=EDGE_CURVE('',#6576,#6578,#6579,.T.);
#5758=EDGE_CURVE('',#6578,#6580,#6581,.T.);
#5759=EDGE_CURVE('',#6580,#6582,#6583,.T.);
#5760=EDGE_CURVE('',#6582,#6584,#6585,.T.);
#5761=EDGE_CURVE('',#6584,#6586,#6587,.T.);
#5762=EDGE_CURVE('',#6586,#6588,#6589,.T.);
#5763=EDGE_CURVE('',#6588,#6590,#6591,.T.);
#5764=EDGE_CURVE('',#6590,#6592,#6593,.T.);
#5765=EDGE_CURVE('',#6592,#6571,#6594,.T.);
#5766=FILL_AREA_STYLE('',(#6595));
#5767=FILL_AREA_STYLE('',(#6596));
#5768=EDGE_CURVE('',#6550,#6546,#6597,.T.);
#5769=EDGE_CURVE('',#6598,#6599,#6600,.T.);
#5770=EDGE_CURVE('',#6598,#6601,#6602,.T.);
#5771=EDGE_CURVE('',#6601,#6603,#6604,.T.);
#5772=EDGE_CURVE('',#6605,#6603,#6606,.T.);
#5773=EDGE_CURVE('',#6605,#6607,#6608,.T.);
#5774=EDGE_CURVE('',#6607,#6609,#6610,.T.);
#5775=EDGE_CURVE('',#6611,#6609,#6612,.T.);
#5776=EDGE_CURVE('',#6611,#6613,#6614,.T.);
#5777=EDGE_CURVE('',#6613,#6615,#6616,.T.);
#5778=EDGE_CURVE('',#6617,#6615,#6618,.T.);
#5779=EDGE_CURVE('',#6617,#6619,#6620,.T.);
#5780=EDGE_CURVE('',#6619,#6599,#6621,.T.);
#5781=FILL_AREA_STYLE('',(#6622));
#5782=EDGE_CURVE('',#6538,#6542,#6623,.T.);
#5783=FILL_AREA_STYLE('',(#6624));
#5784=FILL_AREA_STYLE('',(#6625));
#5785=EDGE_CURVE('',#6572,#6617,#6626,.T.);
#5786=EDGE_CURVE('',#6571,#6619,#6627,.T.);
#5787=FILL_AREA_STYLE('',(#6628));
#5788=EDGE_CURVE('',#6576,#6613,#6629,.T.);
#5789=EDGE_CURVE('',#6574,#6615,#6630,.T.);
#5790=FILL_AREA_STYLE('',(#6631));
#5791=EDGE_CURVE('',#6578,#6611,#6632,.T.);
#5792=FILL_AREA_STYLE('',(#6633));
#5793=EDGE_CURVE('',#6582,#6607,#6634,.T.);
#5794=EDGE_CURVE('',#6580,#6609,#6635,.T.);
#5795=FILL_AREA_STYLE('',(#6636));
#5796=EDGE_CURVE('',#6584,#6605,#6637,.T.);
#5797=FILL_AREA_STYLE('',(#6638));
#5798=EDGE_CURVE('',#6588,#6601,#6639,.T.);
#5799=EDGE_CURVE('',#6586,#6603,#6640,.T.);
#5800=FILL_AREA_STYLE('',(#6641));
#5801=EDGE_CURVE('',#6590,#6598,#6642,.T.);
#5802=FILL_AREA_STYLE('',(#6643));
#5803=EDGE_CURVE('',#6592,#6599,#6644,.T.);
#5804=FILL_AREA_STYLE('',(#6645));
#5805=FILL_AREA_STYLE('',(#6646));
#5806=FILL_AREA_STYLE('',(#6647));
#5807=FILL_AREA_STYLE('',(#6648));
#5808=FILL_AREA_STYLE('',(#6649));
#5809=FILL_AREA_STYLE_COLOUR('',#6650);
#5810=VERTEX_POINT('',#6651);
#5811=VERTEX_POINT('',#6652);
#5812=B_SPLINE_CURVE_WITH_KNOTS('',3,(#6653,#6654,#6655,#6656,#6657,#6658,#6659,#6660,#6661,#6662,#6663,#6664,#6665,#6666,#6667,#6668,#6669,#6670,#6671,#6672,#6673,#6674,#6675,#6676,#6677,#6678,#6679,#6680,#6681,#6682,#6683,#6684,#6685,#6686,#6687,#6688,#6689,#6690),.UNSPECIFIED.,.F.,.F.,(4,2,2,2,2,2,2,2,2,2,2,2,2,2,2,2,2,2,4),(-1.0,-0.933333333333493,-0.866666666666665,-0.8,-0.733333333333333,-0.666666666666667,-0.6,-0.533333333333333,-0.466666666666667,-0.4,-0.333333333333334,-0.266666666666666,-0.2,-0.133333333333335,-0.0666666666665067,-0.0333333333332533,-0.0166666666666267,-0.0,0.00801156483076832),.UNSPECIFIED.);
#5813=VERTEX_POINT('',#6691);
#5814=CIRCLE('',#6692,0.425);
#5815=VERTEX_POINT('',#6693);
#5816=(B_SPLINE_CURVE(3,(#6695,#6696,#6697,#6698,#6699,#6700,#6701,#6702,#6703,#6704,#6705,#6706,#6707,#6708,#6709,#6710,#6711,#6712,#6713,#6714,#6715,#6716,#6717,#6718,#6719,#6720,#6721,#6722,#6723,#6724,#6725,#6726,#6727,#6728,#6729,#6730),.UNSPECIFIED.,.F.,.F.)B_SPLINE_CURVE_WITH_KNOTS((4,2,2,2,2,2,2,2,2,2,2,2,2,2,2,2,2,4),(-1.0,-0.933333333333493,-0.866666666666665,-0.8,-0.733333333333333,-0.666666666666667,-0.6,-0.533333333333333,-0.466666666666667,-0.4,-0.333333333333334,-0.266666666666666,-0.2,-0.133333333333335,-0.0666666666665067,-0.0333333333332533,-0.0166666666666267,-1.22452846376643E-06),.UNSPECIFIED.)RATIONAL_B_SPLINE_CURVE((0.500000544765433,0.500000544765433,0.500000544765433,0.500000544765433,0.500000544765433,0.500000544765433,0.500000544765433,0.500000544765433,0.500000544765433,0.500000544765433,0.500000544765433,0.500000544765433,0.500000544765433,0.500000544765433,0.500000544765433,0.500000544765433,0.500000544765433,0.500000544765433,0.500000544765433,0.500000544765433,0.500000544765433,0.500000544765433,0.500000544765433,0.500000544765433,0.500000544765433,0.500000544765433,0.500000544765433,0.500000544765433,0.500000544765433,0.500000544765433,0.500000544765433,0.500000544765433,0.500000544765433,0.500000544765433,0.500000544765433,0.500000544765433))BOUNDED_CURVE()REPRESENTATION_ITEM('')GEOMETRIC_REPRESENTATION_ITEM()CURVE());
#5817=VERTEX_POINT('',#6737);
#5818=B_SPLINE_CURVE_WITH_KNOTS('',3,(#6738,#6739,#6740,#6741,#6742,#6743,#6744,#6745,#6746,#6747,#6748,#6749,#6750,#6751,#6752,#6753,#6754,#6755,#6756,#6757,#6758,#6759),.UNSPECIFIED.,.F.,.F.,(4,3,3,3,3,3,3,4),(-1.44694375984087E-05,0.000318008886160549,0.000511146643520538,0.000633235979347584,0.000650487209919507,0.000946349262914328,0.000982965533678465,0.00131418221342503),.UNSPECIFIED.);
#5819=VERTEX_POINT('',#6760);
#5820=B_SPLINE_CURVE_WITH_KNOTS('',3,(#6761,#6762,#6763,#6764,#6765,#6766,#6767,#6768,#6769,#6770,#6771,#6772,#6773,#6774,#6775,#6776,#6777,#6778,#6779,#6780,#6781,#6782),.UNSPECIFIED.,.F.,.F.,(4,3,3,3,3,3,3,4),(-1.44694375984087E-05,0.000318008886160549,0.000511146643520538,0.000633235979347584,0.000650487209919507,0.000946349262914328,0.000982965533678465,0.00131418221342503),.UNSPECIFIED.);
#5821=VERTEX_POINT('',#6783);
#5822=B_SPLINE_CURVE_WITH_KNOTS('',3,(#6784,#6785,#6786,#6787,#6788,#6789,#6790),.UNSPECIFIED.,.F.,.F.,(4,3,4),(0.00131418221342503,0.00131489349451622,0.00131544385743742),.UNSPECIFIED.);
#5823=B_SPLINE_CURVE_WITH_KNOTS('',3,(#6791,#6792,#6793,#6794,#6795,#6796,#6797,#6798,#6799,#6800,#6801,#6802,#6803,#6804,#6805,#6806,#6807,#6808,#6809,#6810,#6811,#6812),.UNSPECIFIED.,.F.,.F.,(4,3,3,3,3,3,3,4),(-1.44694367392047E-05,-1.37796427554869E-05,0.000317703190426299,0.000631174998165097,0.000649875817591802,0.000764704358535615,0.000982048444757306,0.00131422107192281),.UNSPECIFIED.);
#5824=FILL_AREA_STYLE_COLOUR('',#6813);
#5825=VERTEX_POINT('',#6814);
#5826=B_SPLINE_CURVE_WITH_KNOTS('',3,(#6815,#6816,#6817,#6818,#6819,#6820,#6821,#6822,#6823,#6824,#6825,#6826,#6827,#6828,#6829,#6830,#6831,#6832,#6833,#6834,#6835,#6836,#6837,#6838,#6839,#6840,#6841,#6842,#6843,#6844,#6845,#6846,#6847,#6848,#6849,#6850,#6851,#6852),.UNSPECIFIED.,.F.,.F.,(4,2,2,2,2,2,2,2,2,2,2,2,2,2,2,2,2,2,4),(-1.00568243935044,-1.0,-0.988095238095238,-0.976190476190476,-0.952380952380952,-0.904761904761904,-0.80952380952381,-0.714285714285715,-0.619047619047619,-0.523809523809542,-0.428571428571428,-0.333333333333778,-0.238095238095238,-0.142857142857143,-0.0476190476190476,-0.0238095238095238,-0.0119047619047619,-0.0,0.00568243935043885),.UNSPECIFIED.);
#5827=VERTEX_POINT('',#6853);
#5828=B_SPLINE_CURVE_WITH_KNOTS('',3,(#6854,#6855,#6856,#6857,#6858,#6859,#6860,#6861,#6862,#6863,#6864,#6865,#6866,#6867,#6868,#6869,#6870,#6871,#6872,#6873,#6874,#6875),.UNSPECIFIED.,.F.,.F.,(4,3,3,3,3,3,3,4),(-1.44694367392047E-05,-1.37796427554869E-05,0.000317703190426299,0.000631174998165097,0.000649875817591802,0.000764704358535615,0.000982048444757306,0.00131422107192281),.UNSPECIFIED.);
#5829=VERTEX_POINT('',#6876);
#5830=B_SPLINE_CURVE_WITH_KNOTS('',3,(#6877,#6878,#6879,#6880,#6881,#6882,#6883,#6884,#6885,#6886,#6887,#6888,#6889,#6890,#6891,#6892,#6893,#6894,#6895,#6896,#6897,#6898,#6899,#6900,#6901,#6902,#6903,#6904,#6905,#6906,#6907,#6908,#6909,#6910,#6911,#6912,#6913,#6914),.UNSPECIFIED.,.F.,.F.,(4,2,2,2,2,2,2,2,2,2,2,2,2,2,2,2,2,2,4),(-1.00568243935044,-1.0,-0.988095238095238,-0.976190476190476,-0.952380952380952,-0.904761904761904,-0.80952380952381,-0.714285714285715,-0.619047619047619,-0.523809523809542,-0.428571428571428,-0.333333333333778,-0.238095238095238,-0.142857142857143,-0.0476190476190476,-0.0238095238095238,-0.0119047619047619,-0.0,0.00568243935043885),.UNSPECIFIED.);
#5831=VERTEX_POINT('',#6915);
#5832=B_SPLINE_CURVE_WITH_KNOTS('',3,(#6916,#6917,#6918,#6919,#6920,#6921,#6922,#6923,#6924,#6925,#6926,#6927,#6928,#6929,#6930,#6931,#6932,#6933,#6934,#6935,#6936,#6937),.UNSPECIFIED.,.F.,.F.,(4,3,3,3,3,3,3,4),(-1.36010772561328E-05,-1.3050719866776E-05,0.000318877099262296,0.000613640523532213,0.000651355275780726,0.000766220935156097,0.000983833452299156,0.00131631162881759),.UNSPECIFIED.);
#5833=ELLIPSE('',#6938,0.425450042389334,0.424999999070321);
#5834=FILL_AREA_STYLE_COLOUR('',#6939);
#5835=B_SPLINE_CURVE_WITH_KNOTS('',3,(#6940,#6941,#6942,#6943,#6944,#6945,#6946,#6947,#6948,#6949,#6950,#6951,#6952,#6953,#6954,#6955,#6956,#6957,#6958,#6959,#6960,#6961),.UNSPECIFIED.,.F.,.F.,(4,3,3,3,3,3,3,4),(-1.44694367392047E-05,-1.37796427554869E-05,0.000317703190426299,0.000631174998165097,0.000649875817591802,0.000764704358535615,0.000982048444757306,0.00131422107192281),.UNSPECIFIED.);
#5836=VERTEX_POINT('',#6962);
#5837=(B_SPLINE_CURVE(3,(#6964,#6965,#6966,#6967,#6968,#6969,#6970,#6971,#6972,#6973,#6974,#6975,#6976,#6977,#6978,#6979,#6980,#6981,#6982,#6983,#6984,#6985,#6986,#6987,#6988,#6989,#6990,#6991,#6992,#6993,#6994,#6995,#6996,#6997,#6998,#6999),.UNSPECIFIED.,.F.,.F.)B_SPLINE_CURVE_WITH_KNOTS((4,2,2,2,2,2,2,2,2,2,2,2,2,2,2,2,2,4),(-0.999999017322519,-0.988095238095238,-0.976190476190476,-0.952380952380952,-0.904761904761904,-0.80952380952381,-0.714285714285715,-0.619047619047619,-0.523809523809542,-0.428571428571428,-0.333333333333778,-0.238095238095238,-0.142857142857143,-0.0476190476190476,-0.0238095238095238,-0.0119047619047619,-0.0,7.60363734651597E-07),.UNSPECIFIED.)RATIONAL_B_SPLINE_CURVE((0.50000018230121,0.50000018230121,0.50000018230121,0.50000018230121,0.50000018230121,0.50000018230121,0.50000018230121,0.50000018230121,0.50000018230121,0.50000018230121,0.50000018230121,0.50000018230121,0.50000018230121,0.50000018230121,0.50000018230121,0.50000018230121,0.50000018230121,0.50000018230121,0.50000018230121,0.50000018230121,0.50000018230121,0.50000018230121,0.50000018230121,0.50000018230121,0.50000018230121,0.50000018230121,0.50000018230121,0.50000018230121,0.50000018230121,0.50000018230121,0.50000018230121,0.50000018230121,0.50000018230121,0.50000018230121,0.50000018230121,0.50000018230121))BOUNDED_CURVE()REPRESENTATION_ITEM('')GEOMETRIC_REPRESENTATION_ITEM()CURVE());
#5838=VERTEX_POINT('',#7006);
#5839=B_SPLINE_CURVE_WITH_KNOTS('',3,(#7007,#7008,#7009,#7010,#7011,#7012,#7013,#7014,#7015,#7016,#7017,#7018,#7019,#7020,#7021,#7022,#7023,#7024,#7025,#7026,#7027,#7028),.UNSPECIFIED.,.F.,.F.,(4,3,3,3,3,3,3,4),(-1.36010772561328E-05,-1.3050719866776E-05,0.000318877099262296,0.000613640523532213,0.000651355275780726,0.000766220935156097,0.000983833452299156,0.00131631162881759),.UNSPECIFIED.);
#5840=B_SPLINE_CURVE_WITH_KNOTS('',3,(#7029,#7030,#7031,#7032,#7033,#7034,#7035,#7036,#7037,#7038,#7039,#7040,#7041,#7042,#7043,#7044,#7045,#7046,#7047,#7048,#7049,#7050),.UNSPECIFIED.,.F.,.F.,(4,3,3,3,3,3,3,4),(-1.36010772561328E-05,-1.3050719866776E-05,0.000318877099262296,0.000613640523532213,0.000651355275780726,0.000766220935156097,0.000983833452299156,0.00131631162881759),.UNSPECIFIED.);
#5841=FILL_AREA_STYLE_COLOUR('',#7051);
#5842=VERTEX_POINT('',#7052);
#5843=B_SPLINE_CURVE_WITH_KNOTS('',3,(#7053,#7054,#7055,#7056,#7057,#7058,#7059,#7060,#7061,#7062,#7063,#7064,#7065,#7066,#7067,#7068,#7069,#7070,#7071,#7072,#7073,#7074,#7075,#7076,#7077,#7078,#7079,#7080,#7081,#7082,#7083,#7084,#7085,#7086,#7087,#7088,#7089,#7090),.UNSPECIFIED.,.F.,.F.,(4,2,2,2,2,2,2,2,2,2,2,2,2,2,2,2,2,2,4),(-1.00801156483077,-1.0,-0.983333333333373,-0.966666666666747,-0.933333333333493,-0.866666666666665,-0.8,-0.733333333333333,-0.666666666666667,-0.6,-0.533333333333333,-0.466666666666667,-0.4,-0.333333333333334,-0.266666666666666,-0.2,-0.133333333333335,-0.0666666666665067,-0.0),.UNSPECIFIED.);
#5844=ELLIPSE('',#7091,0.425450042389334,0.424999999070321);
#5845=VERTEX_POINT('',#7092);
#5846=(B_SPLINE_CURVE(3,(#7094,#7095,#7096,#7097,#7098,#7099,#7100,#7101,#7102,#7103,#7104,#7105,#7106,#7107,#7108,#7109,#7110,#7111,#7112,#7113,#7114,#7115,#7116,#7117,#7118,#7119,#7120,#7121,#7122,#7123,#7124,#7125,#7126,#7127,#7128,#7129),.UNSPECIFIED.,.F.,.F.)B_SPLINE_CURVE_WITH_KNOTS((4,2,2,2,2,2,2,2,2,2,2,2,2,2,2,2,2,4),(-0.999998775471521,-0.983333333333373,-0.966666666666747,-0.933333333333493,-0.866666666666665,-0.8,-0.733333333333333,-0.666666666666667,-0.6,-0.533333333333333,-0.466666666666667,-0.4,-0.333333333333334,-0.266666666666666,-0.2,-0.133333333333335,-0.0666666666665067,-0.0),.UNSPECIFIED.)RATIONAL_B_SPLINE_CURVE((0.500000295713324,0.500000295713324,0.500000295713324,0.500000295713324,0.500000295713324,0.500000295713324,0.500000295713324,0.500000295713324,0.500000295713324,0.500000295713324,0.500000295713324,0.500000295713324,0.500000295713324,0.500000295713324,0.500000295713324,0.500000295713324,0.500000295713324,0.500000295713324,0.500000295713324,0.500000295713324,0.500000295713324,0.500000295713324,0.500000295713324,0.500000295713324,0.500000295713324,0.500000295713324,0.500000295713324,0.500000295713324,0.500000295713324,0.500000295713324,0.500000295713324,0.500000295713324,0.500000295713324,0.500000295713324,0.500000295713324,0.500000295713324))BOUNDED_CURVE()REPRESENTATION_ITEM('')GEOMETRIC_REPRESENTATION_ITEM()CURVE());
#5847=CIRCLE('',#7136,0.425);
#5848=FILL_AREA_STYLE_COLOUR('',#7137);
#5849=CIRCLE('',#7138,0.425);
#5850=FILL_AREA_STYLE_COLOUR('',#7139);
#5851=FILL_AREA_STYLE_COLOUR('',#7140);
#5852=CIRCLE('',#7141,0.425);
#5853=FILL_AREA_STYLE_COLOUR('',#7142);
#5854=FILL_AREA_STYLE_COLOUR('',#7143);
#5855=FILL_AREA_STYLE_COLOUR('',#7144);
#5856=FILL_AREA_STYLE_COLOUR('',#7145);
#5857=VERTEX_POINT('',#7146);
#5858=VERTEX_POINT('',#7147);
#5859=LINE('',#7148,#7149);
#5860=VERTEX_POINT('',#7150);
#5861=CIRCLE('',#7151,5.6);
#5862=VERTEX_POINT('',#7152);
#5863=LINE('',#7153,#7154);
#5864=VERTEX_POINT('',#7155);
#5865=CIRCLE('',#7156,5.6);
#5866=VERTEX_POINT('',#7157);
#5867=LINE('',#7158,#7159);
#5868=CIRCLE('',#7160,5.6);
#5869=FILL_AREA_STYLE_COLOUR('',#7161);
#5870=VERTEX_POINT('',#7162);
#5871=VERTEX_POINT('',#7163);
#5872=CIRCLE('',#7164,0.3);
#5873=VERTEX_POINT('',#7165);
#5874=CIRCLE('',#7166,7.58660254037845);
#5875=VERTEX_POINT('',#7167);
#5876=CIRCLE('',#7168,0.3);
#5877=CIRCLE('',#7169,7.32679491924312);
#5878=FILL_AREA_STYLE_COLOUR('',#7170);
#5879=VERTEX_POINT('',#7171);
#5880=VERTEX_POINT('',#7172);
#5881=CIRCLE('',#7173,0.3);
#5882=VERTEX_POINT('',#7174);
#5883=CIRCLE('',#7175,7.32679491924312);
#5884=VERTEX_POINT('',#7176);
#5885=CIRCLE('',#7177,0.3);
#5886=CIRCLE('',#7178,7.58660254037845);
#5887=FILL_AREA_STYLE_COLOUR('',#7179);
#5888=VERTEX_POINT('',#7180);
#5889=LINE('',#7181,#7182);
#5890=VERTEX_POINT('',#7183);
#5891=CIRCLE('',#7184,8.36602540378444);
#5892=LINE('',#7185,#7186);
#5893=FILL_AREA_STYLE_COLOUR('',#7187);
#5894=VERTEX_POINT('',#7188);
#5895=LINE('',#7189,#7190);
#5896=VERTEX_POINT('',#7191);
#5897=LINE('',#7192,#7193);
#5898=CIRCLE('',#7194,8.36602540378444);
#5899=FILL_AREA_STYLE_COLOUR('',#7195);
#5900=VERTEX_POINT('',#7196);
#5901=VERTEX_POINT('',#7197);
#5902=CIRCLE('',#7198,0.3);
#5903=VERTEX_POINT('',#7199);
#5904=CIRCLE('',#7200,8.75);
#5905=VERTEX_POINT('',#7201);
#5906=CIRCLE('',#7202,0.3);
#5907=CIRCLE('',#7203,8.45);
#5908=FILL_AREA_STYLE_COLOUR('',#7204);
#5909=VERTEX_POINT('',#7205);
#5910=VERTEX_POINT('',#7206);
#5911=CIRCLE('',#7207,0.3);
#5912=VERTEX_POINT('',#7208);
#5913=CIRCLE('',#7209,8.45);
#5914=VERTEX_POINT('',#7210);
#5915=CIRCLE('',#7211,0.3);
#5916=CIRCLE('',#7212,8.75);
#5917=FILL_AREA_STYLE_COLOUR('',#7213);
#5918=VERTEX_POINT('',#7214);
#5919=LINE('',#7215,#7216);
#5920=VERTEX_POINT('',#7217);
#5921=CIRCLE('',#7218,8.75);
#5922=LINE('',#7219,#7220);
#5923=FILL_AREA_STYLE_COLOUR('',#7221);
#5924=VERTEX_POINT('',#7222);
#5925=LINE('',#7223,#7224);
#5926=VERTEX_POINT('',#7225);
#5927=LINE('',#7226,#7227);
#5928=CIRCLE('',#7228,8.75);
#5929=FILL_AREA_STYLE_COLOUR('',#7229);
#5930=VERTEX_POINT('',#7230);
#5931=VERTEX_POINT('',#7231);
#5932=LINE('',#7232,#7233);
#5933=VERTEX_POINT('',#7234);
#5934=CIRCLE('',#7235,5.6);
#5935=VERTEX_POINT('',#7236);
#5936=LINE('',#7237,#7238);
#5937=CIRCLE('',#7239,5.6);
#5938=FILL_AREA_STYLE_COLOUR('',#7240);
#5939=VERTEX_POINT('',#7241);
#5940=VERTEX_POINT('',#7242);
#5941=LINE('',#7243,#7244);
#5942=VERTEX_POINT('',#7245);
#5943=CIRCLE('',#7246,1.9);
#5944=VERTEX_POINT('',#7247);
#5945=LINE('',#7248,#7249);
#5946=CIRCLE('',#7250,1.9);
#5947=FILL_AREA_STYLE_COLOUR('',#7251);
#5948=VERTEX_POINT('',#7252);
#5949=LINE('',#7253,#7254);
#5950=LINE('',#7255,#7256);
#5951=CIRCLE('',#7257,1.9);
#5952=FILL_AREA_STYLE_COLOUR('',#7258);
#5953=VERTEX_POINT('',#7259);
#5954=VERTEX_POINT('',#7260);
#5955=LINE('',#7261,#7262);
#5956=CIRCLE('',#7263,5.6);
#5957=CIRCLE('',#7264,5.6);
#5958=FILL_AREA_STYLE_COLOUR('',#7265);
#5959=VERTEX_POINT('',#7266);
#5960=VERTEX_POINT('',#7267);
#5961=LINE('',#7268,#7269);
#5962=VERTEX_POINT('',#7270);
#5963=CIRCLE('',#7271,1.9);
#5964=VERTEX_POINT('',#7272);
#5965=LINE('',#7273,#7274);
#5966=CIRCLE('',#7275,1.9);
#5967=FILL_AREA_STYLE_COLOUR('',#7276);
#5968=VERTEX_POINT('',#7277);
#5969=LINE('',#7278,#7279);
#5970=LINE('',#7280,#7281);
#5971=CIRCLE('',#7282,1.9);
#5972=FILL_AREA_STYLE_COLOUR('',#7283);
#5973=VERTEX_POINT('',#7284);
#5974=VERTEX_POINT('',#7285);
#5975=LINE('',#7286,#7287);
#5976=VERTEX_POINT('',#7288);
#5977=CIRCLE('',#7289,3.25);
#5978=VERTEX_POINT('',#7290);
#5979=LINE('',#7291,#7292);
#5980=CIRCLE('',#7293,3.25);
#5981=FILL_AREA_STYLE_COLOUR('',#7294);
#5982=VERTEX_POINT('',#7295);
#5983=LINE('',#7296,#7297);
#5984=LINE('',#7298,#7299);
#5985=CIRCLE('',#7300,3.25);
#5986=FILL_AREA_STYLE_COLOUR('',#7301);
#5987=FILL_AREA_STYLE_COLOUR('',#7302);
#5988=VERTEX_POINT('',#7303);
#5989=VERTEX_POINT('',#7304);
#5990=LINE('',#7305,#7306);
#5991=VERTEX_POINT('',#7307);
#5992=LINE('',#7308,#7309);
#5993=VERTEX_POINT('',#7310);
#5994=LINE('',#7311,#7312);
#5995=LINE('',#7313,#7314);
#5996=FILL_AREA_STYLE_COLOUR('',#7315);
#5997=CIRCLE('',#7316,3.25);
#5998=FILL_AREA_STYLE_COLOUR('',#7317);
#5999=VERTEX_POINT('',#7318);
#6000=CIRCLE('',#7319,7.32679491924312);
#6001=LINE('',#7320,#7321);
#6002=VERTEX_POINT('',#7322);
#6003=CIRCLE('',#7323,7.32679491924312);
#6004=LINE('',#7324,#7325);
#6005=CIRCLE('',#7326,5.6);
#6006=VERTEX_POINT('',#7327);
#6007=CIRCLE('',#7328,5.6);
#6008=CIRCLE('',#7329,5.6);
#6009=FILL_AREA_STYLE_COLOUR('',#7330);
#6010=VERTEX_POINT('',#7331);
#6011=CIRCLE('',#7332,8.75);
#6012=VERTEX_POINT('',#7333);
#6013=LINE('',#7334,#7335);
#6014=CIRCLE('',#7336,8.75);
#6015=LINE('',#7337,#7338);
#6016=CIRCLE('',#7339,8.36602540378444);
#6017=LINE('',#7340,#7341);
#6018=CIRCLE('',#7342,8.36602540378444);
#6019=FILL_AREA_STYLE_COLOUR('',#7343);
#6020=FILL_AREA_STYLE_COLOUR('',#7344);
#6021=CIRCLE('',#7345,1.9);
#6022=FILL_AREA_STYLE_COLOUR('',#7346);
#6023=VERTEX_POINT('',#7347);
#6024=CIRCLE('',#7348,5.6);
#6025=CIRCLE('',#7349,5.6);
#6026=FILL_AREA_STYLE_COLOUR('',#7350);
#6027=LINE('',#7351,#7352);
#6028=FILL_AREA_STYLE_COLOUR('',#7353);
#6029=FILL_AREA_STYLE_COLOUR('',#7354);
#6030=CIRCLE('',#7355,1.9);
#6031=FILL_AREA_STYLE_COLOUR('',#7356);
#6032=CIRCLE('',#7357,5.6);
#6033=FILL_AREA_STYLE_COLOUR('',#7358);
#6034=FILL_AREA_STYLE_COLOUR('',#7359);
#6035=LINE('',#7360,#7361);
#6036=VERTEX_POINT('',#7362);
#6037=CIRCLE('',#7363,8.45);
#6038=VERTEX_POINT('',#7364);
#6039=LINE('',#7365,#7366);
#6040=CIRCLE('',#7367,8.45);
#6041=FILL_AREA_STYLE_COLOUR('',#7368);
#6042=VERTEX_POINT('',#7369);
#6043=LINE('',#7370,#7371);
#6044=VERTEX_POINT('',#7372);
#6045=LINE('',#7373,#7374);
#6046=LINE('',#7375,#7376);
#6047=FILL_AREA_STYLE_COLOUR('',#7377);
#6048=CIRCLE('',#7378,8.75);
#6049=FILL_AREA_STYLE_COLOUR('',#7379);
#6050=LINE('',#7380,#7381);
#6051=FILL_AREA_STYLE_COLOUR('',#7382);
#6052=CIRCLE('',#7383,8.75);
#6053=FILL_AREA_STYLE_COLOUR('',#7384);
#6054=CIRCLE('',#7385,0.3);
#6055=FILL_AREA_STYLE_COLOUR('',#7386);
#6056=CIRCLE('',#7387,0.3);
#6057=FILL_AREA_STYLE_COLOUR('',#7388);
#6058=FILL_AREA_STYLE_COLOUR('',#7389);
#6059=FILL_AREA_STYLE_COLOUR('',#7390);
#6060=LINE('',#7391,#7392);
#6061=FILL_AREA_STYLE_COLOUR('',#7393);
#6062=CIRCLE('',#7394,7.58660254037845);
#6063=FILL_AREA_STYLE_COLOUR('',#7395);
#6064=CIRCLE('',#7396,7.58660254037845);
#6065=FILL_AREA_STYLE_COLOUR('',#7397);
#6066=FILL_AREA_STYLE_COLOUR('',#7398);
#6067=CIRCLE('',#7399,0.3);
#6068=FILL_AREA_STYLE_COLOUR('',#7400);
#6069=CIRCLE('',#7401,0.3);
#6070=FILL_AREA_STYLE_COLOUR('',#7402);
#6071=FILL_AREA_STYLE_COLOUR('',#7403);
#6072=CIRCLE('',#7404,5.6);
#6073=FILL_AREA_STYLE_COLOUR('',#7405);
#6074=FILL_AREA_STYLE_COLOUR('',#7406);
#6075=FILL_AREA_STYLE_COLOUR('',#7407);
#6076=VERTEX_POINT('',#7408);
#6077=VERTEX_POINT('',#7409);
#6078=LINE('',#7410,#7411);
#6079=VERTEX_POINT('',#7412);
#6080=CIRCLE('',#7413,3.05);
#6081=VERTEX_POINT('',#7414);
#6082=LINE('',#7415,#7416);
#6083=CIRCLE('',#7417,3.25);
#6084=FILL_AREA_STYLE_COLOUR('',#7418);
#6085=VERTEX_POINT('',#7419);
#6086=VERTEX_POINT('',#7420);
#6087=LINE('',#7421,#7422);
#6088=VERTEX_POINT('',#7423);
#6089=CIRCLE('',#7424,3.35);
#6090=VERTEX_POINT('',#7425);
#6091=LINE('',#7426,#7427);
#6092=CIRCLE('',#7428,3.35);
#6093=FILL_AREA_STYLE_COLOUR('',#7429);
#6094=VERTEX_POINT('',#7430);
#6095=VERTEX_POINT('',#7431);
#6096=LINE('',#7432,#7433);
#6097=VERTEX_POINT('',#7434);
#6098=CIRCLE('',#7435,3.25);
#6099=VERTEX_POINT('',#7436);
#6100=LINE('',#7437,#7438);
#6101=CIRCLE('',#7439,3.25);
#6102=FILL_AREA_STYLE_COLOUR('',#7440);
#6103=VERTEX_POINT('',#7441);
#6104=VERTEX_POINT('',#7442);
#6105=LINE('',#7443,#7444);
#6106=VERTEX_POINT('',#7445);
#6107=CIRCLE('',#7446,3.5);
#6108=VERTEX_POINT('',#7447);
#6109=LINE('',#7448,#7449);
#6110=CIRCLE('',#7450,3.5);
#6111=FILL_AREA_STYLE_COLOUR('',#7451);
#6112=VERTEX_POINT('',#7452);
#6113=LINE('',#7453,#7454);
#6114=VERTEX_POINT('',#7455);
#6115=CIRCLE('',#7456,3.25);
#6116=LINE('',#7457,#7458);
#6117=FILL_AREA_STYLE_COLOUR('',#7459);
#6118=VERTEX_POINT('',#7460);
#6119=VERTEX_POINT('',#7461);
#6120=LINE('',#7462,#7463);
#6121=VERTEX_POINT('',#7464);
#6122=CIRCLE('',#7465,3.5);
#6123=VERTEX_POINT('',#7466);
#6124=LINE('',#7467,#7468);
#6125=VERTEX_POINT('',#7469);
#6126=(B_SPLINE_CURVE(2,(#7471,#7472,#7473),.UNSPECIFIED.,.F.,.F.)B_SPLINE_CURVE_WITH_KNOTS((3,3),(-6.05475020128825,-0.0),.UNSPECIFIED.)RATIONAL_B_SPLINE_CURVE((1.0,5.87500000000002,1.0))BOUNDED_CURVE()REPRESENTATION_ITEM('')GEOMETRIC_REPRESENTATION_ITEM()CURVE());
#6127=VERTEX_POINT('',#7480);
#6128=(B_SPLINE_CURVE(2,(#7482,#7483,#7484),.UNSPECIFIED.,.F.,.F.)B_SPLINE_CURVE_WITH_KNOTS((3,3),(0.0,6.05475020128825),.UNSPECIFIED.)RATIONAL_B_SPLINE_CURVE((1.0,5.87500000000002,1.0))BOUNDED_CURVE()REPRESENTATION_ITEM('')GEOMETRIC_REPRESENTATION_ITEM()CURVE());
#6129=(B_SPLINE_CURVE(2,(#7492,#7493,#7494),.UNSPECIFIED.,.F.,.F.)B_SPLINE_CURVE_WITH_KNOTS((3,3),(-6.05475020128825,-0.0),.UNSPECIFIED.)RATIONAL_B_SPLINE_CURVE((1.0,5.87500000000002,1.0))BOUNDED_CURVE()REPRESENTATION_ITEM('')GEOMETRIC_REPRESENTATION_ITEM()CURVE());
#6130=FILL_AREA_STYLE_COLOUR('',#7501);
#6131=LINE('',#7502,#7503);
#6132=LINE('',#7504,#7505);
#6133=FILL_AREA_STYLE_COLOUR('',#7506);
#6134=VERTEX_POINT('',#7507);
#6135=LINE('',#7508,#7509);
#6136=VERTEX_POINT('',#7510);
#6137=LINE('',#7511,#7512);
#6138=VERTEX_POINT('',#7513);
#6139=LINE('',#7514,#7515);
#6140=(B_SPLINE_CURVE(2,(#7517,#7518,#7519),.UNSPECIFIED.,.F.,.F.)B_SPLINE_CURVE_WITH_KNOTS((3,3),(-6.05475020128825,-0.0),.UNSPECIFIED.)RATIONAL_B_SPLINE_CURVE((1.0,5.87500000000002,1.0))BOUNDED_CURVE()REPRESENTATION_ITEM('')GEOMETRIC_REPRESENTATION_ITEM()CURVE());
#6141=FILL_AREA_STYLE_COLOUR('',#7526);
#6142=VERTEX_POINT('',#7527);
#6143=(B_SPLINE_CURVE(2,(#7529,#7530,#7531),.UNSPECIFIED.,.F.,.F.)B_SPLINE_CURVE_WITH_KNOTS((3,3),(-6.05475020128825,-0.0),.UNSPECIFIED.)RATIONAL_B_SPLINE_CURVE((1.0,5.87500000000002,1.0))BOUNDED_CURVE()REPRESENTATION_ITEM('')GEOMETRIC_REPRESENTATION_ITEM()CURVE());
#6144=VERTEX_POINT('',#7538);
#6145=LINE('',#7539,#7540);
#6146=LINE('',#7541,#7542);
#6147=FILL_AREA_STYLE_COLOUR('',#7543);
#6148=VERTEX_POINT('',#7544);
#6149=LINE('',#7545,#7546);
#6150=LINE('',#7547,#7548);
#6151=FILL_AREA_STYLE_COLOUR('',#7549);
#6152=CIRCLE('',#7550,3.5);
#6153=CIRCLE('',#7551,3.25);
#6154=FILL_AREA_STYLE_COLOUR('',#7552);
#6155=(B_SPLINE_CURVE(2,(#7554,#7555,#7556),.UNSPECIFIED.,.F.,.F.)B_SPLINE_CURVE_WITH_KNOTS((3,3),(-6.05475020128825,-0.0),.UNSPECIFIED.)RATIONAL_B_SPLINE_CURVE((1.0,5.87500000000002,1.0))BOUNDED_CURVE()REPRESENTATION_ITEM('')GEOMETRIC_REPRESENTATION_ITEM()CURVE());
#6156=CIRCLE('',#7563,3.5);
#6157=FILL_AREA_STYLE_COLOUR('',#7564);
#6158=CIRCLE('',#7565,3.25);
#6159=CIRCLE('',#7566,3.25);
#6160=FILL_AREA_STYLE_COLOUR('',#7567);
#6161=CIRCLE('',#7568,3.5);
#6162=FILL_AREA_STYLE_COLOUR('',#7569);
#6163=LINE('',#7570,#7571);
#6164=FILL_AREA_STYLE_COLOUR('',#7572);
#6165=CIRCLE('',#7573,3.25);
#6166=FILL_AREA_STYLE_COLOUR('',#7574);
#6167=FILL_AREA_STYLE_COLOUR('',#7575);
#6168=CIRCLE('',#7576,3.35);
#6169=CIRCLE('',#7577,3.35);
#6170=FILL_AREA_STYLE_COLOUR('',#7578);
#6171=FILL_AREA_STYLE_COLOUR('',#7579);
#6172=FILL_AREA_STYLE_COLOUR('',#7580);
#6173=CIRCLE('',#7581,3.05);
#6174=FILL_AREA_STYLE_COLOUR('',#7582);
#6175=FILL_AREA_STYLE_COLOUR('',#7583);
#6176=FILL_AREA_STYLE_COLOUR('',#7584);
#6177=FILL_AREA_STYLE_COLOUR('',#7585);
#6178=VERTEX_POINT('',#7586);
#6179=VERTEX_POINT('',#7587);
#6180=LINE('',#7588,#7589);
#6181=VERTEX_POINT('',#7590);
#6182=CIRCLE('',#7591,8.25);
#6183=VERTEX_POINT('',#7592);
#6184=LINE('',#7593,#7594);
#6185=CIRCLE('',#7595,8.25);
#6186=FILL_AREA_STYLE_COLOUR('',#7596);
#6187=VERTEX_POINT('',#7597);
#6188=VERTEX_POINT('',#7598);
#6189=LINE('',#7599,#7600);
#6190=VERTEX_POINT('',#7601);
#6191=CIRCLE('',#7602,8.25);
#6192=VERTEX_POINT('',#7603);
#6193=LINE('',#7604,#7605);
#6194=CIRCLE('',#7606,8.25);
#6195=FILL_AREA_STYLE_COLOUR('',#7607);
#6196=VERTEX_POINT('',#7608);
#6197=VERTEX_POINT('',#7609);
#6198=LINE('',#7610,#7611);
#6199=VERTEX_POINT('',#7612);
#6200=CIRCLE('',#7613,4.65481555856608);
#6201=VERTEX_POINT('',#7614);
#6202=LINE('',#7615,#7616);
#6203=CIRCLE('',#7617,4.55);
#6204=FILL_AREA_STYLE_COLOUR('',#7618);
#6205=VERTEX_POINT('',#7619);
#6206=VERTEX_POINT('',#7620);
#6207=LINE('',#7621,#7622);
#6208=VERTEX_POINT('',#7623);
#6209=CIRCLE('',#7624,3.75);
#6210=VERTEX_POINT('',#7625);
#6211=LINE('',#7626,#7627);
#6212=CIRCLE('',#7628,3.75);
#6213=FILL_AREA_STYLE_COLOUR('',#7629);
#6214=VERTEX_POINT('',#7630);
#6215=VERTEX_POINT('',#7631);
#6216=LINE('',#7632,#7633);
#6217=VERTEX_POINT('',#7634);
#6218=CIRCLE('',#7635,3.75);
#6219=VERTEX_POINT('',#7636);
#6220=LINE('',#7637,#7638);
#6221=CIRCLE('',#7639,3.75);
#6222=FILL_AREA_STYLE_COLOUR('',#7640);
#6223=VERTEX_POINT('',#7641);
#6224=VERTEX_POINT('',#7642);
#6225=LINE('',#7643,#7644);
#6226=VERTEX_POINT('',#7645);
#6227=CIRCLE('',#7646,5.5);
#6228=VERTEX_POINT('',#7647);
#6229=LINE('',#7648,#7649);
#6230=CIRCLE('',#7650,5.5);
#6231=FILL_AREA_STYLE_COLOUR('',#7651);
#6232=VERTEX_POINT('',#7652);
#6233=VERTEX_POINT('',#7653);
#6234=LINE('',#7654,#7655);
#6235=VERTEX_POINT('',#7656);
#6236=CIRCLE('',#7657,2.5);
#6237=VERTEX_POINT('',#7658);
#6238=LINE('',#7659,#7660);
#6239=CIRCLE('',#7661,2.5);
#6240=FILL_AREA_STYLE_COLOUR('',#7662);
#6241=VERTEX_POINT('',#7663);
#6242=LINE('',#7664,#7665);
#6243=VERTEX_POINT('',#7666);
#6244=CIRCLE('',#7667,3.75);
#6245=LINE('',#7668,#7669);
#6246=CIRCLE('',#7670,2.5);
#6247=FILL_AREA_STYLE_COLOUR('',#7671);
#6248=VERTEX_POINT('',#7672);
#6249=LINE('',#7673,#7674);
#6250=VERTEX_POINT('',#7675);
#6251=CIRCLE('',#7676,3.75);
#6252=LINE('',#7677,#7678);
#6253=FILL_AREA_STYLE_COLOUR('',#7679);
#6254=VERTEX_POINT('',#7680);
#6255=CIRCLE('',#7681,0.5);
#6256=VERTEX_POINT('',#7682);
#6257=CIRCLE('',#7683,0.5);
#6258=CIRCLE('',#7684,8.19721359549996);
#6259=FILL_AREA_STYLE_COLOUR('',#7685);
#6260=VERTEX_POINT('',#7686);
#6261=CIRCLE('',#7687,0.5);
#6262=VERTEX_POINT('',#7688);
#6263=CIRCLE('',#7689,8.19721359549996);
#6264=CIRCLE('',#7690,0.5);
#6265=FILL_AREA_STYLE_COLOUR('',#7691);
#6266=VERTEX_POINT('',#7692);
#6267=VERTEX_POINT('',#7693);
#6268=CIRCLE('',#7694,0.3);
#6269=VERTEX_POINT('',#7695);
#6270=CIRCLE('',#7696,3.8);
#6271=VERTEX_POINT('',#7697);
#6272=CIRCLE('',#7698,0.3);
#6273=CIRCLE('',#7699,3.5);
#6274=FILL_AREA_STYLE_COLOUR('',#7700);
#6275=VERTEX_POINT('',#7701);
#6276=CIRCLE('',#7702,0.3);
#6277=VERTEX_POINT('',#7703);
#6278=CIRCLE('',#7704,0.3);
#6279=CIRCLE('',#7705,5.2);
#6280=FILL_AREA_STYLE_COLOUR('',#7706);
#6281=VERTEX_POINT('',#7707);
#6282=VERTEX_POINT('',#7708);
#6283=CIRCLE('',#7709,0.5);
#6284=VERTEX_POINT('',#7710);
#6285=CIRCLE('',#7711,7.63819660112501);
#6286=VERTEX_POINT('',#7712);
#6287=CIRCLE('',#7713,0.5);
#6288=CIRCLE('',#7714,7.19098300562505);
#6289=FILL_AREA_STYLE_COLOUR('',#7715);
#6290=VERTEX_POINT('',#7716);
#6291=VERTEX_POINT('',#7717);
#6292=CIRCLE('',#7718,0.5);
#6293=VERTEX_POINT('',#7719);
#6294=CIRCLE('',#7720,7.19098300562505);
#6295=VERTEX_POINT('',#7721);
#6296=CIRCLE('',#7722,0.5);
#6297=CIRCLE('',#7723,7.63819660112501);
#6298=FILL_AREA_STYLE_COLOUR('',#7724);
#6299=LINE('',#7725,#7726);
#6300=LINE('',#7727,#7728);
#6301=FILL_AREA_STYLE_COLOUR('',#7729);
#6302=LINE('',#7730,#7731);
#6303=LINE('',#7732,#7733);
#6304=FILL_AREA_STYLE_COLOUR('',#7734);
#6305=VERTEX_POINT('',#7735);
#6306=LINE('',#7736,#7737);
#6307=VERTEX_POINT('',#7738);
#6308=LINE('',#7739,#7740);
#6309=CIRCLE('',#7741,3.5);
#6310=FILL_AREA_STYLE_COLOUR('',#7742);
#6311=VERTEX_POINT('',#7743);
#6312=VERTEX_POINT('',#7744);
#6313=LINE('',#7745,#7746);
#6314=VERTEX_POINT('',#7747);
#6315=CIRCLE('',#7748,2.5);
#6316=VERTEX_POINT('',#7749);
#6317=LINE('',#7750,#7751);
#6318=CIRCLE('',#7752,2.5);
#6319=FILL_AREA_STYLE_COLOUR('',#7753);
#6320=VERTEX_POINT('',#7754);
#6321=LINE('',#7755,#7756);
#6322=VERTEX_POINT('',#7757);
#6323=CIRCLE('',#7758,3.75);
#6324=LINE('',#7759,#7760);
#6325=CIRCLE('',#7761,2.5);
#6326=FILL_AREA_STYLE_COLOUR('',#7762);
#6327=VERTEX_POINT('',#7763);
#6328=LINE('',#7764,#7765);
#6329=VERTEX_POINT('',#7766);
#6330=CIRCLE('',#7767,3.75);
#6331=LINE('',#7768,#7769);
#6332=FILL_AREA_STYLE_COLOUR('',#7770);
#6333=CIRCLE('',#7771,3.75);
#6334=CIRCLE('',#7772,3.75);
#6335=FILL_AREA_STYLE_COLOUR('',#7773);
#6336=FILL_AREA_STYLE_COLOUR('',#7774);
#6337=CIRCLE('',#7775,2.5);
#6338=FILL_AREA_STYLE_COLOUR('',#7776);
#6339=CIRCLE('',#7777,3.5);
#6340=CIRCLE('',#7778,3.5);
#6341=FILL_AREA_STYLE_COLOUR('',#7779);
#6342=VERTEX_POINT('',#7780);
#6343=VERTEX_POINT('',#7781);
#6344=LINE('',#7782,#7783);
#6345=VERTEX_POINT('',#7784);
#6346=LINE('',#7785,#7786);
#6347=VERTEX_POINT('',#7787);
#6348=LINE('',#7788,#7789);
#6349=LINE('',#7790,#7791);
#6350=FILL_AREA_STYLE_COLOUR('',#7792);
#6351=VERTEX_POINT('',#7793);
#6352=CIRCLE('',#7794,8.19721359549996);
#6353=VERTEX_POINT('',#7795);
#6354=LINE('',#7796,#7797);
#6355=CIRCLE('',#7798,7.63819660112501);
#6356=FILL_AREA_STYLE_COLOUR('',#7799);
#6357=VERTEX_POINT('',#7800);
#6358=LINE('',#7801,#7802);
#6359=VERTEX_POINT('',#7803);
#6360=LINE('',#7804,#7805);
#6361=LINE('',#7806,#7807);
#6362=FILL_AREA_STYLE_COLOUR('',#7808);
#6363=LINE('',#7809,#7810);
#6364=LINE('',#7811,#7812);
#6365=FILL_AREA_STYLE_COLOUR('',#7813);
#6366=CIRCLE('',#7814,7.63819660112501);
#6367=CIRCLE('',#7815,8.19721359549996);
#6368=FILL_AREA_STYLE_COLOUR('',#7816);
#6369=VERTEX_POINT('',#7817);
#6370=CIRCLE('',#7818,0.5);
#6371=CIRCLE('',#7819,7.19098300562505);
#6372=FILL_AREA_STYLE_COLOUR('',#7820);
#6373=VERTEX_POINT('',#7821);
#6374=CIRCLE('',#7822,0.5);
#6375=LINE('',#7823,#7824);
#6376=FILL_AREA_STYLE_COLOUR('',#7825);
#6377=LINE('',#7826,#7827);
#6378=FILL_AREA_STYLE_COLOUR('',#7828);
#6379=CIRCLE('',#7829,7.19098300562505);
#6380=FILL_AREA_STYLE_COLOUR('',#7830);
#6381=CIRCLE('',#7831,5.2);
#6382=CIRCLE('',#7832,5.5);
#6383=FILL_AREA_STYLE_COLOUR('',#7833);
#6384=CIRCLE('',#7834,3.8);
#6385=FILL_AREA_STYLE_COLOUR('',#7835);
#6386=CIRCLE('',#7836,8.25);
#6387=CIRCLE('',#7837,0.5);
#6388=FILL_AREA_STYLE_COLOUR('',#7838);
#6389=LINE('',#7839,#7840);
#6390=FILL_AREA_STYLE_COLOUR('',#7841);
#6391=CIRCLE('',#7842,0.5);
#6392=FILL_AREA_STYLE_COLOUR('',#7843);
#6393=CIRCLE('',#7844,8.25);
#6394=FILL_AREA_STYLE_COLOUR('',#7845);
#6395=CIRCLE('',#7846,5.5);
#6396=CIRCLE('',#7847,3.75);
#6397=CIRCLE('',#7848,3.75);
#6398=CIRCLE('',#7849,3.75);
#6399=FILL_AREA_STYLE_COLOUR('',#7850);
#6400=CIRCLE('',#7851,3.75);
#6401=FILL_AREA_STYLE_COLOUR('',#7852);
#6402=FILL_AREA_STYLE_COLOUR('',#7853);
#6403=CIRCLE('',#7854,2.5);
#6404=FILL_AREA_STYLE_COLOUR('',#7855);
#6405=FILL_AREA_STYLE_COLOUR('',#7856);
#6406=FILL_AREA_STYLE_COLOUR('',#7857);
#6407=CIRCLE('',#7858,4.55);
#6408=FILL_AREA_STYLE_COLOUR('',#7859);
#6409=CIRCLE('',#7860,3.75);
#6410=FILL_AREA_STYLE_COLOUR('',#7861);
#6411=CIRCLE('',#7862,3.75);
#6412=FILL_AREA_STYLE_COLOUR('',#7863);
#6413=CIRCLE('',#7864,8.25);
#6414=LINE('',#7865,#7866);
#6415=CIRCLE('',#7867,8.25);
#6416=CIRCLE('',#7868,4.65481555856608);
#6417=FILL_AREA_STYLE_COLOUR('',#7869);
#6418=FILL_AREA_STYLE_COLOUR('',#7870);
#6419=FILL_AREA_STYLE_COLOUR('',#7871);
#6420=FILL_AREA_STYLE_COLOUR('',#7872);
#6421=FILL_AREA_STYLE_COLOUR('',#7873);
#6422=FILL_AREA_STYLE_COLOUR('',#7874);
#6423=VERTEX_POINT('',#7875);
#6424=VERTEX_POINT('',#7876);
#6425=LINE('',#7877,#7878);
#6426=VERTEX_POINT('',#7879);
#6427=CIRCLE('',#7880,2.5);
#6428=VERTEX_POINT('',#7881);
#6429=LINE('',#7882,#7883);
#6430=CIRCLE('',#7884,3.75);
#6431=FILL_AREA_STYLE_COLOUR('',#7885);
#6432=VERTEX_POINT('',#7886);
#6433=LINE('',#7887,#7888);
#6434=VERTEX_POINT('',#7889);
#6435=CIRCLE('',#7890,3.75);
#6436=VERTEX_POINT('',#7891);
#6437=CIRCLE('',#7892,3.75);
#6438=LINE('',#7893,#7894);
#6439=FILL_AREA_STYLE_COLOUR('',#7895);
#6440=VERTEX_POINT('',#7896);
#6441=VERTEX_POINT('',#7897);
#6442=LINE('',#7898,#7899);
#6443=VERTEX_POINT('',#7900);
#6444=CIRCLE('',#7901,2.1);
#6445=VERTEX_POINT('',#7902);
#6446=LINE('',#7903,#7904);
#6447=CIRCLE('',#7905,2.5);
#6448=FILL_AREA_STYLE_COLOUR('',#7906);
#6449=LINE('',#7907,#7908);
#6450=LINE('',#7909,#7910);
#6451=FILL_AREA_STYLE_COLOUR('',#7911);
#6452=CIRCLE('',#7912,2.5);
#6453=CIRCLE('',#7913,2.5);
#6454=FILL_AREA_STYLE_COLOUR('',#7914);
#6455=CIRCLE('',#7915,2.1);
#6456=FILL_AREA_STYLE_COLOUR('',#7916);
#6457=VERTEX_POINT('',#7917);
#6458=VERTEX_POINT('',#7918);
#6459=LINE('',#7919,#7920);
#6460=VERTEX_POINT('',#7921);
#6461=LINE('',#7922,#7923);
#6462=VERTEX_POINT('',#7924);
#6463=LINE('',#7925,#7926);
#6464=VERTEX_POINT('',#7927);
#6465=LINE('',#7928,#7929);
#6466=VERTEX_POINT('',#7930);
#6467=LINE('',#7931,#7932);
#6468=VERTEX_POINT('',#7933);
#6469=LINE('',#7934,#7935);
#6470=VERTEX_POINT('',#7936);
#6471=LINE('',#7937,#7938);
#6472=VERTEX_POINT('',#7939);
#6473=LINE('',#7940,#7941);
#6474=VERTEX_POINT('',#7942);
#6475=LINE('',#7943,#7944);
#6476=VERTEX_POINT('',#7945);
#6477=LINE('',#7946,#7947);
#6478=VERTEX_POINT('',#7948);
#6479=LINE('',#7949,#7950);
#6480=LINE('',#7951,#7952);
#6481=FILL_AREA_STYLE_COLOUR('',#7953);
#6482=FILL_AREA_STYLE_COLOUR('',#7954);
#6483=CIRCLE('',#7955,3.75);
#6484=VERTEX_POINT('',#7956);
#6485=VERTEX_POINT('',#7957);
#6486=LINE('',#7958,#7959);
#6487=VERTEX_POINT('',#7960);
#6488=LINE('',#7961,#7962);
#6489=VERTEX_POINT('',#7963);
#6490=LINE('',#7964,#7965);
#6491=VERTEX_POINT('',#7966);
#6492=LINE('',#7967,#7968);
#6493=VERTEX_POINT('',#7969);
#6494=LINE('',#7970,#7971);
#6495=VERTEX_POINT('',#7972);
#6496=LINE('',#7973,#7974);
#6497=VERTEX_POINT('',#7975);
#6498=LINE('',#7976,#7977);
#6499=VERTEX_POINT('',#7978);
#6500=LINE('',#7979,#7980);
#6501=VERTEX_POINT('',#7981);
#6502=LINE('',#7982,#7983);
#6503=VERTEX_POINT('',#7984);
#6504=LINE('',#7985,#7986);
#6505=VERTEX_POINT('',#7987);
#6506=LINE('',#7988,#7989);
#6507=LINE('',#7990,#7991);
#6508=FILL_AREA_STYLE_COLOUR('',#7992);
#6509=CIRCLE('',#7993,3.75);
#6510=FILL_AREA_STYLE_COLOUR('',#7994);
#6511=FILL_AREA_STYLE_COLOUR('',#7995);
#6512=LINE('',#7996,#7997);
#6513=LINE('',#7998,#7999);
#6514=FILL_AREA_STYLE_COLOUR('',#8000);
#6515=LINE('',#8001,#8002);
#6516=LINE('',#8003,#8004);
#6517=FILL_AREA_STYLE_COLOUR('',#8005);
#6518=LINE('',#8006,#8007);
#6519=FILL_AREA_STYLE_COLOUR('',#8008);
#6520=LINE('',#8009,#8010);
#6521=LINE('',#8011,#8012);
#6522=FILL_AREA_STYLE_COLOUR('',#8013);
#6523=LINE('',#8014,#8015);
#6524=FILL_AREA_STYLE_COLOUR('',#8016);
#6525=LINE('',#8017,#8018);
#6526=LINE('',#8019,#8020);
#6527=FILL_AREA_STYLE_COLOUR('',#8021);
#6528=LINE('',#8022,#8023);
#6529=FILL_AREA_STYLE_COLOUR('',#8024);
#6530=LINE('',#8025,#8026);
#6531=FILL_AREA_STYLE_COLOUR('',#8027);
#6532=FILL_AREA_STYLE_COLOUR('',#8028);
#6533=FILL_AREA_STYLE_COLOUR('',#8029);
#6534=FILL_AREA_STYLE_COLOUR('',#8030);
#6535=FILL_AREA_STYLE_COLOUR('',#8031);
#6536=FILL_AREA_STYLE_COLOUR('',#8032);
#6537=VERTEX_POINT('',#8033);
#6538=VERTEX_POINT('',#8034);
#6539=LINE('',#8035,#8036);
#6540=VERTEX_POINT('',#8037);
#6541=CIRCLE('',#8038,2.5);
#6542=VERTEX_POINT('',#8039);
#6543=LINE('',#8040,#8041);
#6544=CIRCLE('',#8042,3.75);
#6545=FILL_AREA_STYLE_COLOUR('',#8043);
#6546=VERTEX_POINT('',#8044);
#6547=LINE('',#8045,#8046);
#6548=VERTEX_POINT('',#8047);
#6549=CIRCLE('',#8048,3.75);
#6550=VERTEX_POINT('',#8049);
#6551=CIRCLE('',#8050,3.75);
#6552=LINE('',#8051,#8052);
#6553=FILL_AREA_STYLE_COLOUR('',#8053);
#6554=VERTEX_POINT('',#8054);
#6555=VERTEX_POINT('',#8055);
#6556=LINE('',#8056,#8057);
#6557=VERTEX_POINT('',#8058);
#6558=CIRCLE('',#8059,2.1);
#6559=VERTEX_POINT('',#8060);
#6560=LINE('',#8061,#8062);
#6561=CIRCLE('',#8063,2.5);
#6562=FILL_AREA_STYLE_COLOUR('',#8064);
#6563=LINE('',#8065,#8066);
#6564=LINE('',#8067,#8068);
#6565=FILL_AREA_STYLE_COLOUR('',#8069);
#6566=CIRCLE('',#8070,2.5);
#6567=CIRCLE('',#8071,2.5);
#6568=FILL_AREA_STYLE_COLOUR('',#8072);
#6569=CIRCLE('',#8073,2.1);
#6570=FILL_AREA_STYLE_COLOUR('',#8074);
#6571=VERTEX_POINT('',#8075);
#6572=VERTEX_POINT('',#8076);
#6573=LINE('',#8077,#8078);
#6574=VERTEX_POINT('',#8079);
#6575=LINE('',#8080,#8081);
#6576=VERTEX_POINT('',#8082);
#6577=LINE('',#8083,#8084);
#6578=VERTEX_POINT('',#8085);
#6579=LINE('',#8086,#8087);
#6580=VERTEX_POINT('',#8088);
#6581=LINE('',#8089,#8090);
#6582=VERTEX_POINT('',#8091);
#6583=LINE('',#8092,#8093);
#6584=VERTEX_POINT('',#8094);
#6585=LINE('',#8095,#8096);
#6586=VERTEX_POINT('',#8097);
#6587=LINE('',#8098,#8099);
#6588=VERTEX_POINT('',#8100);
#6589=LINE('',#8101,#8102);
#6590=VERTEX_POINT('',#8103);
#6591=LINE('',#8104,#8105);
#6592=VERTEX_POINT('',#8106);
#6593=LINE('',#8107,#8108);
#6594=LINE('',#8109,#8110);
#6595=FILL_AREA_STYLE_COLOUR('',#8111);
#6596=FILL_AREA_STYLE_COLOUR('',#8112);
#6597=CIRCLE('',#8113,3.75);
#6598=VERTEX_POINT('',#8114);
#6599=VERTEX_POINT('',#8115);
#6600=LINE('',#8116,#8117);
#6601=VERTEX_POINT('',#8118);
#6602=LINE('',#8119,#8120);
#6603=VERTEX_POINT('',#8121);
#6604=LINE('',#8122,#8123);
#6605=VERTEX_POINT('',#8124);
#6606=LINE('',#8125,#8126);
#6607=VERTEX_POINT('',#8127);
#6608=LINE('',#8128,#8129);
#6609=VERTEX_POINT('',#8130);
#6610=LINE('',#8131,#8132);
#6611=VERTEX_POINT('',#8133);
#6612=LINE('',#8134,#8135);
#6613=VERTEX_POINT('',#8136);
#6614=LINE('',#8137,#8138);
#6615=VERTEX_POINT('',#8139);
#6616=LINE('',#8140,#8141);
#6617=VERTEX_POINT('',#8142);
#6618=LINE('',#8143,#8144);
#6619=VERTEX_POINT('',#8145);
#6620=LINE('',#8146,#8147);
#6621=LINE('',#8148,#8149);
#6622=FILL_AREA_STYLE_COLOUR('',#8150);
#6623=CIRCLE('',#8151,3.75);
#6624=FILL_AREA_STYLE_COLOUR('',#8152);
#6625=FILL_AREA_STYLE_COLOUR('',#8153);
#6626=LINE('',#8154,#8155);
#6627=LINE('',#8156,#8157);
#6628=FILL_AREA_STYLE_COLOUR('',#8158);
#6629=LINE('',#8159,#8160);
#6630=LINE('',#8161,#8162);
#6631=FILL_AREA_STYLE_COLOUR('',#8163);
#6632=LINE('',#8164,#8165);
#6633=FILL_AREA_STYLE_COLOUR('',#8166);
#6634=LINE('',#8167,#8168);
#6635=LINE('',#8169,#8170);
#6636=FILL_AREA_STYLE_COLOUR('',#8171);
#6637=LINE('',#8172,#8173);
#6638=FILL_AREA_STYLE_COLOUR('',#8174);
#6639=LINE('',#8175,#8176);
#6640=LINE('',#8177,#8178);
#6641=FILL_AREA_STYLE_COLOUR('',#8179);
#6642=LINE('',#8180,#8181);
#6643=FILL_AREA_STYLE_COLOUR('',#8182);
#6644=LINE('',#8183,#8184);
#6645=FILL_AREA_STYLE_COLOUR('',#8185);
#6646=FILL_AREA_STYLE_COLOUR('',#8186);
#6647=FILL_AREA_STYLE_COLOUR('',#8187);
#6648=FILL_AREA_STYLE_COLOUR('',#8188);
#6649=FILL_AREA_STYLE_COLOUR('',#8189);
#6650=COLOUR_RGB('',0.749019622802734,0.749019622802734,0.749019622802734);
#6651=CARTESIAN_POINT('',(-10.1757565109172,-2.37537459560868,3.21806371104944));
#6652=CARTESIAN_POINT('',(-9.32409437200787,-2.39115795520182,3.20651832774737));
#6653=CARTESIAN_POINT('',(-10.1757565109172,-2.37537459560868,3.21806371104944));
#6654=CARTESIAN_POINT('',(-10.1569831559686,-2.82145918474555,2.88885598798678));
#6655=CARTESIAN_POINT('',(-10.1379709177531,-3.20249454828735,2.4599675267748));
#6656=CARTESIAN_POINT('',(-10.1000750970497,-3.75542348325924,1.48745852158732));
#6657=CARTESIAN_POINT('',(-10.0811911094311,-3.92693944270959,0.943631589756992));
#6658=CARTESIAN_POINT('',(-10.0433885907912,-4.03490526947552,-0.167516225905057));
#6659=CARTESIAN_POINT('',(-10.0244700625091,-3.97104894372313,-0.734892174130924));
#6660=CARTESIAN_POINT('',(-9.98664272501358,-3.61819241224875,-1.79449351505487));
#6661=CARTESIAN_POINT('',(-9.96773349999222,-3.32887842488636,-2.28660260239719));
#6662=CARTESIAN_POINT('',(-9.92991274262421,-2.5754232713236,-3.11090381238443));
#6663=CARTESIAN_POINT('',(-9.9110010125208,-2.11102231668539,-3.44287355612976));
#6664=CARTESIAN_POINT('',(-9.87317851461039,-1.08746586914157,-3.8895025251698));
#6665=CARTESIAN_POINT('',(-9.85426745846997,-0.528176170801262,-4.00385635696232));
#6666=CARTESIAN_POINT('',(-9.81644541896686,0.588557261827929,-3.99554018686968));
#6667=CARTESIAN_POINT('',(-9.79753417900691,1.14600333003634,-3.87253228185399));
#6668=CARTESIAN_POINT('',(-9.75971202691567,2.16280603559993,-3.41072225865874));
#6669=CARTESIAN_POINT('',(-9.74080084737486,2.62202669365362,-3.07161252812074));
#6670=CARTESIAN_POINT('',(-9.70297869146336,3.36308694866207,-2.23615700090612));
#6671=CARTESIAN_POINT('',(-9.68406745393987,3.64467774852943,-1.73958488606224));
#6672=CARTESIAN_POINT('',(-9.64624542460892,3.98186144101673,-0.674939463448478));
#6673=CARTESIAN_POINT('',(-9.62733435919627,4.03713305455455,-0.106761498966395));
#6674=CARTESIAN_POINT('',(-9.5895118313234,3.91212800591011,1.00297674709782));
#6675=CARTESIAN_POINT('',(-9.5706001312535,3.73151912686212,1.54450638638398));
#6676=CARTESIAN_POINT('',(-9.53277945337349,3.16598085602997,2.50748801555175));
#6677=CARTESIAN_POINT('',(-9.51387014039632,2.78075849414294,2.92876384306994));
#6678=CARTESIAN_POINT('',(-9.47604262790604,1.87230442080589,3.57835904741083));
#6679=CARTESIAN_POINT('',(-9.4571243118389,1.34886275480208,3.8064174946837));
#6680=CARTESIAN_POINT('',(-9.41932208687578,0.255257459083683,4.03076887957005));
#6681=CARTESIAN_POINT('',(-9.40043769232956,-0.314950501470929,4.02675432665819));
#6682=CARTESIAN_POINT('',(-9.37201564475132,-1.13419366193839,3.84561419923074));
#6683=CARTESIAN_POINT('',(-9.36252581586423,-1.40125430384338,3.75595178985352));
#6684=CARTESIAN_POINT('',(-9.34832361662761,-1.78306407714418,3.58235391931563));
#6685=CARTESIAN_POINT('',(-9.34359498404109,-1.90720501528163,3.51797370187896));
#6686=CARTESIAN_POINT('',(-9.33415808701845,-2.14761177102253,3.37699604646754));
#6687=CARTESIAN_POINT('',(-9.32944986002294,-2.26372542804572,3.30019824620178));
#6688=CARTESIAN_POINT('',(-9.32250047705567,-2.42907949596636,3.17863104514127));
#6689=CARTESIAN_POINT('',(-9.32024442207063,-2.48289557843374,3.13934485205984));
#6690=CARTESIAN_POINT('',(-9.31798836739,-2.53664397156454,3.09996890892727));
#6691=CARTESIAN_POINT('',(-9.7503466885194,-2.61505790632288,3.56960679880786));
#6692=AXIS2_PLACEMENT_3D('',#8190,#8191,#8192);
#6693=CARTESIAN_POINT('',(-8.89930680721283,-2.61503075503959,3.56962660630932));
#6695=CARTESIAN_POINT('',(-9.7503466885194,-2.61505790632288,3.56960679880786));
#6696=CARTESIAN_POINT('',(-9.7314626737754,-3.11124362089762,3.20610603930358));
#6697=CARTESIAN_POINT('',(-9.71265099368814,-3.5324684592972,2.73545089646969));
#6698=CARTESIAN_POINT('',(-9.67450795659101,-4.14893172642739,1.65983826928997));
#6699=CARTESIAN_POINT('',(-9.65584055470693,-4.34060010925309,1.06016489225159));
#6700=CARTESIAN_POINT('',(-9.61791030970372,-4.46453247220193,-0.170152831316626));
#6701=CARTESIAN_POINT('',(-9.59912906754064,-4.39644960384109,-0.796248992788674));
#6702=CARTESIAN_POINT('',(-9.56110422284915,-4.00957581332169,-1.97164136020076));
#6703=CARTESIAN_POINT('',(-9.54239153850129,-3.69245396372454,-2.5158032070719));
#6704=CARTESIAN_POINT('',(-9.50440290696704,-2.86093417942852,-3.4319346132087));
#6705=CARTESIAN_POINT('',(-9.48565843904139,-2.34997768153233,-3.8001165928629));
#6706=CARTESIAN_POINT('',(-9.44765741682933,-1.21771270918187,-4.29889978267402));
#6707=CARTESIAN_POINT('',(-9.42892537951649,-0.60115900562831,-4.42740746922019));
#6708=CARTESIAN_POINT('',(-9.39092818790762,0.63608704894885,-4.42252253829207));
#6709=CARTESIAN_POINT('',(-9.37219179657568,1.25160210914663,-4.28915057029803));
#6710=CARTESIAN_POINT('',(-9.33419357868107,2.37989576095996,-3.78145685922581));
#6711=CARTESIAN_POINT('',(-9.31545887978819,2.88795029737322,-3.40926159192881));
#6712=CARTESIAN_POINT('',(-9.27746066189975,3.71220000114804,-2.48654175643645));
#6713=CARTESIAN_POINT('',(-9.25872427056575,4.0249441750248,-1.93988102749534));
#6714=CARTESIAN_POINT('',(-9.22072707893703,4.40263197241464,-0.761681727792976));
#6715=CARTESIAN_POINT('',(-9.20199504164097,4.4659960232147,-0.13507364213099));
#6716=CARTESIAN_POINT('',(-9.16399401947602,4.33180151950397,1.09488589916556));
#6717=CARTESIAN_POINT('',(-9.14524955150308,4.13480660806585,1.6930727551222));
#6718=CARTESIAN_POINT('',(-9.10726091984246,3.51200998006347,2.76211263517036));
#6719=CARTESIAN_POINT('',(-9.0885482356318,3.08878296704396,3.22854300108511));
#6720=CARTESIAN_POINT('',(-9.05052339122282,2.08472881876344,3.95179524925812));
#6721=CARTESIAN_POINT('',(-9.03174214872224,1.50829458493362,4.20547859296671));
#6722=CARTESIAN_POINT('',(-8.99381190325001,0.297862772294422,4.45825469639715));
#6723=CARTESIAN_POINT('',(-8.97514450201343,-0.331693547638109,4.45630790637184));
#6724=CARTESIAN_POINT('',(-8.94653722447873,-1.24026155091737,4.25869839784934));
#6725=CARTESIAN_POINT('',(-8.93705269938762,-1.53557231433337,4.16066716610719));
#6726=CARTESIAN_POINT('',(-8.92288708396528,-1.95807263765318,3.97041922476886));
#6727=CARTESIAN_POINT('',(-8.91817199726643,-2.09549606435377,3.89979125682475));
#6728=CARTESIAN_POINT('',(-8.90874222830733,-2.36195457546059,3.74482900871368));
#6729=CARTESIAN_POINT('',(-8.90401362415549,-2.49710056148493,3.65600773609143));
#6730=CARTESIAN_POINT('',(-8.89930680721283,-2.61503075503959,3.56962660630932));
#6737=CARTESIAN_POINT('',(-8.47590569637208,-2.33669979671763,3.24703448179456));
#6738=CARTESIAN_POINT('',(-8.8993068072128,-2.61503075504924,3.5696266063225));
#6739=CARTESIAN_POINT('',(-8.7888182324802,-2.60778928411132,3.57470685578259));
#6740=CARTESIAN_POINT('',(-8.67796449729578,-2.57342713094849,3.54281589985892));
#6741=CARTESIAN_POINT('',(-8.59961154019937,-2.52180006884811,3.48295404745688));
#6742=CARTESIAN_POINT('',(-8.55409604840721,-2.49180973780812,3.44818009950855));
#6743=CARTESIAN_POINT('',(-8.51948596357582,-2.45668247762922,3.40491103630118));
#6744=CARTESIAN_POINT('',(-8.49857483713479,-2.41898331075507,3.35629122607365));
#6745=CARTESIAN_POINT('',(-8.48535616061355,-2.39515230894676,3.32555689209434));
#6746=CARTESIAN_POINT('',(-8.47779998935596,-2.37040234662608,3.29279003072304));
#6747=CARTESIAN_POINT('',(-8.47622454312853,-2.34626183133866,3.26004534157014));
#6748=CARTESIAN_POINT('',(-8.47600193248086,-2.34285077506149,3.25541851500288));
#6749=CARTESIAN_POINT('',(-8.47589627668551,-2.33946785874463,3.25081431527706));
#6750=CARTESIAN_POINT('',(-8.47590620017823,-2.33606966194306,3.24617422529725));
#6751=CARTESIAN_POINT('',(-8.4760763900621,-2.27778990746414,3.1665957545451));
#6752=CARTESIAN_POINT('',(-8.51244360379227,-2.22140400267764,3.08469881833047));
#6753=CARTESIAN_POINT('',(-8.57592052323041,-2.18096995542528,3.02091210112687));
#6754=CARTESIAN_POINT('',(-8.5837765089707,-2.17596578538287,3.01301777441399));
#6755=CARTESIAN_POINT('',(-8.59205237372615,-2.17117497069227,3.00535828528742));
#6756=CARTESIAN_POINT('',(-8.600752117461,-2.16660675152572,2.99794463604657));
#6757=CARTESIAN_POINT('',(-8.67944664790797,-2.1252844007477,2.93088362095364));
#6758=CARTESIAN_POINT('',(-8.78923212880664,-2.10570439622198,2.88929480793161));
#6759=CARTESIAN_POINT('',(-8.89929539863523,-2.11270009276404,2.88394304728158));
#6760=CARTESIAN_POINT('',(-8.89929539863523,-2.11270009276404,2.88394304728158));
#6761=CARTESIAN_POINT('',(-8.8993068072128,-2.61503075504924,3.5696266063225));
#6762=CARTESIAN_POINT('',(-8.7888182324802,-2.60778928411132,3.57470685578259));
#6763=CARTESIAN_POINT('',(-8.67796449729578,-2.57342713094849,3.54281589985892));
#6764=CARTESIAN_POINT('',(-8.59961154019937,-2.52180006884811,3.48295404745688));
#6765=CARTESIAN_POINT('',(-8.55409604840721,-2.49180973780812,3.44818009950855));
#6766=CARTESIAN_POINT('',(-8.51948596357582,-2.45668247762922,3.40491103630118));
#6767=CARTESIAN_POINT('',(-8.49857483713479,-2.41898331075507,3.35629122607365));
#6768=CARTESIAN_POINT('',(-8.48535616061355,-2.39515230894676,3.32555689209434));
#6769=CARTESIAN_POINT('',(-8.47779998935596,-2.37040234662608,3.29279003072304));
#6770=CARTESIAN_POINT('',(-8.47622454312853,-2.34626183133866,3.26004534157014));
#6771=CARTESIAN_POINT('',(-8.47600193248086,-2.34285077506149,3.25541851500288));
#6772=CARTESIAN_POINT('',(-8.47589627668551,-2.33946785874463,3.25081431527706));
#6773=CARTESIAN_POINT('',(-8.47590620017823,-2.33606966194306,3.24617422529725));
#6774=CARTESIAN_POINT('',(-8.4760763900621,-2.27778990746414,3.1665957545451));
#6775=CARTESIAN_POINT('',(-8.51244360379227,-2.22140400267764,3.08469881833047));
#6776=CARTESIAN_POINT('',(-8.57592052323041,-2.18096995542528,3.02091210112687));
#6777=CARTESIAN_POINT('',(-8.5837765089707,-2.17596578538287,3.01301777441399));
#6778=CARTESIAN_POINT('',(-8.59205237372615,-2.17117497069227,3.00535828528742));
#6779=CARTESIAN_POINT('',(-8.600752117461,-2.16660675152572,2.99794463604657));
#6780=CARTESIAN_POINT('',(-8.67944664790797,-2.1252844007477,2.93088362095364));
#6781=CARTESIAN_POINT('',(-8.78923212880664,-2.10570439622198,2.88929480793161));
#6782=CARTESIAN_POINT('',(-8.89929539863523,-2.11270009276404,2.88394304728158));
#6783=CARTESIAN_POINT('',(-8.90055315788903,-2.11278114096581,2.88388339715056));
#6784=CARTESIAN_POINT('',(-8.89929539863523,-2.11270009276404,2.88394304728158));
#6785=CARTESIAN_POINT('',(-8.89953175727129,-2.11271511588025,2.88393155448431));
#6786=CARTESIAN_POINT('',(-8.89976811890716,-2.11273025617741,2.88392022124547));
#6787=CARTESIAN_POINT('',(-8.90000448325543,-2.11274551364524,2.88390904758969));
#6788=CARTESIAN_POINT('',(-8.90018737321945,-2.11275731930782,2.88390040182936));
#6789=CARTESIAN_POINT('',(-8.90037026480839,-2.11276919508059,2.883891851676));
#6790=CARTESIAN_POINT('',(-8.90055315788905,-2.11278114095872,2.88388339714088));
#6791=CARTESIAN_POINT('',(-8.8993068072128,-2.61503075504924,3.5696266063225));
#6792=CARTESIAN_POINT('',(-8.89953603853049,-2.61504577608433,3.56961606841373));
#6793=CARTESIAN_POINT('',(-8.89976527164171,-2.61506068694606,3.56960538028176));
#6794=CARTESIAN_POINT('',(-8.89999450626263,-2.61507548761336,3.56959454193284));
#6795=CARTESIAN_POINT('',(-9.01015397909046,-2.62218799837131,3.56438613668281));
#6796=CARTESIAN_POINT('',(-9.12075869071213,-2.60241021132218,3.52241269460391));
#6797=CARTESIAN_POINT('',(-9.19919926454347,-2.56122861572396,3.45557793628669));
#6798=CARTESIAN_POINT('',(-9.27337779210991,-2.52228461040751,3.39237462554995));
#6799=CARTESIAN_POINT('',(-9.31870926236817,-2.46494676485865,3.3079598968202));
#6800=CARTESIAN_POINT('',(-9.32363052398134,-2.40300251365558,3.22274810659517));
#6801=CARTESIAN_POINT('',(-9.32392411218451,-2.39930709917915,3.2176646181835));
#6802=CARTESIAN_POINT('',(-9.32407782559423,-2.39560542991717,3.21259139942722));
#6803=CARTESIAN_POINT('',(-9.32409315408156,-2.39190402766311,3.20753688367431));
#6804=CARTESIAN_POINT('',(-9.32418727550992,-2.36917632731047,3.17650066778228));
#6805=CARTESIAN_POINT('',(-9.31901553818001,-2.34594645941307,3.14547158713417));
#6806=CARTESIAN_POINT('',(-9.30867050853963,-2.32318609977829,3.11580252939106));
#6807=CARTESIAN_POINT('',(-9.28908974059079,-2.28010596023947,3.05964580919559));
#6808=CARTESIAN_POINT('',(-9.25154862570267,-2.23967745512475,3.00956973362824));
#6809=CARTESIAN_POINT('',(-9.20023834494119,-2.20590438881239,2.97041714138904));
#6810=CARTESIAN_POINT('',(-9.1218195066032,-2.15428813203065,2.91057921503678));
#6811=CARTESIAN_POINT('',(-9.01093850499911,-2.11999249627277,2.87877962235776));
#6812=CARTESIAN_POINT('',(-8.90055315788905,-2.11278114095872,2.88388339714088));
#6813=COLOUR_RGB('',0.749019622802734,0.749019622802734,0.749019622802734);
#6814=CARTESIAN_POINT('',(-4.02590559526033,-0.0339376599388368,-4.00014457665352));
#6815=CARTESIAN_POINT('',(-8.50346719855233,-2.16092685084232,3.37569588865446));
#6816=CARTESIAN_POINT('',(-8.49509870776324,-2.21428066184448,3.33660901543735));
#6817=CARTESIAN_POINT('',(-8.48673017917215,-2.26738202317583,3.29717974306485));
#6818=CARTESIAN_POINT('',(-8.46082974138408,-2.43329388546889,3.17726524493651));
#6819=CARTESIAN_POINT('',(-8.44324274659322,-2.54274151704249,3.09130967950309));
#6820=CARTESIAN_POINT('',(-8.40799365977036,-2.75141311266657,2.906683242535));
#6821=CARTESIAN_POINT('',(-8.39033179033843,-2.85117519678732,2.80874436078581));
#6822=CARTESIAN_POINT('',(-8.33728698422206,-3.13480098530385,2.49993309624115));
#6823=CARTESIAN_POINT('',(-8.30184527841118,-3.3029661336505,2.27403535348922));
#6824=CARTESIAN_POINT('',(-8.19568784007532,-3.72941843814374,1.55177293433736));
#6825=CARTESIAN_POINT('',(-8.1251497871243,-3.91096992195359,1.01140519198388));
#6826=CARTESIAN_POINT('',(-7.91335692270993,-4.10115225244754,-0.651858265035225));
#6827=CARTESIAN_POINT('',(-7.77200779716963,-3.73886055675013,-1.80965255618926));
#6828=CARTESIAN_POINT('',(-7.48947929011673,-2.26100043008116,-3.48349012875022));
#6829=CARTESIAN_POINT('',(-7.34820383101849,-1.15845303416898,-3.98894068462479));
#6830=CARTESIAN_POINT('',(-7.06566467866967,1.07431911490553,-4.01156634558658));
#6831=CARTESIAN_POINT('',(-6.92439474605465,2.1878758652879,-3.53084200955183));
#6832=CARTESIAN_POINT('',(-6.64185477318378,3.69932111123927,-1.88727963876479));
#6833=CARTESIAN_POINT('',(-6.50058525524376,4.08762415695724,-0.738224080058988));
#6834=CARTESIAN_POINT('',(-6.21804522102638,3.87840984736921,1.48483498178785));
#6835=CARTESIAN_POINT('',(-6.07677573963794,3.28471893638878,2.54249246285826));
#6836=CARTESIAN_POINT('',(-5.79423569045383,1.49317389057596,3.87520702181543));
#6837=CARTESIAN_POINT('',(-5.65296629947963,0.31002386594496,4.14216626908621));
#6838=CARTESIAN_POINT('',(-5.37042610056599,-1.87931724102258,3.7033715035804));
#6839=CARTESIAN_POINT('',(-5.22915798654415,-2.86967431112108,3.00313100657377));
#6840=CARTESIAN_POINT('',(-4.94661554625914,-4.00923076604666,1.08294236691187));
#6841=CARTESIAN_POINT('',(-4.80536615265415,-4.15222405937316,-0.121547919104594));
#6842=CARTESIAN_POINT('',(-4.52278943533678,-3.4881705743114,-2.25349659495227));
#6843=CARTESIAN_POINT('',(-4.38180898620466,-2.69132234250489,-3.16606598117495));
#6844=CARTESIAN_POINT('',(-4.20488402385537,-1.4210470307633,-3.74970700754415));
#6845=CARTESIAN_POINT('',(-4.16943748787134,-1.15418452184173,-3.83962084651075));
#6846=CARTESIAN_POINT('',(-4.11639089786327,-0.745230399059988,-3.93216446455074));
#6847=CARTESIAN_POINT('',(-4.09872912259299,-0.607465806530614,-3.95594598438626));
#6848=CARTESIAN_POINT('',(-4.06348072712708,-0.330808490467236,-3.98898435965235));
#6849=CARTESIAN_POINT('',(-4.04589398675869,-0.191914102049849,-3.99913203364796));
#6850=CARTESIAN_POINT('',(-4.01999308048891,0.0127913843471922,-4.00047478708603));
#6851=CARTESIAN_POINT('',(-4.01162470326469,0.0789295591884852,-4.00004094233361));
#6852=CARTESIAN_POINT('',(-4.00325621247558,0.145068903049442,-4.00004094233361));
#6853=CARTESIAN_POINT('',(-9.32409441962297,-2.3912350735989,3.20662358801405));
#6854=CARTESIAN_POINT('',(-8.8993068072128,-2.61503075504924,3.5696266063225));
#6855=CARTESIAN_POINT('',(-8.89953603853049,-2.61504577608433,3.56961606841373));
#6856=CARTESIAN_POINT('',(-8.89976527164171,-2.61506068694606,3.56960538028176));
#6857=CARTESIAN_POINT('',(-8.89999450626263,-2.61507548761336,3.56959454193284));
#6858=CARTESIAN_POINT('',(-9.01015397909046,-2.62218799837131,3.56438613668281));
#6859=CARTESIAN_POINT('',(-9.12075869071213,-2.60241021132218,3.52241269460391));
#6860=CARTESIAN_POINT('',(-9.19919926454347,-2.56122861572396,3.45557793628669));
#6861=CARTESIAN_POINT('',(-9.27337779210991,-2.52228461040751,3.39237462554995));
#6862=CARTESIAN_POINT('',(-9.31870926236817,-2.46494676485865,3.3079598968202));
#6863=CARTESIAN_POINT('',(-9.32363052398134,-2.40300251365558,3.22274810659517));
#6864=CARTESIAN_POINT('',(-9.32392411218451,-2.39930709917915,3.2176646181835));
#6865=CARTESIAN_POINT('',(-9.32407782559423,-2.39560542991717,3.21259139942722));
#6866=CARTESIAN_POINT('',(-9.32409315408156,-2.39190402766311,3.20753688367431));
#6867=CARTESIAN_POINT('',(-9.32418727550992,-2.36917632731047,3.17650066778228));
#6868=CARTESIAN_POINT('',(-9.31901553818001,-2.34594645941307,3.14547158713417));
#6869=CARTESIAN_POINT('',(-9.30867050853963,-2.32318609977829,3.11580252939106));
#6870=CARTESIAN_POINT('',(-9.28908974059079,-2.28010596023947,3.05964580919559));
#6871=CARTESIAN_POINT('',(-9.25154862570267,-2.23967745512475,3.00956973362824));
#6872=CARTESIAN_POINT('',(-9.20023834494119,-2.20590438881239,2.97041714138904));
#6873=CARTESIAN_POINT('',(-9.1218195066032,-2.15428813203065,2.91057921503678));
#6874=CARTESIAN_POINT('',(-9.01093850499911,-2.11999249627277,2.87877962235776));
#6875=CARTESIAN_POINT('',(-8.90055315788905,-2.11278114095872,2.88388339714088));
#6876=CARTESIAN_POINT('',(-4.87409442224247,0.0339372230498575,-4.00004733755959));
#6877=CARTESIAN_POINT('',(-9.34674374618239,-2.24677138754858,3.31232886462158));
#6878=CARTESIAN_POINT('',(-9.33837525539332,-2.30012519855073,3.27324199140449));
#6879=CARTESIAN_POINT('',(-9.33000686487287,-2.35373606086236,3.23450461254264));
#6880=CARTESIAN_POINT('',(-9.30410599975495,-2.51807101300696,3.11244869773237));
#6881=CARTESIAN_POINT('',(-9.28651930124196,-2.62410869498205,3.02218686678058));
#6882=CARTESIAN_POINT('',(-9.25127089230239,-2.82774786249003,2.83204783835828));
#6883=CARTESIAN_POINT('',(-9.23360908981796,-2.92482088008143,2.73145350335024));
#6884=CARTESIAN_POINT('',(-9.18056242607685,-3.20001194615093,2.41513493428369));
#6885=CARTESIAN_POINT('',(-9.14511587875062,-3.36214014038387,2.18490583264888));
#6886=CARTESIAN_POINT('',(-9.03896127417257,-3.76999355978383,1.45203674080628));
#6887=CARTESIAN_POINT('',(-8.96842825278232,-3.93588021002898,0.906648746947529));
#6888=CARTESIAN_POINT('',(-8.75662985461976,-4.08248978629718,-0.760920382318412));
#6889=CARTESIAN_POINT('',(-8.61528334316544,-3.68842841442803,-1.90805212346908));
#6890=CARTESIAN_POINT('',(-8.33275337907203,-2.1677183914551,-3.54287700905272));
#6891=CARTESIAN_POINT('',(-8.19147795861021,-1.05159023185836,-4.01733275138396));
#6892=CARTESIAN_POINT('',(-7.90893924598736,1.18088624969289,-3.98209648028756));
#6893=CARTESIAN_POINT('',(-7.76766869223126,2.28050283322474,-3.47045947352912));
#6894=CARTESIAN_POINT('',(-7.48512940757799,3.74877192567396,-1.78838948682438));
#6895=CARTESIAN_POINT('',(-7.34385918636927,4.10477179674119,-0.628991438380335));
#6896=CARTESIAN_POINT('',(-7.06131986116998,3.83804856870146,1.58776982989018));
#6897=CARTESIAN_POINT('',(-6.92004967133941,3.21504948349592,2.62835265364139));
#6898=CARTESIAN_POINT('',(-6.63751032714162,1.38968607728869,3.91412859105018));
#6899=CARTESIAN_POINT('',(-6.4962402506829,0.199601857980473,4.14788260007453));
#6900=CARTESIAN_POINT('',(-6.21370068260217,-1.97750776402081,3.65254578384436));
#6901=CARTESIAN_POINT('',(-6.07243211429991,-2.94781637372072,2.92491112350977));
#6902=CARTESIAN_POINT('',(-5.78988959099337,-4.03720590176669,0.975974771750539));
#6903=CARTESIAN_POINT('',(-5.64864108992787,-4.1462506679564,-0.231916710442202));
#6904=CARTESIAN_POINT('',(-5.36606046493836,-3.4274653595897,-2.34590025021458));
#6905=CARTESIAN_POINT('',(-5.22508326148996,-2.60516155304146,-3.23520183563));
#6906=CARTESIAN_POINT('',(-5.04815481898288,-1.32047928390646,-3.78619583228701));
#6907=CARTESIAN_POINT('',(-5.01271310182971,-1.05133737180839,-3.86903803799243));
#6908=CARTESIAN_POINT('',(-4.95966822198038,-0.640062925205396,-3.95053085236298));
#6909=CARTESIAN_POINT('',(-4.9420063253343,-0.5017143236491,-3.97057854053025));
#6910=CARTESIAN_POINT('',(-4.9067572250377,-0.224287510314931,-3.99619250530115));
#6911=CARTESIAN_POINT('',(-4.88917027210249,-0.0852119545079537,-4.00085027801947));
#6912=CARTESIAN_POINT('',(-4.86326987546596,0.119487784392383,-3.99953365598323));
#6913=CARTESIAN_POINT('',(-4.85490133357882,0.18562781625464,-3.99995905765799));
#6914=CARTESIAN_POINT('',(-4.84653284278971,0.251767160115597,-3.99995905765799));
#6915=CARTESIAN_POINT('',(-4.45069319279152,5.57296700598757E-05,-4.42499942995471));
#6916=CARTESIAN_POINT('',(-4.44944684210742,-4.4466224607805E-05,-3.57500036305771));
#6917=CARTESIAN_POINT('',(-4.44962973334981,-2.98333349879846E-05,-3.57500012348479));
#6918=CARTESIAN_POINT('',(-4.44981262577075,-1.52002377614454E-05,-3.57500000247077));
#6919=CARTESIAN_POINT('',(-4.44999551922592,-5.6694451606962E-07,-3.57500000001979));
#6920=CARTESIAN_POINT('',(-4.56030098051743,0.0088249657139808,-3.57499852180529));
#6921=CARTESIAN_POINT('',(-4.67107811435898,0.0176873751774012,-3.62068279684041));
#6922=CARTESIAN_POINT('',(-4.74952595340965,0.0239649563511471,-3.69909962473711));
#6923=CARTESIAN_POINT('',(-4.81919035733284,0.0295396663220103,-3.76873648967921));
#6924=CARTESIAN_POINT('',(-4.8634553053588,0.0331047294254906,-3.86295322086394));
#6925=CARTESIAN_POINT('',(-4.87236869314128,0.0338025333448902,-3.96165382735348));
#6926=CARTESIAN_POINT('',(-4.87350915421695,0.0338918168168928,-3.97428249364663));
#6927=CARTESIAN_POINT('',(-4.87408095927752,0.0339358902651764,-3.98692667799468));
#6928=CARTESIAN_POINT('',(-4.87409419775305,0.0339371922064346,-3.99950099080182));
#6929=CARTESIAN_POINT('',(-4.87413451741921,0.0339411574543066,-4.03779785464616));
#6930=CARTESIAN_POINT('',(-4.86893206783067,0.0335291936931057,-4.07653587149113));
#6931=CARTESIAN_POINT('',(-4.85859775607492,0.0326994167937766,-4.11379118915332));
#6932=CARTESIAN_POINT('',(-4.83901944514773,0.0311274078860482,-4.18437123455175));
#6933=CARTESIAN_POINT('',(-4.80166825656257,0.0281457388488518,-4.24850878703715));
#6934=CARTESIAN_POINT('',(-4.75010765626521,0.0240197853780522,-4.30026661336455));
#6935=CARTESIAN_POINT('',(-4.67133105558009,0.0177159683716549,-4.37934454483564));
#6936=CARTESIAN_POINT('',(-4.56118171859708,0.00889964680265351,-4.42481805862714));
#6937=CARTESIAN_POINT('',(-4.45069319279154,5.57296700619997E-05,-4.42499942997105));
#6938=AXIS2_PLACEMENT_3D('',#8193,#8194,#8195);
#6939=COLOUR_RGB('',0.749019622802734,0.749019622802734,0.749019622802734);
#6940=CARTESIAN_POINT('',(-8.8993068072128,-2.61503075504924,3.5696266063225));
#6941=CARTESIAN_POINT('',(-8.89953603853049,-2.61504577608433,3.56961606841373));
#6942=CARTESIAN_POINT('',(-8.89976527164171,-2.61506068694606,3.56960538028176));
#6943=CARTESIAN_POINT('',(-8.89999450626263,-2.61507548761336,3.56959454193284));
#6944=CARTESIAN_POINT('',(-9.01015397909046,-2.62218799837131,3.56438613668281));
#6945=CARTESIAN_POINT('',(-9.12075869071213,-2.60241021132218,3.52241269460391));
#6946=CARTESIAN_POINT('',(-9.19919926454347,-2.56122861572396,3.45557793628669));
#6947=CARTESIAN_POINT('',(-9.27337779210991,-2.52228461040751,3.39237462554995));
#6948=CARTESIAN_POINT('',(-9.31870926236817,-2.46494676485865,3.3079598968202));
#6949=CARTESIAN_POINT('',(-9.32363052398134,-2.40300251365558,3.22274810659517));
#6950=CARTESIAN_POINT('',(-9.32392411218451,-2.39930709917915,3.2176646181835));
#6951=CARTESIAN_POINT('',(-9.32407782559423,-2.39560542991717,3.21259139942722));
#6952=CARTESIAN_POINT('',(-9.32409315408156,-2.39190402766311,3.20753688367431));
#6953=CARTESIAN_POINT('',(-9.32418727550992,-2.36917632731047,3.17650066778228));
#6954=CARTESIAN_POINT('',(-9.31901553818001,-2.34594645941307,3.14547158713417));
#6955=CARTESIAN_POINT('',(-9.30867050853963,-2.32318609977829,3.11580252939106));
#6956=CARTESIAN_POINT('',(-9.28908974059079,-2.28010596023947,3.05964580919559));
#6957=CARTESIAN_POINT('',(-9.25154862570267,-2.23967745512475,3.00956973362824));
#6958=CARTESIAN_POINT('',(-9.20023834494119,-2.20590438881239,2.97041714138904));
#6959=CARTESIAN_POINT('',(-9.1218195066032,-2.15428813203065,2.91057921503678));
#6960=CARTESIAN_POINT('',(-9.01093850499911,-2.11999249627277,2.87877962235776));
#6961=CARTESIAN_POINT('',(-8.90055315788905,-2.11278114095872,2.88388339714088));
#6962=CARTESIAN_POINT('',(-4.44944684210743,-4.44662246065743E-05,-3.5750003630697));
#6964=CARTESIAN_POINT('',(-8.89929539863523,-2.11270009276404,2.88394304728158));
#6965=CARTESIAN_POINT('',(-8.88181539769542,-2.21835481692816,2.80653139057359));
#6966=CARTESIAN_POINT('',(-8.86430615234251,-2.30844557625693,2.73235752885339));
#6967=CARTESIAN_POINT('',(-8.82903434110183,-2.49273883430773,2.56485314491503));
#6968=CARTESIAN_POINT('',(-8.81132298207019,-2.58083815522239,2.47600423498642));
#6969=CARTESIAN_POINT('',(-8.7581430732245,-2.83098458863008,2.19618764489117));
#6970=CARTESIAN_POINT('',(-8.7226783099927,-2.97883907534323,1.99193526909039));
#6971=CARTESIAN_POINT('',(-8.61720074634623,-3.3509349898951,1.34298377244911));
#6972=CARTESIAN_POINT('',(-8.5458701510394,-3.50659748104301,0.856658900770104));
#6973=CARTESIAN_POINT('',(-8.33478332823235,-3.65691998260541,-0.629660830814282));
#6974=CARTESIAN_POINT('',(-8.19238728578839,-3.31799895628322,-1.66249876575458));
#6975=CARTESIAN_POINT('',(-7.91109318422401,-1.98028463275207,-3.138616226849));
#6976=CARTESIAN_POINT('',(-7.76857012560606,-0.985995220361477,-3.57777783103153));
#6977=CARTESIAN_POINT('',(-7.48731871688223,1.00601704501469,-3.57219507767833));
#6978=CARTESIAN_POINT('',(-7.34476016998857,1.99787247330991,-3.12748569675519));
#6979=CARTESIAN_POINT('',(-7.06351323659359,3.32719595689896,-1.64390399608476));
#6980=CARTESIAN_POINT('',(-6.9209506500646,3.66078336528877,-0.609365416791382));
#6981=CARTESIAN_POINT('',(-6.63970401197268,3.44850372058001,1.37130407029766));
#6982=CARTESIAN_POINT('',(-6.497141059272,2.90325912420398,2.31165468106298));
#6983=CARTESIAN_POINT('',(-6.21589449512734,1.28973161388073,3.47983407854613));
#6984=CARTESIAN_POINT('',(-6.07333037858711,0.226158697915624,3.70425604263639));
#6985=CARTESIAN_POINT('',(-5.79208502645419,-1.72178360784033,3.28756915077527));
#6986=CARTESIAN_POINT('',(-5.64950814527011,-2.60048365222489,2.64767577917018));
#6987=CARTESIAN_POINT('',(-5.36827756771863,-3.5948764363623,0.921641666740519));
#6988=CARTESIAN_POINT('',(-5.22561940904067,-3.70784361535232,-0.159533098296239));
#6989=CARTESIAN_POINT('',(-4.94448961023331,-3.09104849101594,-2.05351491039997));
#6990=CARTESIAN_POINT('',(-4.80186755147335,-2.36540036494872,-2.86119303949124));
#6991=CARTESIAN_POINT('',(-4.62607161814609,-1.22595331904099,-3.36724302044674));
#6992=CARTESIAN_POINT('',(-4.59060684775187,-0.985975703064723,-3.44464272896751));
#6993=CARTESIAN_POINT('',(-4.53742693626393,-0.618823719352096,-3.52255282339783));
#6994=CARTESIAN_POINT('',(-4.51971557737124,-0.495248218317676,-3.542166972053));
#6995=CARTESIAN_POINT('',(-4.48444231134091,-0.247580667324132,-3.56838962929273));
#6996=CARTESIAN_POINT('',(-4.46693163134396,-0.13106171730284,-3.57499130916515));
#6997=CARTESIAN_POINT('',(-4.44944907520847,-6.11996952232945E-05,-3.57500036190184));
#6998=CARTESIAN_POINT('',(-4.44944795865839,-5.28330246011388E-05,-3.57500036249184));
#6999=CARTESIAN_POINT('',(-4.44944684210743,-4.44662246065743E-05,-3.5750003630697));
#7006=CARTESIAN_POINT('',(-4.87409442654567,0.0339372187241644,-3.99987126312184));
#7007=CARTESIAN_POINT('',(-4.44944684210742,-4.4466224607805E-05,-3.57500036305771));
#7008=CARTESIAN_POINT('',(-4.44962973334981,-2.98333349879846E-05,-3.57500012348479));
#7009=CARTESIAN_POINT('',(-4.44981262577075,-1.52002377614454E-05,-3.57500000247077));
#7010=CARTESIAN_POINT('',(-4.44999551922592,-5.6694451606962E-07,-3.57500000001979));
#7011=CARTESIAN_POINT('',(-4.56030098051743,0.0088249657139808,-3.57499852180529));
#7012=CARTESIAN_POINT('',(-4.67107811435898,0.0176873751774012,-3.62068279684041));
#7013=CARTESIAN_POINT('',(-4.74952595340965,0.0239649563511471,-3.69909962473711));
#7014=CARTESIAN_POINT('',(-4.81919035733284,0.0295396663220103,-3.76873648967921));
#7015=CARTESIAN_POINT('',(-4.8634553053588,0.0331047294254906,-3.86295322086394));
#7016=CARTESIAN_POINT('',(-4.87236869314128,0.0338025333448902,-3.96165382735348));
#7017=CARTESIAN_POINT('',(-4.87350915421695,0.0338918168168928,-3.97428249364663));
#7018=CARTESIAN_POINT('',(-4.87408095927752,0.0339358902651764,-3.98692667799468));
#7019=CARTESIAN_POINT('',(-4.87409419775305,0.0339371922064346,-3.99950099080182));
#7020=CARTESIAN_POINT('',(-4.87413451741921,0.0339411574543066,-4.03779785464616));
#7021=CARTESIAN_POINT('',(-4.86893206783067,0.0335291936931057,-4.07653587149113));
#7022=CARTESIAN_POINT('',(-4.85859775607492,0.0326994167937766,-4.11379118915332));
#7023=CARTESIAN_POINT('',(-4.83901944514773,0.0311274078860482,-4.18437123455175));
#7024=CARTESIAN_POINT('',(-4.80166825656257,0.0281457388488518,-4.24850878703715));
#7025=CARTESIAN_POINT('',(-4.75010765626521,0.0240197853780522,-4.30026661336455));
#7026=CARTESIAN_POINT('',(-4.67133105558009,0.0177159683716549,-4.37934454483564));
#7027=CARTESIAN_POINT('',(-4.56118171859708,0.00889964680265351,-4.42481805862714));
#7028=CARTESIAN_POINT('',(-4.45069319279154,5.57296700619997E-05,-4.42499942997105));
#7029=CARTESIAN_POINT('',(-4.44944684210742,-4.4466224607805E-05,-3.57500036305771));
#7030=CARTESIAN_POINT('',(-4.44962973334981,-2.98333349879846E-05,-3.57500012348479));
#7031=CARTESIAN_POINT('',(-4.44981262577075,-1.52002377614454E-05,-3.57500000247077));
#7032=CARTESIAN_POINT('',(-4.44999551922592,-5.6694451606962E-07,-3.57500000001979));
#7033=CARTESIAN_POINT('',(-4.56030098051743,0.0088249657139808,-3.57499852180529));
#7034=CARTESIAN_POINT('',(-4.67107811435898,0.0176873751774012,-3.62068279684041));
#7035=CARTESIAN_POINT('',(-4.74952595340965,0.0239649563511471,-3.69909962473711));
#7036=CARTESIAN_POINT('',(-4.81919035733284,0.0295396663220103,-3.76873648967921));
#7037=CARTESIAN_POINT('',(-4.8634553053588,0.0331047294254906,-3.86295322086394));
#7038=CARTESIAN_POINT('',(-4.87236869314128,0.0338025333448902,-3.96165382735348));
#7039=CARTESIAN_POINT('',(-4.87350915421695,0.0338918168168928,-3.97428249364663));
#7040=CARTESIAN_POINT('',(-4.87408095927752,0.0339358902651764,-3.98692667799468));
#7041=CARTESIAN_POINT('',(-4.87409419775305,0.0339371922064346,-3.99950099080182));
#7042=CARTESIAN_POINT('',(-4.87413451741921,0.0339411574543066,-4.03779785464616));
#7043=CARTESIAN_POINT('',(-4.86893206783067,0.0335291936931057,-4.07653587149113));
#7044=CARTESIAN_POINT('',(-4.85859775607492,0.0326994167937766,-4.11379118915332));
#7045=CARTESIAN_POINT('',(-4.83901944514773,0.0311274078860482,-4.18437123455175));
#7046=CARTESIAN_POINT('',(-4.80166825656257,0.0281457388488518,-4.24850878703715));
#7047=CARTESIAN_POINT('',(-4.75010765626521,0.0240197853780522,-4.30026661336455));
#7048=CARTESIAN_POINT('',(-4.67133105558009,0.0177159683716549,-4.37934454483564));
#7049=CARTESIAN_POINT('',(-4.56118171859708,0.00889964680265351,-4.42481805862714));
#7050=CARTESIAN_POINT('',(-4.45069319279154,5.57296700619997E-05,-4.42499942997105));
#7051=COLOUR_RGB('',0.749019622802734,0.749019622802734,0.749019622802734);
#7052=CARTESIAN_POINT('',(-4.02375657505098,0.0143823485894559,-3.9999999999958));
#7053=CARTESIAN_POINT('',(-4.88152473712228,-0.185503098560091,-3.99995905765799));
#7054=CARTESIAN_POINT('',(-4.87926868244154,-0.118874616199279,-3.99995905765799));
#7055=CARTESIAN_POINT('',(-4.87701264164562,-0.0522461910769772,-4.00008003107111));
#7056=CARTESIAN_POINT('',(-4.87006321497158,0.152991432197313,-3.99970739352065));
#7057=CARTESIAN_POINT('',(-4.86535499741008,0.292002662308555,-3.99155772521558));
#7058=CARTESIAN_POINT('',(-4.8559181541402,0.569051820525503,-3.96120420354658));
#7059=CARTESIAN_POINT('',(-4.85118953440475,0.70708890324975,-3.93876662270996));
#7060=CARTESIAN_POINT('',(-4.83698721976026,1.11706976429782,-3.8501815841931));
#7061=CARTESIAN_POINT('',(-4.82749703736724,1.38488665214242,-3.76277471665569));
#7062=CARTESIAN_POINT('',(-4.79907508789524,2.15050336535673,-3.41945103259426));
#7063=CARTESIAN_POINT('',(-4.78019119847501,2.61027449964942,-3.08209867485304));
#7064=CARTESIAN_POINT('',(-4.74238862191289,3.35406914845699,-2.24951405688296));
#7065=CARTESIAN_POINT('',(-4.72347015576873,3.63787685742456,-1.75405799328466));
#7066=CARTESIAN_POINT('',(-4.68564272884858,3.97944933714926,-0.6907080904336));
#7067=CARTESIAN_POINT('',(-4.66673359287298,4.03689148497837,-0.122724959379616));
#7068=CARTESIAN_POINT('',(-4.62891275944674,3.91622617578919,0.987558298768999));
#7069=CARTESIAN_POINT('',(-4.61000110509996,3.73777797305041,1.52983025821694));
#7070=CARTESIAN_POINT('',(-4.57217852633111,3.17600777177335,2.49506670567146));
#7071=CARTESIAN_POINT('',(-4.55326755128198,2.79239820793255,2.91786210986403));
#7072=CARTESIAN_POINT('',(-4.51544543243893,1.88658398831781,3.57115012376864));
#7073=CARTESIAN_POINT('',(-4.49653427167885,1.36417965471231,3.80137015109081));
#7074=CARTESIAN_POINT('',(-4.45871203983647,0.270964389164264,4.02975258427931));
#7075=CARTESIAN_POINT('',(-4.43980094023538,-0.29991634541935,4.02758599414676));
#7076=CARTESIAN_POINT('',(-4.40197870457314,-1.39150963899693,3.79157278694386));
#7077=CARTESIAN_POINT('',(-4.38306754624977,-1.91215294882035,3.55739705624709));
#7078=CARTESIAN_POINT('',(-4.34524543757799,-2.81338076110755,2.89779637396682));
#7079=CARTESIAN_POINT('',(-4.32633445325708,-3.19376604323302,2.4720985075657));
#7080=CARTESIAN_POINT('',(-4.28851184452573,-3.74878375793169,1.50296358683664));
#7081=CARTESIAN_POINT('',(-4.26960022021312,-3.92312890885292,0.959356957469693));
#7082=CARTESIAN_POINT('',(-4.23177946627361,-4.0360223204841,-0.151743446836474));
#7083=CARTESIAN_POINT('',(-4.21287024234243,-3.97422989420707,-0.719265946082514));
#7084=CARTESIAN_POINT('',(-4.17504264042833,-3.62527029830009,-1.78021456623135));
#7085=CARTESIAN_POINT('',(-4.15612438649868,-3.33778032245862,-2.27355195283627));
#7086=CARTESIAN_POINT('',(-4.11832210361344,-2.58813236403213,-3.10087024879529));
#7087=CARTESIAN_POINT('',(-4.09943780726517,-2.12575824533436,-3.43462773805927));
#7088=CARTESIAN_POINT('',(-4.06154163190232,-1.10181034993584,-3.88535777577274));
#7089=CARTESIAN_POINT('',(-4.04252979320461,-0.540050605211314,-4.00194187818741));
#7090=CARTESIAN_POINT('',(-4.02375657505098,0.0143823485894559,-3.9999999999958));
#7091=AXIS2_PLACEMENT_3D('',#8196,#8197,#8198);
#7092=CARTESIAN_POINT('',(-3.59965331148496,2.21212664497873E-05,-4.42499949728344));
#7094=CARTESIAN_POINT('',(-4.45069319279152,5.57296700598757E-05,-4.42499942995471));
#7095=CARTESIAN_POINT('',(-4.44598637584879,0.146237910533988,-4.42498793828645));
#7096=CARTESIAN_POINT('',(-4.44125777169688,0.307749933400013,-4.41677073204666));
#7097=CARTESIAN_POINT('',(-4.43182800273806,0.614278023995142,-4.38430588710399));
#7098=CARTESIAN_POINT('',(-4.42711291603898,0.766875394559869,-4.36006644489346));
#7099=CARTESIAN_POINT('',(-4.41294730061694,1.22013358872589,-4.26384892148656));
#7100=CARTESIAN_POINT('',(-4.40346277552548,1.51629148569232,-4.16840747634803));
#7101=CARTESIAN_POINT('',(-4.37485549799124,2.36600513652654,-3.7908733109661));
#7102=CARTESIAN_POINT('',(-4.35618809675403,2.87501113626191,-3.42039005602645));
#7103=CARTESIAN_POINT('',(-4.31825785128242,3.70206685623614,-2.50114048840598));
#7104=CARTESIAN_POINT('',(-4.29947660878156,4.01714821715754,-1.95583745264706));
#7105=CARTESIAN_POINT('',(-4.26145176437251,4.3996806835844,-0.779025037990051));
#7106=CARTESIAN_POINT('',(-4.24273908016237,4.46544289458731,-0.152643586794304));
#7107=CARTESIAN_POINT('',(-4.20475044850078,4.3360667597066,1.07779687121577));
#7108=CARTESIAN_POINT('',(-4.18600598052779,4.14146512361017,1.67676658080075));
#7109=CARTESIAN_POINT('',(-4.14800495836392,3.52283962665437,2.74826605936725));
#7110=CARTESIAN_POINT('',(-4.12927292106621,3.10141324464338,3.21629650762529));
#7111=CARTESIAN_POINT('',(-4.0912757294397,2.10044761439908,3.9435306303008));
#7112=CARTESIAN_POINT('',(-4.072539338103,1.52509639485843,4.19969043400473));
#7113=CARTESIAN_POINT('',(-4.03454112021776,0.314877310934534,4.45692425349905));
#7114=CARTESIAN_POINT('',(-4.01580642132165,-0.314923236029619,4.45692081674027));
#7115=CARTESIAN_POINT('',(-3.97780820343031,-1.52513974709726,4.19967489291885));
#7116=CARTESIAN_POINT('',(-3.95907181209753,-2.10048817321046,3.94350881447225));
#7117=CARTESIAN_POINT('',(-3.92107462048709,-3.10144652825826,3.21626467831419));
#7118=CARTESIAN_POINT('',(-3.90234258317465,-3.52286779574575,2.7482296260208));
#7119=CARTESIAN_POINT('',(-3.86434156096337,-4.14148258155785,1.67672396349305));
#7120=CARTESIAN_POINT('',(-3.84559709303781,-4.3360777091808,1.07775213678568));
#7121=CARTESIAN_POINT('',(-3.80760846150261,-4.46544151587379,-0.152689617423699));
#7122=CARTESIAN_POINT('',(-3.78889577715295,-4.39967240423387,-0.779070337940673));
#7123=CARTESIAN_POINT('',(-3.75087093246601,-4.01712821998059,-1.95587894356026));
#7124=CARTESIAN_POINT('',(-3.7320896903018,-3.70204101805649,-2.5011786185621));
#7125=CARTESIAN_POINT('',(-3.6941594452963,-2.87497601325879,-3.42041983247135));
#7126=CARTESIAN_POINT('',(-3.67549204341327,-2.36596588453397,-3.79089738504381));
#7127=CARTESIAN_POINT('',(-3.63734900631633,-1.23300939208428,-4.29426511313576));
#7128=CARTESIAN_POINT('',(-3.61853732623289,-0.615065730590874,-4.42500248031866));
#7129=CARTESIAN_POINT('',(-3.59965331148496,2.21212664497873E-05,-4.42499949728344));
#7136=AXIS2_PLACEMENT_3D('',#8199,#8200,#8201);
#7137=COLOUR_RGB('',0.749019622802734,0.749019622802734,0.749019622802734);
#7138=AXIS2_PLACEMENT_3D('',#8202,#8203,#8204);
#7139=COLOUR_RGB('',0.749019622802734,0.749019622802734,0.749019622802734);
#7140=COLOUR_RGB('',0.749019622802734,0.749019622802734,0.749019622802734);
#7141=AXIS2_PLACEMENT_3D('',#8205,#8206,#8207);
#7142=COLOUR_RGB('',0.749019622802734,0.749019622802734,0.749019622802734);
#7143=COLOUR_RGB('',0.749019622802734,0.749019622802734,0.749019622802734);
#7144=COLOUR_RGB('',0.737254917621613,0.733333349227905,0.749019622802734);
#7145=COLOUR_RGB('',0.749019622802734,0.749019622802734,0.749019622802734);
#7146=CARTESIAN_POINT('',(-3.25,3.67925917400669E-15,5.59999999999985));
#7147=CARTESIAN_POINT('',(-6.5,2.99345696648371E-15,5.59999999999985));
#7148=CARTESIAN_POINT('',(-6.5,3.67925917400622E-15,5.59999999999985));
#7149=VECTOR('',#8208,1.0);
#7150=CARTESIAN_POINT('',(-3.25,-1.94871752699051,-5.25000000000015));
#7151=AXIS2_PLACEMENT_3D('',#8209,#8210,#8211);
#7152=CARTESIAN_POINT('',(-4.5,-1.94871752699051,-5.25000000000015));
#7153=CARTESIAN_POINT('',(-4.875,-1.94871752699051,-5.25000000000015));
#7154=VECTOR('',#8212,1.0);
#7155=CARTESIAN_POINT('',(-4.5,2.30765475896147E-15,-5.60000000000015));
#7156=AXIS2_PLACEMENT_3D('',#8213,#8214,#8215);
#7157=CARTESIAN_POINT('',(-6.5,2.30765475896118E-15,-5.60000000000015));
#7158=CARTESIAN_POINT('',(-6.5,2.30765475896118E-15,-5.60000000000015));
#7159=VECTOR('',#8216,1.0);
#7160=AXIS2_PLACEMENT_3D('',#8217,#8218,#8219);
#7161=COLOUR_RGB('',0.749019622802734,0.749019622802734,0.749019622802734);
#7162=CARTESIAN_POINT('',(-3.1,4.1653696398567E-15,25.8366025403783));
#7163=CARTESIAN_POINT('',(-3.25,4.13355238269494E-15,25.576794919243));
#7164=AXIS2_PLACEMENT_3D('',#8220,#8221,#8222);
#7165=CARTESIAN_POINT('',(-3.1,-7.58660254037845,18.2499999999999));
#7166=AXIS2_PLACEMENT_3D('',#8223,#8224,#8225);
#7167=CARTESIAN_POINT('',(-3.25,-7.32679491924312,18.2499999999999));
#7168=AXIS2_PLACEMENT_3D('',#8226,#8227,#8228);
#7169=AXIS2_PLACEMENT_3D('',#8229,#8230,#8231);
#7170=COLOUR_RGB('',0.749019622802734,0.749019622802734,0.749019622802734);
#7171=CARTESIAN_POINT('',(-3.25,1.85336155027341E-15,-25.5767949192433));
#7172=CARTESIAN_POINT('',(-3.1,1.82154429311168E-15,-25.8366025403786));
#7173=AXIS2_PLACEMENT_3D('',#8232,#8233,#8234);
#7174=CARTESIAN_POINT('',(-3.25,-7.32679491924312,-18.2500000000002));
#7175=AXIS2_PLACEMENT_3D('',#8235,#8236,#8237);
#7176=CARTESIAN_POINT('',(-3.1,-7.58660254037845,-18.2500000000002));
#7177=AXIS2_PLACEMENT_3D('',#8238,#8239,#8240);
#7178=AXIS2_PLACEMENT_3D('',#8241,#8242,#8243);
#7179=COLOUR_RGB('',0.749019622802734,0.749019622802734,0.749019622802734);
#7180=CARTESIAN_POINT('',(-1.75,4.26082141134213E-15,26.6160254037843));
#7181=CARTESIAN_POINT('',(-3.25,4.15476388746943E-15,25.7499999999999));
#7182=VECTOR('',#8244,1.0);
#7183=CARTESIAN_POINT('',(-1.75,-8.36602540378444,18.2499999999999));
#7184=AXIS2_PLACEMENT_3D('',#8245,#8246,#8247);
#7185=CARTESIAN_POINT('',(-3.25,-7.5,18.2499999999999));
#7186=VECTOR('',#8248,1.0);
#7187=COLOUR_RGB('',0.749019622802734,0.749019622802734,0.749019622802734);
#7188=CARTESIAN_POINT('',(-1.75,1.72609252162664E-15,-26.6160254037846));
#7189=CARTESIAN_POINT('',(-3.25,1.83215004549891E-15,-25.7500000000002));
#7190=VECTOR('',#8249,1.0);
#7191=CARTESIAN_POINT('',(-1.75,-8.36602540378444,-18.2500000000002));
#7192=CARTESIAN_POINT('',(-1.75,-8.36602540378444,-18.2500000000002));
#7193=VECTOR('',#8250,1.0);
#7194=AXIS2_PLACEMENT_3D('',#8251,#8252,#8253);
#7195=COLOUR_RGB('',0.749019622802734,0.749019622802734,0.749019622802734);
#7196=CARTESIAN_POINT('',(-21.95,3.82220109411067E-15,-27.0000000000002));
#7197=CARTESIAN_POINT('',(-22.25,3.78546169013621E-15,-26.7000000000002));
#7198=AXIS2_PLACEMENT_3D('',#8254,#8255,#8256);
#7199=CARTESIAN_POINT('',(-21.95,-8.75,-18.2500000000002));
#7200=AXIS2_PLACEMENT_3D('',#8257,#8258,#8259);
#7201=CARTESIAN_POINT('',(-22.25,-8.45,-18.2500000000002));
#7202=AXIS2_PLACEMENT_3D('',#8260,#8261,#8262);
#7203=AXIS2_PLACEMENT_3D('',#8263,#8264,#8265);
#7204=COLOUR_RGB('',0.749019622802734,0.749019622802734,0.749019622802734);
#7205=CARTESIAN_POINT('',(-22.25,2.20145224282667E-15,26.6999999999998));
#7206=CARTESIAN_POINT('',(-21.95,2.1647128388523E-15,26.9999999999998));
#7207=AXIS2_PLACEMENT_3D('',#8266,#8267,#8268);
#7208=CARTESIAN_POINT('',(-22.25,-8.45,18.2499999999998));
#7209=AXIS2_PLACEMENT_3D('',#8269,#8270,#8271);
#7210=CARTESIAN_POINT('',(-21.95,-8.75,18.2499999999998));
#7211=AXIS2_PLACEMENT_3D('',#8272,#8273,#8274);
#7212=AXIS2_PLACEMENT_3D('',#8275,#8276,#8277);
#7213=COLOUR_RGB('',0.749019622802734,0.749019622802734,0.749019622802734);
#7214=CARTESIAN_POINT('',(-1.75,3.82220109411358E-15,-27.0000000000002));
#7215=CARTESIAN_POINT('',(-1.75,3.82220109411358E-15,-27.0000000000002));
#7216=VECTOR('',#8278,1.0);
#7217=CARTESIAN_POINT('',(-1.75,-8.75,-18.2500000000002));
#7218=AXIS2_PLACEMENT_3D('',#8279,#8280,#8281);
#7219=CARTESIAN_POINT('',(-1.75,-8.75,-18.2500000000002));
#7220=VECTOR('',#8282,1.0);
#7221=COLOUR_RGB('',0.749019622802734,0.749019622802734,0.749019622802734);
#7222=CARTESIAN_POINT('',(-1.75,2.1647128388552E-15,26.9999999999999));
#7223=CARTESIAN_POINT('',(-1.75,2.1647128388552E-15,26.9999999999999));
#7224=VECTOR('',#8283,1.0);
#7225=CARTESIAN_POINT('',(-1.75,-8.75,18.2499999999999));
#7226=CARTESIAN_POINT('',(-1.75,-8.75,18.2499999999999));
#7227=VECTOR('',#8284,1.0);
#7228=AXIS2_PLACEMENT_3D('',#8285,#8286,#8287);
#7229=COLOUR_RGB('',0.749019622802734,0.749019622802734,0.749019622802734);
#7230=CARTESIAN_POINT('',(-3.25,4.36506138152924E-15,18.0999999999999));
#7231=CARTESIAN_POINT('',(-4.5,2.99345696648402E-15,18.0999999999999));
#7232=CARTESIAN_POINT('',(-4.5,3.67925917400653E-15,18.0999999999998));
#7233=VECTOR('',#8288,1.0);
#7234=CARTESIAN_POINT('',(-3.25,2.30765475896167E-15,6.89999999999985));
#7235=AXIS2_PLACEMENT_3D('',#8289,#8290,#8291);
#7236=CARTESIAN_POINT('',(-4.5,2.30765475896149E-15,6.89999999999985));
#7237=CARTESIAN_POINT('',(-4.5,2.30765475896149E-15,6.89999999999985));
#7238=VECTOR('',#8292,1.0);
#7239=AXIS2_PLACEMENT_3D('',#8293,#8294,#8295);
#7240=COLOUR_RGB('',0.749019622802734,0.749019622802734,0.749019622802734);
#7241=CARTESIAN_POINT('',(-14.5,2.99345696648257E-15,14.3999999999999));
#7242=CARTESIAN_POINT('',(-4.5,2.76077407464601E-15,14.3999999999998));
#7243=CARTESIAN_POINT('',(-9.5,2.76077407464529E-15,14.3999999999998));
#7244=VECTOR('',#8296,1.0);
#7245=CARTESIAN_POINT('',(-14.5,2.76077407464442E-15,10.5999999999998));
#7246=AXIS2_PLACEMENT_3D('',#8297,#8298,#8299);
#7247=CARTESIAN_POINT('',(-4.5,3.45882275016E-15,10.5999999999998));
#7248=CARTESIAN_POINT('',(-9.5,3.22613985832128E-15,10.5999999999998));
#7249=VECTOR('',#8300,1.0);
#7250=AXIS2_PLACEMENT_3D('',#8301,#8302,#8303);
#7251=COLOUR_RGB('',0.749019622802734,0.749019622802734,0.749019622802734);
#7252=CARTESIAN_POINT('',(-15.5969655114603,2.99345696648241E-15,12.4999999999998));
#7253=CARTESIAN_POINT('',(484.40303448854,-1.03064066905938E-13,-853.525403784439));
#7254=VECTOR('',#8304,1.0);
#7255=CARTESIAN_POINT('',(484.40303448854,1.09050980839046E-13,878.525403784439));
#7256=VECTOR('',#8305,1.0);
#7257=AXIS2_PLACEMENT_3D('',#8306,#8307,#8308);
#7258=COLOUR_RGB('',0.749019622802734,0.749019622802734,0.749019622802734);
#7259=CARTESIAN_POINT('',(-4.5,2.30765475896145E-15,-16.1000000000002));
#7260=CARTESIAN_POINT('',(-3.25,2.30765475896163E-15,-16.1000000000002));
#7261=CARTESIAN_POINT('',(-4.5,2.30765475896145E-15,-16.1000000000002));
#7262=VECTOR('',#8309,1.0);
#7263=AXIS2_PLACEMENT_3D('',#8310,#8311,#8312);
#7264=AXIS2_PLACEMENT_3D('',#8313,#8314,#8315);
#7265=COLOUR_RGB('',0.749019622802734,0.749019622802734,0.749019622802734);
#7266=CARTESIAN_POINT('',(-14.5,2.99345696648254E-15,-8.60000000000015));
#7267=CARTESIAN_POINT('',(-4.5,2.76077407464598E-15,-8.60000000000015));
#7268=CARTESIAN_POINT('',(-9.5,2.76077407464526E-15,-8.60000000000015));
#7269=VECTOR('',#8316,1.0);
#7270=CARTESIAN_POINT('',(-14.5,2.76077407464443E-15,-12.4000000000002));
#7271=AXIS2_PLACEMENT_3D('',#8317,#8318,#8319);
#7272=CARTESIAN_POINT('',(-4.5,3.45882275015997E-15,-12.4000000000002));
#7273=CARTESIAN_POINT('',(-9.5,3.22613985832125E-15,-12.4000000000002));
#7274=VECTOR('',#8320,1.0);
#7275=AXIS2_PLACEMENT_3D('',#8321,#8322,#8323);
#7276=COLOUR_RGB('',0.749019622802734,0.749019622802734,0.749019622802734);
#7277=CARTESIAN_POINT('',(-15.5969655114603,2.99345696648238E-15,-10.5000000000002));
#7278=CARTESIAN_POINT('',(484.40303448854,-1.03064066905938E-13,-876.525403784439));
#7279=VECTOR('',#8324,1.0);
#7280=CARTESIAN_POINT('',(484.40303448854,1.09050980839046E-13,855.525403784439));
#7281=VECTOR('',#8325,1.0);
#7282=AXIS2_PLACEMENT_3D('',#8326,#8327,#8328);
#7283=COLOUR_RGB('',0.749019622802734,0.749019622802734,0.749019622802734);
#7284=CARTESIAN_POINT('',(-16.75,2.99345696648223E-15,3.24999999999985));
#7285=CARTESIAN_POINT('',(-6.5,2.59544675676082E-15,3.24999999999985));
#7286=CARTESIAN_POINT('',(-11.625,2.59544675676008E-15,3.24999999999985));
#7287=VECTOR('',#8329,1.0);
#7288=CARTESIAN_POINT('',(-16.75,2.59544675675915E-15,-3.25000000000015));
#7289=AXIS2_PLACEMENT_3D('',#8330,#8331,#8332);
#7290=CARTESIAN_POINT('',(-6.5,3.78947738592948E-15,-3.25000000000015));
#7291=CARTESIAN_POINT('',(-11.625,3.39146717620585E-15,-3.25000000000015));
#7292=VECTOR('',#8333,1.0);
#7293=AXIS2_PLACEMENT_3D('',#8334,#8335,#8336);
#7294=COLOUR_RGB('',0.749019622802734,0.749019622802734,0.749019622802734);
#7295=CARTESIAN_POINT('',(-18.6263883748663,2.99345696648196E-15,-1.5124128857682E-13));
#7296=CARTESIAN_POINT('',(481.373611625134,-1.03064066905938E-13,-866.025403784439));
#7297=VECTOR('',#8337,1.0);
#7298=CARTESIAN_POINT('',(481.373611625134,1.09050980839045E-13,866.025403784439));
#7299=VECTOR('',#8338,1.0);
#7300=AXIS2_PLACEMENT_3D('',#8339,#8340,#8341);
#7301=COLOUR_RGB('',0.749019622802734,0.749019622802734,0.749019622802734);
#7302=COLOUR_RGB('',0.749019622802734,0.749019622802734,0.749019622802734);
#7303=CARTESIAN_POINT('',(-3.1,7.58660254037845,18.2499999999999));
#7304=CARTESIAN_POINT('',(-1.75,8.36602540378444,18.2499999999999));
#7305=CARTESIAN_POINT('',(-3.25,7.5,18.2499999999999));
#7306=VECTOR('',#8342,1.0);
#7307=CARTESIAN_POINT('',(-3.1,7.58660254037845,-18.2500000000002));
#7308=CARTESIAN_POINT('',(-3.1,7.58660254037845,-18.2500000000002));
#7309=VECTOR('',#8343,1.0);
#7310=CARTESIAN_POINT('',(-1.75,8.36602540378444,-18.2500000000002));
#7311=CARTESIAN_POINT('',(-1.75,8.36602540378444,-18.2500000000002));
#7312=VECTOR('',#8344,1.0);
#7313=CARTESIAN_POINT('',(-1.75,8.36602540378444,-18.2500000000002));
#7314=VECTOR('',#8345,1.0);
#7315=COLOUR_RGB('',0.749019622802734,0.749019622802734,0.749019622802734);
#7316=AXIS2_PLACEMENT_3D('',#8346,#8347,#8348);
#7317=COLOUR_RGB('',0.749019622802734,0.749019622802734,0.749019622802734);
#7318=CARTESIAN_POINT('',(-3.25,7.32679491924311,18.2499999999999));
#7319=AXIS2_PLACEMENT_3D('',#8349,#8350,#8351);
#7320=CARTESIAN_POINT('',(-3.25,-7.32679491924312,-18.2500000000002));
#7321=VECTOR('',#8352,1.0);
#7322=CARTESIAN_POINT('',(-3.25,7.32679491924312,-18.2500000000002));
#7323=AXIS2_PLACEMENT_3D('',#8353,#8354,#8355);
#7324=CARTESIAN_POINT('',(-3.25,7.32679491924311,18.2499999999999));
#7325=VECTOR('',#8356,1.0);
#7326=AXIS2_PLACEMENT_3D('',#8357,#8358,#8359);
#7327=CARTESIAN_POINT('',(-3.25,1.94871752699051,-5.25000000000015));
#7328=AXIS2_PLACEMENT_3D('',#8360,#8361,#8362);
#7329=AXIS2_PLACEMENT_3D('',#8363,#8364,#8365);
#7330=COLOUR_RGB('',0.749019622802734,0.749019622802734,0.749019622802734);
#7331=CARTESIAN_POINT('',(-1.75,8.75,-18.2500000000002));
#7332=AXIS2_PLACEMENT_3D('',#8366,#8367,#8368);
#7333=CARTESIAN_POINT('',(-1.75,8.75,18.2499999999999));
#7334=CARTESIAN_POINT('',(-1.75,8.75,-1.49783482029195E-13));
#7335=VECTOR('',#8369,1.0);
#7336=AXIS2_PLACEMENT_3D('',#8370,#8371,#8372);
#7337=CARTESIAN_POINT('',(-1.75,-8.75,-1.48659981034291E-13));
#7338=VECTOR('',#8373,1.0);
#7339=AXIS2_PLACEMENT_3D('',#8374,#8375,#8376);
#7340=CARTESIAN_POINT('',(-1.75,-8.36602540378444,18.2499999999999));
#7341=VECTOR('',#8377,1.0);
#7342=AXIS2_PLACEMENT_3D('',#8378,#8379,#8380);
#7343=COLOUR_RGB('',0.749019622802734,0.749019622802734,0.749019622802734);
#7344=COLOUR_RGB('',0.749019622802734,0.749019622802734,0.749019622802734);
#7345=AXIS2_PLACEMENT_3D('',#8381,#8382,#8383);
#7346=COLOUR_RGB('',0.749019622802734,0.749019622802734,0.749019622802734);
#7347=CARTESIAN_POINT('',(-4.5,1.94871752699051,-5.25000000000015));
#7348=AXIS2_PLACEMENT_3D('',#8384,#8385,#8386);
#7349=AXIS2_PLACEMENT_3D('',#8387,#8388,#8389);
#7350=COLOUR_RGB('',0.749019622802734,0.749019622802734,0.749019622802734);
#7351=CARTESIAN_POINT('',(-4.875,1.94871752699051,-5.25000000000015));
#7352=VECTOR('',#8390,1.0);
#7353=COLOUR_RGB('',0.749019622802734,0.749019622802734,0.749019622802734);
#7354=COLOUR_RGB('',0.749019622802734,0.749019622802734,0.749019622802734);
#7355=AXIS2_PLACEMENT_3D('',#8391,#8392,#8393);
#7356=COLOUR_RGB('',0.749019622802734,0.749019622802734,0.749019622802734);
#7357=AXIS2_PLACEMENT_3D('',#8394,#8395,#8396);
#7358=COLOUR_RGB('',0.749019622802734,0.749019622802734,0.749019622802734);
#7359=COLOUR_RGB('',0.749019622802734,0.749019622802734,0.749019622802734);
#7360=CARTESIAN_POINT('',(-22.25,-8.45,-18.2500000000002));
#7361=VECTOR('',#8397,1.0);
#7362=CARTESIAN_POINT('',(-22.25,8.45,18.2499999999998));
#7363=AXIS2_PLACEMENT_3D('',#8398,#8399,#8400);
#7364=CARTESIAN_POINT('',(-22.25,8.45,-18.2500000000002));
#7365=CARTESIAN_POINT('',(-22.25,8.45,-18.2500000000002));
#7366=VECTOR('',#8401,1.0);
#7367=AXIS2_PLACEMENT_3D('',#8402,#8403,#8404);
#7368=COLOUR_RGB('',0.749019622802734,0.749019622802734,0.749019622802734);
#7369=CARTESIAN_POINT('',(-21.95,8.75,-18.2500000000002));
#7370=CARTESIAN_POINT('',(-1.75,8.75,-18.2500000000002));
#7371=VECTOR('',#8405,1.0);
#7372=CARTESIAN_POINT('',(-21.95,8.75,18.2499999999998));
#7373=CARTESIAN_POINT('',(-21.95,8.75,-1.50697843931361E-13));
#7374=VECTOR('',#8406,1.0);
#7375=CARTESIAN_POINT('',(-1.75,8.75,18.2499999999999));
#7376=VECTOR('',#8407,1.0);
#7377=COLOUR_RGB('',0.749019622802734,0.749019622802734,0.749019622802734);
#7378=AXIS2_PLACEMENT_3D('',#8408,#8409,#8410);
#7379=COLOUR_RGB('',0.749019622802734,0.749019622802734,0.749019622802734);
#7380=CARTESIAN_POINT('',(-21.95,-8.75,-1.49574342936456E-13));
#7381=VECTOR('',#8411,1.0);
#7382=COLOUR_RGB('',0.749019622802734,0.749019622802734,0.749019622802734);
#7383=AXIS2_PLACEMENT_3D('',#8412,#8413,#8414);
#7384=COLOUR_RGB('',0.749019622802734,0.749019622802734,0.749019622802734);
#7385=AXIS2_PLACEMENT_3D('',#8415,#8416,#8417);
#7386=COLOUR_RGB('',0.749019622802734,0.749019622802734,0.749019622802734);
#7387=AXIS2_PLACEMENT_3D('',#8418,#8419,#8420);
#7388=COLOUR_RGB('',0.749019622802734,0.749019622802734,0.749019622802734);
#7389=COLOUR_RGB('',0.749019622802734,0.749019622802734,0.749019622802734);
#7390=COLOUR_RGB('',0.749019622802734,0.749019622802734,0.749019622802734);
#7391=CARTESIAN_POINT('',(-3.1,-7.58660254037845,18.2499999999999));
#7392=VECTOR('',#8421,1.0);
#7393=COLOUR_RGB('',0.749019622802734,0.749019622802734,0.749019622802734);
#7394=AXIS2_PLACEMENT_3D('',#8422,#8423,#8424);
#7395=COLOUR_RGB('',0.749019622802734,0.749019622802734,0.749019622802734);
#7396=AXIS2_PLACEMENT_3D('',#8425,#8426,#8427);
#7397=COLOUR_RGB('',0.749019622802734,0.749019622802734,0.749019622802734);
#7398=COLOUR_RGB('',0.749019622802734,0.749019622802734,0.749019622802734);
#7399=AXIS2_PLACEMENT_3D('',#8428,#8429,#8430);
#7400=COLOUR_RGB('',0.749019622802734,0.749019622802734,0.749019622802734);
#7401=AXIS2_PLACEMENT_3D('',#8431,#8432,#8433);
#7402=COLOUR_RGB('',0.749019622802734,0.749019622802734,0.749019622802734);
#7403=COLOUR_RGB('',0.749019622802734,0.749019622802734,0.749019622802734);
#7404=AXIS2_PLACEMENT_3D('',#8434,#8435,#8436);
#7405=COLOUR_RGB('',0.749019622802734,0.749019622802734,0.749019622802734);
#7406=COLOUR_RGB('',0.737254917621613,0.733333349227905,0.749019622802734);
#7407=COLOUR_RGB('',0.749019622802734,0.749019622802734,0.749019622802734);
#7408=CARTESIAN_POINT('',(-16.7500000000001,6.78547937294855E-12,-3.04999999999962));
#7409=CARTESIAN_POINT('',(-12.7500000000001,5.60449734572855E-12,-3.24999999999971));
#7410=CARTESIAN_POINT('',(-16.7500000000001,6.78547937294855E-12,-3.04999999999962));
#7411=VECTOR('',#8437,1.0);
#7412=CARTESIAN_POINT('',(-16.7499999999999,6.99688744239364E-12,3.05000000000038));
#7413=AXIS2_PLACEMENT_3D('',#8438,#8439,#8440);
#7414=CARTESIAN_POINT('',(-12.7499999999999,5.82817619856065E-12,3.25000000000029));
#7415=CARTESIAN_POINT('',(-16.7499999999999,6.99726095966738E-12,3.05000000000038));
#7416=VECTOR('',#8441,1.0);
#7417=AXIS2_PLACEMENT_3D('',#8442,#8443,#8444);
#7418=COLOUR_RGB('',0.749019622802734,0.749019622802734,0.749019622802734);
#7419=CARTESIAN_POINT('',(-7.74999999999992,4.36388881547946E-12,3.35000000000017));
#7420=CARTESIAN_POINT('',(-11.7499999999999,5.53872320453795E-12,3.35000000000026));
#7421=CARTESIAN_POINT('',(-7.74999999999992,4.36347855880174E-12,3.35000000000017));
#7422=VECTOR('',#8445,1.0);
#7423=CARTESIAN_POINT('',(-7.75000000000007,4.13250702305094E-12,-3.34999999999983));
#7424=AXIS2_PLACEMENT_3D('',#8446,#8447,#8448);
#7425=CARTESIAN_POINT('',(-11.7500000000001,5.30734141210944E-12,-3.34999999999974));
#7426=CARTESIAN_POINT('',(-7.75000000000007,4.13250702305094E-12,-3.34999999999983));
#7427=VECTOR('',#8449,1.0);
#7428=AXIS2_PLACEMENT_3D('',#8450,#8451,#8452);
#7429=COLOUR_RGB('',0.749019622802734,0.749019622802734,0.749019622802734);
#7430=CARTESIAN_POINT('',(-6.49999999999993,3.99369149628592E-12,3.25000000000015));
#7431=CARTESIAN_POINT('',(-7.74999999999993,4.35963321223753E-12,3.25000000000017));
#7432=CARTESIAN_POINT('',(-6.74999999999993,4.06632262518263E-12,3.25000000000015));
#7433=VECTOR('',#8453,1.0);
#7434=CARTESIAN_POINT('',(-6.50000000000007,3.76762458219548E-12,-3.24999999999985));
#7435=AXIS2_PLACEMENT_3D('',#8454,#8455,#8456);
#7436=CARTESIAN_POINT('',(-7.75000000000007,4.13595435940543E-12,-3.24999999999983));
#7437=CARTESIAN_POINT('',(-6.75000000000007,3.8422457621408E-12,-3.24999999999985));
#7438=VECTOR('',#8457,1.0);
#7439=AXIS2_PLACEMENT_3D('',#8458,#8459,#8460);
#7440=COLOUR_RGB('',0.749019622802734,0.749019622802734,0.749019622802734);
#7441=CARTESIAN_POINT('',(5.25000000000008,5.50866425273061E-13,3.49999999999988));
#7442=CARTESIAN_POINT('',(-6.24999999999992,3.92765804105684E-12,3.50000000000014));
#7443=CARTESIAN_POINT('',(5.25000000000008,5.50437798893359E-13,3.49999999999988));
#7444=VECTOR('',#8461,1.0);
#7445=CARTESIAN_POINT('',(5.24999999999992,3.09124254079088E-13,-3.50000000000012));
#7446=AXIS2_PLACEMENT_3D('',#8462,#8463,#8464);
#7447=CARTESIAN_POINT('',(-6.25000000000008,3.68591586986287E-12,-3.49999999999986));
#7448=CARTESIAN_POINT('',(5.24999999999992,3.09124254079088E-13,-3.50000000000012));
#7449=VECTOR('',#8465,1.0);
#7450=AXIS2_PLACEMENT_3D('',#8466,#8467,#8468);
#7451=COLOUR_RGB('',0.749019622802734,0.749019622802734,0.749019622802734);
#7452=CARTESIAN_POINT('',(-11.7499999999999,5.53446760129603E-12,3.25000000000026));
#7453=CARTESIAN_POINT('',(-12.2499999999999,5.68171991013806E-12,3.25000000000028));
#7454=VECTOR('',#8469,1.0);
#7455=CARTESIAN_POINT('',(-11.7500000000001,5.31078874846393E-12,-3.24999999999974));
#7456=AXIS2_PLACEMENT_3D('',#8470,#8471,#8472);
#7457=CARTESIAN_POINT('',(-12.2500000000001,5.45764304709624E-12,-3.24999999999972));
#7458=VECTOR('',#8473,1.0);
#7459=COLOUR_RGB('',0.749019622802734,0.749019622802734,0.749019622802734);
#7460=CARTESIAN_POINT('',(24.2500000000001,-5.03002554913451E-12,3.49999999999946));
#7461=CARTESIAN_POINT('',(23.7500000000001,-4.86560723243081E-12,3.99999999999946));
#7462=CARTESIAN_POINT('',(24.2500000000001,-5.03002554913451E-12,3.49999999999946));
#7463=VECTOR('',#8474,1.0);
#7464=CARTESIAN_POINT('',(24.2499999999999,-5.27176772032848E-12,-3.50000000000055));
#7465=AXIS2_PLACEMENT_3D('',#8475,#8476,#8477);
#7466=CARTESIAN_POINT('',(23.7499999999999,-5.14134597734785E-12,-4.00000000000053));
#7467=CARTESIAN_POINT('',(24.2499999999999,-5.27133909394878E-12,-3.50000000000054));
#7468=VECTOR('',#8478,1.0);
#7469=CARTESIAN_POINT('',(22.0931457505087,3.99999999999534,-4.00000000000064));
#7471=CARTESIAN_POINT('',(4.24999999999311,-23.1570723538183,-3.9999999999993));
#7472=CARTESIAN_POINT('',(27.0691489361701,-6.11264350630998E-12,-4.00000000000061));
#7473=CARTESIAN_POINT('',(4.25000000000671,23.1570723538194,-4.00000000000089));
#7480=CARTESIAN_POINT('',(22.0931457505089,3.99999999999562,3.99999999999937));
#7482=CARTESIAN_POINT('',(4.25000000000065,3.99999999999992,-23.1570723538191));
#7483=CARTESIAN_POINT('',(27.0691489361714,3.99999999999402,-7.5084335541662E-13));
#7484=CARTESIAN_POINT('',(4.25000000000169,4.00000000000153,23.1570723538186));
#7492=CARTESIAN_POINT('',(4.24999999999329,-23.157072353818,4.0000000000007));
#7493=CARTESIAN_POINT('',(27.0691489361703,-5.84473769581853E-12,3.99999999999939));
#7494=CARTESIAN_POINT('',(4.25000000000689,23.1570723538197,3.9999999999991));
#7501=COLOUR_RGB('',0.749019622802734,0.749019622802734,0.749019622802734);
#7502=CARTESIAN_POINT('',(-6.25000000000008,3.68591586986287E-12,-3.49999999999986));
#7503=VECTOR('',#8479,1.0);
#7504=CARTESIAN_POINT('',(-6.24999999999992,3.92894392019594E-12,3.50000000000014));
#7505=VECTOR('',#8480,1.0);
#7506=COLOUR_RGB('',0.749019622802734,0.749019622802734,0.749019622802734);
#7507=CARTESIAN_POINT('',(5.25000000000127,4.00000000000057,3.99999999999974));
#7508=CARTESIAN_POINT('',(-16.7499999999987,4.00000000000703,4.00000000000024));
#7509=VECTOR('',#8481,1.0);
#7510=CARTESIAN_POINT('',(5.24999999999892,-3.99999999999943,4.00000000000002));
#7511=CARTESIAN_POINT('',(5.25000000000009,5.68164339385466E-13,3.99999999999988));
#7512=VECTOR('',#8482,1.0);
#7513=CARTESIAN_POINT('',(22.0931457505065,-4.00000000000438,3.99999999999964));
#7514=CARTESIAN_POINT('',(-16.7500000000011,-3.99999999999297,4.00000000000052));
#7515=VECTOR('',#8483,1.0);
#7517=CARTESIAN_POINT('',(4.24999999999329,-23.157072353818,4.0000000000007));
#7518=CARTESIAN_POINT('',(27.0691489361703,-5.84473769581853E-12,3.99999999999939));
#7519=CARTESIAN_POINT('',(4.25000000000689,23.1570723538197,3.9999999999991));
#7526=COLOUR_RGB('',0.749019622802734,0.749019622802734,0.749019622802734);
#7527=CARTESIAN_POINT('',(22.0931457505064,-4.00000000000466,-4.00000000000036));
#7529=CARTESIAN_POINT('',(4.2499999999983,-4.00000000000008,-23.1570723538188));
#7530=CARTESIAN_POINT('',(27.069148936169,-4.00000000000598,-4.65215914311051E-13));
#7531=CARTESIAN_POINT('',(4.24999999999934,-3.99999999999847,23.1570723538189));
#7538=CARTESIAN_POINT('',(5.24999999999874,-3.99999999999971,-3.99999999999998));
#7539=CARTESIAN_POINT('',(5.24999999999883,-3.99999999999957,2.05522749981488E-14));
#7540=VECTOR('',#8484,1.0);
#7541=CARTESIAN_POINT('',(-16.7500000000013,-3.99999999999325,-3.99999999999948));
#7542=VECTOR('',#8485,1.0);
#7543=COLOUR_RGB('',0.749019622802734,0.749019622802734,0.749019622802734);
#7544=CARTESIAN_POINT('',(5.25000000000109,4.00000000000029,-4.00000000000026));
#7545=CARTESIAN_POINT('',(-16.7499999999989,4.00000000000675,-3.99999999999976));
#7546=VECTOR('',#8486,1.0);
#7547=CARTESIAN_POINT('',(5.25000000000118,4.00000000000043,-2.56214350800389E-13));
#7548=VECTOR('',#8487,1.0);
#7549=COLOUR_RGB('',0.749019622802734,0.749019622802734,0.749019622802734);
#7550=AXIS2_PLACEMENT_3D('',#8488,#8489,#8490);
#7551=AXIS2_PLACEMENT_3D('',#8491,#8492,#8493);
#7552=COLOUR_RGB('',0.749019622802734,0.749019622802734,0.749019622802734);
#7554=CARTESIAN_POINT('',(4.24999999999311,-23.1570723538183,-3.9999999999993));
#7555=CARTESIAN_POINT('',(27.0691489361701,-6.11264350630998E-12,-4.00000000000061));
#7556=CARTESIAN_POINT('',(4.25000000000671,23.1570723538194,-4.00000000000089));
#7563=AXIS2_PLACEMENT_3D('',#8494,#8495,#8496);
#7564=COLOUR_RGB('',0.749019622802734,0.749019622802734,0.749019622802734);
#7565=AXIS2_PLACEMENT_3D('',#8497,#8498,#8499);
#7566=AXIS2_PLACEMENT_3D('',#8500,#8501,#8502);
#7567=COLOUR_RGB('',0.749019622802734,0.749019622802734,0.749019622802734);
#7568=AXIS2_PLACEMENT_3D('',#8503,#8504,#8505);
#7569=COLOUR_RGB('',0.749019622802734,0.749019622802734,0.749019622802734);
#7570=CARTESIAN_POINT('',(5.24999999999991,2.9139771358698E-13,-4.00000000000012));
#7571=VECTOR('',#8506,1.0);
#7572=COLOUR_RGB('',0.749019622802734,0.749019622802734,0.749019622802734);
#7573=AXIS2_PLACEMENT_3D('',#8507,#8508,#8509);
#7574=COLOUR_RGB('',0.749019622802734,0.749019622802734,0.749019622802734);
#7575=COLOUR_RGB('',0.749019622802734,0.749019622802734,0.749019622802734);
#7576=AXIS2_PLACEMENT_3D('',#8510,#8511,#8512);
#7577=AXIS2_PLACEMENT_3D('',#8513,#8514,#8515);
#7578=COLOUR_RGB('',0.749019622802734,0.749019622802734,0.749019622802734);
#7579=COLOUR_RGB('',0.749019622802734,0.749019622802734,0.749019622802734);
#7580=COLOUR_RGB('',0.749019622802734,0.749019622802734,0.749019622802734);
#7581=AXIS2_PLACEMENT_3D('',#8516,#8517,#8518);
#7582=COLOUR_RGB('',0.749019622802734,0.749019622802734,0.749019622802734);
#7583=COLOUR_RGB('',0.749019622802734,0.749019622802734,0.749019622802734);
#7584=COLOUR_RGB('',0.737254917621613,0.733333349227905,0.749019622802734);
#7585=COLOUR_RGB('',0.749019622802734,0.749019622802734,0.749019622802734);
#7586=CARTESIAN_POINT('',(-2.95796498954257E-29,-9.0374124075072E-14,26.4999999999998));
#7587=CARTESIAN_POINT('',(-1.63196601125012,-8.79072470849871E-14,26.4999999999998));
#7588=CARTESIAN_POINT('',(-2.95796498954257E-29,-9.0374124075072E-14,26.4999999999998));
#7589=VECTOR('',#8519,1.0);
#7590=CARTESIAN_POINT('',(1.24706856808926E-14,8.24999999999994,18.2499999999999));
#7591=AXIS2_PLACEMENT_3D('',#8520,#8521,#8522);
#7592=CARTESIAN_POINT('',(-1.6319660112501,8.24999999999994,18.2499999999999));
#7593=CARTESIAN_POINT('',(1.24706856808926E-14,8.24999999999994,18.2499999999999));
#7594=VECTOR('',#8523,1.0);
#7595=AXIS2_PLACEMENT_3D('',#8524,#8525,#8526);
#7596=COLOUR_RGB('',0.749019622802734,0.749019622802734,0.749019622802734);
#7597=CARTESIAN_POINT('',(-1.63196601125012,7.50774326711544E-14,-26.5000000000002));
#7598=CARTESIAN_POINT('',(2.95796498954257E-29,7.26105556810695E-14,-26.5000000000002));
#7599=CARTESIAN_POINT('',(2.95796498954257E-29,7.26105556810695E-14,-26.5000000000002));
#7600=VECTOR('',#8527,1.0);
#7601=CARTESIAN_POINT('',(-1.6319660112501,8.25000000000005,-18.2500000000001));
#7602=AXIS2_PLACEMENT_3D('',#8528,#8529,#8530);
#7603=CARTESIAN_POINT('',(1.24706856808928E-14,8.25000000000005,-18.2500000000001));
#7604=CARTESIAN_POINT('',(1.24706856808928E-14,8.25000000000005,-18.2500000000001));
#7605=VECTOR('',#8531,1.0);
#7606=AXIS2_PLACEMENT_3D('',#8532,#8533,#8534);
#7607=COLOUR_RGB('',0.749019622802734,0.749019622802734,0.749019622802734);
#7608=CARTESIAN_POINT('',(2.05292014038647E-29,4.68510473817958E-15,-4.65481555856624));
#7609=CARTESIAN_POINT('',(-2.0,7.96002095520653E-15,-4.55000000000016));
#7610=CARTESIAN_POINT('',(-2.0,7.40280666159448E-15,-4.55000000000016));
#7611=VECTOR('',#8535,1.0);
#7612=CARTESIAN_POINT('',(-3.65740836423864E-29,-2.41588246245079E-14,4.65481555856592));
#7613=AXIS2_PLACEMENT_3D('',#8536,#8537,#8538);
#7614=CARTESIAN_POINT('',(-2.0,-1.91199819981945E-14,4.54999999999984));
#7615=CARTESIAN_POINT('',(-2.0,-1.91199819981945E-14,4.54999999999984));
#7616=VECTOR('',#8539,1.0);
#7617=AXIS2_PLACEMENT_3D('',#8540,#8541,#8542);
#7618=COLOUR_RGB('',0.749019622802734,0.749019622802734,0.749019622802734);
#7619=CARTESIAN_POINT('',(-8.95371571130354E-29,-5.91524429517422E-14,16.2499999999998));
#7620=CARTESIAN_POINT('',(-3.25,-5.33212634932421E-14,16.2499999999998));
#7621=CARTESIAN_POINT('',(-3.25,-5.28620209435619E-14,16.2499999999998));
#7622=VECTOR('',#8543,1.0);
#7623=CARTESIAN_POINT('',(1.6538680060657E-29,-3.59152740995787E-14,8.74999999999984));
#7624=AXIS2_PLACEMENT_3D('',#8544,#8545,#8546);
#7625=CARTESIAN_POINT('',(-3.25,-3.10025797404391E-14,8.74999999999984));
#7626=CARTESIAN_POINT('',(-3.25,-3.10025797404391E-14,8.74999999999984));
#7627=VECTOR('',#8547,1.0);
#7628=AXIS2_PLACEMENT_3D('',#8548,#8549,#8550);
#7629=COLOUR_RGB('',0.749019622802734,0.749019622802734,0.749019622802734);
#7630=CARTESIAN_POINT('',(1.61732856744912E-29,1.06998643758732E-14,-6.75000000000016));
#7631=CARTESIAN_POINT('',(-3.25,1.65310438343732E-14,-6.75000000000016));
#7632=CARTESIAN_POINT('',(-3.25,1.69902863840535E-14,-6.75000000000016));
#7633=VECTOR('',#8551,1.0);
#7634=CARTESIAN_POINT('',(1.6538680060657E-29,3.39370332280367E-14,-14.2500000000002));
#7635=AXIS2_PLACEMENT_3D('',#8552,#8553,#8554);
#7636=CARTESIAN_POINT('',(-3.25,3.88497275871762E-14,-14.2500000000002));
#7637=CARTESIAN_POINT('',(-3.25,3.88497275871762E-14,-14.2500000000002));
#7638=VECTOR('',#8555,1.0);
#7639=AXIS2_PLACEMENT_3D('',#8556,#8557,#8558);
#7640=COLOUR_RGB('',0.749019622802734,0.749019622802734,0.749019622802734);
#7641=CARTESIAN_POINT('',(-3.25,-2.06729024596828E-14,5.49999999999984));
#7642=CARTESIAN_POINT('',(-5.95,-1.79386986249982E-14,5.49999999999984));
#7643=CARTESIAN_POINT('',(-3.25,-2.13464581992138E-14,5.49999999999984));
#7644=VECTOR('',#8559,1.0);
#7645=CARTESIAN_POINT('',(-3.25,1.34082785234904E-14,-5.50000000000016));
#7646=AXIS2_PLACEMENT_3D('',#8560,#8561,#8562);
#7647=CARTESIAN_POINT('',(-5.95,1.74895938372371E-14,-5.50000000000016));
#7648=CARTESIAN_POINT('',(-3.25,1.34082785234904E-14,-5.50000000000016));
#7649=VECTOR('',#8563,1.0);
#7650=AXIS2_PLACEMENT_3D('',#8564,#8565,#8566);
#7651=COLOUR_RGB('',0.749019622802734,0.749019622802734,0.749019622802734);
#7652=CARTESIAN_POINT('',(7.29497004350269E-29,4.8209972369716E-14,-19.0000000000002));
#7653=CARTESIAN_POINT('',(-1.3,5.07873735129455E-14,-19.0000000000002));
#7654=CARTESIAN_POINT('',(-0.65,5.01109963409044E-14,-19.0000000000002));
#7655=VECTOR('',#8567,1.0);
#7656=CARTESIAN_POINT('',(1.10257867071047E-29,6.37014182711584E-14,-24.0000000000002));
#7657=AXIS2_PLACEMENT_3D('',#8568,#8569,#8570);
#7658=CARTESIAN_POINT('',(-1.3,6.62788194143879E-14,-24.0000000000002));
#7659=CARTESIAN_POINT('',(-0.65,6.46839571429863E-14,-24.0000000000002));
#7660=VECTOR('',#8571,1.0);
#7661=AXIS2_PLACEMENT_3D('',#8572,#8573,#8574);
#7662=COLOUR_RGB('',0.749019622802734,0.749019622802734,0.749019622802734);
#7663=CARTESIAN_POINT('',(-2.55,4.88805502929699E-14,-17.7500000000002));
#7664=CARTESIAN_POINT('',(-1.3,5.04812118131587E-14,-19.0000000000002));
#7665=VECTOR('',#8575,1.0);
#7666=CARTESIAN_POINT('',(-2.55,7.21177191451334E-14,-25.2500000000002));
#7667=AXIS2_PLACEMENT_3D('',#8576,#8577,#8578);
#7668=CARTESIAN_POINT('',(-1.3,6.62788194143879E-14,-24.0000000000002));
#7669=VECTOR('',#8579,1.0);
#7670=AXIS2_PLACEMENT_3D('',#8580,#8581,#8582);
#7671=COLOUR_RGB('',0.749019622802734,0.749019622802734,0.749019622802734);
#7672=CARTESIAN_POINT('',(-3.25,4.99386690780154E-14,-17.7500000000002));
#7673=CARTESIAN_POINT('',(-2.55,4.84213077432896E-14,-17.7500000000002));
#7674=VECTOR('',#8583,1.0);
#7675=CARTESIAN_POINT('',(-3.25,7.31758379301789E-14,-25.2500000000002));
#7676=AXIS2_PLACEMENT_3D('',#8584,#8585,#8586);
#7677=CARTESIAN_POINT('',(-2.55,7.21177191451334E-14,-25.2500000000002));
#7678=VECTOR('',#8587,1.0);
#7679=COLOUR_RGB('',0.749019622802734,0.749019622802734,0.749019622802734);
#7680=CARTESIAN_POINT('',(-1.85557280900009,-8.53947253782857E-14,26.4472135954998));
#7681=AXIS2_PLACEMENT_3D('',#8588,#8589,#8590);
#7682=CARTESIAN_POINT('',(-1.85557280900007,8.1972135954999,18.2499999999999));
#7683=AXIS2_PLACEMENT_3D('',#8591,#8592,#8593);
#7684=AXIS2_PLACEMENT_3D('',#8594,#8595,#8596);
#7685=COLOUR_RGB('',0.749019622802734,0.749019622802734,0.749019622802734);
#7686=CARTESIAN_POINT('',(-1.85557280900009,7.32409182592047E-14,-26.4472135955001));
#7687=AXIS2_PLACEMENT_3D('',#8597,#8598,#8599);
#7688=CARTESIAN_POINT('',(-1.85557280900007,8.19721359550001,-18.2500000000001));
#7689=AXIS2_PLACEMENT_3D('',#8600,#8601,#8602);
#7690=AXIS2_PLACEMENT_3D('',#8603,#8604,#8605);
#7691=COLOUR_RGB('',0.749019622802734,0.749019622802734,0.749019622802734);
#7692=CARTESIAN_POINT('',(-6.25,-1.190584260542E-14,3.79999999999984));
#7693=CARTESIAN_POINT('',(-5.95,-1.05174734652739E-14,3.49999999999984));
#7694=AXIS2_PLACEMENT_3D('',#8606,#8607,#8608);
#7695=CARTESIAN_POINT('',(-6.25,1.25718867321244E-14,-3.80000000000016));
#7696=AXIS2_PLACEMENT_3D('',#8609,#8610,#8611);
#7697=CARTESIAN_POINT('',(-5.95,1.11705507967454E-14,-3.50000000000016));
#7698=AXIS2_PLACEMENT_3D('',#8612,#8613,#8614);
#7699=AXIS2_PLACEMENT_3D('',#8615,#8616,#8617);
#7700=COLOUR_RGB('',0.749019622802734,0.749019622802734,0.749019622802734);
#7701=CARTESIAN_POINT('',(-6.25,-1.52269906145315E-14,5.19999999999984));
#7702=AXIS2_PLACEMENT_3D('',#8618,#8619,#8620);
#7703=CARTESIAN_POINT('',(-6.25,1.69952168604685E-14,-5.20000000000016));
#7704=AXIS2_PLACEMENT_3D('',#8621,#8622,#8623);
#7705=AXIS2_PLACEMENT_3D('',#8624,#8625,#8626);
#7706=COLOUR_RGB('',0.749019622802734,0.749019622802734,0.749019622802734);
#7707=CARTESIAN_POINT('',(-2.97360679774998,-8.20754005920616E-14,25.8881966011249));
#7708=CARTESIAN_POINT('',(-3.25,-8.21154427318987E-14,25.4409830056249));
#7709=AXIS2_PLACEMENT_3D('',#8627,#8628,#8629);
#7710=CARTESIAN_POINT('',(-2.97360679774997,7.63819660112495,18.2499999999999));
#7711=AXIS2_PLACEMENT_3D('',#8630,#8631,#8632);
#7712=CARTESIAN_POINT('',(-3.24999999999999,7.19098300562499,18.2499999999999));
#7713=AXIS2_PLACEMENT_3D('',#8633,#8634,#8635);
#7714=AXIS2_PLACEMENT_3D('',#8636,#8637,#8638);
#7715=COLOUR_RGB('',0.749019622802734,0.749019622802734,0.749019622802734);
#7716=CARTESIAN_POINT('',(-3.25,7.41772630561753E-14,-25.4409830056252));
#7717=CARTESIAN_POINT('',(-2.97360679774998,7.33016299467393E-14,-25.8881966011252));
#7718=AXIS2_PLACEMENT_3D('',#8639,#8640,#8641);
#7719=CARTESIAN_POINT('',(-3.24999999999999,7.19098300562511,-18.2500000000001));
#7720=AXIS2_PLACEMENT_3D('',#8642,#8643,#8644);
#7721=CARTESIAN_POINT('',(-2.97360679774997,7.63819660112506,-18.2500000000001));
#7722=AXIS2_PLACEMENT_3D('',#8645,#8646,#8647);
#7723=AXIS2_PLACEMENT_3D('',#8648,#8649,#8650);
#7724=COLOUR_RGB('',0.749019622802734,0.749019622802734,0.749019622802734);
#7725=CARTESIAN_POINT('',(-3.25,-8.1254818377027E-14,25.7499999999998));
#7726=VECTOR('',#8651,1.0);
#7727=CARTESIAN_POINT('',(-3.24999999999999,7.49999999999994,18.2499999999999));
#7728=VECTOR('',#8652,1.0);
#7729=COLOUR_RGB('',0.749019622802734,0.749019622802734,0.749019622802734);
#7730=CARTESIAN_POINT('',(-3.25,7.33166387013036E-14,-25.7500000000002));
#7731=VECTOR('',#8653,1.0);
#7732=CARTESIAN_POINT('',(-3.24999999999999,7.50000000000005,-18.2500000000001));
#7733=VECTOR('',#8654,1.0);
#7734=COLOUR_RGB('',0.749019622802734,0.749019622802734,0.749019622802734);
#7735=CARTESIAN_POINT('',(-2.0,-1.69169129891604E-14,3.49999999999984));
#7736=CARTESIAN_POINT('',(-3.975,-1.39315064170679E-14,3.49999999999984));
#7737=VECTOR('',#8655,1.0);
#7738=CARTESIAN_POINT('',(-2.0,3.91385851345572E-15,-3.50000000000016));
#7739=CARTESIAN_POINT('',(-3.975,8.18514422465293E-15,-3.50000000000016));
#7740=VECTOR('',#8656,1.0);
#7741=AXIS2_PLACEMENT_3D('',#8657,#8658,#8659);
#7742=COLOUR_RGB('',0.749019622802734,0.749019622802734,0.749019622802734);
#7743=CARTESIAN_POINT('',(-1.24696934177769E-28,-8.23834717645214E-14,23.9999999999998));
#7744=CARTESIAN_POINT('',(-1.3,-7.98060706212919E-14,23.9999999999998));
#7745=CARTESIAN_POINT('',(-0.65,-8.04824477933329E-14,23.9999999999998));
#7746=VECTOR('',#8660,1.0);
#7747=CARTESIAN_POINT('',(1.10257867071047E-29,-6.6892025863079E-14,18.9999999999998));
#7748=AXIS2_PLACEMENT_3D('',#8661,#8662,#8663);
#7749=CARTESIAN_POINT('',(-1.3,-6.43146247198495E-14,18.9999999999998));
#7750=CARTESIAN_POINT('',(-0.65,-6.59094869912511E-14,18.9999999999998));
#7751=VECTOR('',#8664,1.0);
#7752=AXIS2_PLACEMENT_3D('',#8665,#8666,#8667);
#7753=COLOUR_RGB('',0.749019622802734,0.749019622802734,0.749019622802734);
#7754=CARTESIAN_POINT('',(-2.55,-8.17128938412675E-14,25.2499999999998));
#7755=CARTESIAN_POINT('',(-1.3,-8.01122323210787E-14,23.9999999999998));
#7756=VECTOR('',#8668,1.0);
#7757=CARTESIAN_POINT('',(-2.55,-5.84757249891039E-14,17.7499999999998));
#7758=AXIS2_PLACEMENT_3D('',#8669,#8670,#8671);
#7759=CARTESIAN_POINT('',(-1.3,-6.43146247198495E-14,18.9999999999998));
#7760=VECTOR('',#8672,1.0);
#7761=AXIS2_PLACEMENT_3D('',#8673,#8674,#8675);
#7762=COLOUR_RGB('',0.749019622802734,0.749019622802734,0.749019622802734);
#7763=CARTESIAN_POINT('',(-3.25,-8.0654775056222E-14,25.2499999999998));
#7764=CARTESIAN_POINT('',(-2.55,-8.21721363909477E-14,25.2499999999998));
#7765=VECTOR('',#8676,1.0);
#7766=CARTESIAN_POINT('',(-3.25,-5.74176062040585E-14,17.7499999999998));
#7767=AXIS2_PLACEMENT_3D('',#8677,#8678,#8679);
#7768=CARTESIAN_POINT('',(-2.55,-5.84757249891039E-14,17.7499999999998));
#7769=VECTOR('',#8680,1.0);
#7770=COLOUR_RGB('',0.749019622802734,0.749019622802734,0.749019622802734);
#7771=AXIS2_PLACEMENT_3D('',#8681,#8682,#8683);
#7772=AXIS2_PLACEMENT_3D('',#8684,#8685,#8686);
#7773=COLOUR_RGB('',0.749019622802734,0.749019622802734,0.749019622802734);
#7774=COLOUR_RGB('',0.749019622802734,0.749019622802734,0.749019622802734);
#7775=AXIS2_PLACEMENT_3D('',#8687,#8688,#8689);
#7776=COLOUR_RGB('',0.749019622802734,0.749019622802734,0.749019622802734);
#7777=AXIS2_PLACEMENT_3D('',#8690,#8691,#8692);
#7778=AXIS2_PLACEMENT_3D('',#8693,#8694,#8695);
#7779=COLOUR_RGB('',0.749019622802734,0.749019622802734,0.749019622802734);
#7780=CARTESIAN_POINT('',(-1.24706856808928E-14,-8.25000000000007,18.2499999999998));
#7781=CARTESIAN_POINT('',(-1.63196601125013,-8.25000000000006,18.2499999999998));
#7782=CARTESIAN_POINT('',(-1.24706856808928E-14,-8.25000000000007,18.2499999999998));
#7783=VECTOR('',#8696,1.0);
#7784=CARTESIAN_POINT('',(-1.63196601125012,-8.24999999999995,-18.2500000000002));
#7785=CARTESIAN_POINT('',(-1.63196601125012,-8.25000000000001,-1.84949403970185E-13));
#7786=VECTOR('',#8697,1.0);
#7787=CARTESIAN_POINT('',(-1.24706856808926E-14,-8.24999999999995,-18.2500000000002));
#7788=CARTESIAN_POINT('',(-1.24706856808926E-14,-8.24999999999995,-18.2500000000002));
#7789=VECTOR('',#8698,1.0);
#7790=CARTESIAN_POINT('',(-1.24706856808927E-14,-8.25000000000001,-1.84949403970186E-13));
#7791=VECTOR('',#8699,1.0);
#7792=COLOUR_RGB('',0.749019622802734,0.749019622802734,0.749019622802734);
#7793=CARTESIAN_POINT('',(-1.85557280900009,-8.19721359549991,-18.2500000000002));
#7794=AXIS2_PLACEMENT_3D('',#8700,#8701,#8702);
#7795=CARTESIAN_POINT('',(-2.97360679774999,-7.63819660112496,-18.2500000000002));
#7796=CARTESIAN_POINT('',(-1.75000000000001,-8.24999999999995,-18.2500000000002));
#7797=VECTOR('',#8703,1.0);
#7798=AXIS2_PLACEMENT_3D('',#8704,#8705,#8706);
#7799=COLOUR_RGB('',0.749019622802734,0.749019622802734,0.749019622802734);
#7800=CARTESIAN_POINT('',(-1.8555728090001,-8.19721359550002,18.2499999999998));
#7801=CARTESIAN_POINT('',(-1.85557280900009,-8.19721359549991,-18.2500000000002));
#7802=VECTOR('',#8707,1.0);
#7803=CARTESIAN_POINT('',(-2.97360679774999,-7.63819660112507,18.2499999999998));
#7804=CARTESIAN_POINT('',(-1.75000000000001,-8.25000000000006,18.2499999999998));
#7805=VECTOR('',#8708,1.0);
#7806=CARTESIAN_POINT('',(-2.97360679774999,-7.63819660112496,-18.2500000000002));
#7807=VECTOR('',#8709,1.0);
#7808=COLOUR_RGB('',0.749019622802734,0.749019622802734,0.749019622802734);
#7809=CARTESIAN_POINT('',(-1.85557280900007,8.19721359550001,-18.2500000000001));
#7810=VECTOR('',#8710,1.0);
#7811=CARTESIAN_POINT('',(-2.97360679774997,7.63819660112506,-18.2500000000001));
#7812=VECTOR('',#8711,1.0);
#7813=COLOUR_RGB('',0.749019622802734,0.749019622802734,0.749019622802734);
#7814=AXIS2_PLACEMENT_3D('',#8712,#8713,#8714);
#7815=AXIS2_PLACEMENT_3D('',#8715,#8716,#8717);
#7816=COLOUR_RGB('',0.749019622802734,0.749019622802734,0.749019622802734);
#7817=CARTESIAN_POINT('',(-3.25000000000001,-7.190983005625,-18.2500000000002));
#7818=AXIS2_PLACEMENT_3D('',#8718,#8719,#8720);
#7819=AXIS2_PLACEMENT_3D('',#8721,#8722,#8723);
#7820=COLOUR_RGB('',0.749019622802734,0.749019622802734,0.749019622802734);
#7821=CARTESIAN_POINT('',(-3.25000000000001,-7.19098300562512,18.2499999999998));
#7822=AXIS2_PLACEMENT_3D('',#8724,#8725,#8726);
#7823=CARTESIAN_POINT('',(-3.25000000000001,-7.190983005625,-18.2500000000002));
#7824=VECTOR('',#8727,1.0);
#7825=COLOUR_RGB('',0.749019622802734,0.749019622802734,0.749019622802734);
#7826=CARTESIAN_POINT('',(-3.24999999999999,7.19098300562511,-18.2500000000001));
#7827=VECTOR('',#8728,1.0);
#7828=COLOUR_RGB('',0.749019622802734,0.749019622802734,0.749019622802734);
#7829=AXIS2_PLACEMENT_3D('',#8729,#8730,#8731);
#7830=COLOUR_RGB('',0.749019622802734,0.749019622802734,0.749019622802734);
#7831=AXIS2_PLACEMENT_3D('',#8732,#8733,#8734);
#7832=AXIS2_PLACEMENT_3D('',#8735,#8736,#8737);
#7833=COLOUR_RGB('',0.749019622802734,0.749019622802734,0.749019622802734);
#7834=AXIS2_PLACEMENT_3D('',#8738,#8739,#8740);
#7835=COLOUR_RGB('',0.749019622802734,0.749019622802734,0.749019622802734);
#7836=AXIS2_PLACEMENT_3D('',#8741,#8742,#8743);
#7837=AXIS2_PLACEMENT_3D('',#8744,#8745,#8746);
#7838=COLOUR_RGB('',0.749019622802734,0.749019622802734,0.749019622802734);
#7839=CARTESIAN_POINT('',(-1.6319660112501,8.24999999999999,-1.37061532463802E-13));
#7840=VECTOR('',#8747,1.0);
#7841=COLOUR_RGB('',0.749019622802734,0.749019622802734,0.749019622802734);
#7842=AXIS2_PLACEMENT_3D('',#8748,#8749,#8750);
#7843=COLOUR_RGB('',0.749019622802734,0.749019622802734,0.749019622802734);
#7844=AXIS2_PLACEMENT_3D('',#8751,#8752,#8753);
#7845=COLOUR_RGB('',0.749019622802734,0.749019622802734,0.749019622802734);
#7846=AXIS2_PLACEMENT_3D('',#8754,#8755,#8756);
#7847=AXIS2_PLACEMENT_3D('',#8757,#8758,#8759);
#7848=AXIS2_PLACEMENT_3D('',#8760,#8761,#8762);
#7849=AXIS2_PLACEMENT_3D('',#8763,#8764,#8765);
#7850=COLOUR_RGB('',0.749019622802734,0.749019622802734,0.749019622802734);
#7851=AXIS2_PLACEMENT_3D('',#8766,#8767,#8768);
#7852=COLOUR_RGB('',0.749019622802734,0.749019622802734,0.749019622802734);
#7853=COLOUR_RGB('',0.749019622802734,0.749019622802734,0.749019622802734);
#7854=AXIS2_PLACEMENT_3D('',#8769,#8770,#8771);
#7855=COLOUR_RGB('',0.749019622802734,0.749019622802734,0.749019622802734);
#7856=COLOUR_RGB('',0.749019622802734,0.749019622802734,0.749019622802734);
#7857=COLOUR_RGB('',0.749019622802734,0.749019622802734,0.749019622802734);
#7858=AXIS2_PLACEMENT_3D('',#8772,#8773,#8774);
#7859=COLOUR_RGB('',0.749019622802734,0.749019622802734,0.749019622802734);
#7860=AXIS2_PLACEMENT_3D('',#8775,#8776,#8777);
#7861=COLOUR_RGB('',0.749019622802734,0.749019622802734,0.749019622802734);
#7862=AXIS2_PLACEMENT_3D('',#8778,#8779,#8780);
#7863=COLOUR_RGB('',0.749019622802734,0.749019622802734,0.749019622802734);
#7864=AXIS2_PLACEMENT_3D('',#8781,#8782,#8783);
#7865=CARTESIAN_POINT('',(1.24706856808927E-14,8.24999999999999,-1.37061532463802E-13));
#7866=VECTOR('',#8784,1.0);
#7867=AXIS2_PLACEMENT_3D('',#8785,#8786,#8787);
#7868=AXIS2_PLACEMENT_3D('',#8788,#8789,#8790);
#7869=COLOUR_RGB('',0.749019622802734,0.749019622802734,0.749019622802734);
#7870=COLOUR_RGB('',0.749019622802734,0.749019622802734,0.749019622802734);
#7871=COLOUR_RGB('',0.749019622802734,0.749019622802734,0.749019622802734);
#7872=COLOUR_RGB('',0.749019622802734,0.749019622802734,0.749019622802734);
#7873=COLOUR_RGB('',0.737254917621613,0.733333349227905,0.749019622802734);
#7874=COLOUR_RGB('',0.749019622802734,0.749019622802734,0.749019622802734);
#7875=CARTESIAN_POINT('',(7.99999999999999,-0.0664817059276416,15.0928255137434));
#7876=CARTESIAN_POINT('',(9.24999999999999,-0.0664817059295463,16.3428255137434));
#7877=CARTESIAN_POINT('',(9.24999999999999,-0.066481705929551,16.3428255137434));
#7878=VECTOR('',#8791,1.0);
#7879=CARTESIAN_POINT('',(7.99999999999999,-0.0664817059276395,10.0928255137434));
#7880=AXIS2_PLACEMENT_3D('',#8792,#8793,#8794);
#7881=CARTESIAN_POINT('',(9.24999999999999,-0.0664817059295437,8.84282551374337));
#7882=CARTESIAN_POINT('',(9.24999999999999,-0.0664817059295506,8.84282551374337));
#7883=VECTOR('',#8795,1.0);
#7884=AXIS2_PLACEMENT_3D('',#8796,#8797,#8798);
#7885=COLOUR_RGB('',0.749019622802734,0.749019622802734,0.749019622802734);
#7886=CARTESIAN_POINT('',(9.99999999999999,-0.0664817059306877,8.84282551374336));
#7887=CARTESIAN_POINT('',(9.99999999999999,-0.0664817059306865,8.84282551374337));
#7888=VECTOR('',#8799,1.0);
#7889=CARTESIAN_POINT('',(9.99999999999384,-3.81648170593007,12.592825513743));
#7890=AXIS2_PLACEMENT_3D('',#8800,#8801,#8802);
#7891=CARTESIAN_POINT('',(9.99999999999999,-0.0664817059306888,16.3428255137434));
#7892=AXIS2_PLACEMENT_3D('',#8803,#8804,#8805);
#7893=CARTESIAN_POINT('',(9.99999999999999,-0.0664817059306888,16.3428255137434));
#7894=VECTOR('',#8806,1.0);
#7895=COLOUR_RGB('',0.749019622802734,0.749019622802734,0.749019622802734);
#7896=CARTESIAN_POINT('',(-10.0,-0.0664817059002232,14.6928255137434));
#7897=CARTESIAN_POINT('',(-9.60000000000002,-0.0664817059008342,15.0928255137434));
#7898=CARTESIAN_POINT('',(-10.0,-0.0664817059002233,14.6928255137434));
#7899=VECTOR('',#8807,1.0);
#7900=CARTESIAN_POINT('',(-10.0,-0.0664817059002231,10.4928255137434));
#7901=AXIS2_PLACEMENT_3D('',#8808,#8809,#8810);
#7902=CARTESIAN_POINT('',(-9.60000000000002,-0.0664817059008281,10.0928255137434));
#7903=CARTESIAN_POINT('',(-10.0,-0.0664817059002231,10.4928255137434));
#7904=VECTOR('',#8811,1.0);
#7905=AXIS2_PLACEMENT_3D('',#8812,#8813,#8814);
#7906=COLOUR_RGB('',0.749019622802734,0.749019622802734,0.749019622802734);
#7907=CARTESIAN_POINT('',(-0.800000000000015,-0.0664817059142341,10.0928255137434));
#7908=VECTOR('',#8815,1.0);
#7909=CARTESIAN_POINT('',(-0.800000000000015,-0.0664817059142356,15.0928255137434));
#7910=VECTOR('',#8816,1.0);
#7911=COLOUR_RGB('',0.749019622802734,0.749019622802734,0.749019622802734);
#7912=AXIS2_PLACEMENT_3D('',#8817,#8818,#8819);
#7913=AXIS2_PLACEMENT_3D('',#8820,#8821,#8822);
#7914=COLOUR_RGB('',0.749019622802734,0.749019622802734,0.749019622802734);
#7915=AXIS2_PLACEMENT_3D('',#8823,#8824,#8825);
#7916=COLOUR_RGB('',0.749019622802734,0.749019622802734,0.749019622802734);
#7917=CARTESIAN_POINT('',(7.39999999999928,-0.526481705926731,12.1328255137434));
#7918=CARTESIAN_POINT('',(7.39999999999928,-0.526481705926731,11.5609302440146));
#7919=CARTESIAN_POINT('',(7.39999999999928,-0.526481705926731,11.2128255137434));
#7920=VECTOR('',#8826,1.0);
#7921=CARTESIAN_POINT('',(7.40000000000068,0.393518294073271,11.5609302440146));
#7922=CARTESIAN_POINT('',(7.39999999999998,-0.06648170592673,11.5609302440146));
#7923=VECTOR('',#8827,1.0);
#7924=CARTESIAN_POINT('',(7.40000000000068,0.393518294073271,12.1328255137434));
#7925=CARTESIAN_POINT('',(7.40000000000068,0.393518294073271,11.2128255137434));
#7926=VECTOR('',#8828,1.0);
#7927=CARTESIAN_POINT('',(7.40000000000156,0.965413563802027,12.1328255137434));
#7928=CARTESIAN_POINT('',(7.40000000000209,1.31351829407327,12.1328255137434));
#7929=VECTOR('',#8829,1.0);
#7930=CARTESIAN_POINT('',(7.40000000000156,0.965413563802027,13.0528255137434));
#7931=CARTESIAN_POINT('',(7.40000000000156,0.965413563802027,12.5928255137434));
#7932=VECTOR('',#8830,1.0);
#7933=CARTESIAN_POINT('',(7.40000000000068,0.393518294073271,13.0528255137434));
#7934=CARTESIAN_POINT('',(7.40000000000209,1.31351829407327,13.0528255137434));
#7935=VECTOR('',#8831,1.0);
#7936=CARTESIAN_POINT('',(7.40000000000068,0.393518294073271,13.6247207834721));
#7937=CARTESIAN_POINT('',(7.40000000000068,0.393518294073271,13.9728255137434));
#7938=VECTOR('',#8832,1.0);
#7939=CARTESIAN_POINT('',(7.39999999999928,-0.526481705926731,13.6247207834721));
#7940=CARTESIAN_POINT('',(7.39999999999999,-0.06648170592673,13.6247207834721));
#7941=VECTOR('',#8833,1.0);
#7942=CARTESIAN_POINT('',(7.39999999999928,-0.526481705926731,13.0528255137434));
#7943=CARTESIAN_POINT('',(7.39999999999928,-0.526481705926731,13.9728255137434));
#7944=VECTOR('',#8834,1.0);
#7945=CARTESIAN_POINT('',(7.39999999999841,-1.09837697565549,13.0528255137434));
#7946=CARTESIAN_POINT('',(7.39999999999788,-1.44648170592673,13.0528255137434));
#7947=VECTOR('',#8835,1.0);
#7948=CARTESIAN_POINT('',(7.39999999999841,-1.09837697565549,12.1328255137434));
#7949=CARTESIAN_POINT('',(7.39999999999841,-1.09837697565549,12.5928255137434));
#7950=VECTOR('',#8836,1.0);
#7951=CARTESIAN_POINT('',(7.39999999999788,-1.44648170592673,12.1328255137434));
#7952=VECTOR('',#8837,1.0);
#7953=COLOUR_RGB('',0.749019622802734,0.749019622802734,0.749019622802734);
#7954=COLOUR_RGB('',0.749019622802734,0.749019622802734,0.749019622802734);
#7955=AXIS2_PLACEMENT_3D('',#8838,#8839,#8840);
#7956=CARTESIAN_POINT('',(9.99999999999648,-2.36648170593069,13.0528255137434));
#7957=CARTESIAN_POINT('',(9.99999999999648,-2.36648170593069,12.1328255137434));
#7958=CARTESIAN_POINT('',(9.99999999999648,-2.36648170593069,12.5928255137434));
#7959=VECTOR('',#8841,1.0);
#7960=CARTESIAN_POINT('',(9.99999999999929,-0.526481705930689,13.0528255137434));
#7961=CARTESIAN_POINT('',(9.99999999999998,-0.0664817059306877,13.0528255137434));
#7962=VECTOR('',#8842,1.0);
#7963=CARTESIAN_POINT('',(9.99999999999929,-0.526481705930696,14.8928255137434));
#7964=CARTESIAN_POINT('',(9.99999999999929,-0.526481705930696,10.7178255137434));
#7965=VECTOR('',#8843,1.0);
#7966=CARTESIAN_POINT('',(10.0000000000007,0.393518294069306,14.8928255137434));
#7967=CARTESIAN_POINT('',(9.99999999999999,-0.0664817059306877,14.8928255137434));
#7968=VECTOR('',#8844,1.0);
#7969=CARTESIAN_POINT('',(10.0000000000007,0.393518294069306,13.0528255137434));
#7970=CARTESIAN_POINT('',(10.0000000000007,0.393518294069306,10.7178255137434));
#7971=VECTOR('',#8845,1.0);
#7972=CARTESIAN_POINT('',(10.0000000000035,2.23351829406931,13.0528255137434));
#7973=CARTESIAN_POINT('',(9.99999999999998,-0.0664817059306877,13.0528255137434));
#7974=VECTOR('',#8846,1.0);
#7975=CARTESIAN_POINT('',(10.0000000000035,2.23351829406931,12.1328255137434));
#7976=CARTESIAN_POINT('',(10.0000000000035,2.23351829406931,12.5928255137434));
#7977=VECTOR('',#8847,1.0);
#7978=CARTESIAN_POINT('',(10.0000000000007,0.393518294069306,12.1328255137434));
#7979=CARTESIAN_POINT('',(9.99999999999998,-0.0664817059306877,12.1328255137434));
#7980=VECTOR('',#8848,1.0);
#7981=CARTESIAN_POINT('',(10.0000000000007,0.393518294069313,10.2928255137434));
#7982=CARTESIAN_POINT('',(10.0000000000007,0.393518294069306,10.7178255137434));
#7983=VECTOR('',#8849,1.0);
#7984=CARTESIAN_POINT('',(9.99999999999928,-0.526481705930689,10.2928255137434));
#7985=CARTESIAN_POINT('',(9.99999999999998,-0.0664817059306877,10.2928255137434));
#7986=VECTOR('',#8850,1.0);
#7987=CARTESIAN_POINT('',(9.99999999999928,-0.526481705930689,12.1328255137434));
#7988=CARTESIAN_POINT('',(9.99999999999929,-0.526481705930696,10.7178255137434));
#7989=VECTOR('',#8851,1.0);
#7990=CARTESIAN_POINT('',(9.99999999999998,-0.0664817059306877,12.1328255137434));
#7991=VECTOR('',#8852,1.0);
#7992=COLOUR_RGB('',0.749019622802734,0.749019622802734,0.749019622802734);
#7993=AXIS2_PLACEMENT_3D('',#8853,#8854,#8855);
#7994=COLOUR_RGB('',0.749019622802734,0.749019622802734,0.749019622802734);
#7995=COLOUR_RGB('',0.749019622802734,0.749019622802734,0.749019622802734);
#7996=CARTESIAN_POINT('',(7.53715513541683,-0.526481705926944,11.4940352147823));
#7997=VECTOR('',#8856,1.0);
#7998=CARTESIAN_POINT('',(7.39999999999928,-0.526481705926731,12.1328255137434));
#7999=VECTOR('',#8857,1.0);
#8000=COLOUR_RGB('',0.749019622802734,0.749019622802734,0.749019622802734);
#8001=CARTESIAN_POINT('',(7.40000000000068,0.393518294073271,12.1328255137434));
#8002=VECTOR('',#8858,1.0);
#8003=CARTESIAN_POINT('',(10.0000000000007,0.393518294069313,10.2928255137434));
#8004=VECTOR('',#8859,1.0);
#8005=COLOUR_RGB('',0.749019622802734,0.749019622802734,0.749019622802734);
#8006=CARTESIAN_POINT('',(7.53715513541921,1.03230859303412,12.1328255137434));
#8007=VECTOR('',#8860,1.0);
#8008=COLOUR_RGB('',0.749019622802734,0.749019622802734,0.749019622802734);
#8009=CARTESIAN_POINT('',(7.40000000000068,0.393518294073271,13.0528255137434));
#8010=VECTOR('',#8861,1.0);
#8011=CARTESIAN_POINT('',(10.0000000000035,2.23351829406931,13.0528255137434));
#8012=VECTOR('',#8862,1.0);
#8013=COLOUR_RGB('',0.749019622802734,0.749019622802734,0.749019622802734);
#8014=CARTESIAN_POINT('',(7.53715513541824,0.393518294073058,13.6916158127044));
#8015=VECTOR('',#8863,1.0);
#8016=COLOUR_RGB('',0.749019622802734,0.749019622802734,0.749019622802734);
#8017=CARTESIAN_POINT('',(7.39999999999928,-0.526481705926731,13.0528255137434));
#8018=VECTOR('',#8864,1.0);
#8019=CARTESIAN_POINT('',(9.99999999999929,-0.526481705930696,14.8928255137434));
#8020=VECTOR('',#8865,1.0);
#8021=COLOUR_RGB('',0.749019622802734,0.749019622802734,0.749019622802734);
#8022=CARTESIAN_POINT('',(7.53715513541586,-1.165272004888,13.0528255137434));
#8023=VECTOR('',#8866,1.0);
#8024=COLOUR_RGB('',0.749019622802734,0.749019622802734,0.749019622802734);
#8025=CARTESIAN_POINT('',(9.99999999999648,-2.36648170593069,12.1328255137434));
#8026=VECTOR('',#8867,1.0);
#8027=COLOUR_RGB('',0.749019622802734,0.749019622802734,0.749019622802734);
#8028=COLOUR_RGB('',0.749019622802734,0.749019622802734,0.749019622802734);
#8029=COLOUR_RGB('',0.749019622802734,0.749019622802734,0.749019622802734);
#8030=COLOUR_RGB('',0.749019622802734,0.749019622802734,0.749019622802734);
#8031=COLOUR_RGB('',0.898039221763611,0.898039221763611,0.898039221763611);
#8032=COLOUR_RGB('',0.749019622802734,0.749019622802734,0.749019622802734);
#8033=CARTESIAN_POINT('',(7.99999999999999,-0.125357939981124,-7.88810473027122));
#8034=CARTESIAN_POINT('',(9.24999999999999,-0.125357939983028,-6.63810473027123));
#8035=CARTESIAN_POINT('',(9.24999999999999,-0.12535793998303,-6.63810473027123));
#8036=VECTOR('',#8868,1.0);
#8037=CARTESIAN_POINT('',(7.99999999999999,-0.125357939981118,-12.8881047302712));
#8038=AXIS2_PLACEMENT_3D('',#8869,#8870,#8871);
#8039=CARTESIAN_POINT('',(9.24999999999999,-0.125357939983026,-14.1381047302712));
#8040=CARTESIAN_POINT('',(9.24999999999999,-0.125357939983029,-14.1381047302712));
#8041=VECTOR('',#8872,1.0);
#8042=AXIS2_PLACEMENT_3D('',#8873,#8874,#8875);
#8043=COLOUR_RGB('',0.749019622802734,0.749019622802734,0.749019622802734);
#8044=CARTESIAN_POINT('',(9.99999999999999,-0.12535793998417,-14.1381047302712));
#8045=CARTESIAN_POINT('',(9.99999999999999,-0.125357939984169,-14.1381047302712));
#8046=VECTOR('',#8876,1.0);
#8047=CARTESIAN_POINT('',(9.99999999999384,-3.87535793998354,-10.3881047302716));
#8048=AXIS2_PLACEMENT_3D('',#8877,#8878,#8879);
#8049=CARTESIAN_POINT('',(9.99999999999999,-0.125357939984171,-6.63810473027123));
#8050=AXIS2_PLACEMENT_3D('',#8880,#8881,#8882);
#8051=CARTESIAN_POINT('',(9.99999999999999,-0.125357939984171,-6.63810473027123));
#8052=VECTOR('',#8883,1.0);
#8053=COLOUR_RGB('',0.749019622802734,0.749019622802734,0.749019622802734);
#8054=CARTESIAN_POINT('',(-10.0,-0.125357939953702,-8.28810473027123));
#8055=CARTESIAN_POINT('',(-9.60000000000001,-0.125357939954313,-7.88810473027123));
#8056=CARTESIAN_POINT('',(-10.0,-0.125357939953702,-8.28810473027123));
#8057=VECTOR('',#8884,1.0);
#8058=CARTESIAN_POINT('',(-10.0,-0.125357939953702,-12.4881047302712));
#8059=AXIS2_PLACEMENT_3D('',#8885,#8886,#8887);
#8060=CARTESIAN_POINT('',(-9.60000000000001,-0.12535793995431,-12.8881047302712));
#8061=CARTESIAN_POINT('',(-10.0,-0.125357939953702,-12.4881047302712));
#8062=VECTOR('',#8888,1.0);
#8063=AXIS2_PLACEMENT_3D('',#8889,#8890,#8891);
#8064=COLOUR_RGB('',0.749019622802734,0.749019622802734,0.749019622802734);
#8065=CARTESIAN_POINT('',(-0.800000000000011,-0.125357939967716,-12.8881047302712));
#8066=VECTOR('',#8892,1.0);
#8067=CARTESIAN_POINT('',(-0.800000000000011,-0.125357939967718,-7.88810473027123));
#8068=VECTOR('',#8893,1.0);
#8069=COLOUR_RGB('',0.749019622802734,0.749019622802734,0.749019622802734);
#8070=AXIS2_PLACEMENT_3D('',#8894,#8895,#8896);
#8071=AXIS2_PLACEMENT_3D('',#8897,#8898,#8899);
#8072=COLOUR_RGB('',0.749019622802734,0.749019622802734,0.749019622802734);
#8073=AXIS2_PLACEMENT_3D('',#8900,#8901,#8902);
#8074=COLOUR_RGB('',0.749019622802734,0.749019622802734,0.749019622802734);
#8075=CARTESIAN_POINT('',(7.39999999999929,-0.585357939980213,-10.8481047302712));
#8076=CARTESIAN_POINT('',(7.39999999999929,-0.585357939980213,-11.42));
#8077=CARTESIAN_POINT('',(7.39999999999929,-0.585357939980209,-11.7681047302712));
#8078=VECTOR('',#8903,1.0);
#8079=CARTESIAN_POINT('',(7.40000000000069,0.334642060019789,-11.42));
#8080=CARTESIAN_POINT('',(7.39999999999999,-0.125357939980208,-11.42));
#8081=VECTOR('',#8904,1.0);
#8082=CARTESIAN_POINT('',(7.40000000000069,0.334642060019789,-10.8481047302712));
#8083=CARTESIAN_POINT('',(7.40000000000069,0.334642060019789,-11.7681047302712));
#8084=VECTOR('',#8905,1.0);
#8085=CARTESIAN_POINT('',(7.40000000000156,0.906537329748549,-10.8481047302712));
#8086=CARTESIAN_POINT('',(7.40000000000209,1.25464206001979,-10.8481047302712));
#8087=VECTOR('',#8906,1.0);
#8088=CARTESIAN_POINT('',(7.40000000000156,0.906537329748549,-9.92810473027123));
#8089=CARTESIAN_POINT('',(7.40000000000156,0.906537329748549,-10.3881047302712));
#8090=VECTOR('',#8907,1.0);
#8091=CARTESIAN_POINT('',(7.40000000000069,0.334642060019789,-9.92810473027123));
#8092=CARTESIAN_POINT('',(7.40000000000209,1.25464206001979,-9.92810473027123));
#8093=VECTOR('',#8908,1.0);
#8094=CARTESIAN_POINT('',(7.40000000000069,0.334642060019792,-9.35620946054247));
#8095=CARTESIAN_POINT('',(7.40000000000069,0.334642060019789,-9.00810473027123));
#8096=VECTOR('',#8909,1.0);
#8097=CARTESIAN_POINT('',(7.39999999999929,-0.585357939980209,-9.35620946054247));
#8098=CARTESIAN_POINT('',(7.39999999999999,-0.125357939980208,-9.35620946054247));
#8099=VECTOR('',#8910,1.0);
#8100=CARTESIAN_POINT('',(7.39999999999929,-0.585357939980213,-9.92810473027123));
#8101=CARTESIAN_POINT('',(7.39999999999929,-0.585357939980213,-9.00810473027123));
#8102=VECTOR('',#8911,1.0);
#8103=CARTESIAN_POINT('',(7.39999999999842,-1.15725320970897,-9.92810473027123));
#8104=CARTESIAN_POINT('',(7.39999999999789,-1.50535793998021,-9.92810473027123));
#8105=VECTOR('',#8912,1.0);
#8106=CARTESIAN_POINT('',(7.39999999999842,-1.15725320970897,-10.8481047302712));
#8107=CARTESIAN_POINT('',(7.39999999999841,-1.15725320970897,-10.3881047302712));
#8108=VECTOR('',#8913,1.0);
#8109=CARTESIAN_POINT('',(7.39999999999789,-1.50535793998021,-10.8481047302712));
#8110=VECTOR('',#8914,1.0);
#8111=COLOUR_RGB('',0.749019622802734,0.749019622802734,0.749019622802734);
#8112=COLOUR_RGB('',0.749019622802734,0.749019622802734,0.749019622802734);
#8113=AXIS2_PLACEMENT_3D('',#8915,#8916,#8917);
#8114=CARTESIAN_POINT('',(9.99999999999649,-2.42535793998417,-9.92810473027123));
#8115=CARTESIAN_POINT('',(9.99999999999648,-2.42535793998417,-10.8481047302712));
#8116=CARTESIAN_POINT('',(9.99999999999649,-2.42535793998417,-10.3881047302712));
#8117=VECTOR('',#8918,1.0);
#8118=CARTESIAN_POINT('',(9.99999999999929,-0.585357939984167,-9.92810473027123));
#8119=CARTESIAN_POINT('',(9.99999999999999,-0.12535793998417,-9.92810473027123));
#8120=VECTOR('',#8919,1.0);
#8121=CARTESIAN_POINT('',(9.99999999999929,-0.585357939984174,-8.08810473027123));
#8122=CARTESIAN_POINT('',(9.99999999999929,-0.585357939984174,-12.2631047302712));
#8123=VECTOR('',#8920,1.0);
#8124=CARTESIAN_POINT('',(10.0000000000007,0.334642060015828,-8.08810473027123));
#8125=CARTESIAN_POINT('',(9.99999999999999,-0.12535793998417,-8.08810473027123));
#8126=VECTOR('',#8921,1.0);
#8127=CARTESIAN_POINT('',(10.0000000000007,0.334642060015828,-9.92810473027123));
#8128=CARTESIAN_POINT('',(10.0000000000007,0.334642060015828,-12.2631047302712));
#8129=VECTOR('',#8922,1.0);
#8130=CARTESIAN_POINT('',(10.0000000000035,2.17464206001583,-9.92810473027123));
#8131=CARTESIAN_POINT('',(9.99999999999999,-0.12535793998417,-9.92810473027123));
#8132=VECTOR('',#8923,1.0);
#8133=CARTESIAN_POINT('',(10.0000000000035,2.17464206001583,-10.8481047302712));
#8134=CARTESIAN_POINT('',(10.0000000000035,2.17464206001583,-10.3881047302712));
#8135=VECTOR('',#8924,1.0);
#8136=CARTESIAN_POINT('',(10.0000000000007,0.334642060015828,-10.8481047302712));
#8137=CARTESIAN_POINT('',(9.99999999999999,-0.12535793998417,-10.8481047302712));
#8138=VECTOR('',#8925,1.0);
#8139=CARTESIAN_POINT('',(10.0000000000007,0.334642060015831,-12.6881047302712));
#8140=CARTESIAN_POINT('',(10.0000000000007,0.334642060015828,-12.2631047302712));
#8141=VECTOR('',#8926,1.0);
#8142=CARTESIAN_POINT('',(9.99999999999928,-0.585357939984167,-12.6881047302712));
#8143=CARTESIAN_POINT('',(9.99999999999999,-0.12535793998417,-12.6881047302712));
#8144=VECTOR('',#8927,1.0);
#8145=CARTESIAN_POINT('',(9.99999999999928,-0.585357939984167,-10.8481047302712));
#8146=CARTESIAN_POINT('',(9.99999999999929,-0.585357939984174,-12.2631047302712));
#8147=VECTOR('',#8928,1.0);
#8148=CARTESIAN_POINT('',(9.99999999999999,-0.12535793998417,-10.8481047302712));
#8149=VECTOR('',#8929,1.0);
#8150=COLOUR_RGB('',0.749019622802734,0.749019622802734,0.749019622802734);
#8151=AXIS2_PLACEMENT_3D('',#8930,#8931,#8932);
#8152=COLOUR_RGB('',0.749019622802734,0.749019622802734,0.749019622802734);
#8153=COLOUR_RGB('',0.749019622802734,0.749019622802734,0.749019622802734);
#8154=CARTESIAN_POINT('',(7.53715513541684,-0.585357939980423,-11.4868950292323));
#8155=VECTOR('',#8933,1.0);
#8156=CARTESIAN_POINT('',(7.39999999999929,-0.585357939980213,-10.8481047302712));
#8157=VECTOR('',#8934,1.0);
#8158=COLOUR_RGB('',0.749019622802734,0.749019622802734,0.749019622802734);
#8159=CARTESIAN_POINT('',(7.40000000000069,0.334642060019789,-10.8481047302712));
#8160=VECTOR('',#8935,1.0);
#8161=CARTESIAN_POINT('',(10.0000000000007,0.334642060015831,-12.6881047302712));
#8162=VECTOR('',#8936,1.0);
#8163=COLOUR_RGB('',0.749019622802734,0.749019622802734,0.749019622802734);
#8164=CARTESIAN_POINT('',(7.53715513541921,0.973432358980642,-10.8481047302712));
#8165=VECTOR('',#8937,1.0);
#8166=COLOUR_RGB('',0.749019622802734,0.749019622802734,0.749019622802734);
#8167=CARTESIAN_POINT('',(7.40000000000069,0.334642060019789,-9.92810473027123));
#8168=VECTOR('',#8938,1.0);
#8169=CARTESIAN_POINT('',(10.0000000000035,2.17464206001583,-9.92810473027123));
#8170=VECTOR('',#8939,1.0);
#8171=COLOUR_RGB('',0.749019622802734,0.749019622802734,0.749019622802734);
#8172=CARTESIAN_POINT('',(7.53715513541824,0.334642060019579,-9.28931443131017));
#8173=VECTOR('',#8940,1.0);
#8174=COLOUR_RGB('',0.749019622802734,0.749019622802734,0.749019622802734);
#8175=CARTESIAN_POINT('',(7.39999999999929,-0.585357939980213,-9.92810473027123));
#8176=VECTOR('',#8941,1.0);
#8177=CARTESIAN_POINT('',(9.99999999999929,-0.585357939984174,-8.08810473027123));
#8178=VECTOR('',#8942,1.0);
#8179=COLOUR_RGB('',0.749019622802734,0.749019622802734,0.749019622802734);
#8180=CARTESIAN_POINT('',(7.53715513541587,-1.22414823894148,-9.92810473027123));
#8181=VECTOR('',#8943,1.0);
#8182=COLOUR_RGB('',0.749019622802734,0.749019622802734,0.749019622802734);
#8183=CARTESIAN_POINT('',(9.99999999999648,-2.42535793998417,-10.8481047302712));
#8184=VECTOR('',#8944,1.0);
#8185=COLOUR_RGB('',0.749019622802734,0.749019622802734,0.749019622802734);
#8186=COLOUR_RGB('',0.749019622802734,0.749019622802734,0.749019622802734);
#8187=COLOUR_RGB('',0.749019622802734,0.749019622802734,0.749019622802734);
#8188=COLOUR_RGB('',0.749019622802734,0.749019622802734,0.749019622802734);
#8189=COLOUR_RGB('',0.898039221763611,0.898039221763611,0.898039221763611);
#8190=CARTESIAN_POINT('',(-9.751,-2.36391055220218,3.22675175698657));
#8191=DIRECTION('',(-0.0338408202112661,0.806225896962103,0.590639146988312));
#8192=DIRECTION('',(0.9994270845111,0.026974219779983,0.0204424610285427));
#8193=CARTESIAN_POINT('',(-4.44999986709839,1.80180298672202E-08,-3.999999999997));
#8194=DIRECTION('',(0.0797688956124135,0.99681338438671,5.37166765149759E-07));
#8195=DIRECTION('',(-0.996812666706487,0.0797688375341699,0.00120002164551415));
#8196=CARTESIAN_POINT('',(-4.44999986709839,1.80180298672202E-08,-3.999999999997));
#8197=DIRECTION('',(0.0797688956124135,0.99681338438671,5.37166765149759E-07));
#8198=DIRECTION('',(-0.996812666706487,0.0797688375341699,0.00120002164551415));
#8199=CARTESIAN_POINT('',(-3.599,-3.33679650315373E-13,-3.9999999999958));
#8200=DIRECTION('',(-0.0338408202112696,-0.999427235414079,-1.58217782999119E-15));
#8201=DIRECTION('',(0.999427235414079,-0.0338408202112696,-9.4839796852065E-17));
#8202=CARTESIAN_POINT('',(-3.599,-3.33679650315373E-13,-3.9999999999958));
#8203=DIRECTION('',(-0.0338408202112696,-0.999427235414079,-1.58217782999119E-15));
#8204=DIRECTION('',(0.999427235414079,-0.0338408202112696,-9.4839796852065E-17));
#8205=CARTESIAN_POINT('',(-9.751,-2.36391055220218,3.22675175698657));
#8206=DIRECTION('',(-0.0338408202112661,0.806225896962103,0.590639146988312));
#8207=DIRECTION('',(0.9994270845111,0.026974219779983,0.0204424610285427));
#8208=DIRECTION('',(-1.0,-1.43769899976529E-28,-4.52654407012747E-17));
#8209=CARTESIAN_POINT('',(-3.25,2.99345696648417E-15,-1.50545269580638E-13));
#8210=DIRECTION('',(-1.0,-1.43769899976529E-28,-4.52654407012747E-17));
#8211=DIRECTION('',(-4.52654407012747E-17,7.90510706344563E-31,1.0));
#8212=DIRECTION('',(1.0,1.43720596169953E-28,4.52654407012747E-17));
#8213=CARTESIAN_POINT('',(-4.5,2.99345696648399E-15,-1.50601851381514E-13));
#8214=DIRECTION('',(-1.0,-1.43769899976529E-28,-4.52654407012747E-17));
#8215=DIRECTION('',(4.52654407012747E-17,-7.90510706344563E-31,-1.0));
#8216=DIRECTION('',(1.0,1.43769899976529E-28,4.52654407012747E-17));
#8217=CARTESIAN_POINT('',(-6.5,2.9934569664837E-15,-1.50692382262917E-13));
#8218=DIRECTION('',(1.0,1.43769899976529E-28,4.52654407012747E-17));
#8219=DIRECTION('',(-4.52654407012747E-17,7.90510706344563E-31,1.0));
#8220=CARTESIAN_POINT('',(-2.95,4.13355238269498E-15,25.576794919243));
#8221=DIRECTION('',(1.43764356558823E-28,-1.0,1.22464679914737E-16));
#8222=DIRECTION('',(-4.52654407012747E-17,1.22464679914737E-16,1.0));
#8223=CARTESIAN_POINT('',(-3.1,3.23627878810893E-15,18.2499999999999));
#8224=DIRECTION('',(1.0,1.43769899976529E-28,4.52654407012747E-17));
#8225=DIRECTION('',(-4.52654407012747E-17,1.12597848558214E-30,1.0));
#8226=CARTESIAN_POINT('',(-2.95,-7.32679491924312,18.2499999999999));
#8227=DIRECTION('',(-4.52654407012747E-17,1.26946197022875E-30,1.0));
#8228=DIRECTION('',(-1.0,-1.43802769180914E-28,-4.52654407012747E-17));
#8229=CARTESIAN_POINT('',(-3.25,3.2362787881089E-15,18.2499999999999));
#8230=DIRECTION('',(1.0,1.43769899976529E-28,4.52654407012747E-17));
#8231=DIRECTION('',(-4.52654407012747E-17,1.16284999801664E-30,1.0));
#8232=CARTESIAN_POINT('',(-2.95,1.85336155027346E-15,-25.5767949192433));
#8233=DIRECTION('',(1.43764356558823E-28,-1.0,1.22464679914737E-16));
#8234=DIRECTION('',(4.52654407012747E-17,-1.22464679914737E-16,-1.0));
#8235=CARTESIAN_POINT('',(-3.25,2.75063514485943E-15,-18.2500000000002));
#8236=DIRECTION('',(1.0,1.43769899976529E-28,4.52654407012747E-17));
#8237=DIRECTION('',(-4.52654407012747E-17,1.16284999801664E-30,1.0));
#8238=CARTESIAN_POINT('',(-2.95,-7.32679491924312,-18.2500000000002));
#8239=DIRECTION('',(4.52654407012747E-17,-1.26946197022875E-30,-1.0));
#8240=DIRECTION('',(1.0,1.43802769180914E-28,4.52654407012747E-17));
#8241=CARTESIAN_POINT('',(-3.1,2.75063514485946E-15,-18.2500000000002));
#8242=DIRECTION('',(1.0,1.43769899976529E-28,4.52654407012747E-17));
#8243=DIRECTION('',(-4.52654407012747E-17,1.12597848558214E-30,1.0));
#8244=DIRECTION('',(-0.866025403784439,-6.12323399574928E-17,-0.5));
#8245=CARTESIAN_POINT('',(-1.75,3.23627878810913E-15,18.2499999999999));
#8246=DIRECTION('',(-1.0,-1.43769899976529E-28,-4.52654407012747E-17));
#8247=DIRECTION('',(4.52654407012747E-17,-1.02910452324116E-30,-1.0));
#8248=DIRECTION('',(0.866025403784439,-0.5,3.92010215608026E-17));
#8249=DIRECTION('',(0.866025403784439,-6.12323399572437E-17,-0.5));
#8250=DIRECTION('',(-0.866025403784439,0.5,-3.92010215608026E-17));
#8251=CARTESIAN_POINT('',(-1.75,2.75063514485965E-15,-18.2500000000002));
#8252=DIRECTION('',(-1.0,-1.43769899976529E-28,-4.52654407012747E-17));
#8253=DIRECTION('',(4.52654407012747E-17,-1.02910452324116E-30,-1.0));
#8254=CARTESIAN_POINT('',(-21.95,3.78546169013625E-15,-26.7000000000002));
#8255=DIRECTION('',(-1.43775443394236E-28,1.0,1.22464679914734E-16));
#8256=DIRECTION('',(4.52654407012747E-17,1.22464679914734E-16,-1.0));
#8257=CARTESIAN_POINT('',(-21.95,2.75063514485675E-15,-18.2500000000002));
#8258=DIRECTION('',(-1.0,-1.43769899976529E-28,-4.52654407012747E-17));
#8259=DIRECTION('',(4.52654407012747E-17,-1.43850359277611E-30,-1.0));
#8260=CARTESIAN_POINT('',(-21.95,-8.45,-18.2500000000002));
#8261=DIRECTION('',(-4.52654407012747E-17,1.26946197022875E-30,1.0));
#8262=DIRECTION('',(-1.0,-1.43802769180914E-28,-4.52654407012747E-17));
#8263=CARTESIAN_POINT('',(-22.25,2.75063514485671E-15,-18.2500000000002));
#8264=DIRECTION('',(-1.0,-1.43769899976529E-28,-4.52654407012747E-17));
#8265=DIRECTION('',(4.52654407012747E-17,-1.48651541456471E-30,-1.0));
#8266=CARTESIAN_POINT('',(-21.95,2.20145224282671E-15,26.6999999999998));
#8267=DIRECTION('',(-1.43775443394236E-28,1.0,1.22464679914734E-16));
#8268=DIRECTION('',(-4.52654407012747E-17,-1.22464679914734E-16,1.0));
#8269=CARTESIAN_POINT('',(-22.25,3.23627878810618E-15,18.2499999999998));
#8270=DIRECTION('',(-1.0,-1.43769899976529E-28,-4.52654407012747E-17));
#8271=DIRECTION('',(4.52654407012747E-17,-1.48651541456471E-30,-1.0));
#8272=CARTESIAN_POINT('',(-21.95,-8.45,18.2499999999998));
#8273=DIRECTION('',(-4.52654407012747E-17,1.26946197022875E-30,1.0));
#8274=DIRECTION('',(-1.0,-1.43802769180914E-28,-4.52654407012747E-17));
#8275=CARTESIAN_POINT('',(-21.95,3.23627878810621E-15,18.2499999999998));
#8276=DIRECTION('',(-1.0,-1.43769899976529E-28,-4.52654407012747E-17));
#8277=DIRECTION('',(4.52654407012747E-17,-1.43850359277611E-30,-1.0));
#8278=DIRECTION('',(-1.0,-1.43769899976529E-28,-4.52654407012747E-17));
#8279=CARTESIAN_POINT('',(-1.75,2.75063514485965E-15,-18.2500000000002));
#8280=DIRECTION('',(-1.0,-1.43769899976529E-28,-4.52654407012747E-17));
#8281=DIRECTION('',(4.52654407012747E-17,-1.43850359277611E-30,-1.0));
#8282=DIRECTION('',(-1.0,-1.43720596169953E-28,-4.52654407012747E-17));
#8283=DIRECTION('',(1.0,1.43769899976529E-28,4.52654407012747E-17));
#8284=DIRECTION('',(-1.0,-1.43720596169953E-28,-4.52654407012747E-17));
#8285=CARTESIAN_POINT('',(-1.75,3.23627878810913E-15,18.2499999999999));
#8286=DIRECTION('',(-1.0,-1.43769899976529E-28,-4.52654407012747E-17));
#8287=DIRECTION('',(4.52654407012747E-17,-1.43850359277611E-30,-1.0));
#8288=DIRECTION('',(-1.0,-1.43769899976529E-28,-4.52654407012747E-17));
#8289=CARTESIAN_POINT('',(-3.25,2.99345696648419E-15,12.4999999999998));
#8290=DIRECTION('',(1.0,1.43769899976529E-28,4.52654407012747E-17));
#8291=DIRECTION('',(-4.52654407012747E-17,7.90510706344563E-31,1.0));
#8292=DIRECTION('',(1.0,1.43769899976529E-28,4.52654407012747E-17));
#8293=CARTESIAN_POINT('',(-4.5,2.99345696648401E-15,12.4999999999998));
#8294=DIRECTION('',(1.0,1.43769899976529E-28,4.52654407012747E-17));
#8295=DIRECTION('',(-4.52654407012747E-17,7.90510706344563E-31,1.0));
#8296=DIRECTION('',(1.0,1.43769899976529E-28,4.52654407012747E-17));
#8297=CARTESIAN_POINT('',(-14.5,2.99345696648257E-15,12.4999999999998));
#8298=DIRECTION('',(-1.0,-1.43769899976529E-28,-4.52654407012747E-17));
#8299=DIRECTION('',(-4.52654407012747E-17,1.12414548768804E-30,1.0));
#8300=DIRECTION('',(-1.0,-1.43769899976529E-28,-4.52654407012747E-17));
#8301=CARTESIAN_POINT('',(-4.5,2.99345696648401E-15,12.4999999999998));
#8302=DIRECTION('',(-1.0,-1.43769899976529E-28,-4.52654407012747E-17));
#8303=DIRECTION('',(4.52654407012747E-17,-1.12414548768804E-30,-1.0));
#8304=DIRECTION('',(0.499999999999998,-1.0605752387242E-16,-0.86602540378444));
#8305=DIRECTION('',(-0.499999999999998,-1.06057523872564E-16,-0.86602540378444));
#8306=CARTESIAN_POINT('',(-14.5,2.99345696648257E-15,12.4999999999998));
#8307=DIRECTION('',(-1.0,-1.43769899976529E-28,-4.52654407012747E-17));
#8308=DIRECTION('',(-4.52654407012747E-17,1.12414548768804E-30,1.0));
#8309=DIRECTION('',(1.0,1.43769899976529E-28,4.52654407012747E-17));
#8310=CARTESIAN_POINT('',(-4.5,2.99345696648398E-15,-10.5000000000002));
#8311=DIRECTION('',(1.0,1.43769899976529E-28,4.52654407012747E-17));
#8312=DIRECTION('',(-4.52654407012747E-17,7.90510706344563E-31,1.0));
#8313=CARTESIAN_POINT('',(-3.25,2.99345696648416E-15,-10.5000000000002));
#8314=DIRECTION('',(1.0,1.43769899976529E-28,4.52654407012747E-17));
#8315=DIRECTION('',(-4.52654407012747E-17,7.90510706344563E-31,1.0));
#8316=DIRECTION('',(1.0,1.43769899976529E-28,4.52654407012747E-17));
#8317=CARTESIAN_POINT('',(-14.5,2.99345696648254E-15,-10.5000000000002));
#8318=DIRECTION('',(-1.0,-1.43769899976529E-28,-4.52654407012747E-17));
#8319=DIRECTION('',(-4.52654407012747E-17,1.12414548768804E-30,1.0));
#8320=DIRECTION('',(-1.0,-1.43769899976529E-28,-4.52654407012747E-17));
#8321=CARTESIAN_POINT('',(-4.5,2.99345696648398E-15,-10.5000000000002));
#8322=DIRECTION('',(-1.0,-1.43769899976529E-28,-4.52654407012747E-17));
#8323=DIRECTION('',(4.52654407012747E-17,-1.12414548768804E-30,-1.0));
#8324=DIRECTION('',(0.499999999999998,-1.0605752387242E-16,-0.86602540378444));
#8325=DIRECTION('',(-0.499999999999998,-1.06057523872564E-16,-0.86602540378444));
#8326=CARTESIAN_POINT('',(-14.5,2.99345696648254E-15,-10.5000000000002));
#8327=DIRECTION('',(-1.0,-1.43769899976529E-28,-4.52654407012747E-17));
#8328=DIRECTION('',(-4.52654407012747E-17,1.12414548768804E-30,1.0));
#8329=DIRECTION('',(1.0,1.43769899976529E-28,4.52654407012747E-17));
#8330=CARTESIAN_POINT('',(-16.75,2.99345696648223E-15,-1.51156353030105E-13));
#8331=DIRECTION('',(-1.0,-1.43769899976529E-28,-4.52654407012747E-17));
#8332=DIRECTION('',(-4.52654407012747E-17,1.29980277427571E-30,1.0));
#8333=DIRECTION('',(-1.0,-1.43769899976529E-28,-4.52654407012747E-17));
#8334=CARTESIAN_POINT('',(-6.5,2.9934569664837E-15,-1.50692382262917E-13));
#8335=DIRECTION('',(-1.0,-1.43769899976529E-28,-4.52654407012747E-17));
#8336=DIRECTION('',(4.52654407012747E-17,-1.29980277427571E-30,-1.0));
#8337=DIRECTION('',(0.499999999999998,-1.0605752387242E-16,-0.86602540378444));
#8338=DIRECTION('',(-0.499999999999998,-1.06057523872564E-16,-0.86602540378444));
#8339=CARTESIAN_POINT('',(-16.75,2.99345696648223E-15,-1.51156353030105E-13));
#8340=DIRECTION('',(-1.0,-1.43769899976529E-28,-4.52654407012747E-17));
#8341=DIRECTION('',(-4.52654407012747E-17,1.29980277427571E-30,1.0));
#8342=DIRECTION('',(0.866025403784439,0.5,3.92010215608014E-17));
#8343=DIRECTION('',(-4.52654407012747E-17,1.56528480968663E-30,1.0));
#8344=DIRECTION('',(-0.866025403784439,-0.5,-3.92010215608014E-17));
#8345=DIRECTION('',(4.52654407012747E-17,-1.56528480968663E-30,-1.0));
#8346=CARTESIAN_POINT('',(-6.5,2.9934569664837E-15,-1.50692382262917E-13));
#8347=DIRECTION('',(-1.0,-1.43769899976529E-28,-4.52654407012747E-17));
#8348=DIRECTION('',(4.52654407012747E-17,-1.29980277427571E-30,-1.0));
#8349=CARTESIAN_POINT('',(-3.25,3.2362787881089E-15,18.2499999999999));
#8350=DIRECTION('',(1.0,1.43769899976529E-28,4.52654407012747E-17));
#8351=DIRECTION('',(-4.52654407012747E-17,1.16284999801664E-30,1.0));
#8352=DIRECTION('',(4.52654407012747E-17,-1.2246063538224E-16,-1.0));
#8353=CARTESIAN_POINT('',(-3.25,2.75063514485943E-15,-18.2500000000002));
#8354=DIRECTION('',(1.0,1.43769899976529E-28,4.52654407012747E-17));
#8355=DIRECTION('',(-4.52654407012747E-17,1.16284999801664E-30,1.0));
#8356=DIRECTION('',(-4.52654407012747E-17,1.56528480968663E-30,1.0));
#8357=CARTESIAN_POINT('',(-3.25,2.99345696648419E-15,12.4999999999998));
#8358=DIRECTION('',(1.0,1.43769899976529E-28,4.52654407012747E-17));
#8359=DIRECTION('',(-4.52654407012747E-17,7.90510706344563E-31,1.0));
#8360=CARTESIAN_POINT('',(-3.25,2.99345696648416E-15,-10.5000000000002));
#8361=DIRECTION('',(1.0,1.43769899976529E-28,4.52654407012747E-17));
#8362=DIRECTION('',(-4.52654407012747E-17,7.90510706344563E-31,1.0));
#8363=CARTESIAN_POINT('',(-3.25,2.99345696648417E-15,-1.50545269580638E-13));
#8364=DIRECTION('',(-1.0,-1.43769899976529E-28,-4.52654407012747E-17));
#8365=DIRECTION('',(-4.52654407012747E-17,7.90510706344563E-31,1.0));
#8366=CARTESIAN_POINT('',(-1.75,2.75063514485965E-15,-18.2500000000002));
#8367=DIRECTION('',(-1.0,-1.43769899976529E-28,-4.52654407012747E-17));
#8368=DIRECTION('',(4.52654407012747E-17,-1.43850359277611E-30,-1.0));
#8369=DIRECTION('',(4.52654407012747E-17,-1.56528480968663E-30,-1.0));
#8370=CARTESIAN_POINT('',(-1.75,3.23627878810913E-15,18.2499999999999));
#8371=DIRECTION('',(-1.0,-1.43769899976529E-28,-4.52654407012747E-17));
#8372=DIRECTION('',(4.52654407012747E-17,-1.43850359277611E-30,-1.0));
#8373=DIRECTION('',(-4.52654407012747E-17,1.2246063538224E-16,1.0));
#8374=CARTESIAN_POINT('',(-1.75,2.75063514485965E-15,-18.2500000000002));
#8375=DIRECTION('',(-1.0,-1.43769899976529E-28,-4.52654407012747E-17));
#8376=DIRECTION('',(4.52654407012747E-17,-1.02910452324116E-30,-1.0));
#8377=DIRECTION('',(-4.52654407012747E-17,1.2246063538224E-16,1.0));
#8378=CARTESIAN_POINT('',(-1.75,3.23627878810913E-15,18.2499999999999));
#8379=DIRECTION('',(-1.0,-1.43769899976529E-28,-4.52654407012747E-17));
#8380=DIRECTION('',(4.52654407012747E-17,-1.02910452324116E-30,-1.0));
#8381=CARTESIAN_POINT('',(-4.5,2.99345696648398E-15,-10.5000000000002));
#8382=DIRECTION('',(-1.0,-1.43769899976529E-28,-4.52654407012747E-17));
#8383=DIRECTION('',(4.52654407012747E-17,-1.12414548768804E-30,-1.0));
#8384=CARTESIAN_POINT('',(-4.5,2.99345696648398E-15,-10.5000000000002));
#8385=DIRECTION('',(1.0,1.43769899976529E-28,4.52654407012747E-17));
#8386=DIRECTION('',(-4.52654407012747E-17,7.90510706344563E-31,1.0));
#8387=CARTESIAN_POINT('',(-4.5,2.99345696648399E-15,-1.50601851381514E-13));
#8388=DIRECTION('',(-1.0,-1.43769899976529E-28,-4.52654407012747E-17));
#8389=DIRECTION('',(4.52654407012747E-17,-7.90510706344563E-31,-1.0));
#8390=DIRECTION('',(1.0,1.43720596169953E-28,4.52654407012747E-17));
#8391=CARTESIAN_POINT('',(-4.5,2.99345696648401E-15,12.4999999999998));
#8392=DIRECTION('',(-1.0,-1.43769899976529E-28,-4.52654407012747E-17));
#8393=DIRECTION('',(4.52654407012747E-17,-1.12414548768804E-30,-1.0));
#8394=CARTESIAN_POINT('',(-4.5,2.99345696648401E-15,12.4999999999998));
#8395=DIRECTION('',(1.0,1.43769899976529E-28,4.52654407012747E-17));
#8396=DIRECTION('',(-4.52654407012747E-17,7.90510706344563E-31,1.0));
#8397=DIRECTION('',(-4.52654407012747E-17,1.2246063538224E-16,1.0));
#8398=CARTESIAN_POINT('',(-22.25,3.23627878810618E-15,18.2499999999998));
#8399=DIRECTION('',(-1.0,-1.43769899976529E-28,-4.52654407012747E-17));
#8400=DIRECTION('',(4.52654407012747E-17,-1.48651541456471E-30,-1.0));
#8401=DIRECTION('',(4.52654407012747E-17,-1.56528480968663E-30,-1.0));
#8402=CARTESIAN_POINT('',(-22.25,2.75063514485671E-15,-18.2500000000002));
#8403=DIRECTION('',(-1.0,-1.43769899976529E-28,-4.52654407012747E-17));
#8404=DIRECTION('',(4.52654407012747E-17,-1.48651541456471E-30,-1.0));
#8405=DIRECTION('',(-1.0,-1.43720596169953E-28,-4.52654407012747E-17));
#8406=DIRECTION('',(4.52654407012747E-17,-1.56528480968663E-30,-1.0));
#8407=DIRECTION('',(-1.0,-1.43720596169953E-28,-4.52654407012747E-17));
#8408=CARTESIAN_POINT('',(-21.95,3.23627878810621E-15,18.2499999999998));
#8409=DIRECTION('',(-1.0,-1.43769899976529E-28,-4.52654407012747E-17));
#8410=DIRECTION('',(4.52654407012747E-17,-1.43850359277611E-30,-1.0));
#8411=DIRECTION('',(-4.52654407012747E-17,1.2246063538224E-16,1.0));
#8412=CARTESIAN_POINT('',(-21.95,2.75063514485675E-15,-18.2500000000002));
#8413=DIRECTION('',(-1.0,-1.43769899976529E-28,-4.52654407012747E-17));
#8414=DIRECTION('',(4.52654407012747E-17,-1.43850359277611E-30,-1.0));
#8415=CARTESIAN_POINT('',(-21.95,8.45,18.2499999999998));
#8416=DIRECTION('',(-4.52654407012747E-17,1.26946197022875E-30,1.0));
#8417=DIRECTION('',(-1.0,-1.43802769180914E-28,-4.52654407012747E-17));
#8418=CARTESIAN_POINT('',(-21.95,8.45,-18.2500000000002));
#8419=DIRECTION('',(-4.52654407012747E-17,1.26946197022875E-30,1.0));
#8420=DIRECTION('',(-1.0,-1.43802769180914E-28,-4.52654407012747E-17));
#8421=DIRECTION('',(4.52654407012747E-17,-1.2246063538224E-16,-1.0));
#8422=CARTESIAN_POINT('',(-3.1,2.75063514485946E-15,-18.2500000000002));
#8423=DIRECTION('',(1.0,1.43769899976529E-28,4.52654407012747E-17));
#8424=DIRECTION('',(-4.52654407012747E-17,1.12597848558214E-30,1.0));
#8425=CARTESIAN_POINT('',(-3.1,3.23627878810893E-15,18.2499999999999));
#8426=DIRECTION('',(1.0,1.43769899976529E-28,4.52654407012747E-17));
#8427=DIRECTION('',(-4.52654407012747E-17,1.12597848558214E-30,1.0));
#8428=CARTESIAN_POINT('',(-2.95,7.32679491924311,-18.2500000000002));
#8429=DIRECTION('',(-4.52654407012747E-17,1.26946197022875E-30,1.0));
#8430=DIRECTION('',(-1.0,-1.43802769180914E-28,-4.52654407012747E-17));
#8431=CARTESIAN_POINT('',(-2.95,7.32679491924311,18.2499999999999));
#8432=DIRECTION('',(4.52654407012747E-17,-1.26946197022875E-30,-1.0));
#8433=DIRECTION('',(1.0,1.43802769180914E-28,4.52654407012747E-17));
#8434=CARTESIAN_POINT('',(-6.5,2.9934569664837E-15,-1.50692382262917E-13));
#8435=DIRECTION('',(1.0,1.43769899976529E-28,4.52654407012747E-17));
#8436=DIRECTION('',(-4.52654407012747E-17,7.90510706344563E-31,1.0));
#8437=DIRECTION('',(0.998752338877844,-2.95075897278597E-13,-0.0499376169439152));
#8438=CARTESIAN_POINT('',(-16.75,6.89137016630796E-12,3.77011276182329E-13));
#8439=DIRECTION('',(-1.0,2.93708597264625E-13,2.24796906138236E-14));
#8440=DIRECTION('',(2.24796906138338E-14,3.45958282248106E-14,1.0));
#8441=DIRECTION('',(-0.998752338877846,2.91608399654553E-13,-0.0499376169438703));
#8442=CARTESIAN_POINT('',(-12.75,5.71653577724946E-12,2.87092513727034E-13));
#8443=DIRECTION('',(-1.0,2.93708597264624E-13,2.24796906138236E-14));
#8444=DIRECTION('',(2.24796906138338E-14,3.45958282248106E-14,1.0));
#8445=DIRECTION('',(-1.0,2.93708597264625E-13,2.24796906138236E-14));
#8446=CARTESIAN_POINT('',(-7.75,4.24799279092634E-12,1.74694060657916E-13));
#8447=DIRECTION('',(-1.0,2.93708597264625E-13,2.24796906138236E-14));
#8448=DIRECTION('',(2.24796906138338E-14,3.45958282248106E-14,1.0));
#8449=DIRECTION('',(1.0,-2.93708597264625E-13,-2.24796906138236E-14));
#8450=CARTESIAN_POINT('',(-11.75,5.42282717998484E-12,2.64612823113211E-13));
#8451=DIRECTION('',(-1.0,2.93708597264625E-13,2.24796906138236E-14));
#8452=DIRECTION('',(2.24796906138338E-14,3.45958282248106E-14,1.0));
#8453=DIRECTION('',(-1.0,2.93708597264624E-13,2.24796906138236E-14));
#8454=CARTESIAN_POINT('',(-6.5,3.88085704434556E-12,1.46594447390637E-13));
#8455=DIRECTION('',(1.0,-2.93708597264624E-13,-2.24796906138236E-14));
#8456=DIRECTION('',(-2.24796906138338E-14,-3.45958282248106E-14,-1.0));
#8457=DIRECTION('',(1.0,-2.93708597264624E-13,-2.24796906138236E-14));
#8458=CARTESIAN_POINT('',(-7.75,4.24799279092634E-12,1.74694060657916E-13));
#8459=DIRECTION('',(-1.0,2.93708597264624E-13,2.24796906138236E-14));
#8460=DIRECTION('',(2.24796906138338E-14,3.45958282248106E-14,1.0));
#8461=DIRECTION('',(-1.0,2.93708597264625E-13,2.24796906138236E-14));
#8462=CARTESIAN_POINT('',(5.25,4.29781026486223E-13,-1.17541917321791E-13));
#8463=DIRECTION('',(-1.0,2.93708597264625E-13,2.24796906138236E-14));
#8464=DIRECTION('',(2.24796906138338E-14,3.45958282248106E-14,1.0));
#8465=DIRECTION('',(1.0,-2.93708597264625E-13,-2.24796906138236E-14));
#8466=CARTESIAN_POINT('',(-6.25,3.8074298950294E-12,1.40974524737181E-13));
#8467=DIRECTION('',(-1.0,2.93708597264625E-13,2.24796906138236E-14));
#8468=DIRECTION('',(2.24796906138338E-14,3.45958282248106E-14,1.0));
#8469=DIRECTION('',(-1.0,2.93708597264624E-13,2.24796906138236E-14));
#8470=CARTESIAN_POINT('',(-11.75,5.42282717998484E-12,2.64612823113211E-13));
#8471=DIRECTION('',(-1.0,2.93708597264624E-13,2.24796906138236E-14));
#8472=DIRECTION('',(2.24796906138338E-14,3.45958282248106E-14,1.0));
#8473=DIRECTION('',(1.0,-2.93708597264624E-13,-2.24796906138236E-14));
#8474=DIRECTION('',(-0.707106781186532,2.3205968995151E-13,0.707106781186563));
#8475=CARTESIAN_POINT('',(24.25,-5.15068232154164E-12,-5.44656038984439E-13));
#8476=DIRECTION('',(1.0,-2.93708597264625E-13,-2.24796906138236E-14));
#8477=DIRECTION('',(-2.24796906138338E-14,-3.45958282248106E-14,-1.0));
#8478=DIRECTION('',(0.707106781186563,-1.83306991685699E-13,0.707106781186532));
#8479=DIRECTION('',(0.707106781186532,-2.32232881162757E-13,-0.707106781186563));
#8480=DIRECTION('',(-0.707106781186564,1.83133800474453E-13,-0.707106781186531));
#8481=DIRECTION('',(1.0,-2.93708597264625E-13,-2.24796906138236E-14));
#8482=DIRECTION('',(2.93708597264624E-13,1.0,-3.45345979071261E-14));
#8483=DIRECTION('',(1.0,-2.93708597264625E-13,-2.24796906138236E-14));
#8484=DIRECTION('',(2.24796906138339E-14,3.48407494955751E-14,1.0));
#8485=DIRECTION('',(1.0,-2.93708597264625E-13,-2.24796906138236E-14));
#8486=DIRECTION('',(1.0,-2.93708597264625E-13,-2.24796906138236E-14));
#8487=DIRECTION('',(-2.24796906138338E-14,-3.47182888601929E-14,-1.0));
#8488=CARTESIAN_POINT('',(-6.25,3.8074298950294E-12,1.40974524737181E-13));
#8489=DIRECTION('',(-1.0,2.93708597264625E-13,2.24796906138236E-14));
#8490=DIRECTION('',(2.24796906138338E-14,3.45958282248106E-14,1.0));
#8491=CARTESIAN_POINT('',(-6.5,3.88085704434556E-12,1.46594447390637E-13));
#8492=DIRECTION('',(1.0,-2.93708597264624E-13,-2.24796906138236E-14));
#8493=DIRECTION('',(-2.24796906138338E-14,-3.45958282248106E-14,-1.0));
#8494=CARTESIAN_POINT('',(24.25,-5.15068232154164E-12,-5.44656038984439E-13));
#8495=DIRECTION('',(1.0,-2.93708597264625E-13,-2.24796906138236E-14));
#8496=DIRECTION('',(-2.24796906138338E-14,-3.45958282248106E-14,-1.0));
#8497=CARTESIAN_POINT('',(-12.75,5.71653577724946E-12,2.87092513727034E-13));
#8498=DIRECTION('',(-1.0,2.93708597264624E-13,2.24796906138236E-14));
#8499=DIRECTION('',(2.24796906138338E-14,3.45958282248106E-14,1.0));
#8500=CARTESIAN_POINT('',(-11.75,5.42282717998484E-12,2.64612823113211E-13));
#8501=DIRECTION('',(-1.0,2.93708597264624E-13,2.24796906138236E-14));
#8502=DIRECTION('',(2.24796906138338E-14,3.45958282248106E-14,1.0));
#8503=CARTESIAN_POINT('',(5.25,4.29781026486223E-13,-1.17541917321791E-13));
#8504=DIRECTION('',(-1.0,2.93708597264625E-13,2.24796906138236E-14));
#8505=DIRECTION('',(2.24796906138338E-14,3.45958282248106E-14,1.0));
#8506=DIRECTION('',(-2.93708597264624E-13,-1.0,3.44121372717439E-14));
#8507=CARTESIAN_POINT('',(-7.75,4.24799279092634E-12,1.74694060657916E-13));
#8508=DIRECTION('',(-1.0,2.93708597264624E-13,2.24796906138236E-14));
#8509=DIRECTION('',(2.24796906138338E-14,3.45958282248106E-14,1.0));
#8510=CARTESIAN_POINT('',(-11.75,5.42282717998484E-12,2.64612823113211E-13));
#8511=DIRECTION('',(-1.0,2.93708597264625E-13,2.24796906138236E-14));
#8512=DIRECTION('',(2.24796906138338E-14,3.45958282248106E-14,1.0));
#8513=CARTESIAN_POINT('',(-7.75,4.24799279092634E-12,1.74694060657916E-13));
#8514=DIRECTION('',(-1.0,2.93708597264625E-13,2.24796906138236E-14));
#8515=DIRECTION('',(2.24796906138338E-14,3.45958282248106E-14,1.0));
#8516=CARTESIAN_POINT('',(-16.75,6.89137016630796E-12,3.77011276182329E-13));
#8517=DIRECTION('',(-1.0,2.93708597264625E-13,2.24796906138236E-14));
#8518=DIRECTION('',(2.24796906138338E-14,3.45958282248106E-14,1.0));
#8519=DIRECTION('',(-1.0,1.51159826435063E-15,-4.62223186652937E-33));
#8520=CARTESIAN_POINT('',(-9.73333215279149E-29,-6.43080715330438E-14,18.2499999999998));
#8521=DIRECTION('',(-1.0,1.51159826435063E-15,-4.62223186652937E-33));
#8522=DIRECTION('',(-4.59543208044523E-30,-3.0370568403311E-15,1.0));
#8523=DIRECTION('',(-1.0,1.51159826435063E-15,-5.77778983316171E-33));
#8524=CARTESIAN_POINT('',(-1.63196601125012,-6.1841194542959E-14,18.2499999999998));
#8525=DIRECTION('',(-1.0,1.51159826435063E-15,-4.62223186652937E-33));
#8526=DIRECTION('',(-4.59543208044523E-30,-3.0370568403311E-15,1.0));
#8527=DIRECTION('',(1.0,-1.51159826435063E-15,4.62223186652937E-33));
#8528=CARTESIAN_POINT('',(-1.63196601125012,4.90113801291263E-14,-18.2500000000002));
#8529=DIRECTION('',(-1.0,1.51159826435063E-15,-4.62223186652937E-33));
#8530=DIRECTION('',(-4.59543208044523E-30,-3.0370568403311E-15,1.0));
#8531=DIRECTION('',(-1.0,1.51159826435063E-15,-5.77778983316171E-33));
#8532=CARTESIAN_POINT('',(7.04228803479909E-29,4.65445031390414E-14,-18.2500000000002));
#8533=DIRECTION('',(-1.0,1.51159826435063E-15,-4.62223186652937E-33));
#8534=DIRECTION('',(-4.59543208044523E-30,-3.0370568403311E-15,1.0));
#8535=DIRECTION('',(-0.998629534754574,1.35698870369071E-15,0.0523359562429447));
#8536=CARTESIAN_POINT('',(-1.3455220589962E-29,-8.88178419700125E-15,-1.60427227058335E-13));
#8537=DIRECTION('',(-1.0,1.51159826435063E-15,-4.62223186652907E-33));
#8538=DIRECTION('',(-4.59543208044523E-30,-3.0370568403311E-15,1.0));
#8539=DIRECTION('',(0.998629534754574,-1.66206463923787E-15,0.0523359562429447));
#8540=CARTESIAN_POINT('',(-2.0,-5.85858766829999E-15,-1.60427227058335E-13));
#8541=DIRECTION('',(1.0,-1.51159826435063E-15,4.62223186652978E-33));
#8542=DIRECTION('',(4.59543208044523E-30,3.0370568403311E-15,-1.0));
#8543=DIRECTION('',(-1.0,1.51159826435063E-15,-4.62223186652937E-33));
#8544=CARTESIAN_POINT('',(-7.08941552513669E-29,-4.684499470114E-14,12.4999999999998));
#8545=DIRECTION('',(-1.0,1.51159826435063E-15,-4.62223186652857E-33));
#8546=DIRECTION('',(-4.59543208044523E-30,-3.0370568403311E-15,1.0));
#8547=DIRECTION('',(1.0,-1.51159826435063E-15,4.62223186652937E-33));
#8548=CARTESIAN_POINT('',(-3.25,-4.19323003420005E-14,12.4999999999998));
#8549=DIRECTION('',(-1.0,1.51159826435063E-15,-4.62223186652857E-33));
#8550=DIRECTION('',(-4.59543208044523E-30,-3.0370568403311E-15,1.0));
#8551=DIRECTION('',(-1.0,1.51159826435063E-15,-4.62223186652937E-33));
#8552=CARTESIAN_POINT('',(3.48162875361596E-29,2.30073126264753E-14,-10.5000000000002));
#8553=DIRECTION('',(-1.0,1.51159826435063E-15,-4.62223186652857E-33));
#8554=DIRECTION('',(-4.59543208044523E-30,-3.0370568403311E-15,1.0));
#8555=DIRECTION('',(1.0,-1.51159826435063E-15,4.62223186652937E-33));
#8556=CARTESIAN_POINT('',(-3.25,2.79200069856149E-14,-10.5000000000002));
#8557=DIRECTION('',(-1.0,1.51159826435063E-15,-4.62223186652857E-33));
#8558=DIRECTION('',(-4.59543208044523E-30,-3.0370568403311E-15,1.0));
#8559=DIRECTION('',(-1.0,1.51159826435063E-15,-4.62223186652937E-33));
#8560=CARTESIAN_POINT('',(-3.25,-3.9690898378617E-15,-1.60427227058335E-13));
#8561=DIRECTION('',(-1.0,1.51159826435063E-15,-4.62223186652863E-33));
#8562=DIRECTION('',(-4.59543208044523E-30,-3.0370568403311E-15,1.0));
#8563=DIRECTION('',(1.0,-1.51159826435063E-15,4.62223186652937E-33));
#8564=CARTESIAN_POINT('',(-5.95,1.12225475884996E-16,-1.60427227058335E-13));
#8565=DIRECTION('',(-1.0,1.51159826435063E-15,-4.62223186652863E-33));
#8566=DIRECTION('',(-4.59543208044523E-30,-3.0370568403311E-15,1.0));
#8567=DIRECTION('',(-1.0,1.51159826435063E-15,-4.62223186652937E-33));
#8568=CARTESIAN_POINT('',(8.53680967164358E-29,5.64149378701174E-14,-21.5000000000002));
#8569=DIRECTION('',(-1.0,1.51159826435063E-15,-4.62223186653026E-33));
#8570=DIRECTION('',(-4.59543208044523E-30,-3.0370568403311E-15,1.0));
#8571=DIRECTION('',(1.0,-1.51159826435063E-15,4.62223186652937E-33));
#8572=CARTESIAN_POINT('',(-1.3,5.83800156137733E-14,-21.5000000000002));
#8573=DIRECTION('',(-1.0,1.51159826435063E-15,-4.62223186653026E-33));
#8574=DIRECTION('',(-4.59543208044523E-30,-3.0370568403311E-15,1.0));
#8575=DIRECTION('',(0.707106781186548,1.16525770911851E-15,-0.707106781186547));
#8576=CARTESIAN_POINT('',(-2.55,6.02695134442115E-14,-21.5000000000002));
#8577=DIRECTION('',(1.0,-1.51159826435063E-15,4.62223186652857E-33));
#8578=DIRECTION('',(-4.59543208044523E-30,-3.0370568403311E-15,1.0));
#8579=DIRECTION('',(-0.707106781186548,3.30298047542281E-15,-0.707106781186547));
#8580=CARTESIAN_POINT('',(-1.3,5.83800156137733E-14,-21.5000000000002));
#8581=DIRECTION('',(-1.0,1.51159826435063E-15,-4.62223186653026E-33));
#8582=DIRECTION('',(-4.59543208044523E-30,-3.0370568403311E-15,1.0));
#8583=DIRECTION('',(1.0,-1.51159826435063E-15,4.62223186652937E-33));
#8584=CARTESIAN_POINT('',(-3.25,6.1327632229257E-14,-21.5000000000002));
#8585=DIRECTION('',(1.0,-1.51159826435063E-15,4.62223186652857E-33));
#8586=DIRECTION('',(-4.59543208044523E-30,-3.0370568403311E-15,1.0));
#8587=DIRECTION('',(-1.0,1.51159826435063E-15,-4.62223186652937E-33));
#8588=CARTESIAN_POINT('',(-1.63196601125012,-8.63274863248642E-14,25.9999999999998));
#8589=DIRECTION('',(-1.51159826435063E-15,-1.0,-3.15952152024584E-15));
#8590=DIRECTION('',(-4.7805494780486E-30,-3.15952152024584E-15,1.0));
#8591=CARTESIAN_POINT('',(-1.63196601125011,7.74999999999994,18.2499999999999));
#8592=DIRECTION('',(4.5960392192857E-30,3.0370568403311E-15,-1.0));
#8593=DIRECTION('',(-1.0,1.51159826435063E-15,-5.22937070699938E-33));
#8594=CARTESIAN_POINT('',(-1.85557280900009,-6.15031908955831E-14,18.2499999999998));
#8595=DIRECTION('',(-1.0,1.51159826435063E-15,-4.62223186652977E-33));
#8596=DIRECTION('',(-4.59543208044523E-30,-3.0370568403311E-15,1.0));
#8597=CARTESIAN_POINT('',(-1.63196601125012,7.34976719110315E-14,-26.0000000000002));
#8598=DIRECTION('',(-1.51159826435063E-15,-1.0,-3.15952152024584E-15));
#8599=DIRECTION('',(4.7805494780486E-30,3.15952152024584E-15,-1.0));
#8600=CARTESIAN_POINT('',(-1.85557280900009,4.93493837765021E-14,-18.2500000000002));
#8601=DIRECTION('',(-1.0,1.51159826435063E-15,-4.62223186652977E-33));
#8602=DIRECTION('',(-4.59543208044523E-30,-3.0370568403311E-15,1.0));
#8603=CARTESIAN_POINT('',(-1.6319660112501,7.75000000000005,-18.2500000000001));
#8604=DIRECTION('',(4.5960392192857E-30,3.0370568403311E-15,-1.0));
#8605=DIRECTION('',(-1.0,1.51159826435063E-15,-5.22937070699938E-33));
#8606=CARTESIAN_POINT('',(-5.95,-1.18939563010492E-14,3.79999999999984));
#8607=DIRECTION('',(-1.51159826435063E-15,-1.0,-3.15952152024584E-15));
#8608=DIRECTION('',(-4.7805494780486E-30,-3.15952152024584E-15,1.0));
#8609=CARTESIAN_POINT('',(-6.25,5.65704955190185E-16,-1.60427227058335E-13));
#8610=DIRECTION('',(-1.0,1.51159826435063E-15,-4.62223186652934E-33));
#8611=DIRECTION('',(-4.59543208044523E-30,-3.0370568403311E-15,1.0));
#8612=CARTESIAN_POINT('',(-5.95,1.21184072528192E-14,-3.80000000000016));
#8613=DIRECTION('',(-1.51159826435063E-15,-1.0,-3.15952152024584E-15));
#8614=DIRECTION('',(4.7805494780486E-30,3.15952152024584E-15,-1.0));
#8615=CARTESIAN_POINT('',(-5.95,1.12225475884996E-16,-1.60427227058335E-13));
#8616=DIRECTION('',(-1.0,1.51159826435063E-15,-4.62223186653028E-33));
#8617=DIRECTION('',(-4.59543208044523E-30,-3.0370568403311E-15,1.0));
#8618=CARTESIAN_POINT('',(-5.95,-1.63172864293934E-14,5.19999999999984));
#8619=DIRECTION('',(-1.51159826435063E-15,-1.0,-3.15952152024584E-15));
#8620=DIRECTION('',(-4.7805494780486E-30,-3.15952152024584E-15,1.0));
#8621=CARTESIAN_POINT('',(-5.95,1.65417373811634E-14,-5.20000000000016));
#8622=DIRECTION('',(-1.51159826435063E-15,-1.0,-3.15952152024584E-15));
#8623=DIRECTION('',(4.7805494780486E-30,3.15952152024584E-15,-1.0));
#8624=CARTESIAN_POINT('',(-6.25,5.65704955190185E-16,-1.60427227058335E-13));
#8625=DIRECTION('',(-1.0,1.51159826435063E-15,-4.62223186652993E-33));
#8626=DIRECTION('',(-4.59543208044523E-30,-3.0370568403311E-15,1.0));
#8627=CARTESIAN_POINT('',(-2.75,-8.28712418640741E-14,25.4409830056249));
#8628=DIRECTION('',(-1.51159826435063E-15,-1.0,-3.15952152024584E-15));
#8629=DIRECTION('',(-4.7805494780486E-30,-3.15952152024584E-15,1.0));
#8630=CARTESIAN_POINT('',(-2.97360679774998,-5.98131726587037E-14,18.2499999999998));
#8631=DIRECTION('',(-1.0,1.51159826435063E-15,-4.62223186653021E-33));
#8632=DIRECTION('',(-4.59543208044523E-30,-3.0370568403311E-15,1.0));
#8633=CARTESIAN_POINT('',(-2.74999999999999,7.19098300562499,18.2499999999999));
#8634=DIRECTION('',(4.5960392192857E-30,3.0370568403311E-15,-1.0));
#8635=DIRECTION('',(-1.0,1.51159826435063E-15,-5.22937070699938E-33));
#8636=CARTESIAN_POINT('',(-3.25,-5.93953771739043E-14,18.2499999999998));
#8637=DIRECTION('',(-1.0,1.51159826435063E-15,-4.62223186652979E-33));
#8638=DIRECTION('',(-4.59543208044523E-30,-3.0370568403311E-15,1.0));
#8639=CARTESIAN_POINT('',(-2.75,7.3421463924E-14,-25.4409830056252));
#8640=DIRECTION('',(-1.51159826435063E-15,-1.0,-3.15952152024584E-15));
#8641=DIRECTION('',(4.7805494780486E-30,3.15952152024584E-15,-1.0));
#8642=CARTESIAN_POINT('',(-3.25,5.14571974981809E-14,-18.2500000000002));
#8643=DIRECTION('',(-1.0,1.51159826435063E-15,-4.62223186652979E-33));
#8644=DIRECTION('',(-4.59543208044523E-30,-3.0370568403311E-15,1.0));
#8645=CARTESIAN_POINT('',(-2.74999999999999,7.19098300562511,-18.2500000000001));
#8646=DIRECTION('',(4.5960392192857E-30,3.0370568403311E-15,-1.0));
#8647=DIRECTION('',(-1.0,1.51159826435063E-15,-5.22937070699938E-33));
#8648=CARTESIAN_POINT('',(-2.97360679774998,5.10394020133815E-14,-18.2500000000002));
#8649=DIRECTION('',(-1.0,1.51159826435063E-15,-4.62223186653021E-33));
#8650=DIRECTION('',(-4.59543208044523E-30,-3.0370568403311E-15,1.0));
#8651=DIRECTION('',(-0.894427190999916,2.65545982897928E-15,-0.447213595499958));
#8652=DIRECTION('',(0.894427190999917,0.447213595499957,1.35821310930221E-15));
#8653=DIRECTION('',(0.894427190999916,-4.85693500276896E-17,-0.447213595499958));
#8654=DIRECTION('',(0.894427190999917,0.447213595499957,1.35821310930221E-15));
#8655=DIRECTION('',(1.0,-1.51159826435063E-15,4.62223186652937E-33));
#8656=DIRECTION('',(-1.0,1.51159826435063E-15,-4.62223186652937E-33));
#8657=CARTESIAN_POINT('',(-2.0,-5.85858766829999E-15,-1.60427227058335E-13));
#8658=DIRECTION('',(1.0,-1.51159826435063E-15,4.62223186653028E-33));
#8659=DIRECTION('',(4.59543208044523E-30,3.0370568403311E-15,-1.0));
#8660=DIRECTION('',(-1.0,1.51159826435063E-15,-4.62223186652937E-33));
#8661=CARTESIAN_POINT('',(-1.1227853789636E-28,-7.41785062641199E-14,21.4999999999998));
#8662=DIRECTION('',(-1.0,1.51159826435063E-15,-4.62223186653026E-33));
#8663=DIRECTION('',(-4.59543208044523E-30,-3.0370568403311E-15,1.0));
#8664=DIRECTION('',(1.0,-1.51159826435063E-15,4.62223186652937E-33));
#8665=CARTESIAN_POINT('',(-1.3,-7.22134285204641E-14,21.4999999999998));
#8666=DIRECTION('',(-1.0,1.51159826435063E-15,-4.62223186653026E-33));
#8667=DIRECTION('',(-4.59543208044523E-30,-3.0370568403311E-15,1.0));
#8668=DIRECTION('',(0.707106781186548,1.16525770911852E-15,-0.707106781186547));
#8669=CARTESIAN_POINT('',(-2.55,-7.03239306900258E-14,21.4999999999998));
#8670=DIRECTION('',(1.0,-1.51159826435063E-15,4.62223186652857E-33));
#8671=DIRECTION('',(-4.59543208044523E-30,-3.0370568403311E-15,1.0));
#8672=DIRECTION('',(-0.707106781186548,3.30298047542281E-15,-0.707106781186547));
#8673=CARTESIAN_POINT('',(-1.3,-7.22134285204641E-14,21.4999999999998));
#8674=DIRECTION('',(-1.0,1.51159826435063E-15,-4.62223186653026E-33));
#8675=DIRECTION('',(-4.59543208044523E-30,-3.0370568403311E-15,1.0));
#8676=DIRECTION('',(1.0,-1.51159826435063E-15,4.62223186652937E-33));
#8677=CARTESIAN_POINT('',(-3.25,-6.92658119049804E-14,21.4999999999998));
#8678=DIRECTION('',(1.0,-1.51159826435063E-15,4.62223186652857E-33));
#8679=DIRECTION('',(-4.59543208044523E-30,-3.0370568403311E-15,1.0));
#8680=DIRECTION('',(-1.0,1.51159826435063E-15,-4.62223186652937E-33));
#8681=CARTESIAN_POINT('',(-2.55,-7.03239306900258E-14,21.4999999999998));
#8682=DIRECTION('',(1.0,-1.51159826435063E-15,4.62223186652857E-33));
#8683=DIRECTION('',(-4.59543208044523E-30,-3.0370568403311E-15,1.0));
#8684=CARTESIAN_POINT('',(-3.25,-6.92658119049804E-14,21.4999999999998));
#8685=DIRECTION('',(1.0,-1.51159826435063E-15,4.62223186652857E-33));
#8686=DIRECTION('',(-4.59543208044523E-30,-3.0370568403311E-15,1.0));
#8687=CARTESIAN_POINT('',(-1.1227853789636E-28,-7.41785062641199E-14,21.4999999999998));
#8688=DIRECTION('',(-1.0,1.51159826435063E-15,-4.62223186653026E-33));
#8689=DIRECTION('',(-4.59543208044523E-30,-3.0370568403311E-15,1.0));
#8690=CARTESIAN_POINT('',(-2.0,-5.85858766829999E-15,-1.60427227058335E-13));
#8691=DIRECTION('',(1.0,-1.51159826435063E-15,4.62223186653028E-33));
#8692=DIRECTION('',(4.59543208044523E-30,3.0370568403311E-15,-1.0));
#8693=CARTESIAN_POINT('',(-5.95,1.12225475884996E-16,-1.60427227058335E-13));
#8694=DIRECTION('',(-1.0,1.51159826435063E-15,-4.62223186653028E-33));
#8695=DIRECTION('',(-4.59543208044523E-30,-3.0370568403311E-15,1.0));
#8696=DIRECTION('',(-1.0,1.51159826435063E-15,-5.77778983316171E-33));
#8697=DIRECTION('',(-4.78208405191351E-30,-3.15951747571334E-15,1.0));
#8698=DIRECTION('',(-1.0,1.51159826435063E-15,-5.77778983316171E-33));
#8699=DIRECTION('',(-4.78208405191351E-30,-3.15951747571334E-15,1.0));
#8700=CARTESIAN_POINT('',(-1.85557280900009,4.93493837765021E-14,-18.2500000000002));
#8701=DIRECTION('',(-1.0,1.51159826435063E-15,-4.62223186652977E-33));
#8702=DIRECTION('',(-4.59543208044523E-30,-3.0370568403311E-15,1.0));
#8703=DIRECTION('',(-0.894427190999915,0.447213595499959,1.35821310930221E-15));
#8704=CARTESIAN_POINT('',(-2.97360679774998,5.10394020133815E-14,-18.2500000000002));
#8705=DIRECTION('',(-1.0,1.51159826435063E-15,-4.62223186653021E-33));
#8706=DIRECTION('',(-4.59543208044523E-30,-3.0370568403311E-15,1.0));
#8707=DIRECTION('',(4.78208405191351E-30,3.15951747571334E-15,-1.0));
#8708=DIRECTION('',(-0.894427190999915,0.447213595499959,1.35821310930221E-15));
#8709=DIRECTION('',(-4.78208405191351E-30,-3.15951747571334E-15,1.0));
#8710=DIRECTION('',(-4.64534302586201E-30,-3.06877716917101E-15,1.0));
#8711=DIRECTION('',(4.64534302586201E-30,3.06877716917101E-15,-1.0));
#8712=CARTESIAN_POINT('',(-2.97360679774998,-5.98131726587037E-14,18.2499999999998));
#8713=DIRECTION('',(-1.0,1.51159826435063E-15,-4.62223186653021E-33));
#8714=DIRECTION('',(-4.59543208044523E-30,-3.0370568403311E-15,1.0));
#8715=CARTESIAN_POINT('',(-1.85557280900009,-6.15031908955831E-14,18.2499999999998));
#8716=DIRECTION('',(-1.0,1.51159826435063E-15,-4.62223186652977E-33));
#8717=DIRECTION('',(-4.59543208044523E-30,-3.0370568403311E-15,1.0));
#8718=CARTESIAN_POINT('',(-2.75000000000001,-7.190983005625,-18.2500000000002));
#8719=DIRECTION('',(4.5960392192857E-30,3.0370568403311E-15,-1.0));
#8720=DIRECTION('',(-1.0,1.51159826435063E-15,-5.22937070699938E-33));
#8721=CARTESIAN_POINT('',(-3.25,5.14571974981809E-14,-18.2500000000002));
#8722=DIRECTION('',(-1.0,1.51159826435063E-15,-4.62223186652979E-33));
#8723=DIRECTION('',(-4.59543208044523E-30,-3.0370568403311E-15,1.0));
#8724=CARTESIAN_POINT('',(-2.75000000000001,-7.19098300562511,18.2499999999998));
#8725=DIRECTION('',(4.5960392192857E-30,3.0370568403311E-15,-1.0));
#8726=DIRECTION('',(-1.0,1.51159826435063E-15,-5.22937070699938E-33));
#8727=DIRECTION('',(4.78208405191351E-30,3.15951747571334E-15,-1.0));
#8728=DIRECTION('',(-4.64534302586201E-30,-3.06877716917101E-15,1.0));
#8729=CARTESIAN_POINT('',(-3.25,-5.93953771739043E-14,18.2499999999998));
#8730=DIRECTION('',(-1.0,1.51159826435063E-15,-4.62223186652979E-33));
#8731=DIRECTION('',(-4.59543208044523E-30,-3.0370568403311E-15,1.0));
#8732=CARTESIAN_POINT('',(-6.25,5.65704955190185E-16,-1.60427227058335E-13));
#8733=DIRECTION('',(-1.0,1.51159826435063E-15,-4.62223186652993E-33));
#8734=DIRECTION('',(-4.59543208044523E-30,-3.0370568403311E-15,1.0));
#8735=CARTESIAN_POINT('',(-5.95,1.12225475884996E-16,-1.60427227058335E-13));
#8736=DIRECTION('',(-1.0,1.51159826435063E-15,-4.62223186652863E-33));
#8737=DIRECTION('',(-4.59543208044523E-30,-3.0370568403311E-15,1.0));
#8738=CARTESIAN_POINT('',(-6.25,5.65704955190185E-16,-1.60427227058335E-13));
#8739=DIRECTION('',(-1.0,1.51159826435063E-15,-4.62223186652934E-33));
#8740=DIRECTION('',(-4.59543208044523E-30,-3.0370568403311E-15,1.0));
#8741=CARTESIAN_POINT('',(-1.63196601125012,4.90113801291263E-14,-18.2500000000002));
#8742=DIRECTION('',(-1.0,1.51159826435063E-15,-4.62223186652937E-33));
#8743=DIRECTION('',(-4.59543208044523E-30,-3.0370568403311E-15,1.0));
#8744=CARTESIAN_POINT('',(-1.63196601125012,-7.74999999999995,-18.2500000000002));
#8745=DIRECTION('',(4.5960392192857E-30,3.0370568403311E-15,-1.0));
#8746=DIRECTION('',(-1.0,1.51159826435063E-15,-5.22937070699938E-33));
#8747=DIRECTION('',(4.6472689558064E-30,3.06877716917101E-15,-1.0));
#8748=CARTESIAN_POINT('',(-1.63196601125013,-7.75000000000006,18.2499999999998));
#8749=DIRECTION('',(4.5960392192857E-30,3.0370568403311E-15,-1.0));
#8750=DIRECTION('',(-1.0,1.51159826435063E-15,-5.22937070699938E-33));
#8751=CARTESIAN_POINT('',(-1.63196601125012,-6.1841194542959E-14,18.2499999999998));
#8752=DIRECTION('',(-1.0,1.51159826435063E-15,-4.62223186652937E-33));
#8753=DIRECTION('',(-4.59543208044523E-30,-3.0370568403311E-15,1.0));
#8754=CARTESIAN_POINT('',(-3.25,-3.9690898378617E-15,-1.60427227058335E-13));
#8755=DIRECTION('',(-1.0,1.51159826435063E-15,-4.62223186652863E-33));
#8756=DIRECTION('',(-4.59543208044523E-30,-3.0370568403311E-15,1.0));
#8757=CARTESIAN_POINT('',(-3.25,6.1327632229257E-14,-21.5000000000002));
#8758=DIRECTION('',(1.0,-1.51159826435063E-15,4.62223186652857E-33));
#8759=DIRECTION('',(-4.59543208044523E-30,-3.0370568403311E-15,1.0));
#8760=CARTESIAN_POINT('',(-3.25,-4.19323003420005E-14,12.4999999999998));
#8761=DIRECTION('',(-1.0,1.51159826435063E-15,-4.62223186652857E-33));
#8762=DIRECTION('',(-4.59543208044523E-30,-3.0370568403311E-15,1.0));
#8763=CARTESIAN_POINT('',(-3.25,2.79200069856149E-14,-10.5000000000002));
#8764=DIRECTION('',(-1.0,1.51159826435063E-15,-4.62223186652857E-33));
#8765=DIRECTION('',(-4.59543208044523E-30,-3.0370568403311E-15,1.0));
#8766=CARTESIAN_POINT('',(-2.55,6.02695134442115E-14,-21.5000000000002));
#8767=DIRECTION('',(1.0,-1.51159826435063E-15,4.62223186652857E-33));
#8768=DIRECTION('',(-4.59543208044523E-30,-3.0370568403311E-15,1.0));
#8769=CARTESIAN_POINT('',(8.53680967164358E-29,5.64149378701174E-14,-21.5000000000002));
#8770=DIRECTION('',(-1.0,1.51159826435063E-15,-4.62223186653026E-33));
#8771=DIRECTION('',(-4.59543208044523E-30,-3.0370568403311E-15,1.0));
#8772=CARTESIAN_POINT('',(-2.0,-5.85858766829999E-15,-1.60427227058335E-13));
#8773=DIRECTION('',(1.0,-1.51159826435063E-15,4.62223186652978E-33));
#8774=DIRECTION('',(4.59543208044523E-30,3.0370568403311E-15,-1.0));
#8775=CARTESIAN_POINT('',(3.48162875361596E-29,2.30073126264753E-14,-10.5000000000002));
#8776=DIRECTION('',(-1.0,1.51159826435063E-15,-4.62223186652857E-33));
#8777=DIRECTION('',(-4.59543208044523E-30,-3.0370568403311E-15,1.0));
#8778=CARTESIAN_POINT('',(-7.08941552513669E-29,-4.684499470114E-14,12.4999999999998));
#8779=DIRECTION('',(-1.0,1.51159826435063E-15,-4.62223186652857E-33));
#8780=DIRECTION('',(-4.59543208044523E-30,-3.0370568403311E-15,1.0));
#8781=CARTESIAN_POINT('',(7.04228803479909E-29,4.65445031390414E-14,-18.2500000000002));
#8782=DIRECTION('',(-1.0,1.51159826435063E-15,-4.62223186652937E-33));
#8783=DIRECTION('',(-4.59543208044523E-30,-3.0370568403311E-15,1.0));
#8784=DIRECTION('',(4.64534302586201E-30,3.06877716917101E-15,-1.0));
#8785=CARTESIAN_POINT('',(-9.73333215279149E-29,-6.43080715330438E-14,18.2499999999998));
#8786=DIRECTION('',(-1.0,1.51159826435063E-15,-4.62223186652937E-33));
#8787=DIRECTION('',(-4.59543208044523E-30,-3.0370568403311E-15,1.0));
#8788=CARTESIAN_POINT('',(-1.3455220589962E-29,-8.88178419700125E-15,-1.60427227058335E-13));
#8789=DIRECTION('',(-1.0,1.51159826435063E-15,-4.62223186652907E-33));
#8790=DIRECTION('',(-4.59543208044523E-30,-3.0370568403311E-15,1.0));
#8791=DIRECTION('',(0.707106781186548,-1.07725737095382E-12,0.707106781186547));
#8792=CARTESIAN_POINT('',(7.99999999999999,-0.0664817059276466,12.5928255137434));
#8793=DIRECTION('',(-1.0,1.52340907153122E-12,4.52654407012698E-17));
#8794=DIRECTION('',(-4.526544070099E-17,1.83690953073685E-16,-1.0));
#8795=DIRECTION('',(-0.707106781186548,1.07716839904783E-12,0.707106781186547));
#8796=CARTESIAN_POINT('',(9.24999999999999,-0.0664817059295508,12.5928255137434));
#8797=DIRECTION('',(-1.0,1.52340907153122E-12,4.52654407012698E-17));
#8798=DIRECTION('',(-4.526544070099E-17,1.83690953073693E-16,-1.0));
#8799=DIRECTION('',(-1.0,1.52340907153122E-12,4.52654407012698E-17));
#8800=CARTESIAN_POINT('',(9.99999999999999,-0.0664817059306877,12.5928255137434));
#8801=DIRECTION('',(-1.0,1.52340907153122E-12,4.52654407012698E-17));
#8802=DIRECTION('',(-4.526544070099E-17,1.83690953073693E-16,-1.0));
#8803=CARTESIAN_POINT('',(9.99999999999999,-0.0664817059306877,12.5928255137434));
#8804=DIRECTION('',(-1.0,1.52340907153122E-12,4.52654407012698E-17));
#8805=DIRECTION('',(-4.526544070099E-17,1.83690953073693E-16,-1.0));
#8806=DIRECTION('',(1.0,-1.52340907153122E-12,-4.52654407012698E-17));
#8807=DIRECTION('',(0.707106781186548,-1.07725026815461E-12,0.707106781186547));
#8808=CARTESIAN_POINT('',(-10.0,-0.0664817059002232,12.5928255137434));
#8809=DIRECTION('',(1.0,-1.52340907153122E-12,-4.52654407012698E-17));
#8810=DIRECTION('',(4.526544070099E-17,-1.83690953073708E-16,1.0));
#8811=DIRECTION('',(-0.707106781186548,1.0771661560586E-12,0.707106781186547));
#8812=CARTESIAN_POINT('',(-9.60000000000002,-0.0664817059008342,12.5928255137434));
#8813=DIRECTION('',(1.0,-1.52340907153122E-12,-4.52654407012698E-17));
#8814=DIRECTION('',(4.526544070099E-17,-1.83690953073685E-16,1.0));
#8815=DIRECTION('',(-1.0,1.52340907153122E-12,4.52654407012698E-17));
#8816=DIRECTION('',(1.0,-1.52340907153122E-12,-4.52654407012698E-17));
#8817=CARTESIAN_POINT('',(-9.60000000000002,-0.0664817059008342,12.5928255137434));
#8818=DIRECTION('',(1.0,-1.52340907153122E-12,-4.52654407012698E-17));
#8819=DIRECTION('',(4.526544070099E-17,-1.83690953073685E-16,1.0));
#8820=CARTESIAN_POINT('',(7.99999999999999,-0.0664817059276466,12.5928255137434));
#8821=DIRECTION('',(-1.0,1.52340907153122E-12,4.52654407012698E-17));
#8822=DIRECTION('',(-4.526544070099E-17,1.83690953073685E-16,-1.0));
#8823=CARTESIAN_POINT('',(-10.0,-0.0664817059002232,12.5928255137434));
#8824=DIRECTION('',(1.0,-1.52340907153122E-12,-4.52654407012698E-17));
#8825=DIRECTION('',(4.526544070099E-17,-1.83690953073708E-16,1.0));
#8826=DIRECTION('',(-4.52654407010174E-17,1.22460635382566E-16,-1.0));
#8827=DIRECTION('',(1.52340907153122E-12,1.0,3.06151588455847E-16));
#8828=DIRECTION('',(4.52654407012698E-17,-3.47104341714952E-28,1.0));
#8829=DIRECTION('',(1.52340907153122E-12,1.0,3.06151588455847E-16));
#8830=DIRECTION('',(4.52654407010173E-17,-2.44921270764816E-16,1.0));
#8831=DIRECTION('',(-1.52340907153122E-12,-1.0,-1.83690953073596E-16));
#8832=DIRECTION('',(4.52654407010173E-17,-2.44921270764816E-16,1.0));
#8833=DIRECTION('',(-1.52340907153122E-12,-1.0,-1.83690953073596E-16));
#8834=DIRECTION('',(-4.52654407010174E-17,1.22460635382566E-16,-1.0));
#8835=DIRECTION('',(-1.52340907153122E-12,-1.0,-1.83690953073596E-16));
#8836=DIRECTION('',(-4.52654407010174E-17,1.22460635382566E-16,-1.0));
#8837=DIRECTION('',(1.52340907153122E-12,1.0,3.06151588455847E-16));
#8838=CARTESIAN_POINT('',(9.99999999999999,-0.0664817059306877,12.5928255137434));
#8839=DIRECTION('',(-1.0,1.52340907153122E-12,4.52654407012698E-17));
#8840=DIRECTION('',(-4.526544070099E-17,1.83690953073693E-16,-1.0));
#8841=DIRECTION('',(-4.52654407010174E-17,1.22460635382566E-16,-1.0));
#8842=DIRECTION('',(1.52340907153122E-12,1.0,1.83690953073596E-16));
#8843=DIRECTION('',(4.52654407010174E-17,-1.22460635382566E-16,1.0));
#8844=DIRECTION('',(-1.52340907153122E-12,-1.0,-1.83690953073596E-16));
#8845=DIRECTION('',(-4.52654407010173E-17,2.44921270764816E-16,-1.0));
#8846=DIRECTION('',(1.52340907153122E-12,1.0,1.83690953073596E-16));
#8847=DIRECTION('',(4.52654407010173E-17,-2.44921270764816E-16,1.0));
#8848=DIRECTION('',(-1.52340907153122E-12,-1.0,-3.06151588455847E-16));
#8849=DIRECTION('',(-4.52654407012698E-17,3.47104341714952E-28,-1.0));
#8850=DIRECTION('',(1.52340907153122E-12,1.0,3.06151588455847E-16));
#8851=DIRECTION('',(4.52654407010174E-17,-1.22460635382566E-16,1.0));
#8852=DIRECTION('',(-1.52340907153122E-12,-1.0,-3.06151588455847E-16));
#8853=CARTESIAN_POINT('',(9.24999999999999,-0.0664817059295508,12.5928255137434));
#8854=DIRECTION('',(-1.0,1.52340907153122E-12,4.52654407012698E-17));
#8855=DIRECTION('',(-4.526544070099E-17,1.83690953073693E-16,-1.0));
#8856=DIRECTION('',(0.898794046299167,-1.36917732036123E-12,-0.438371146789078));
#8857=DIRECTION('',(1.0,-1.52340907153122E-12,-4.52654407015222E-17));
#8858=DIRECTION('',(1.0,-1.52340907153122E-12,-4.52654407015222E-17));
#8859=DIRECTION('',(0.898794046299167,-1.3692310035704E-12,-0.438371146789078));
#8860=DIRECTION('',(0.898794046299835,0.438371146787709,9.35237143171905E-17));
#8861=DIRECTION('',(1.0,-1.52340907153122E-12,-4.52654407015222E-17));
#8862=DIRECTION('',(0.898794046299835,0.438371146787709,3.98405051480488E-17));
#8863=DIRECTION('',(0.898794046299167,-1.36933836998874E-12,0.438371146789078));
#8864=DIRECTION('',(1.0,-1.52340907153122E-12,-4.52654407015222E-17));
#8865=DIRECTION('',(0.898794046299167,-1.36928468677957E-12,0.438371146789078));
#8866=DIRECTION('',(0.898794046298499,-0.438371146790447,-1.21209122359124E-16));
#8867=DIRECTION('',(0.898794046298499,-0.438371146790447,-1.74892331528265E-16));
#8868=DIRECTION('',(0.707106781186548,-1.07724952049153E-12,0.707106781186547));
#8869=CARTESIAN_POINT('',(7.99999999999999,-0.125357939981125,-10.3881047302712));
#8870=DIRECTION('',(-1.0,1.52340907153122E-12,4.52654407014718E-17));
#8871=DIRECTION('',(-4.52654407011919E-17,1.83690953073432E-16,-1.0));
#8872=DIRECTION('',(-0.707106781186548,1.07716578222707E-12,0.707106781186547));
#8873=CARTESIAN_POINT('',(9.24999999999999,-0.125357939983029,-10.3881047302712));
#8874=DIRECTION('',(-1.0,1.52340907153122E-12,4.52654407014718E-17));
#8875=DIRECTION('',(-4.52654407011919E-17,1.83690953073424E-16,-1.0));
#8876=DIRECTION('',(-1.0,1.52340907153122E-12,4.52654407014718E-17));
#8877=CARTESIAN_POINT('',(9.99999999999999,-0.12535793998417,-10.3881047302712));
#8878=DIRECTION('',(-1.0,1.52340907153122E-12,4.52654407014718E-17));
#8879=DIRECTION('',(-4.52654407011919E-17,1.83690953073424E-16,-1.0));
#8880=CARTESIAN_POINT('',(9.99999999999999,-0.12535793998417,-10.3881047302712));
#8881=DIRECTION('',(-1.0,1.52340907153122E-12,4.52654407014718E-17));
#8882=DIRECTION('',(-4.52654407011919E-17,1.83690953073424E-16,-1.0));
#8883=DIRECTION('',(1.0,-1.52340907153122E-12,-4.52654407014718E-17));
#8884=DIRECTION('',(0.707106781186548,-1.07725961394305E-12,0.707106781186547));
#8885=CARTESIAN_POINT('',(-10.0,-0.125357939953702,-10.3881047302712));
#8886=DIRECTION('',(1.0,-1.52340907153122E-12,-4.52654407014718E-17));
#8887=DIRECTION('',(4.52654407011919E-17,-1.83690953073437E-16,1.0));
#8888=DIRECTION('',(-0.707106781186548,1.07716615605861E-12,0.707106781186547));
#8889=CARTESIAN_POINT('',(-9.60000000000001,-0.125357939954313,-10.3881047302712));
#8890=DIRECTION('',(1.0,-1.52340907153122E-12,-4.52654407014718E-17));
#8891=DIRECTION('',(4.52654407011919E-17,-1.83690953073432E-16,1.0));
#8892=DIRECTION('',(-1.0,1.52340907153122E-12,4.52654407014718E-17));
#8893=DIRECTION('',(1.0,-1.52340907153122E-12,-4.52654407014718E-17));
#8894=CARTESIAN_POINT('',(-9.60000000000001,-0.125357939954313,-10.3881047302712));
#8895=DIRECTION('',(1.0,-1.52340907153122E-12,-4.52654407014718E-17));
#8896=DIRECTION('',(4.52654407011919E-17,-1.83690953073432E-16,1.0));
#8897=CARTESIAN_POINT('',(7.99999999999999,-0.125357939981125,-10.3881047302712));
#8898=DIRECTION('',(-1.0,1.52340907153122E-12,4.52654407014718E-17));
#8899=DIRECTION('',(-4.52654407011919E-17,1.83690953073432E-16,-1.0));
#8900=CARTESIAN_POINT('',(-10.0,-0.125357939953702,-10.3881047302712));
#8901=DIRECTION('',(1.0,-1.52340907153122E-12,-4.52654407014718E-17));
#8902=DIRECTION('',(4.52654407011919E-17,-1.83690953073437E-16,1.0));
#8903=DIRECTION('',(-4.52654407012698E-17,1.22460635382313E-16,-1.0));
#8904=DIRECTION('',(1.52340907153122E-12,1.0,3.06151588455594E-16));
#8905=DIRECTION('',(4.52654407015222E-17,-9.46688520442281E-29,1.0));
#8906=DIRECTION('',(1.52340907153122E-12,1.0,3.06151588455594E-16));
#8907=DIRECTION('',(4.52654407012698E-17,-2.44921270764564E-16,1.0));
#8908=DIRECTION('',(-1.52340907153122E-12,-1.0,-1.83690953073344E-16));
#8909=DIRECTION('',(4.52654407012698E-17,-2.44921270764564E-16,1.0));
#8910=DIRECTION('',(-1.52340907153122E-12,-1.0,-1.83690953073344E-16));
#8911=DIRECTION('',(-4.52654407012698E-17,1.22460635382313E-16,-1.0));
#8912=DIRECTION('',(-1.52340907153122E-12,-1.0,-1.83690953073344E-16));
#8913=DIRECTION('',(-4.52654407012698E-17,1.22460635382313E-16,-1.0));
#8914=DIRECTION('',(1.52340907153122E-12,1.0,3.06151588455594E-16));
#8915=CARTESIAN_POINT('',(9.99999999999999,-0.12535793998417,-10.3881047302712));
#8916=DIRECTION('',(-1.0,1.52340907153122E-12,4.52654407014718E-17));
#8917=DIRECTION('',(-4.52654407011919E-17,1.83690953073424E-16,-1.0));
#8918=DIRECTION('',(-4.52654407012698E-17,1.22460635382313E-16,-1.0));
#8919=DIRECTION('',(1.52340907153122E-12,1.0,1.83690953073344E-16));
#8920=DIRECTION('',(4.52654407012698E-17,-1.22460635382313E-16,1.0));
#8921=DIRECTION('',(-1.52340907153122E-12,-1.0,-1.83690953073344E-16));
#8922=DIRECTION('',(-4.52654407012698E-17,2.44921270764564E-16,-1.0));
#8923=DIRECTION('',(1.52340907153122E-12,1.0,1.83690953073344E-16));
#8924=DIRECTION('',(4.52654407012698E-17,-2.44921270764564E-16,1.0));
#8925=DIRECTION('',(-1.52340907153122E-12,-1.0,-3.06151588455594E-16));
#8926=DIRECTION('',(-4.52654407015222E-17,9.46688520442281E-29,-1.0));
#8927=DIRECTION('',(1.52340907153122E-12,1.0,3.06151588455594E-16));
#8928=DIRECTION('',(4.52654407012698E-17,-1.22460635382313E-16,1.0));
#8929=DIRECTION('',(-1.52340907153122E-12,-1.0,-3.06151588455594E-16));
#8930=CARTESIAN_POINT('',(9.24999999999999,-0.125357939983029,-10.3881047302712));
#8931=DIRECTION('',(-1.0,1.52340907153122E-12,4.52654407014718E-17));
#8932=DIRECTION('',(-4.52654407011919E-17,1.83690953073424E-16,-1.0));
#8933=DIRECTION('',(0.898794046299167,-1.36917732036123E-12,-0.438371146789078));
#8934=DIRECTION('',(1.0,-1.52340907153122E-12,-4.52654407017747E-17));
#8935=DIRECTION('',(1.0,-1.52340907153122E-12,-4.52654407017747E-17));
#8936=DIRECTION('',(0.898794046299167,-1.3692310035704E-12,-0.438371146789078));
#8937=DIRECTION('',(0.898794046299835,0.438371146787709,9.3523714316938E-17));
#8938=DIRECTION('',(1.0,-1.52340907153122E-12,-4.52654407017747E-17));
#8939=DIRECTION('',(0.898794046299835,0.438371146787709,3.98405051477964E-17));
#8940=DIRECTION('',(0.898794046299167,-1.36933836998874E-12,0.438371146789078));
#8941=DIRECTION('',(1.0,-1.52340907153122E-12,-4.52654407017747E-17));
#8942=DIRECTION('',(0.898794046299167,-1.36928468677957E-12,0.438371146789078));
#8943=DIRECTION('',(0.898794046298499,-0.438371146790447,-1.21209122358871E-16));
#8944=DIRECTION('',(0.898794046298499,-0.438371146790447,-1.74892331528013E-16));
ENDSEC;
END-ISO-10303-21;
