ISO-10303-21;
HEADER;
FILE_DESCRIPTION(('STEP AP242'),'1');
FILE_NAME('0696831B.step','2026-03-05T10:30:36',(' '),(' '),'Spatial InterOp 3D','ACISToSTEP',' ');
FILE_SCHEMA(('AP242_MANAGED_MODEL_BASED_3D_ENGINEERING_MIM_LF  {1 0 10303 442 1 1 4}'));
ENDSEC;
DATA;
#1=PRODUCT_DEFINITION_CONTEXT('',#16,'design');
#2=APPLICATION_PROTOCOL_DEFINITION('INTERNATIONAL STANDARD','ap242_managed_model_based_3d_engineering',2014,#16);
#3=PRODUCT_CATEGORY_RELATIONSHIP('NONE','NONE',#17,#18);
#4=SHAPE_DEFINITION_REPRESENTATION(#19,#20);
#5=PRODUCT_DEFINITION_CONTEXT('',#21,'design');
#6=APPLICATION_PROTOCOL_DEFINITION('INTERNATIONAL STANDARD','ap242_managed_model_based_3d_engineering',2014,#21);
#7=PRODUCT_CATEGORY_RELATIONSHIP('NONE','NONE',#22,#23);
#8=CONTEXT_DEPENDENT_SHAPE_REPRESENTATION(#24,#25);
#9=SHAPE_DEFINITION_REPRESENTATION(#26,#27);
#10=SHAPE_REPRESENTATION_RELATIONSHIP('NONE','NONE',#27,#28);
#11=MECHANICAL_DESIGN_GEOMETRIC_PRESENTATION_REPRESENTATION(' ',(#29),#12);
#12= (GEOMETRIC_REPRESENTATION_CONTEXT(3)GLOBAL_UNCERTAINTY_ASSIGNED_CONTEXT((#32))GLOBAL_UNIT_ASSIGNED_CONTEXT((#34,#35,#36))REPRESENTATION_CONTEXT('NONE','WORKSPACE'));
#16=APPLICATION_CONTEXT('managed model based 3d engineering');
#17=PRODUCT_CATEGORY('part','NONE');
#18=PRODUCT_RELATED_PRODUCT_CATEGORY('detail',' ',(#38));
#19=PRODUCT_DEFINITION_SHAPE('NONE','NONE',#39);
#20=SHAPE_REPRESENTATION('Product',(#40,#41),#42);
#21=APPLICATION_CONTEXT('managed model based 3d engineering');
#22=PRODUCT_CATEGORY('part','NONE');
#23=PRODUCT_RELATED_PRODUCT_CATEGORY('detail',' ',(#43));
#24=(REPRESENTATION_RELATIONSHIP('','',#27,#20)REPRESENTATION_RELATIONSHIP_WITH_TRANSFORMATION(#46)SHAPE_REPRESENTATION_RELATIONSHIP());
#25=PRODUCT_DEFINITION_SHAPE('NAUO-PROD-DEF','NAUO-PROD-DEF',#48);
#26=PRODUCT_DEFINITION_SHAPE('NONE','NONE',#49);
#27=SHAPE_REPRESENTATION('Part',(#40),#42);
#28=ADVANCED_BREP_SHAPE_REPRESENTATION('',(#50),#12);
#29=STYLED_ITEM('',(#51),#50);
#32=UNCERTAINTY_MEASURE_WITH_UNIT(LENGTH_MEASURE(1.0E-06),#34,'','');
#34= (CONVERSION_BASED_UNIT('MILLIMETRE',#54)LENGTH_UNIT()NAMED_UNIT(#57));
#35= (NAMED_UNIT(#59)PLANE_ANGLE_UNIT()SI_UNIT($,.RADIAN.));
#36= (NAMED_UNIT(#59)SOLID_ANGLE_UNIT()SI_UNIT($,.STERADIAN.));
#38=PRODUCT('Product','Product','PART--DESC',(#65));
#39=PRODUCT_DEFINITION('Product','Product',#66,#1);
#40=AXIS2_PLACEMENT_3D('',#67,#68,#69);
#41=AXIS2_PLACEMENT_3D('',#70,#71,#72);
#42= (GEOMETRIC_REPRESENTATION_CONTEXT(3)GLOBAL_UNCERTAINTY_ASSIGNED_CONTEXT((#75))GLOBAL_UNIT_ASSIGNED_CONTEXT((#77,#78,#79))REPRESENTATION_CONTEXT('NONE','WORKSPACE'));
#43=PRODUCT('Part','Part','PART-Part-DESC',(#81));
#46=ITEM_DEFINED_TRANSFORMATION('','',#40,#41);
#48=NEXT_ASSEMBLY_USAGE_OCCURRENCE('','','',#39,#49,$);
#49=PRODUCT_DEFINITION('Part','Part',#82,#5);
#50=MANIFOLD_SOLID_BREP('',#83);
#51=PRESENTATION_STYLE_ASSIGNMENT((#84));
#54=LENGTH_MEASURE_WITH_UNIT(LENGTH_MEASURE(1.0),#85);
#57=DIMENSIONAL_EXPONENTS(1.0,0.0,0.0,0.0,0.0,0.0,0.0);
#59=DIMENSIONAL_EXPONENTS(0.0,0.0,0.0,0.0,0.0,0.0,0.0);
#65=PRODUCT_CONTEXT('',#16,'mechanical');
#66=PRODUCT_DEFINITION_FORMATION_WITH_SPECIFIED_SOURCE(' ','NONE',#38,.NOT_KNOWN.);
#67=CARTESIAN_POINT('',(0.0,0.0,0.0));
#68=DIRECTION('',(0.0,0.0,1.0));
#69=DIRECTION('',(1.0,0.0,0.0));
#70=CARTESIAN_POINT('',(0.0,0.0,0.0));
#71=DIRECTION('',(0.0,0.0,1.0));
#72=DIRECTION('',(1.0,0.0,0.0));
#75=UNCERTAINTY_MEASURE_WITH_UNIT(LENGTH_MEASURE(1.0E-06),#77,'','');
#77= (CONVERSION_BASED_UNIT('MILLIMETRE',#88)LENGTH_UNIT()NAMED_UNIT(#91));
#78= (NAMED_UNIT(#93)PLANE_ANGLE_UNIT()SI_UNIT($,.RADIAN.));
#79= (NAMED_UNIT(#93)SOLID_ANGLE_UNIT()SI_UNIT($,.STERADIAN.));
#81=PRODUCT_CONTEXT('',#21,'mechanical');
#82=PRODUCT_DEFINITION_FORMATION_WITH_SPECIFIED_SOURCE(' ','NONE',#43,.NOT_KNOWN.);
#83=CLOSED_SHELL('',(#99,#100,#101,#102,#103,#104,#105,#106,#107,#108,#109,#110,#111,#112,#113,#114,#115,#116,#117,#118,#119,#120,#121,#122,#123,#124,#125,#126,#127,#128,#129,#130,#131,#132,#133,#134,#135,#136,#137,#138,#139,#140,#141,#142,#143,#144,#145,#146,#147,#148,#149,#150,#151,#152,#153,#154,#155,#156,#157,#158,#159,#160,#161,#162,#163,#164,#165,#166,#167,#168,#169,#170,#171,#172,#173,#174,#175,#176,#177,#178,#179,#180,#181,#182,#183,#184,#185,#186,#187,#188,#189,#190,#191,#192,#193,#194,#195,#196,#197,#198,#199,#200,#201,#202,#203,#204,#205,#206,#207,#208,#209,#210,#211,#212,#213,#214,#215,#216,#217,#218,#219,#220,#221,#222,#223,#224,#225,#226,#227,#228,#229,#230,#231,#232,#233,#234,#235,#236,#237,#238,#239,#240,#241,#242,#243,#244,#245,#246,#247,#248,#249,#250,#251,#252,#253,#254,#255,#256,#257,#258,#259,#260,#261,#262,#263,#264,#265,#266,#267,#268,#269,#270,#271,#272,#273,#274,#275,#276,#277,#278,#279,#280,#281,#282,#283,#284,#285,#286,#287,#288,#289,#290,#291,#292,#293,#294,#295,#296,#297,#298,#299,#300,#301,#302,#303,#304,#305,#306,#307,#308,#309,#310,#311,#312,#313,#314,#315,#316,#317,#318,#319,#320,#321,#322,#323,#324,#325,#326,#327,#328,#329,#330,#331,#332,#333,#334,#335,#336,#337,#338,#339,#340,#341,#342,#343,#344,#345,#346,#347,#348,#349,#350,#351,#352,#353,#354,#355,#356,#357,#358,#359,#360,#361,#362,#363,#364,#365,#366,#367,#368,#369,#370,#371,#372,#373,#374));
#84=SURFACE_STYLE_USAGE(.BOTH.,#375);
#85= (NAMED_UNIT(#57)LENGTH_UNIT()SI_UNIT(.MILLI.,.METRE.));
#88=LENGTH_MEASURE_WITH_UNIT(LENGTH_MEASURE(1.0),#377);
#91=DIMENSIONAL_EXPONENTS(1.0,0.0,0.0,0.0,0.0,0.0,0.0);
#93=DIMENSIONAL_EXPONENTS(0.0,0.0,0.0,0.0,0.0,0.0,0.0);
#99=ADVANCED_FACE('',(#378),#379,.T.);
#100=ADVANCED_FACE('',(#380),#381,.T.);
#101=ADVANCED_FACE('',(#382),#383,.T.);
#102=ADVANCED_FACE('',(#384),#385,.T.);
#103=ADVANCED_FACE('',(#386),#387,.T.);
#104=ADVANCED_FACE('',(#388),#389,.F.);
#105=ADVANCED_FACE('',(#390),#391,.F.);
#106=ADVANCED_FACE('',(#392),#393,.F.);
#107=ADVANCED_FACE('',(#394),#395,.F.);
#108=ADVANCED_FACE('',(#396,#397),#398,.F.);
#109=ADVANCED_FACE('',(#399),#400,.F.);
#110=ADVANCED_FACE('',(#401),#402,.F.);
#111=ADVANCED_FACE('',(#403),#404,.F.);
#112=ADVANCED_FACE('',(#405),#406,.F.);
#113=ADVANCED_FACE('',(#407),#408,.T.);
#114=ADVANCED_FACE('',(#409),#410,.T.);
#115=ADVANCED_FACE('',(#411),#412,.T.);
#116=ADVANCED_FACE('',(#413),#414,.T.);
#117=ADVANCED_FACE('',(#415),#416,.T.);
#118=ADVANCED_FACE('',(#417),#418,.T.);
#119=ADVANCED_FACE('',(#419),#420,.T.);
#120=ADVANCED_FACE('',(#421),#422,.F.);
#121=ADVANCED_FACE('',(#423),#424,.F.);
#122=ADVANCED_FACE('',(#425),#426,.F.);
#123=ADVANCED_FACE('',(#427),#428,.T.);
#124=ADVANCED_FACE('',(#429),#430,.T.);
#125=ADVANCED_FACE('',(#431),#432,.T.);
#126=ADVANCED_FACE('',(#433),#434,.T.);
#127=ADVANCED_FACE('',(#435),#436,.T.);
#128=ADVANCED_FACE('',(#437),#438,.T.);
#129=ADVANCED_FACE('',(#439),#440,.T.);
#130=ADVANCED_FACE('',(#441,#442,#443),#444,.F.);
#131=ADVANCED_FACE('',(#445),#446,.F.);
#132=ADVANCED_FACE('',(#447),#448,.F.);
#133=ADVANCED_FACE('',(#449),#450,.F.);
#134=ADVANCED_FACE('',(#451),#452,.F.);
#135=ADVANCED_FACE('',(#453),#454,.F.);
#136=ADVANCED_FACE('',(#455),#456,.F.);
#137=ADVANCED_FACE('',(#457),#458,.T.);
#138=ADVANCED_FACE('',(#459),#460,.T.);
#139=ADVANCED_FACE('',(#461),#462,.T.);
#140=ADVANCED_FACE('',(#463),#464,.T.);
#141=ADVANCED_FACE('',(#465),#466,.T.);
#142=ADVANCED_FACE('',(#467),#468,.T.);
#143=ADVANCED_FACE('',(#469),#470,.F.);
#144=ADVANCED_FACE('',(#471),#472,.F.);
#145=ADVANCED_FACE('',(#473),#474,.F.);
#146=ADVANCED_FACE('',(#475),#476,.F.);
#147=ADVANCED_FACE('',(#477),#478,.T.);
#148=ADVANCED_FACE('',(#479),#480,.T.);
#149=ADVANCED_FACE('',(#481),#482,.T.);
#150=ADVANCED_FACE('',(#483),#484,.T.);
#151=ADVANCED_FACE('',(#485),#486,.T.);
#152=ADVANCED_FACE('',(#487),#488,.T.);
#153=ADVANCED_FACE('',(#489),#490,.T.);
#154=ADVANCED_FACE('',(#491),#492,.T.);
#155=ADVANCED_FACE('',(#493),#494,.T.);
#156=ADVANCED_FACE('',(#495),#496,.T.);
#157=ADVANCED_FACE('',(#497),#498,.T.);
#158=ADVANCED_FACE('',(#499),#500,.T.);
#159=ADVANCED_FACE('',(#501),#502,.T.);
#160=ADVANCED_FACE('',(#503),#504,.T.);
#161=ADVANCED_FACE('',(#505),#506,.T.);
#162=ADVANCED_FACE('',(#507),#508,.T.);
#163=ADVANCED_FACE('',(#509),#510,.T.);
#164=ADVANCED_FACE('',(#511),#512,.T.);
#165=ADVANCED_FACE('',(#513),#514,.T.);
#166=ADVANCED_FACE('',(#515),#516,.T.);
#167=ADVANCED_FACE('',(#517),#518,.T.);
#168=ADVANCED_FACE('',(#519),#520,.T.);
#169=ADVANCED_FACE('',(#521),#522,.T.);
#170=ADVANCED_FACE('',(#523),#524,.T.);
#171=ADVANCED_FACE('',(#525),#526,.T.);
#172=ADVANCED_FACE('',(#527),#528,.T.);
#173=ADVANCED_FACE('',(#529),#530,.T.);
#174=ADVANCED_FACE('',(#531),#532,.T.);
#175=ADVANCED_FACE('',(#533),#534,.T.);
#176=ADVANCED_FACE('',(#535),#536,.T.);
#177=ADVANCED_FACE('',(#537),#538,.T.);
#178=ADVANCED_FACE('',(#539),#540,.T.);
#179=ADVANCED_FACE('',(#541),#542,.F.);
#180=ADVANCED_FACE('',(#543,#544),#545,.F.);
#181=ADVANCED_FACE('',(#546),#547,.F.);
#182=ADVANCED_FACE('',(#548),#549,.F.);
#183=ADVANCED_FACE('',(#550),#551,.F.);
#184=ADVANCED_FACE('',(#552),#553,.F.);
#185=ADVANCED_FACE('',(#554),#555,.T.);
#186=ADVANCED_FACE('',(#556),#557,.T.);
#187=ADVANCED_FACE('',(#558),#559,.T.);
#188=ADVANCED_FACE('',(#560),#561,.T.);
#189=ADVANCED_FACE('',(#562),#563,.T.);
#190=ADVANCED_FACE('',(#564),#565,.T.);
#191=ADVANCED_FACE('',(#566),#567,.T.);
#192=ADVANCED_FACE('',(#568),#569,.F.);
#193=ADVANCED_FACE('',(#570),#571,.F.);
#194=ADVANCED_FACE('',(#572),#573,.F.);
#195=ADVANCED_FACE('',(#574),#575,.T.);
#196=ADVANCED_FACE('',(#576),#577,.T.);
#197=ADVANCED_FACE('',(#578),#579,.T.);
#198=ADVANCED_FACE('',(#580),#581,.T.);
#199=ADVANCED_FACE('',(#582),#583,.T.);
#200=ADVANCED_FACE('',(#584),#585,.T.);
#201=ADVANCED_FACE('',(#586),#587,.T.);
#202=ADVANCED_FACE('',(#588),#589,.T.);
#203=ADVANCED_FACE('',(#590),#591,.T.);
#204=ADVANCED_FACE('',(#592),#593,.T.);
#205=ADVANCED_FACE('',(#594),#595,.T.);
#206=ADVANCED_FACE('',(#596),#597,.T.);
#207=ADVANCED_FACE('',(#598),#599,.T.);
#208=ADVANCED_FACE('',(#600),#601,.T.);
#209=ADVANCED_FACE('',(#602),#603,.T.);
#210=ADVANCED_FACE('',(#604),#605,.T.);
#211=ADVANCED_FACE('',(#606),#607,.T.);
#212=ADVANCED_FACE('',(#608),#609,.T.);
#213=ADVANCED_FACE('',(#610),#611,.F.);
#214=ADVANCED_FACE('',(#612,#613),#614,.F.);
#215=ADVANCED_FACE('',(#615),#616,.F.);
#216=ADVANCED_FACE('',(#617),#618,.F.);
#217=ADVANCED_FACE('',(#619),#620,.F.);
#218=ADVANCED_FACE('',(#621),#622,.F.);
#219=ADVANCED_FACE('',(#623),#624,.T.);
#220=ADVANCED_FACE('',(#625),#626,.T.);
#221=ADVANCED_FACE('',(#627),#628,.F.);
#222=ADVANCED_FACE('',(#629),#630,.F.);
#223=ADVANCED_FACE('',(#631),#632,.F.);
#224=ADVANCED_FACE('',(#633),#634,.F.);
#225=ADVANCED_FACE('',(#635),#636,.T.);
#226=ADVANCED_FACE('',(#637),#638,.T.);
#227=ADVANCED_FACE('',(#639),#640,.T.);
#228=ADVANCED_FACE('',(#641),#642,.T.);
#229=ADVANCED_FACE('',(#643),#644,.T.);
#230=ADVANCED_FACE('',(#645),#646,.T.);
#231=ADVANCED_FACE('',(#647),#648,.F.);
#232=ADVANCED_FACE('',(#649,#650),#651,.F.);
#233=ADVANCED_FACE('',(#652),#653,.F.);
#234=ADVANCED_FACE('',(#654),#655,.F.);
#235=ADVANCED_FACE('',(#656),#657,.F.);
#236=ADVANCED_FACE('',(#658),#659,.F.);
#237=ADVANCED_FACE('',(#660),#661,.T.);
#238=ADVANCED_FACE('',(#662),#663,.T.);
#239=ADVANCED_FACE('',(#664),#665,.T.);
#240=ADVANCED_FACE('',(#666),#667,.T.);
#241=ADVANCED_FACE('',(#668),#669,.T.);
#242=ADVANCED_FACE('',(#670),#671,.T.);
#243=ADVANCED_FACE('',(#672),#673,.T.);
#244=ADVANCED_FACE('',(#674),#675,.F.);
#245=ADVANCED_FACE('',(#676),#677,.F.);
#246=ADVANCED_FACE('',(#678),#679,.F.);
#247=ADVANCED_FACE('',(#680),#681,.T.);
#248=ADVANCED_FACE('',(#682),#683,.T.);
#249=ADVANCED_FACE('',(#684),#685,.T.);
#250=ADVANCED_FACE('',(#686),#687,.T.);
#251=ADVANCED_FACE('',(#688),#689,.T.);
#252=ADVANCED_FACE('',(#690),#691,.T.);
#253=ADVANCED_FACE('',(#692),#693,.T.);
#254=ADVANCED_FACE('',(#694),#695,.T.);
#255=ADVANCED_FACE('',(#696),#697,.T.);
#256=ADVANCED_FACE('',(#698),#699,.T.);
#257=ADVANCED_FACE('',(#700),#701,.T.);
#258=ADVANCED_FACE('',(#702),#703,.T.);
#259=ADVANCED_FACE('',(#704),#705,.T.);
#260=ADVANCED_FACE('',(#706),#707,.T.);
#261=ADVANCED_FACE('',(#708),#709,.T.);
#262=ADVANCED_FACE('',(#710),#711,.T.);
#263=ADVANCED_FACE('',(#712),#713,.T.);
#264=ADVANCED_FACE('',(#714),#715,.T.);
#265=ADVANCED_FACE('',(#716),#717,.T.);
#266=ADVANCED_FACE('',(#718),#719,.T.);
#267=ADVANCED_FACE('',(#720),#721,.T.);
#268=ADVANCED_FACE('',(#722),#723,.T.);
#269=ADVANCED_FACE('',(#724),#725,.T.);
#270=ADVANCED_FACE('',(#726),#727,.T.);
#271=ADVANCED_FACE('',(#728),#729,.T.);
#272=ADVANCED_FACE('',(#730),#731,.T.);
#273=ADVANCED_FACE('',(#732),#733,.T.);
#274=ADVANCED_FACE('',(#734),#735,.F.);
#275=ADVANCED_FACE('',(#736),#737,.F.);
#276=ADVANCED_FACE('',(#738),#739,.T.);
#277=ADVANCED_FACE('',(#740),#741,.T.);
#278=ADVANCED_FACE('',(#742),#743,.T.);
#279=ADVANCED_FACE('',(#744),#745,.T.);
#280=ADVANCED_FACE('',(#746),#747,.T.);
#281=ADVANCED_FACE('',(#748),#749,.T.);
#282=ADVANCED_FACE('',(#750),#751,.T.);
#283=ADVANCED_FACE('',(#752),#753,.T.);
#284=ADVANCED_FACE('',(#754),#755,.T.);
#285=ADVANCED_FACE('',(#756),#757,.T.);
#286=ADVANCED_FACE('',(#758),#759,.T.);
#287=ADVANCED_FACE('',(#760),#761,.T.);
#288=ADVANCED_FACE('',(#762),#763,.T.);
#289=ADVANCED_FACE('',(#764),#765,.F.);
#290=ADVANCED_FACE('',(#766,#767,#768,#769,#770,#771,#772,#773,#774,#775,#776,#777),#778,.F.);
#291=ADVANCED_FACE('',(#779),#780,.F.);
#292=ADVANCED_FACE('',(#781),#782,.F.);
#293=ADVANCED_FACE('',(#783),#784,.F.);
#294=ADVANCED_FACE('',(#785),#786,.F.);
#295=ADVANCED_FACE('',(#787),#788,.F.);
#296=ADVANCED_FACE('',(#789),#790,.F.);
#297=ADVANCED_FACE('',(#791,#792),#793,.T.);
#298=ADVANCED_FACE('',(#794),#795,.T.);
#299=ADVANCED_FACE('',(#796),#797,.T.);
#300=ADVANCED_FACE('',(#798),#799,.T.);
#301=ADVANCED_FACE('',(#800),#801,.T.);
#302=ADVANCED_FACE('',(#802),#803,.T.);
#303=ADVANCED_FACE('',(#804),#805,.T.);
#304=ADVANCED_FACE('',(#806),#807,.T.);
#305=ADVANCED_FACE('',(#808),#809,.F.);
#306=ADVANCED_FACE('',(#810),#811,.F.);
#307=ADVANCED_FACE('',(#812),#813,.T.);
#308=ADVANCED_FACE('',(#814),#815,.T.);
#309=ADVANCED_FACE('',(#816),#817,.T.);
#310=ADVANCED_FACE('',(#818),#819,.T.);
#311=ADVANCED_FACE('',(#820),#821,.T.);
#312=ADVANCED_FACE('',(#822),#823,.T.);
#313=ADVANCED_FACE('',(#824),#825,.T.);
#314=ADVANCED_FACE('',(#826),#827,.T.);
#315=ADVANCED_FACE('',(#828),#829,.F.);
#316=ADVANCED_FACE('',(#830),#831,.F.);
#317=ADVANCED_FACE('',(#832,#833),#834,.T.);
#318=ADVANCED_FACE('',(#835),#836,.T.);
#319=ADVANCED_FACE('',(#837),#838,.T.);
#320=ADVANCED_FACE('',(#839),#840,.T.);
#321=ADVANCED_FACE('',(#841),#842,.T.);
#322=ADVANCED_FACE('',(#843),#844,.T.);
#323=ADVANCED_FACE('',(#845),#846,.T.);
#324=ADVANCED_FACE('',(#847),#848,.T.);
#325=ADVANCED_FACE('',(#849),#850,.T.);
#326=ADVANCED_FACE('',(#851),#852,.T.);
#327=ADVANCED_FACE('',(#853),#854,.T.);
#328=ADVANCED_FACE('',(#855),#856,.T.);
#329=ADVANCED_FACE('',(#857),#858,.T.);
#330=ADVANCED_FACE('',(#859),#860,.T.);
#331=ADVANCED_FACE('',(#861),#862,.T.);
#332=ADVANCED_FACE('',(#863),#864,.T.);
#333=ADVANCED_FACE('',(#865),#866,.T.);
#334=ADVANCED_FACE('',(#867),#868,.F.);
#335=ADVANCED_FACE('',(#869),#870,.T.);
#336=ADVANCED_FACE('',(#871),#872,.F.);
#337=ADVANCED_FACE('',(#873),#874,.T.);
#338=ADVANCED_FACE('',(#875),#876,.T.);
#339=ADVANCED_FACE('',(#877),#878,.T.);
#340=ADVANCED_FACE('',(#879),#880,.F.);
#341=ADVANCED_FACE('',(#881),#882,.F.);
#342=ADVANCED_FACE('',(#883),#884,.F.);
#343=ADVANCED_FACE('',(#885),#886,.T.);
#344=ADVANCED_FACE('',(#887),#888,.T.);
#345=ADVANCED_FACE('',(#889),#890,.T.);
#346=ADVANCED_FACE('',(#891),#892,.F.);
#347=ADVANCED_FACE('',(#893),#894,.T.);
#348=ADVANCED_FACE('',(#895),#896,.F.);
#349=ADVANCED_FACE('',(#897),#898,.T.);
#350=ADVANCED_FACE('',(#899),#900,.F.);
#351=ADVANCED_FACE('',(#901),#902,.T.);
#352=ADVANCED_FACE('',(#903),#904,.F.);
#353=ADVANCED_FACE('',(#905,#906),#907,.F.);
#354=ADVANCED_FACE('',(#908),#909,.F.);
#355=ADVANCED_FACE('',(#910),#911,.T.);
#356=ADVANCED_FACE('',(#912),#913,.F.);
#357=ADVANCED_FACE('',(#914),#915,.F.);
#358=ADVANCED_FACE('',(#916),#917,.T.);
#359=ADVANCED_FACE('',(#918),#919,.F.);
#360=ADVANCED_FACE('',(#920),#921,.T.);
#361=ADVANCED_FACE('',(#922),#923,.F.);
#362=ADVANCED_FACE('',(#924,#925),#926,.F.);
#363=ADVANCED_FACE('',(#927),#928,.T.);
#364=ADVANCED_FACE('',(#929),#930,.T.);
#365=ADVANCED_FACE('',(#931),#932,.T.);
#366=ADVANCED_FACE('',(#933),#934,.F.);
#367=ADVANCED_FACE('',(#935),#936,.T.);
#368=ADVANCED_FACE('',(#937),#938,.T.);
#369=ADVANCED_FACE('',(#939),#940,.T.);
#370=ADVANCED_FACE('',(#941),#942,.T.);
#371=ADVANCED_FACE('',(#943),#944,.T.);
#372=ADVANCED_FACE('',(#945),#946,.T.);
#373=ADVANCED_FACE('',(#947),#948,.F.);
#374=ADVANCED_FACE('',(#949),#950,.T.);
#375=SURFACE_SIDE_STYLE('',(#951));
#377= (NAMED_UNIT(#91)LENGTH_UNIT()SI_UNIT(.MILLI.,.METRE.));
#378=FACE_OUTER_BOUND('',#953,.T.);
#379=CYLINDRICAL_SURFACE('',#954,0.5);
#380=FACE_OUTER_BOUND('',#955,.T.);
#381=CYLINDRICAL_SURFACE('',#956,0.5);
#382=FACE_OUTER_BOUND('',#957,.T.);
#383=CYLINDRICAL_SURFACE('',#958,0.5);
#384=FACE_OUTER_BOUND('',#959,.T.);
#385=CYLINDRICAL_SURFACE('',#960,0.5);
#386=FACE_OUTER_BOUND('',#961,.T.);
#387=CYLINDRICAL_SURFACE('',#962,0.5);
#388=FACE_OUTER_BOUND('',#963,.T.);
#389=CYLINDRICAL_SURFACE('',#964,1.5);
#390=FACE_OUTER_BOUND('',#965,.T.);
#391=PLANE('',#966);
#392=FACE_OUTER_BOUND('',#967,.T.);
#393=CYLINDRICAL_SURFACE('',#968,1.5);
#394=FACE_OUTER_BOUND('',#969,.T.);
#395=PLANE('',#970);
#396=FACE_BOUND('',#971,.T.);
#397=FACE_OUTER_BOUND('',#972,.T.);
#398=CYLINDRICAL_SURFACE('',#973,12.3269230769231);
#399=FACE_OUTER_BOUND('',#974,.T.);
#400=SURFACE_OF_LINEAR_EXTRUSION('',#975,#976);
#401=FACE_OUTER_BOUND('',#977,.T.);
#402=SURFACE_OF_LINEAR_EXTRUSION('',#978,#979);
#403=FACE_OUTER_BOUND('',#980,.T.);
#404=SURFACE_OF_LINEAR_EXTRUSION('',#981,#982);
#405=FACE_OUTER_BOUND('',#983,.T.);
#406=SURFACE_OF_LINEAR_EXTRUSION('',#984,#985);
#407=FACE_OUTER_BOUND('',#986,.T.);
#408=PLANE('',#987);
#409=FACE_OUTER_BOUND('',#988,.T.);
#410=PLANE('',#989);
#411=FACE_OUTER_BOUND('',#990,.T.);
#412=SURFACE_OF_LINEAR_EXTRUSION('',#991,#992);
#413=FACE_OUTER_BOUND('',#993,.T.);
#414=SURFACE_OF_LINEAR_EXTRUSION('',#994,#995);
#415=FACE_OUTER_BOUND('',#996,.T.);
#416=SURFACE_OF_LINEAR_EXTRUSION('',#997,#998);
#417=FACE_OUTER_BOUND('',#999,.T.);
#418=SURFACE_OF_LINEAR_EXTRUSION('',#1000,#1001);
#419=FACE_OUTER_BOUND('',#1002,.T.);
#420=SURFACE_OF_LINEAR_EXTRUSION('',#1003,#1004);
#421=FACE_OUTER_BOUND('',#1005,.T.);
#422=SURFACE_OF_LINEAR_EXTRUSION('',#1006,#1007);
#423=FACE_OUTER_BOUND('',#1008,.T.);
#424=SURFACE_OF_LINEAR_EXTRUSION('',#1009,#1010);
#425=FACE_OUTER_BOUND('',#1011,.T.);
#426=SURFACE_OF_LINEAR_EXTRUSION('',#1012,#1013);
#427=FACE_OUTER_BOUND('',#1014,.T.);
#428=SURFACE_OF_LINEAR_EXTRUSION('',#1015,#1016);
#429=FACE_OUTER_BOUND('',#1017,.T.);
#430=SURFACE_OF_LINEAR_EXTRUSION('',#1018,#1019);
#431=FACE_OUTER_BOUND('',#1020,.T.);
#432=SURFACE_OF_LINEAR_EXTRUSION('',#1021,#1022);
#433=FACE_OUTER_BOUND('',#1023,.T.);
#434=SURFACE_OF_LINEAR_EXTRUSION('',#1024,#1025);
#435=FACE_OUTER_BOUND('',#1026,.T.);
#436=SURFACE_OF_LINEAR_EXTRUSION('',#1027,#1028);
#437=FACE_OUTER_BOUND('',#1029,.T.);
#438=SURFACE_OF_LINEAR_EXTRUSION('',#1030,#1031);
#439=FACE_OUTER_BOUND('',#1032,.T.);
#440=SURFACE_OF_LINEAR_EXTRUSION('',#1033,#1034);
#441=FACE_OUTER_BOUND('',#1035,.T.);
#442=FACE_BOUND('',#1036,.T.);
#443=FACE_BOUND('',#1037,.T.);
#444=CYLINDRICAL_SURFACE('',#1038,12.3269230769231);
#445=FACE_OUTER_BOUND('',#1039,.T.);
#446=SURFACE_OF_LINEAR_EXTRUSION('',#1040,#1041);
#447=FACE_OUTER_BOUND('',#1042,.T.);
#448=SURFACE_OF_LINEAR_EXTRUSION('',#1043,#1044);
#449=FACE_OUTER_BOUND('',#1045,.T.);
#450=SURFACE_OF_LINEAR_EXTRUSION('',#1046,#1047);
#451=FACE_OUTER_BOUND('',#1048,.T.);
#452=SURFACE_OF_LINEAR_EXTRUSION('',#1049,#1050);
#453=FACE_OUTER_BOUND('',#1051,.T.);
#454=SURFACE_OF_LINEAR_EXTRUSION('',#1052,#1053);
#455=FACE_OUTER_BOUND('',#1054,.T.);
#456=SURFACE_OF_LINEAR_EXTRUSION('',#1055,#1056);
#457=FACE_OUTER_BOUND('',#1057,.T.);
#458=SURFACE_OF_LINEAR_EXTRUSION('',#1058,#1059);
#459=FACE_OUTER_BOUND('',#1060,.T.);
#460=SURFACE_OF_LINEAR_EXTRUSION('',#1061,#1062);
#461=FACE_OUTER_BOUND('',#1063,.T.);
#462=SURFACE_OF_LINEAR_EXTRUSION('',#1064,#1065);
#463=FACE_OUTER_BOUND('',#1066,.T.);
#464=PLANE('',#1067);
#465=FACE_OUTER_BOUND('',#1068,.T.);
#466=SURFACE_OF_LINEAR_EXTRUSION('',#1069,#1070);
#467=FACE_OUTER_BOUND('',#1071,.T.);
#468=SURFACE_OF_LINEAR_EXTRUSION('',#1072,#1073);
#469=FACE_OUTER_BOUND('',#1074,.T.);
#470=SURFACE_OF_LINEAR_EXTRUSION('',#1075,#1076);
#471=FACE_OUTER_BOUND('',#1077,.T.);
#472=SURFACE_OF_LINEAR_EXTRUSION('',#1078,#1079);
#473=FACE_OUTER_BOUND('',#1080,.T.);
#474=SURFACE_OF_LINEAR_EXTRUSION('',#1081,#1082);
#475=FACE_OUTER_BOUND('',#1083,.T.);
#476=SURFACE_OF_LINEAR_EXTRUSION('',#1084,#1085);
#477=FACE_OUTER_BOUND('',#1086,.T.);
#478=SURFACE_OF_LINEAR_EXTRUSION('',#1087,#1088);
#479=FACE_OUTER_BOUND('',#1089,.T.);
#480=PLANE('',#1090);
#481=FACE_OUTER_BOUND('',#1091,.T.);
#482=SURFACE_OF_LINEAR_EXTRUSION('',#1092,#1093);
#483=FACE_OUTER_BOUND('',#1094,.T.);
#484=SURFACE_OF_LINEAR_EXTRUSION('',#1095,#1096);
#485=FACE_OUTER_BOUND('',#1097,.T.);
#486=SURFACE_OF_LINEAR_EXTRUSION('',#1098,#1099);
#487=FACE_OUTER_BOUND('',#1100,.T.);
#488=SURFACE_OF_LINEAR_EXTRUSION('',#1101,#1102);
#489=FACE_OUTER_BOUND('',#1103,.T.);
#490=SURFACE_OF_LINEAR_EXTRUSION('',#1104,#1105);
#491=FACE_OUTER_BOUND('',#1106,.T.);
#492=PLANE('',#1107);
#493=FACE_OUTER_BOUND('',#1108,.T.);
#494=PLANE('',#1109);
#495=FACE_OUTER_BOUND('',#1110,.T.);
#496=SURFACE_OF_LINEAR_EXTRUSION('',#1111,#1112);
#497=FACE_OUTER_BOUND('',#1113,.T.);
#498=SURFACE_OF_LINEAR_EXTRUSION('',#1114,#1115);
#499=FACE_OUTER_BOUND('',#1116,.T.);
#500=SURFACE_OF_LINEAR_EXTRUSION('',#1117,#1118);
#501=FACE_OUTER_BOUND('',#1119,.T.);
#502=SURFACE_OF_LINEAR_EXTRUSION('',#1120,#1121);
#503=FACE_OUTER_BOUND('',#1122,.T.);
#504=PLANE('',#1123);
#505=FACE_OUTER_BOUND('',#1124,.T.);
#506=SURFACE_OF_LINEAR_EXTRUSION('',#1125,#1126);
#507=FACE_OUTER_BOUND('',#1127,.T.);
#508=SURFACE_OF_LINEAR_EXTRUSION('',#1128,#1129);
#509=FACE_OUTER_BOUND('',#1130,.T.);
#510=SURFACE_OF_LINEAR_EXTRUSION('',#1131,#1132);
#511=FACE_OUTER_BOUND('',#1133,.T.);
#512=SURFACE_OF_LINEAR_EXTRUSION('',#1134,#1135);
#513=FACE_OUTER_BOUND('',#1136,.T.);
#514=SURFACE_OF_LINEAR_EXTRUSION('',#1137,#1138);
#515=FACE_OUTER_BOUND('',#1139,.T.);
#516=SURFACE_OF_LINEAR_EXTRUSION('',#1140,#1141);
#517=FACE_OUTER_BOUND('',#1142,.T.);
#518=SURFACE_OF_LINEAR_EXTRUSION('',#1143,#1144);
#519=FACE_OUTER_BOUND('',#1145,.T.);
#520=PLANE('',#1146);
#521=FACE_OUTER_BOUND('',#1147,.T.);
#522=PLANE('',#1148);
#523=FACE_OUTER_BOUND('',#1149,.T.);
#524=PLANE('',#1150);
#525=FACE_OUTER_BOUND('',#1151,.T.);
#526=SURFACE_OF_LINEAR_EXTRUSION('',#1152,#1153);
#527=FACE_OUTER_BOUND('',#1154,.T.);
#528=SURFACE_OF_LINEAR_EXTRUSION('',#1155,#1156);
#529=FACE_OUTER_BOUND('',#1157,.T.);
#530=SURFACE_OF_LINEAR_EXTRUSION('',#1158,#1159);
#531=FACE_OUTER_BOUND('',#1160,.T.);
#532=SURFACE_OF_LINEAR_EXTRUSION('',#1161,#1162);
#533=FACE_OUTER_BOUND('',#1163,.T.);
#534=SURFACE_OF_LINEAR_EXTRUSION('',#1164,#1165);
#535=FACE_OUTER_BOUND('',#1166,.T.);
#536=PLANE('',#1167);
#537=FACE_OUTER_BOUND('',#1168,.T.);
#538=PLANE('',#1169);
#539=FACE_OUTER_BOUND('',#1170,.T.);
#540=SURFACE_OF_LINEAR_EXTRUSION('',#1171,#1172);
#541=FACE_OUTER_BOUND('',#1173,.T.);
#542=CYLINDRICAL_SURFACE('',#1174,12.3269230769231);
#543=FACE_BOUND('',#1175,.T.);
#544=FACE_OUTER_BOUND('',#1176,.T.);
#545=CYLINDRICAL_SURFACE('',#1177,12.3269230769231);
#546=FACE_OUTER_BOUND('',#1178,.T.);
#547=SURFACE_OF_LINEAR_EXTRUSION('',#1179,#1180);
#548=FACE_OUTER_BOUND('',#1181,.T.);
#549=SURFACE_OF_LINEAR_EXTRUSION('',#1182,#1183);
#550=FACE_OUTER_BOUND('',#1184,.T.);
#551=SURFACE_OF_LINEAR_EXTRUSION('',#1185,#1186);
#552=FACE_OUTER_BOUND('',#1187,.T.);
#553=SURFACE_OF_LINEAR_EXTRUSION('',#1188,#1189);
#554=FACE_OUTER_BOUND('',#1190,.T.);
#555=PLANE('',#1191);
#556=FACE_OUTER_BOUND('',#1192,.T.);
#557=PLANE('',#1193);
#558=FACE_OUTER_BOUND('',#1194,.T.);
#559=SURFACE_OF_LINEAR_EXTRUSION('',#1195,#1196);
#560=FACE_OUTER_BOUND('',#1197,.T.);
#561=SURFACE_OF_LINEAR_EXTRUSION('',#1198,#1199);
#562=FACE_OUTER_BOUND('',#1200,.T.);
#563=SURFACE_OF_LINEAR_EXTRUSION('',#1201,#1202);
#564=FACE_OUTER_BOUND('',#1203,.T.);
#565=SURFACE_OF_LINEAR_EXTRUSION('',#1204,#1205);
#566=FACE_OUTER_BOUND('',#1206,.T.);
#567=SURFACE_OF_LINEAR_EXTRUSION('',#1207,#1208);
#568=FACE_OUTER_BOUND('',#1209,.T.);
#569=SURFACE_OF_LINEAR_EXTRUSION('',#1210,#1211);
#570=FACE_OUTER_BOUND('',#1212,.T.);
#571=SURFACE_OF_LINEAR_EXTRUSION('',#1213,#1214);
#572=FACE_OUTER_BOUND('',#1215,.T.);
#573=SURFACE_OF_LINEAR_EXTRUSION('',#1216,#1217);
#574=FACE_OUTER_BOUND('',#1218,.T.);
#575=SURFACE_OF_LINEAR_EXTRUSION('',#1219,#1220);
#576=FACE_OUTER_BOUND('',#1221,.T.);
#577=SURFACE_OF_LINEAR_EXTRUSION('',#1222,#1223);
#578=FACE_OUTER_BOUND('',#1224,.T.);
#579=SURFACE_OF_LINEAR_EXTRUSION('',#1225,#1226);
#580=FACE_OUTER_BOUND('',#1227,.T.);
#581=SURFACE_OF_LINEAR_EXTRUSION('',#1228,#1229);
#582=FACE_OUTER_BOUND('',#1230,.T.);
#583=SURFACE_OF_LINEAR_EXTRUSION('',#1231,#1232);
#584=FACE_OUTER_BOUND('',#1233,.T.);
#585=SURFACE_OF_LINEAR_EXTRUSION('',#1234,#1235);
#586=FACE_OUTER_BOUND('',#1236,.T.);
#587=SURFACE_OF_LINEAR_EXTRUSION('',#1237,#1238);
#588=FACE_OUTER_BOUND('',#1239,.T.);
#589=PLANE('',#1240);
#590=FACE_OUTER_BOUND('',#1241,.T.);
#591=PLANE('',#1242);
#592=FACE_OUTER_BOUND('',#1243,.T.);
#593=PLANE('',#1244);
#594=FACE_OUTER_BOUND('',#1245,.T.);
#595=PLANE('',#1246);
#596=FACE_OUTER_BOUND('',#1247,.T.);
#597=PLANE('',#1248);
#598=FACE_OUTER_BOUND('',#1249,.T.);
#599=PLANE('',#1250);
#600=FACE_OUTER_BOUND('',#1251,.T.);
#601=PLANE('',#1252);
#602=FACE_OUTER_BOUND('',#1253,.T.);
#603=PLANE('',#1254);
#604=FACE_OUTER_BOUND('',#1255,.T.);
#605=PLANE('',#1256);
#606=FACE_OUTER_BOUND('',#1257,.T.);
#607=SURFACE_OF_LINEAR_EXTRUSION('',#1258,#1259);
#608=FACE_OUTER_BOUND('',#1260,.T.);
#609=PLANE('',#1261);
#610=FACE_OUTER_BOUND('',#1262,.T.);
#611=CYLINDRICAL_SURFACE('',#1263,12.3269230769231);
#612=FACE_OUTER_BOUND('',#1264,.T.);
#613=FACE_BOUND('',#1265,.T.);
#614=CYLINDRICAL_SURFACE('',#1266,12.3269230769231);
#615=FACE_OUTER_BOUND('',#1267,.T.);
#616=SURFACE_OF_LINEAR_EXTRUSION('',#1268,#1269);
#617=FACE_OUTER_BOUND('',#1270,.T.);
#618=SURFACE_OF_LINEAR_EXTRUSION('',#1271,#1272);
#619=FACE_OUTER_BOUND('',#1273,.T.);
#620=SURFACE_OF_LINEAR_EXTRUSION('',#1274,#1275);
#621=FACE_OUTER_BOUND('',#1276,.T.);
#622=SURFACE_OF_LINEAR_EXTRUSION('',#1277,#1278);
#623=FACE_OUTER_BOUND('',#1279,.T.);
#624=SURFACE_OF_LINEAR_EXTRUSION('',#1280,#1281);
#625=FACE_OUTER_BOUND('',#1282,.T.);
#626=SURFACE_OF_LINEAR_EXTRUSION('',#1283,#1284);
#627=FACE_OUTER_BOUND('',#1285,.T.);
#628=SURFACE_OF_LINEAR_EXTRUSION('',#1286,#1287);
#629=FACE_OUTER_BOUND('',#1288,.T.);
#630=SURFACE_OF_LINEAR_EXTRUSION('',#1289,#1290);
#631=FACE_OUTER_BOUND('',#1291,.T.);
#632=SURFACE_OF_LINEAR_EXTRUSION('',#1292,#1293);
#633=FACE_OUTER_BOUND('',#1294,.T.);
#634=SURFACE_OF_LINEAR_EXTRUSION('',#1295,#1296);
#635=FACE_OUTER_BOUND('',#1297,.T.);
#636=SURFACE_OF_LINEAR_EXTRUSION('',#1298,#1299);
#637=FACE_OUTER_BOUND('',#1300,.T.);
#638=SURFACE_OF_LINEAR_EXTRUSION('',#1301,#1302);
#639=FACE_OUTER_BOUND('',#1303,.T.);
#640=PLANE('',#1304);
#641=FACE_OUTER_BOUND('',#1305,.T.);
#642=PLANE('',#1306);
#643=FACE_OUTER_BOUND('',#1307,.T.);
#644=PLANE('',#1308);
#645=FACE_OUTER_BOUND('',#1309,.T.);
#646=PLANE('',#1310);
#647=FACE_OUTER_BOUND('',#1311,.T.);
#648=CYLINDRICAL_SURFACE('',#1312,12.3269230769231);
#649=FACE_BOUND('',#1313,.T.);
#650=FACE_OUTER_BOUND('',#1314,.T.);
#651=CYLINDRICAL_SURFACE('',#1315,12.3269230769231);
#652=FACE_OUTER_BOUND('',#1316,.T.);
#653=SURFACE_OF_LINEAR_EXTRUSION('',#1317,#1318);
#654=FACE_OUTER_BOUND('',#1319,.T.);
#655=SURFACE_OF_LINEAR_EXTRUSION('',#1320,#1321);
#656=FACE_OUTER_BOUND('',#1322,.T.);
#657=SURFACE_OF_LINEAR_EXTRUSION('',#1323,#1324);
#658=FACE_OUTER_BOUND('',#1325,.T.);
#659=SURFACE_OF_LINEAR_EXTRUSION('',#1326,#1327);
#660=FACE_OUTER_BOUND('',#1328,.T.);
#661=PLANE('',#1329);
#662=FACE_OUTER_BOUND('',#1330,.T.);
#663=PLANE('',#1331);
#664=FACE_OUTER_BOUND('',#1332,.T.);
#665=SURFACE_OF_LINEAR_EXTRUSION('',#1333,#1334);
#666=FACE_OUTER_BOUND('',#1335,.T.);
#667=SURFACE_OF_LINEAR_EXTRUSION('',#1336,#1337);
#668=FACE_OUTER_BOUND('',#1338,.T.);
#669=SURFACE_OF_LINEAR_EXTRUSION('',#1339,#1340);
#670=FACE_OUTER_BOUND('',#1341,.T.);
#671=SURFACE_OF_LINEAR_EXTRUSION('',#1342,#1343);
#672=FACE_OUTER_BOUND('',#1344,.T.);
#673=SURFACE_OF_LINEAR_EXTRUSION('',#1345,#1346);
#674=FACE_OUTER_BOUND('',#1347,.T.);
#675=SURFACE_OF_LINEAR_EXTRUSION('',#1348,#1349);
#676=FACE_OUTER_BOUND('',#1350,.T.);
#677=SURFACE_OF_LINEAR_EXTRUSION('',#1351,#1352);
#678=FACE_OUTER_BOUND('',#1353,.T.);
#679=SURFACE_OF_LINEAR_EXTRUSION('',#1354,#1355);
#680=FACE_OUTER_BOUND('',#1356,.T.);
#681=SURFACE_OF_LINEAR_EXTRUSION('',#1357,#1358);
#682=FACE_OUTER_BOUND('',#1359,.T.);
#683=SURFACE_OF_LINEAR_EXTRUSION('',#1360,#1361);
#684=FACE_OUTER_BOUND('',#1362,.T.);
#685=SURFACE_OF_LINEAR_EXTRUSION('',#1363,#1364);
#686=FACE_OUTER_BOUND('',#1365,.T.);
#687=SURFACE_OF_LINEAR_EXTRUSION('',#1366,#1367);
#688=FACE_OUTER_BOUND('',#1368,.T.);
#689=SURFACE_OF_LINEAR_EXTRUSION('',#1369,#1370);
#690=FACE_OUTER_BOUND('',#1371,.T.);
#691=SURFACE_OF_LINEAR_EXTRUSION('',#1372,#1373);
#692=FACE_OUTER_BOUND('',#1374,.T.);
#693=SURFACE_OF_LINEAR_EXTRUSION('',#1375,#1376);
#694=FACE_OUTER_BOUND('',#1377,.T.);
#695=SURFACE_OF_LINEAR_EXTRUSION('',#1378,#1379);
#696=FACE_OUTER_BOUND('',#1380,.T.);
#697=PLANE('',#1381);
#698=FACE_OUTER_BOUND('',#1382,.T.);
#699=PLANE('',#1383);
#700=FACE_OUTER_BOUND('',#1384,.T.);
#701=SURFACE_OF_LINEAR_EXTRUSION('',#1385,#1386);
#702=FACE_OUTER_BOUND('',#1387,.T.);
#703=SURFACE_OF_LINEAR_EXTRUSION('',#1388,#1389);
#704=FACE_OUTER_BOUND('',#1390,.T.);
#705=SURFACE_OF_LINEAR_EXTRUSION('',#1391,#1392);
#706=FACE_OUTER_BOUND('',#1393,.T.);
#707=SURFACE_OF_LINEAR_EXTRUSION('',#1394,#1395);
#708=FACE_OUTER_BOUND('',#1396,.T.);
#709=SURFACE_OF_LINEAR_EXTRUSION('',#1397,#1398);
#710=FACE_OUTER_BOUND('',#1399,.T.);
#711=SURFACE_OF_LINEAR_EXTRUSION('',#1400,#1401);
#712=FACE_OUTER_BOUND('',#1402,.T.);
#713=SURFACE_OF_LINEAR_EXTRUSION('',#1403,#1404);
#714=FACE_OUTER_BOUND('',#1405,.T.);
#715=SURFACE_OF_LINEAR_EXTRUSION('',#1406,#1407);
#716=FACE_OUTER_BOUND('',#1408,.T.);
#717=SURFACE_OF_LINEAR_EXTRUSION('',#1409,#1410);
#718=FACE_OUTER_BOUND('',#1411,.T.);
#719=SURFACE_OF_LINEAR_EXTRUSION('',#1412,#1413);
#720=FACE_OUTER_BOUND('',#1414,.T.);
#721=SURFACE_OF_LINEAR_EXTRUSION('',#1415,#1416);
#722=FACE_OUTER_BOUND('',#1417,.T.);
#723=SURFACE_OF_LINEAR_EXTRUSION('',#1418,#1419);
#724=FACE_OUTER_BOUND('',#1420,.T.);
#725=SURFACE_OF_LINEAR_EXTRUSION('',#1421,#1422);
#726=FACE_OUTER_BOUND('',#1423,.T.);
#727=SURFACE_OF_LINEAR_EXTRUSION('',#1424,#1425);
#728=FACE_OUTER_BOUND('',#1426,.T.);
#729=PLANE('',#1427);
#730=FACE_OUTER_BOUND('',#1428,.T.);
#731=PLANE('',#1429);
#732=FACE_OUTER_BOUND('',#1430,.T.);
#733=SURFACE_OF_LINEAR_EXTRUSION('',#1431,#1432);
#734=FACE_OUTER_BOUND('',#1433,.T.);
#735=CYLINDRICAL_SURFACE('',#1434,12.3269230769231);
#736=FACE_OUTER_BOUND('',#1435,.T.);
#737=CYLINDRICAL_SURFACE('',#1436,12.3269230769231);
#738=FACE_OUTER_BOUND('',#1437,.T.);
#739=PLANE('',#1438);
#740=FACE_OUTER_BOUND('',#1439,.T.);
#741=PLANE('',#1440);
#742=FACE_OUTER_BOUND('',#1441,.T.);
#743=PLANE('',#1442);
#744=FACE_OUTER_BOUND('',#1443,.T.);
#745=PLANE('',#1444);
#746=FACE_OUTER_BOUND('',#1445,.T.);
#747=PLANE('',#1446);
#748=FACE_OUTER_BOUND('',#1447,.T.);
#749=PLANE('',#1448);
#750=FACE_OUTER_BOUND('',#1449,.T.);
#751=PLANE('',#1450);
#752=FACE_OUTER_BOUND('',#1451,.T.);
#753=PLANE('',#1452);
#754=FACE_OUTER_BOUND('',#1453,.T.);
#755=PLANE('',#1454);
#756=FACE_OUTER_BOUND('',#1455,.T.);
#757=PLANE('',#1456);
#758=FACE_OUTER_BOUND('',#1457,.T.);
#759=PLANE('',#1458);
#760=FACE_OUTER_BOUND('',#1459,.T.);
#761=PLANE('',#1460);
#762=FACE_OUTER_BOUND('',#1461,.T.);
#763=PLANE('',#1462);
#764=FACE_OUTER_BOUND('',#1463,.T.);
#765=CYLINDRICAL_SURFACE('',#1464,12.3269230769231);
#766=FACE_OUTER_BOUND('',#1465,.T.);
#767=FACE_BOUND('',#1466,.T.);
#768=FACE_BOUND('',#1467,.T.);
#769=FACE_BOUND('',#1468,.T.);
#770=FACE_BOUND('',#1469,.T.);
#771=FACE_BOUND('',#1470,.T.);
#772=FACE_BOUND('',#1471,.T.);
#773=FACE_BOUND('',#1472,.T.);
#774=FACE_BOUND('',#1473,.T.);
#775=FACE_BOUND('',#1474,.T.);
#776=FACE_BOUND('',#1475,.T.);
#777=FACE_BOUND('',#1476,.T.);
#778=CYLINDRICAL_SURFACE('',#1477,12.5269230769231);
#779=FACE_OUTER_BOUND('',#1478,.T.);
#780=CYLINDRICAL_SURFACE('',#1479,12.5269230769231);
#781=FACE_OUTER_BOUND('',#1480,.T.);
#782=CYLINDRICAL_SURFACE('',#1481,12.5269230769231);
#783=FACE_OUTER_BOUND('',#1482,.T.);
#784=CYLINDRICAL_SURFACE('',#1483,12.5269230769231);
#785=FACE_OUTER_BOUND('',#1484,.T.);
#786=CYLINDRICAL_SURFACE('',#1485,12.5269230769231);
#787=FACE_OUTER_BOUND('',#1486,.T.);
#788=CYLINDRICAL_SURFACE('',#1487,12.5269230769231);
#789=FACE_OUTER_BOUND('',#1488,.T.);
#790=CYLINDRICAL_SURFACE('',#1489,12.5269230769231);
#791=FACE_BOUND('',#1490,.T.);
#792=FACE_OUTER_BOUND('',#1491,.T.);
#793=CYLINDRICAL_SURFACE('',#1492,14.1269230769231);
#794=FACE_OUTER_BOUND('',#1493,.T.);
#795=PLANE('',#1494);
#796=FACE_OUTER_BOUND('',#1495,.T.);
#797=PLANE('',#1496);
#798=FACE_OUTER_BOUND('',#1497,.T.);
#799=PLANE('',#1498);
#800=FACE_OUTER_BOUND('',#1499,.T.);
#801=PLANE('',#1500);
#802=FACE_OUTER_BOUND('',#1501,.T.);
#803=PLANE('',#1502);
#804=FACE_OUTER_BOUND('',#1503,.T.);
#805=SURFACE_OF_LINEAR_EXTRUSION('',#1504,#1505);
#806=FACE_OUTER_BOUND('',#1506,.T.);
#807=SURFACE_OF_LINEAR_EXTRUSION('',#1507,#1508);
#808=FACE_OUTER_BOUND('',#1509,.T.);
#809=PLANE('',#1510);
#810=FACE_OUTER_BOUND('',#1511,.T.);
#811=PLANE('',#1512);
#812=FACE_OUTER_BOUND('',#1513,.T.);
#813=PLANE('',#1514);
#814=FACE_OUTER_BOUND('',#1515,.T.);
#815=PLANE('',#1516);
#816=FACE_OUTER_BOUND('',#1517,.T.);
#817=PLANE('',#1518);
#818=FACE_OUTER_BOUND('',#1519,.T.);
#819=SURFACE_OF_LINEAR_EXTRUSION('',#1520,#1521);
#820=FACE_OUTER_BOUND('',#1522,.T.);
#821=SURFACE_OF_LINEAR_EXTRUSION('',#1523,#1524);
#822=FACE_OUTER_BOUND('',#1525,.T.);
#823=PLANE('',#1526);
#824=FACE_OUTER_BOUND('',#1527,.T.);
#825=PLANE('',#1528);
#826=FACE_OUTER_BOUND('',#1529,.T.);
#827=PLANE('',#1530);
#828=FACE_OUTER_BOUND('',#1531,.T.);
#829=PLANE('',#1532);
#830=FACE_OUTER_BOUND('',#1533,.T.);
#831=PLANE('',#1534);
#832=FACE_OUTER_BOUND('',#1535,.T.);
#833=FACE_BOUND('',#1536,.T.);
#834=CYLINDRICAL_SURFACE('',#1537,14.3269230769231);
#835=FACE_OUTER_BOUND('',#1538,.T.);
#836=SPHERICAL_SURFACE('',#1539,0.5);
#837=FACE_OUTER_BOUND('',#1540,.T.);
#838=SPHERICAL_SURFACE('',#1541,0.5);
#839=FACE_OUTER_BOUND('',#1542,.T.);
#840=TOROIDAL_SURFACE('',#1543,13.8269230769231,0.5);
#841=FACE_OUTER_BOUND('',#1544,.T.);
#842=CYLINDRICAL_SURFACE('',#1545,0.5);
#843=FACE_OUTER_BOUND('',#1546,.T.);
#844=CYLINDRICAL_SURFACE('',#1547,0.5);
#845=FACE_OUTER_BOUND('',#1548,.T.);
#846=CYLINDRICAL_SURFACE('',#1549,0.5);
#847=FACE_OUTER_BOUND('',#1550,.T.);
#848=CYLINDRICAL_SURFACE('',#1551,0.5);
#849=FACE_OUTER_BOUND('',#1552,.T.);
#850=CYLINDRICAL_SURFACE('',#1553,0.5);
#851=FACE_OUTER_BOUND('',#1554,.T.);
#852=TOROIDAL_SURFACE('',#1555,13.8269230769231,0.5);
#853=FACE_OUTER_BOUND('',#1556,.T.);
#854=CYLINDRICAL_SURFACE('',#1557,14.3269230769231);
#855=FACE_OUTER_BOUND('',#1558,.T.);
#856=PLANE('',#1559);
#857=FACE_OUTER_BOUND('',#1560,.T.);
#858=PLANE('',#1561);
#859=FACE_OUTER_BOUND('',#1562,.T.);
#860=PLANE('',#1563);
#861=FACE_OUTER_BOUND('',#1564,.T.);
#862=CONICAL_SURFACE('',#1565,3.5,1.27933953231703);
#863=FACE_OUTER_BOUND('',#1566,.T.);
#864=CYLINDRICAL_SURFACE('',#1567,4.0);
#865=FACE_OUTER_BOUND('',#1568,.T.);
#866=PLANE('',#1569);
#867=FACE_OUTER_BOUND('',#1570,.T.);
#868=PLANE('',#1571);
#869=FACE_OUTER_BOUND('',#1572,.T.);
#870=CONICAL_SURFACE('',#1573,3.5,0.463647609000806);
#871=FACE_OUTER_BOUND('',#1574,.T.);
#872=PLANE('',#1575);
#873=FACE_OUTER_BOUND('',#1576,.T.);
#874=PLANE('',#1577);
#875=FACE_OUTER_BOUND('',#1578,.T.);
#876=PLANE('',#1579);
#877=FACE_OUTER_BOUND('',#1580,.T.);
#878=PLANE('',#1581);
#879=FACE_OUTER_BOUND('',#1582,.T.);
#880=PLANE('',#1583);
#881=FACE_OUTER_BOUND('',#1584,.T.);
#882=PLANE('',#1585);
#883=FACE_OUTER_BOUND('',#1586,.T.);
#884=PLANE('',#1587);
#885=FACE_OUTER_BOUND('',#1588,.T.);
#886=CYLINDRICAL_SURFACE('',#1589,3.0);
#887=FACE_OUTER_BOUND('',#1590,.T.);
#888=CONICAL_SURFACE('',#1591,3.5,1.27933953231703);
#889=FACE_OUTER_BOUND('',#1592,.T.);
#890=CYLINDRICAL_SURFACE('',#1593,4.0);
#891=FACE_OUTER_BOUND('',#1594,.T.);
#892=PLANE('',#1595);
#893=FACE_OUTER_BOUND('',#1596,.T.);
#894=PLANE('',#1597);
#895=FACE_OUTER_BOUND('',#1598,.T.);
#896=PLANE('',#1599);
#897=FACE_OUTER_BOUND('',#1600,.T.);
#898=PLANE('',#1601);
#899=FACE_OUTER_BOUND('',#1602,.T.);
#900=CONICAL_SURFACE('',#1603,12.5769230769231,0.785398163397448);
#901=FACE_OUTER_BOUND('',#1604,.T.);
#902=PLANE('',#1605);
#903=FACE_OUTER_BOUND('',#1606,.T.);
#904=PLANE('',#1607);
#905=FACE_OUTER_BOUND('',#1608,.T.);
#906=FACE_BOUND('',#1609,.T.);
#907=CYLINDRICAL_SURFACE('',#1610,12.8269230769231);
#908=FACE_OUTER_BOUND('',#1611,.T.);
#909=CONICAL_SURFACE('',#1612,12.5769230769231,0.785398163397451);
#910=FACE_OUTER_BOUND('',#1613,.T.);
#911=PLANE('',#1614);
#912=FACE_OUTER_BOUND('',#1615,.T.);
#913=PLANE('',#1616);
#914=FACE_OUTER_BOUND('',#1617,.T.);
#915=CONICAL_SURFACE('',#1618,12.5769230769231,0.785398163397449);
#916=FACE_OUTER_BOUND('',#1619,.T.);
#917=PLANE('',#1620);
#918=FACE_OUTER_BOUND('',#1621,.T.);
#919=CONICAL_SURFACE('',#1622,12.5769230769231,0.785398163397449);
#920=FACE_OUTER_BOUND('',#1623,.T.);
#921=PLANE('',#1624);
#922=FACE_OUTER_BOUND('',#1625,.T.);
#923=PLANE('',#1626);
#924=FACE_OUTER_BOUND('',#1627,.T.);
#925=FACE_BOUND('',#1628,.T.);
#926=CYLINDRICAL_SURFACE('',#1629,12.8269230769231);
#927=FACE_OUTER_BOUND('',#1630,.T.);
#928=CONICAL_SURFACE('',#1631,3.5,0.463647609000806);
#929=FACE_OUTER_BOUND('',#1632,.T.);
#930=PLANE('',#1633);
#931=FACE_OUTER_BOUND('',#1634,.T.);
#932=PLANE('',#1635);
#933=FACE_OUTER_BOUND('',#1636,.T.);
#934=CYLINDRICAL_SURFACE('',#1637,12.3269230769231);
#935=FACE_OUTER_BOUND('',#1638,.T.);
#936=PLANE('',#1639);
#937=FACE_OUTER_BOUND('',#1640,.T.);
#938=PLANE('',#1641);
#939=FACE_OUTER_BOUND('',#1642,.T.);
#940=PLANE('',#1643);
#941=FACE_OUTER_BOUND('',#1644,.T.);
#942=PLANE('',#1645);
#943=FACE_OUTER_BOUND('',#1646,.T.);
#944=CYLINDRICAL_SURFACE('',#1647,3.0);
#945=FACE_OUTER_BOUND('',#1648,.T.);
#946=PLANE('',#1649);
#947=FACE_OUTER_BOUND('',#1650,.T.);
#948=PLANE('',#1651);
#949=FACE_OUTER_BOUND('',#1652,.T.);
#950=PLANE('',#1653);
#951=SURFACE_STYLE_FILL_AREA(#1654);
#953=EDGE_LOOP('',(#1655,#1656,#1657,#1658));
#954=AXIS2_PLACEMENT_3D('',#1659,#1660,#1661);
#955=EDGE_LOOP('',(#1662,#1663,#1664,#1665));
#956=AXIS2_PLACEMENT_3D('',#1666,#1667,#1668);
#957=EDGE_LOOP('',(#1669,#1670,#1671,#1672));
#958=AXIS2_PLACEMENT_3D('',#1673,#1674,#1675);
#959=EDGE_LOOP('',(#1676,#1677,#1678,#1679));
#960=AXIS2_PLACEMENT_3D('',#1680,#1681,#1682);
#961=EDGE_LOOP('',(#1683,#1684,#1685,#1686));
#962=AXIS2_PLACEMENT_3D('',#1687,#1688,#1689);
#963=EDGE_LOOP('',(#1690,#1691,#1692,#1693,#1694,#1695));
#964=AXIS2_PLACEMENT_3D('',#1696,#1697,#1698);
#965=EDGE_LOOP('',(#1699,#1700,#1701,#1702));
#966=AXIS2_PLACEMENT_3D('',#1703,#1704,#1705);
#967=EDGE_LOOP('',(#1706,#1707,#1708,#1709,#1710,#1711));
#968=AXIS2_PLACEMENT_3D('',#1712,#1713,#1714);
#969=EDGE_LOOP('',(#1715,#1716,#1717,#1718));
#970=AXIS2_PLACEMENT_3D('',#1719,#1720,#1721);
#971=EDGE_LOOP('',(#1722,#1723,#1724,#1725,#1726,#1727,#1728));
#972=EDGE_LOOP('',(#1729,#1730,#1731,#1732,#1733,#1734,#1735,#1736,#1737,#1738,#1739,#1740,#1741,#1742));
#973=AXIS2_PLACEMENT_3D('',#1743,#1744,#1745);
#974=EDGE_LOOP('',(#1746,#1747,#1748,#1749));
#975=B_SPLINE_CURVE_WITH_KNOTS('',2,(#1750,#1751,#1752,#1753),.UNSPECIFIED.,.F.,.F.,(3,1,3),(-2.0,-1.0,-0.0),.UNSPECIFIED.);
#976=VECTOR('',#1754,1.0);
#977=EDGE_LOOP('',(#1755,#1756,#1757,#1758));
#978=B_SPLINE_CURVE_WITH_KNOTS('',2,(#1759,#1760,#1761,#1762),.UNSPECIFIED.,.F.,.F.,(3,1,3),(-2.0,-1.0,-0.0),.UNSPECIFIED.);
#979=VECTOR('',#1763,1.0);
#980=EDGE_LOOP('',(#1764,#1765,#1766,#1767));
#981=B_SPLINE_CURVE_WITH_KNOTS('',2,(#1768,#1769,#1770,#1771),.UNSPECIFIED.,.F.,.F.,(3,1,3),(-2.0,-1.0,-0.0),.UNSPECIFIED.);
#982=VECTOR('',#1772,1.0);
#983=EDGE_LOOP('',(#1773,#1774,#1775,#1776));
#984=B_SPLINE_CURVE_WITH_KNOTS('',2,(#1777,#1778,#1779,#1780),.UNSPECIFIED.,.F.,.F.,(3,1,3),(-2.0,-1.0,-0.0),.UNSPECIFIED.);
#985=VECTOR('',#1781,1.0);
#986=EDGE_LOOP('',(#1782,#1783,#1784,#1785));
#987=AXIS2_PLACEMENT_3D('',#1786,#1787,#1788);
#988=EDGE_LOOP('',(#1789,#1790,#1791,#1792));
#989=AXIS2_PLACEMENT_3D('',#1793,#1794,#1795);
#990=EDGE_LOOP('',(#1796,#1797,#1798,#1799));
#991=B_SPLINE_CURVE_WITH_KNOTS('',2,(#1800,#1801,#1802,#1803),.UNSPECIFIED.,.F.,.F.,(3,1,3),(0.0,1.0,2.0),.UNSPECIFIED.);
#992=VECTOR('',#1804,1.0);
#993=EDGE_LOOP('',(#1805,#1806,#1807,#1808));
#994=B_SPLINE_CURVE_WITH_KNOTS('',2,(#1809,#1810,#1811,#1812),.UNSPECIFIED.,.F.,.F.,(3,1,3),(0.0,1.0,2.0),.UNSPECIFIED.);
#995=VECTOR('',#1813,1.0);
#996=EDGE_LOOP('',(#1814,#1815,#1816,#1817));
#997=B_SPLINE_CURVE_WITH_KNOTS('',2,(#1818,#1819,#1820,#1821),.UNSPECIFIED.,.F.,.F.,(3,1,3),(0.0,1.0,2.0),.UNSPECIFIED.);
#998=VECTOR('',#1822,1.0);
#999=EDGE_LOOP('',(#1823,#1824,#1825,#1826));
#1000=B_SPLINE_CURVE_WITH_KNOTS('',2,(#1827,#1828,#1829,#1830),.UNSPECIFIED.,.F.,.F.,(3,1,3),(0.0,1.0,2.0),.UNSPECIFIED.);
#1001=VECTOR('',#1831,1.0);
#1002=EDGE_LOOP('',(#1832,#1833,#1834,#1835));
#1003=B_SPLINE_CURVE_WITH_KNOTS('',2,(#1836,#1837,#1838,#1839),.UNSPECIFIED.,.F.,.F.,(3,1,3),(0.0,1.0,2.0),.UNSPECIFIED.);
#1004=VECTOR('',#1840,1.0);
#1005=EDGE_LOOP('',(#1841,#1842,#1843,#1844));
#1006=B_SPLINE_CURVE_WITH_KNOTS('',2,(#1845,#1846,#1847,#1848),.UNSPECIFIED.,.F.,.F.,(3,1,3),(-2.0,-1.0,-0.0),.UNSPECIFIED.);
#1007=VECTOR('',#1849,1.0);
#1008=EDGE_LOOP('',(#1850,#1851,#1852,#1853));
#1009=B_SPLINE_CURVE_WITH_KNOTS('',2,(#1854,#1855,#1856,#1857),.UNSPECIFIED.,.F.,.F.,(3,1,3),(-2.0,-1.0,-0.0),.UNSPECIFIED.);
#1010=VECTOR('',#1858,1.0);
#1011=EDGE_LOOP('',(#1859,#1860,#1861,#1862));
#1012=B_SPLINE_CURVE_WITH_KNOTS('',2,(#1863,#1864,#1865,#1866),.UNSPECIFIED.,.F.,.F.,(3,1,3),(-2.0,-1.0,-0.0),.UNSPECIFIED.);
#1013=VECTOR('',#1867,1.0);
#1014=EDGE_LOOP('',(#1868,#1869,#1870,#1871));
#1015=B_SPLINE_CURVE_WITH_KNOTS('',2,(#1872,#1873,#1874,#1875),.UNSPECIFIED.,.F.,.F.,(3,1,3),(0.0,1.0,2.0),.UNSPECIFIED.);
#1016=VECTOR('',#1876,1.0);
#1017=EDGE_LOOP('',(#1877,#1878,#1879,#1880));
#1018=B_SPLINE_CURVE_WITH_KNOTS('',2,(#1881,#1882,#1883,#1884),.UNSPECIFIED.,.F.,.F.,(3,1,3),(0.0,1.0,2.0),.UNSPECIFIED.);
#1019=VECTOR('',#1885,1.0);
#1020=EDGE_LOOP('',(#1886,#1887,#1888,#1889));
#1021=B_SPLINE_CURVE_WITH_KNOTS('',2,(#1890,#1891,#1892,#1893),.UNSPECIFIED.,.F.,.F.,(3,1,3),(0.0,1.0,2.0),.UNSPECIFIED.);
#1022=VECTOR('',#1894,1.0);
#1023=EDGE_LOOP('',(#1895,#1896,#1897,#1898));
#1024=B_SPLINE_CURVE_WITH_KNOTS('',2,(#1899,#1900,#1901,#1902),.UNSPECIFIED.,.F.,.F.,(3,1,3),(0.0,1.0,2.0),.UNSPECIFIED.);
#1025=VECTOR('',#1903,1.0);
#1026=EDGE_LOOP('',(#1904,#1905,#1906,#1907));
#1027=B_SPLINE_CURVE_WITH_KNOTS('',2,(#1908,#1909,#1910,#1911),.UNSPECIFIED.,.F.,.F.,(3,1,3),(0.0,1.0,2.0),.UNSPECIFIED.);
#1028=VECTOR('',#1912,1.0);
#1029=EDGE_LOOP('',(#1913,#1914,#1915,#1916));
#1030=B_SPLINE_CURVE_WITH_KNOTS('',2,(#1917,#1918,#1919,#1920),.UNSPECIFIED.,.F.,.F.,(3,1,3),(0.0,1.0,2.0),.UNSPECIFIED.);
#1031=VECTOR('',#1921,1.0);
#1032=EDGE_LOOP('',(#1922,#1923,#1924,#1925));
#1033=B_SPLINE_CURVE_WITH_KNOTS('',2,(#1926,#1927,#1928,#1929),.UNSPECIFIED.,.F.,.F.,(3,1,3),(0.0,1.0,2.0),.UNSPECIFIED.);
#1034=VECTOR('',#1930,1.0);
#1035=EDGE_LOOP('',(#1931,#1932,#1933,#1934,#1935,#1936,#1937,#1938,#1939,#1940,#1941));
#1036=EDGE_LOOP('',(#1942,#1943,#1944,#1945,#1946));
#1037=EDGE_LOOP('',(#1947,#1948,#1949,#1950,#1951));
#1038=AXIS2_PLACEMENT_3D('',#1952,#1953,#1954);
#1039=EDGE_LOOP('',(#1955,#1956,#1957,#1958));
#1040=B_SPLINE_CURVE_WITH_KNOTS('',2,(#1959,#1960,#1961,#1962),.UNSPECIFIED.,.F.,.F.,(3,1,3),(-2.0,-1.0,-0.0),.UNSPECIFIED.);
#1041=VECTOR('',#1963,1.0);
#1042=EDGE_LOOP('',(#1964,#1965,#1966,#1967));
#1043=B_SPLINE_CURVE_WITH_KNOTS('',2,(#1968,#1969,#1970,#1971),.UNSPECIFIED.,.F.,.F.,(3,1,3),(-2.0,-1.0,-0.0),.UNSPECIFIED.);
#1044=VECTOR('',#1972,1.0);
#1045=EDGE_LOOP('',(#1973,#1974,#1975,#1976));
#1046=B_SPLINE_CURVE_WITH_KNOTS('',2,(#1977,#1978,#1979,#1980),.UNSPECIFIED.,.F.,.F.,(3,1,3),(-2.0,-1.0,-0.0),.UNSPECIFIED.);
#1047=VECTOR('',#1981,1.0);
#1048=EDGE_LOOP('',(#1982,#1983,#1984,#1985));
#1049=B_SPLINE_CURVE_WITH_KNOTS('',2,(#1986,#1987,#1988,#1989),.UNSPECIFIED.,.F.,.F.,(3,1,3),(-2.0,-1.0,-0.0),.UNSPECIFIED.);
#1050=VECTOR('',#1990,1.0);
#1051=EDGE_LOOP('',(#1991,#1992,#1993,#1994));
#1052=B_SPLINE_CURVE_WITH_KNOTS('',2,(#1995,#1996,#1997,#1998),.UNSPECIFIED.,.F.,.F.,(3,1,3),(-2.0,-1.0,-0.0),.UNSPECIFIED.);
#1053=VECTOR('',#1999,1.0);
#1054=EDGE_LOOP('',(#2000,#2001,#2002,#2003));
#1055=B_SPLINE_CURVE_WITH_KNOTS('',2,(#2004,#2005,#2006,#2007),.UNSPECIFIED.,.F.,.F.,(3,1,3),(-2.0,-1.0,-0.0),.UNSPECIFIED.);
#1056=VECTOR('',#2008,1.0);
#1057=EDGE_LOOP('',(#2009,#2010,#2011,#2012));
#1058=B_SPLINE_CURVE_WITH_KNOTS('',2,(#2013,#2014,#2015,#2016),.UNSPECIFIED.,.F.,.F.,(3,1,3),(0.0,1.0,2.0),.UNSPECIFIED.);
#1059=VECTOR('',#2017,1.0);
#1060=EDGE_LOOP('',(#2018,#2019,#2020,#2021));
#1061=B_SPLINE_CURVE_WITH_KNOTS('',2,(#2022,#2023,#2024,#2025),.UNSPECIFIED.,.F.,.F.,(3,1,3),(0.0,1.0,2.0),.UNSPECIFIED.);
#1062=VECTOR('',#2026,1.0);
#1063=EDGE_LOOP('',(#2027,#2028,#2029,#2030));
#1064=B_SPLINE_CURVE_WITH_KNOTS('',2,(#2031,#2032,#2033,#2034),.UNSPECIFIED.,.F.,.F.,(3,1,3),(0.0,1.0,2.0),.UNSPECIFIED.);
#1065=VECTOR('',#2035,1.0);
#1066=EDGE_LOOP('',(#2036,#2037,#2038,#2039));
#1067=AXIS2_PLACEMENT_3D('',#2040,#2041,#2042);
#1068=EDGE_LOOP('',(#2043,#2044,#2045,#2046));
#1069=B_SPLINE_CURVE_WITH_KNOTS('',2,(#2047,#2048,#2049,#2050),.UNSPECIFIED.,.F.,.F.,(3,1,3),(0.0,1.0,2.0),.UNSPECIFIED.);
#1070=VECTOR('',#2051,1.0);
#1071=EDGE_LOOP('',(#2052,#2053,#2054,#2055));
#1072=B_SPLINE_CURVE_WITH_KNOTS('',2,(#2056,#2057,#2058,#2059),.UNSPECIFIED.,.F.,.F.,(3,1,3),(0.0,1.0,2.0),.UNSPECIFIED.);
#1073=VECTOR('',#2060,1.0);
#1074=EDGE_LOOP('',(#2061,#2062,#2063,#2064));
#1075=B_SPLINE_CURVE_WITH_KNOTS('',2,(#2065,#2066,#2067,#2068),.UNSPECIFIED.,.F.,.F.,(3,1,3),(-2.0,-1.0,-0.0),.UNSPECIFIED.);
#1076=VECTOR('',#2069,1.0);
#1077=EDGE_LOOP('',(#2070,#2071,#2072,#2073));
#1078=B_SPLINE_CURVE_WITH_KNOTS('',2,(#2074,#2075,#2076,#2077),.UNSPECIFIED.,.F.,.F.,(3,1,3),(-2.0,-1.0,-0.0),.UNSPECIFIED.);
#1079=VECTOR('',#2078,1.0);
#1080=EDGE_LOOP('',(#2079,#2080,#2081,#2082));
#1081=B_SPLINE_CURVE_WITH_KNOTS('',2,(#2083,#2084,#2085,#2086),.UNSPECIFIED.,.F.,.F.,(3,1,3),(-2.0,-1.0,-0.0),.UNSPECIFIED.);
#1082=VECTOR('',#2087,1.0);
#1083=EDGE_LOOP('',(#2088,#2089,#2090,#2091));
#1084=B_SPLINE_CURVE_WITH_KNOTS('',2,(#2092,#2093,#2094,#2095),.UNSPECIFIED.,.F.,.F.,(3,1,3),(-2.0,-1.0,-0.0),.UNSPECIFIED.);
#1085=VECTOR('',#2096,1.0);
#1086=EDGE_LOOP('',(#2097,#2098,#2099,#2100));
#1087=B_SPLINE_CURVE_WITH_KNOTS('',2,(#2101,#2102,#2103,#2104),.UNSPECIFIED.,.F.,.F.,(3,1,3),(0.0,1.0,2.0),.UNSPECIFIED.);
#1088=VECTOR('',#2105,1.0);
#1089=EDGE_LOOP('',(#2106,#2107,#2108,#2109));
#1090=AXIS2_PLACEMENT_3D('',#2110,#2111,#2112);
#1091=EDGE_LOOP('',(#2113,#2114,#2115,#2116));
#1092=B_SPLINE_CURVE_WITH_KNOTS('',2,(#2117,#2118,#2119,#2120),.UNSPECIFIED.,.F.,.F.,(3,1,3),(0.0,1.0,2.0),.UNSPECIFIED.);
#1093=VECTOR('',#2121,1.0);
#1094=EDGE_LOOP('',(#2122,#2123,#2124,#2125));
#1095=B_SPLINE_CURVE_WITH_KNOTS('',2,(#2126,#2127,#2128,#2129),.UNSPECIFIED.,.F.,.F.,(3,1,3),(0.0,1.0,2.0),.UNSPECIFIED.);
#1096=VECTOR('',#2130,1.0);
#1097=EDGE_LOOP('',(#2131,#2132,#2133,#2134));
#1098=B_SPLINE_CURVE_WITH_KNOTS('',2,(#2135,#2136,#2137,#2138),.UNSPECIFIED.,.F.,.F.,(3,1,3),(0.0,1.0,2.0),.UNSPECIFIED.);
#1099=VECTOR('',#2139,1.0);
#1100=EDGE_LOOP('',(#2140,#2141,#2142,#2143));
#1101=B_SPLINE_CURVE_WITH_KNOTS('',2,(#2144,#2145,#2146,#2147),.UNSPECIFIED.,.F.,.F.,(3,1,3),(0.0,1.0,2.0),.UNSPECIFIED.);
#1102=VECTOR('',#2148,1.0);
#1103=EDGE_LOOP('',(#2149,#2150,#2151,#2152));
#1104=B_SPLINE_CURVE_WITH_KNOTS('',2,(#2153,#2154,#2155,#2156),.UNSPECIFIED.,.F.,.F.,(3,1,3),(0.0,1.0,2.0),.UNSPECIFIED.);
#1105=VECTOR('',#2157,1.0);
#1106=EDGE_LOOP('',(#2158,#2159,#2160,#2161));
#1107=AXIS2_PLACEMENT_3D('',#2162,#2163,#2164);
#1108=EDGE_LOOP('',(#2165,#2166,#2167,#2168));
#1109=AXIS2_PLACEMENT_3D('',#2169,#2170,#2171);
#1110=EDGE_LOOP('',(#2172,#2173,#2174,#2175));
#1111=B_SPLINE_CURVE_WITH_KNOTS('',2,(#2176,#2177,#2178,#2179),.UNSPECIFIED.,.F.,.F.,(3,1,3),(0.0,1.0,2.0),.UNSPECIFIED.);
#1112=VECTOR('',#2180,1.0);
#1113=EDGE_LOOP('',(#2181,#2182,#2183,#2184));
#1114=B_SPLINE_CURVE_WITH_KNOTS('',2,(#2185,#2186,#2187,#2188),.UNSPECIFIED.,.F.,.F.,(3,1,3),(0.0,1.0,2.0),.UNSPECIFIED.);
#1115=VECTOR('',#2189,1.0);
#1116=EDGE_LOOP('',(#2190,#2191,#2192,#2193));
#1117=B_SPLINE_CURVE_WITH_KNOTS('',2,(#2194,#2195,#2196,#2197),.UNSPECIFIED.,.F.,.F.,(3,1,3),(0.0,1.0,2.0),.UNSPECIFIED.);
#1118=VECTOR('',#2198,1.0);
#1119=EDGE_LOOP('',(#2199,#2200,#2201,#2202));
#1120=B_SPLINE_CURVE_WITH_KNOTS('',2,(#2203,#2204,#2205,#2206),.UNSPECIFIED.,.F.,.F.,(3,1,3),(0.0,1.0,2.0),.UNSPECIFIED.);
#1121=VECTOR('',#2207,1.0);
#1122=EDGE_LOOP('',(#2208,#2209,#2210,#2211));
#1123=AXIS2_PLACEMENT_3D('',#2212,#2213,#2214);
#1124=EDGE_LOOP('',(#2215,#2216,#2217,#2218));
#1125=B_SPLINE_CURVE_WITH_KNOTS('',2,(#2219,#2220,#2221,#2222),.UNSPECIFIED.,.F.,.F.,(3,1,3),(0.0,1.0,2.0),.UNSPECIFIED.);
#1126=VECTOR('',#2223,1.0);
#1127=EDGE_LOOP('',(#2224,#2225,#2226,#2227));
#1128=B_SPLINE_CURVE_WITH_KNOTS('',2,(#2228,#2229,#2230,#2231),.UNSPECIFIED.,.F.,.F.,(3,1,3),(0.0,1.0,2.0),.UNSPECIFIED.);
#1129=VECTOR('',#2232,1.0);
#1130=EDGE_LOOP('',(#2233,#2234,#2235,#2236));
#1131=B_SPLINE_CURVE_WITH_KNOTS('',2,(#2237,#2238,#2239,#2240),.UNSPECIFIED.,.F.,.F.,(3,1,3),(0.0,1.0,2.0),.UNSPECIFIED.);
#1132=VECTOR('',#2241,1.0);
#1133=EDGE_LOOP('',(#2242,#2243,#2244,#2245));
#1134=B_SPLINE_CURVE_WITH_KNOTS('',2,(#2246,#2247,#2248,#2249),.UNSPECIFIED.,.F.,.F.,(3,1,3),(0.0,1.0,2.0),.UNSPECIFIED.);
#1135=VECTOR('',#2250,1.0);
#1136=EDGE_LOOP('',(#2251,#2252,#2253,#2254));
#1137=B_SPLINE_CURVE_WITH_KNOTS('',2,(#2255,#2256,#2257,#2258),.UNSPECIFIED.,.F.,.F.,(3,1,3),(0.0,1.0,2.0),.UNSPECIFIED.);
#1138=VECTOR('',#2259,1.0);
#1139=EDGE_LOOP('',(#2260,#2261,#2262,#2263));
#1140=B_SPLINE_CURVE_WITH_KNOTS('',2,(#2264,#2265,#2266,#2267),.UNSPECIFIED.,.F.,.F.,(3,1,3),(0.0,1.0,2.0),.UNSPECIFIED.);
#1141=VECTOR('',#2268,1.0);
#1142=EDGE_LOOP('',(#2269,#2270,#2271,#2272));
#1143=B_SPLINE_CURVE_WITH_KNOTS('',2,(#2273,#2274,#2275,#2276),.UNSPECIFIED.,.F.,.F.,(3,1,3),(0.0,1.0,2.0),.UNSPECIFIED.);
#1144=VECTOR('',#2277,1.0);
#1145=EDGE_LOOP('',(#2278,#2279,#2280,#2281));
#1146=AXIS2_PLACEMENT_3D('',#2282,#2283,#2284);
#1147=EDGE_LOOP('',(#2285,#2286,#2287,#2288));
#1148=AXIS2_PLACEMENT_3D('',#2289,#2290,#2291);
#1149=EDGE_LOOP('',(#2292,#2293,#2294,#2295));
#1150=AXIS2_PLACEMENT_3D('',#2296,#2297,#2298);
#1151=EDGE_LOOP('',(#2299,#2300,#2301,#2302));
#1152=B_SPLINE_CURVE_WITH_KNOTS('',2,(#2303,#2304,#2305,#2306),.UNSPECIFIED.,.F.,.F.,(3,1,3),(0.0,1.0,2.0),.UNSPECIFIED.);
#1153=VECTOR('',#2307,1.0);
#1154=EDGE_LOOP('',(#2308,#2309,#2310,#2311));
#1155=B_SPLINE_CURVE_WITH_KNOTS('',2,(#2312,#2313,#2314,#2315),.UNSPECIFIED.,.F.,.F.,(3,1,3),(0.0,1.0,2.0),.UNSPECIFIED.);
#1156=VECTOR('',#2316,1.0);
#1157=EDGE_LOOP('',(#2317,#2318,#2319,#2320));
#1158=B_SPLINE_CURVE_WITH_KNOTS('',2,(#2321,#2322,#2323,#2324),.UNSPECIFIED.,.F.,.F.,(3,1,3),(0.0,1.0,2.0),.UNSPECIFIED.);
#1159=VECTOR('',#2325,1.0);
#1160=EDGE_LOOP('',(#2326,#2327,#2328,#2329));
#1161=B_SPLINE_CURVE_WITH_KNOTS('',2,(#2330,#2331,#2332,#2333),.UNSPECIFIED.,.F.,.F.,(3,1,3),(0.0,1.0,2.0),.UNSPECIFIED.);
#1162=VECTOR('',#2334,1.0);
#1163=EDGE_LOOP('',(#2335,#2336,#2337,#2338));
#1164=B_SPLINE_CURVE_WITH_KNOTS('',2,(#2339,#2340,#2341,#2342),.UNSPECIFIED.,.F.,.F.,(3,1,3),(0.0,1.0,2.0),.UNSPECIFIED.);
#1165=VECTOR('',#2343,1.0);
#1166=EDGE_LOOP('',(#2344,#2345,#2346,#2347));
#1167=AXIS2_PLACEMENT_3D('',#2348,#2349,#2350);
#1168=EDGE_LOOP('',(#2351,#2352,#2353,#2354));
#1169=AXIS2_PLACEMENT_3D('',#2355,#2356,#2357);
#1170=EDGE_LOOP('',(#2358,#2359,#2360,#2361));
#1171=B_SPLINE_CURVE_WITH_KNOTS('',2,(#2362,#2363,#2364,#2365),.UNSPECIFIED.,.F.,.F.,(3,1,3),(0.0,1.0,2.0),.UNSPECIFIED.);
#1172=VECTOR('',#2366,1.0);
#1173=EDGE_LOOP('',(#2367,#2368,#2369,#2370,#2371,#2372,#2373,#2374,#2375,#2376,#2377,#2378,#2379,#2380,#2381,#2382,#2383,#2384,#2385,#2386,#2387,#2388,#2389,#2390,#2391,#2392,#2393));
#1174=AXIS2_PLACEMENT_3D('',#2394,#2395,#2396);
#1175=EDGE_LOOP('',(#2397,#2398,#2399,#2400,#2401,#2402,#2403));
#1176=EDGE_LOOP('',(#2404,#2405,#2406,#2407,#2408,#2409,#2410,#2411,#2412,#2413,#2414,#2415,#2416,#2417));
#1177=AXIS2_PLACEMENT_3D('',#2418,#2419,#2420);
#1178=EDGE_LOOP('',(#2421,#2422,#2423,#2424));
#1179=B_SPLINE_CURVE_WITH_KNOTS('',2,(#2425,#2426,#2427,#2428),.UNSPECIFIED.,.F.,.F.,(3,1,3),(-2.0,-1.0,-0.0),.UNSPECIFIED.);
#1180=VECTOR('',#2429,1.0);
#1181=EDGE_LOOP('',(#2430,#2431,#2432,#2433));
#1182=B_SPLINE_CURVE_WITH_KNOTS('',2,(#2434,#2435,#2436,#2437),.UNSPECIFIED.,.F.,.F.,(3,1,3),(-2.0,-1.0,-0.0),.UNSPECIFIED.);
#1183=VECTOR('',#2438,1.0);
#1184=EDGE_LOOP('',(#2439,#2440,#2441,#2442));
#1185=B_SPLINE_CURVE_WITH_KNOTS('',2,(#2443,#2444,#2445,#2446),.UNSPECIFIED.,.F.,.F.,(3,1,3),(-2.0,-1.0,-0.0),.UNSPECIFIED.);
#1186=VECTOR('',#2447,1.0);
#1187=EDGE_LOOP('',(#2448,#2449,#2450,#2451));
#1188=B_SPLINE_CURVE_WITH_KNOTS('',2,(#2452,#2453,#2454,#2455),.UNSPECIFIED.,.F.,.F.,(3,1,3),(-2.0,-1.0,-0.0),.UNSPECIFIED.);
#1189=VECTOR('',#2456,1.0);
#1190=EDGE_LOOP('',(#2457,#2458,#2459,#2460));
#1191=AXIS2_PLACEMENT_3D('',#2461,#2462,#2463);
#1192=EDGE_LOOP('',(#2464,#2465,#2466,#2467));
#1193=AXIS2_PLACEMENT_3D('',#2468,#2469,#2470);
#1194=EDGE_LOOP('',(#2471,#2472,#2473,#2474));
#1195=B_SPLINE_CURVE_WITH_KNOTS('',2,(#2475,#2476,#2477,#2478),.UNSPECIFIED.,.F.,.F.,(3,1,3),(0.0,1.0,2.0),.UNSPECIFIED.);
#1196=VECTOR('',#2479,1.0);
#1197=EDGE_LOOP('',(#2480,#2481,#2482,#2483));
#1198=B_SPLINE_CURVE_WITH_KNOTS('',2,(#2484,#2485,#2486,#2487),.UNSPECIFIED.,.F.,.F.,(3,1,3),(0.0,1.0,2.0),.UNSPECIFIED.);
#1199=VECTOR('',#2488,1.0);
#1200=EDGE_LOOP('',(#2489,#2490,#2491,#2492));
#1201=B_SPLINE_CURVE_WITH_KNOTS('',2,(#2493,#2494,#2495,#2496),.UNSPECIFIED.,.F.,.F.,(3,1,3),(0.0,1.0,2.0),.UNSPECIFIED.);
#1202=VECTOR('',#2497,1.0);
#1203=EDGE_LOOP('',(#2498,#2499,#2500,#2501));
#1204=B_SPLINE_CURVE_WITH_KNOTS('',2,(#2502,#2503,#2504,#2505),.UNSPECIFIED.,.F.,.F.,(3,1,3),(0.0,1.0,2.0),.UNSPECIFIED.);
#1205=VECTOR('',#2506,1.0);
#1206=EDGE_LOOP('',(#2507,#2508,#2509,#2510));
#1207=B_SPLINE_CURVE_WITH_KNOTS('',2,(#2511,#2512,#2513,#2514),.UNSPECIFIED.,.F.,.F.,(3,1,3),(0.0,1.0,2.0),.UNSPECIFIED.);
#1208=VECTOR('',#2515,1.0);
#1209=EDGE_LOOP('',(#2516,#2517,#2518,#2519));
#1210=B_SPLINE_CURVE_WITH_KNOTS('',2,(#2520,#2521,#2522,#2523),.UNSPECIFIED.,.F.,.F.,(3,1,3),(-2.0,-1.0,-0.0),.UNSPECIFIED.);
#1211=VECTOR('',#2524,1.0);
#1212=EDGE_LOOP('',(#2525,#2526,#2527,#2528));
#1213=B_SPLINE_CURVE_WITH_KNOTS('',2,(#2529,#2530,#2531,#2532),.UNSPECIFIED.,.F.,.F.,(3,1,3),(-2.0,-1.0,-0.0),.UNSPECIFIED.);
#1214=VECTOR('',#2533,1.0);
#1215=EDGE_LOOP('',(#2534,#2535,#2536,#2537));
#1216=B_SPLINE_CURVE_WITH_KNOTS('',2,(#2538,#2539,#2540,#2541),.UNSPECIFIED.,.F.,.F.,(3,1,3),(-2.0,-1.0,-0.0),.UNSPECIFIED.);
#1217=VECTOR('',#2542,1.0);
#1218=EDGE_LOOP('',(#2543,#2544,#2545,#2546));
#1219=B_SPLINE_CURVE_WITH_KNOTS('',2,(#2547,#2548,#2549,#2550),.UNSPECIFIED.,.F.,.F.,(3,1,3),(0.0,1.0,2.0),.UNSPECIFIED.);
#1220=VECTOR('',#2551,1.0);
#1221=EDGE_LOOP('',(#2552,#2553,#2554,#2555));
#1222=B_SPLINE_CURVE_WITH_KNOTS('',2,(#2556,#2557,#2558,#2559),.UNSPECIFIED.,.F.,.F.,(3,1,3),(0.0,1.0,2.0),.UNSPECIFIED.);
#1223=VECTOR('',#2560,1.0);
#1224=EDGE_LOOP('',(#2561,#2562,#2563,#2564));
#1225=B_SPLINE_CURVE_WITH_KNOTS('',2,(#2565,#2566,#2567,#2568),.UNSPECIFIED.,.F.,.F.,(3,1,3),(0.0,1.0,2.0),.UNSPECIFIED.);
#1226=VECTOR('',#2569,1.0);
#1227=EDGE_LOOP('',(#2570,#2571,#2572,#2573));
#1228=B_SPLINE_CURVE_WITH_KNOTS('',2,(#2574,#2575,#2576,#2577),.UNSPECIFIED.,.F.,.F.,(3,1,3),(0.0,1.0,2.0),.UNSPECIFIED.);
#1229=VECTOR('',#2578,1.0);
#1230=EDGE_LOOP('',(#2579,#2580,#2581,#2582));
#1231=B_SPLINE_CURVE_WITH_KNOTS('',2,(#2583,#2584,#2585,#2586),.UNSPECIFIED.,.F.,.F.,(3,1,3),(0.0,1.0,2.0),.UNSPECIFIED.);
#1232=VECTOR('',#2587,1.0);
#1233=EDGE_LOOP('',(#2588,#2589,#2590,#2591));
#1234=B_SPLINE_CURVE_WITH_KNOTS('',2,(#2592,#2593,#2594,#2595),.UNSPECIFIED.,.F.,.F.,(3,1,3),(0.0,1.0,2.0),.UNSPECIFIED.);
#1235=VECTOR('',#2596,1.0);
#1236=EDGE_LOOP('',(#2597,#2598,#2599,#2600));
#1237=B_SPLINE_CURVE_WITH_KNOTS('',2,(#2601,#2602,#2603,#2604),.UNSPECIFIED.,.F.,.F.,(3,1,3),(0.0,1.0,2.0),.UNSPECIFIED.);
#1238=VECTOR('',#2605,1.0);
#1239=EDGE_LOOP('',(#2606,#2607,#2608,#2609));
#1240=AXIS2_PLACEMENT_3D('',#2610,#2611,#2612);
#1241=EDGE_LOOP('',(#2613,#2614,#2615,#2616));
#1242=AXIS2_PLACEMENT_3D('',#2617,#2618,#2619);
#1243=EDGE_LOOP('',(#2620,#2621,#2622,#2623));
#1244=AXIS2_PLACEMENT_3D('',#2624,#2625,#2626);
#1245=EDGE_LOOP('',(#2627,#2628,#2629,#2630));
#1246=AXIS2_PLACEMENT_3D('',#2631,#2632,#2633);
#1247=EDGE_LOOP('',(#2634,#2635,#2636,#2637));
#1248=AXIS2_PLACEMENT_3D('',#2638,#2639,#2640);
#1249=EDGE_LOOP('',(#2641,#2642,#2643,#2644));
#1250=AXIS2_PLACEMENT_3D('',#2645,#2646,#2647);
#1251=EDGE_LOOP('',(#2648,#2649,#2650,#2651));
#1252=AXIS2_PLACEMENT_3D('',#2652,#2653,#2654);
#1253=EDGE_LOOP('',(#2655,#2656,#2657,#2658));
#1254=AXIS2_PLACEMENT_3D('',#2659,#2660,#2661);
#1255=EDGE_LOOP('',(#2662,#2663,#2664,#2665));
#1256=AXIS2_PLACEMENT_3D('',#2666,#2667,#2668);
#1257=EDGE_LOOP('',(#2669,#2670,#2671,#2672));
#1258=B_SPLINE_CURVE_WITH_KNOTS('',2,(#2673,#2674,#2675,#2676),.UNSPECIFIED.,.F.,.F.,(3,1,3),(0.0,1.0,2.0),.UNSPECIFIED.);
#1259=VECTOR('',#2677,1.0);
#1260=EDGE_LOOP('',(#2678,#2679,#2680,#2681));
#1261=AXIS2_PLACEMENT_3D('',#2682,#2683,#2684);
#1262=EDGE_LOOP('',(#2685,#2686,#2687,#2688,#2689,#2690,#2691,#2692,#2693,#2694,#2695));
#1263=AXIS2_PLACEMENT_3D('',#2696,#2697,#2698);
#1264=EDGE_LOOP('',(#2699,#2700,#2701,#2702));
#1265=EDGE_LOOP('',(#2703,#2704,#2705,#2706,#2707,#2708,#2709,#2710));
#1266=AXIS2_PLACEMENT_3D('',#2711,#2712,#2713);
#1267=EDGE_LOOP('',(#2714,#2715,#2716,#2717));
#1268=B_SPLINE_CURVE_WITH_KNOTS('',2,(#2718,#2719,#2720,#2721),.UNSPECIFIED.,.F.,.F.,(3,1,3),(-2.0,-1.0,-0.0),.UNSPECIFIED.);
#1269=VECTOR('',#2722,1.0);
#1270=EDGE_LOOP('',(#2723,#2724,#2725,#2726));
#1271=B_SPLINE_CURVE_WITH_KNOTS('',2,(#2727,#2728,#2729,#2730),.UNSPECIFIED.,.F.,.F.,(3,1,3),(-2.0,-1.0,-0.0),.UNSPECIFIED.);
#1272=VECTOR('',#2731,1.0);
#1273=EDGE_LOOP('',(#2732,#2733,#2734,#2735));
#1274=B_SPLINE_CURVE_WITH_KNOTS('',2,(#2736,#2737,#2738,#2739),.UNSPECIFIED.,.F.,.F.,(3,1,3),(-2.0,-1.0,-0.0),.UNSPECIFIED.);
#1275=VECTOR('',#2740,1.0);
#1276=EDGE_LOOP('',(#2741,#2742,#2743,#2744));
#1277=B_SPLINE_CURVE_WITH_KNOTS('',2,(#2745,#2746,#2747,#2748),.UNSPECIFIED.,.F.,.F.,(3,1,3),(-2.0,-1.0,-0.0),.UNSPECIFIED.);
#1278=VECTOR('',#2749,1.0);
#1279=EDGE_LOOP('',(#2750,#2751,#2752,#2753));
#1280=B_SPLINE_CURVE_WITH_KNOTS('',2,(#2754,#2755,#2756,#2757),.UNSPECIFIED.,.F.,.F.,(3,1,3),(0.0,1.0,2.0),.UNSPECIFIED.);
#1281=VECTOR('',#2758,1.0);
#1282=EDGE_LOOP('',(#2759,#2760,#2761,#2762));
#1283=B_SPLINE_CURVE_WITH_KNOTS('',2,(#2763,#2764,#2765,#2766),.UNSPECIFIED.,.F.,.F.,(3,1,3),(0.0,1.0,2.0),.UNSPECIFIED.);
#1284=VECTOR('',#2767,1.0);
#1285=EDGE_LOOP('',(#2768,#2769,#2770,#2771));
#1286=B_SPLINE_CURVE_WITH_KNOTS('',2,(#2772,#2773,#2774,#2775),.UNSPECIFIED.,.F.,.F.,(3,1,3),(-2.0,-1.0,-0.0),.UNSPECIFIED.);
#1287=VECTOR('',#2776,1.0);
#1288=EDGE_LOOP('',(#2777,#2778,#2779,#2780));
#1289=B_SPLINE_CURVE_WITH_KNOTS('',2,(#2781,#2782,#2783,#2784),.UNSPECIFIED.,.F.,.F.,(3,1,3),(-2.0,-1.0,-0.0),.UNSPECIFIED.);
#1290=VECTOR('',#2785,1.0);
#1291=EDGE_LOOP('',(#2786,#2787,#2788,#2789));
#1292=B_SPLINE_CURVE_WITH_KNOTS('',2,(#2790,#2791,#2792,#2793),.UNSPECIFIED.,.F.,.F.,(3,1,3),(-2.0,-1.0,-0.0),.UNSPECIFIED.);
#1293=VECTOR('',#2794,1.0);
#1294=EDGE_LOOP('',(#2795,#2796,#2797,#2798));
#1295=B_SPLINE_CURVE_WITH_KNOTS('',2,(#2799,#2800,#2801,#2802),.UNSPECIFIED.,.F.,.F.,(3,1,3),(-2.0,-1.0,-0.0),.UNSPECIFIED.);
#1296=VECTOR('',#2803,1.0);
#1297=EDGE_LOOP('',(#2804,#2805,#2806,#2807));
#1298=B_SPLINE_CURVE_WITH_KNOTS('',2,(#2808,#2809,#2810,#2811),.UNSPECIFIED.,.F.,.F.,(3,1,3),(0.0,1.0,2.0),.UNSPECIFIED.);
#1299=VECTOR('',#2812,1.0);
#1300=EDGE_LOOP('',(#2813,#2814,#2815,#2816));
#1301=B_SPLINE_CURVE_WITH_KNOTS('',2,(#2817,#2818,#2819,#2820),.UNSPECIFIED.,.F.,.F.,(3,1,3),(0.0,1.0,2.0),.UNSPECIFIED.);
#1302=VECTOR('',#2821,1.0);
#1303=EDGE_LOOP('',(#2822,#2823,#2824,#2825));
#1304=AXIS2_PLACEMENT_3D('',#2826,#2827,#2828);
#1305=EDGE_LOOP('',(#2829,#2830,#2831,#2832));
#1306=AXIS2_PLACEMENT_3D('',#2833,#2834,#2835);
#1307=EDGE_LOOP('',(#2836,#2837,#2838,#2839));
#1308=AXIS2_PLACEMENT_3D('',#2840,#2841,#2842);
#1309=EDGE_LOOP('',(#2843,#2844,#2845,#2846));
#1310=AXIS2_PLACEMENT_3D('',#2847,#2848,#2849);
#1311=EDGE_LOOP('',(#2850,#2851,#2852,#2853));
#1312=AXIS2_PLACEMENT_3D('',#2854,#2855,#2856);
#1313=EDGE_LOOP('',(#2857,#2858,#2859,#2860,#2861,#2862,#2863));
#1314=EDGE_LOOP('',(#2864,#2865,#2866,#2867,#2868,#2869,#2870,#2871,#2872,#2873,#2874,#2875,#2876,#2877));
#1315=AXIS2_PLACEMENT_3D('',#2878,#2879,#2880);
#1316=EDGE_LOOP('',(#2881,#2882,#2883,#2884));
#1317=B_SPLINE_CURVE_WITH_KNOTS('',2,(#2885,#2886,#2887,#2888),.UNSPECIFIED.,.F.,.F.,(3,1,3),(-2.0,-1.0,-0.0),.UNSPECIFIED.);
#1318=VECTOR('',#2889,1.0);
#1319=EDGE_LOOP('',(#2890,#2891,#2892,#2893));
#1320=B_SPLINE_CURVE_WITH_KNOTS('',2,(#2894,#2895,#2896,#2897),.UNSPECIFIED.,.F.,.F.,(3,1,3),(-2.0,-1.0,-0.0),.UNSPECIFIED.);
#1321=VECTOR('',#2898,1.0);
#1322=EDGE_LOOP('',(#2899,#2900,#2901,#2902));
#1323=B_SPLINE_CURVE_WITH_KNOTS('',2,(#2903,#2904,#2905,#2906),.UNSPECIFIED.,.F.,.F.,(3,1,3),(-2.0,-1.0,-0.0),.UNSPECIFIED.);
#1324=VECTOR('',#2907,1.0);
#1325=EDGE_LOOP('',(#2908,#2909,#2910,#2911));
#1326=B_SPLINE_CURVE_WITH_KNOTS('',2,(#2912,#2913,#2914,#2915),.UNSPECIFIED.,.F.,.F.,(3,1,3),(-2.0,-1.0,-0.0),.UNSPECIFIED.);
#1327=VECTOR('',#2916,1.0);
#1328=EDGE_LOOP('',(#2917,#2918,#2919,#2920));
#1329=AXIS2_PLACEMENT_3D('',#2921,#2922,#2923);
#1330=EDGE_LOOP('',(#2924,#2925,#2926,#2927));
#1331=AXIS2_PLACEMENT_3D('',#2928,#2929,#2930);
#1332=EDGE_LOOP('',(#2931,#2932,#2933,#2934));
#1333=B_SPLINE_CURVE_WITH_KNOTS('',2,(#2935,#2936,#2937,#2938),.UNSPECIFIED.,.F.,.F.,(3,1,3),(0.0,1.0,2.0),.UNSPECIFIED.);
#1334=VECTOR('',#2939,1.0);
#1335=EDGE_LOOP('',(#2940,#2941,#2942,#2943));
#1336=B_SPLINE_CURVE_WITH_KNOTS('',2,(#2944,#2945,#2946,#2947),.UNSPECIFIED.,.F.,.F.,(3,1,3),(0.0,1.0,2.0),.UNSPECIFIED.);
#1337=VECTOR('',#2948,1.0);
#1338=EDGE_LOOP('',(#2949,#2950,#2951,#2952));
#1339=B_SPLINE_CURVE_WITH_KNOTS('',2,(#2953,#2954,#2955,#2956),.UNSPECIFIED.,.F.,.F.,(3,1,3),(0.0,1.0,2.0),.UNSPECIFIED.);
#1340=VECTOR('',#2957,1.0);
#1341=EDGE_LOOP('',(#2958,#2959,#2960,#2961));
#1342=B_SPLINE_CURVE_WITH_KNOTS('',2,(#2962,#2963,#2964,#2965),.UNSPECIFIED.,.F.,.F.,(3,1,3),(0.0,1.0,2.0),.UNSPECIFIED.);
#1343=VECTOR('',#2966,1.0);
#1344=EDGE_LOOP('',(#2967,#2968,#2969,#2970));
#1345=B_SPLINE_CURVE_WITH_KNOTS('',2,(#2971,#2972,#2973,#2974),.UNSPECIFIED.,.F.,.F.,(3,1,3),(0.0,1.0,2.0),.UNSPECIFIED.);
#1346=VECTOR('',#2975,1.0);
#1347=EDGE_LOOP('',(#2976,#2977,#2978,#2979));
#1348=B_SPLINE_CURVE_WITH_KNOTS('',2,(#2980,#2981,#2982,#2983),.UNSPECIFIED.,.F.,.F.,(3,1,3),(-2.0,-1.0,-0.0),.UNSPECIFIED.);
#1349=VECTOR('',#2984,1.0);
#1350=EDGE_LOOP('',(#2985,#2986,#2987,#2988));
#1351=B_SPLINE_CURVE_WITH_KNOTS('',2,(#2989,#2990,#2991,#2992),.UNSPECIFIED.,.F.,.F.,(3,1,3),(-2.0,-1.0,-0.0),.UNSPECIFIED.);
#1352=VECTOR('',#2993,1.0);
#1353=EDGE_LOOP('',(#2994,#2995,#2996,#2997));
#1354=B_SPLINE_CURVE_WITH_KNOTS('',2,(#2998,#2999,#3000,#3001),.UNSPECIFIED.,.F.,.F.,(3,1,3),(-2.0,-1.0,-0.0),.UNSPECIFIED.);
#1355=VECTOR('',#3002,1.0);
#1356=EDGE_LOOP('',(#3003,#3004,#3005,#3006));
#1357=B_SPLINE_CURVE_WITH_KNOTS('',2,(#3007,#3008,#3009,#3010),.UNSPECIFIED.,.F.,.F.,(3,1,3),(0.0,1.0,2.0),.UNSPECIFIED.);
#1358=VECTOR('',#3011,1.0);
#1359=EDGE_LOOP('',(#3012,#3013,#3014,#3015));
#1360=B_SPLINE_CURVE_WITH_KNOTS('',2,(#3016,#3017,#3018,#3019),.UNSPECIFIED.,.F.,.F.,(3,1,3),(0.0,1.0,2.0),.UNSPECIFIED.);
#1361=VECTOR('',#3020,1.0);
#1362=EDGE_LOOP('',(#3021,#3022,#3023,#3024));
#1363=B_SPLINE_CURVE_WITH_KNOTS('',2,(#3025,#3026,#3027,#3028),.UNSPECIFIED.,.F.,.F.,(3,1,3),(0.0,1.0,2.0),.UNSPECIFIED.);
#1364=VECTOR('',#3029,1.0);
#1365=EDGE_LOOP('',(#3030,#3031,#3032,#3033));
#1366=B_SPLINE_CURVE_WITH_KNOTS('',2,(#3034,#3035,#3036,#3037),.UNSPECIFIED.,.F.,.F.,(3,1,3),(0.0,1.0,2.0),.UNSPECIFIED.);
#1367=VECTOR('',#3038,1.0);
#1368=EDGE_LOOP('',(#3039,#3040,#3041,#3042));
#1369=B_SPLINE_CURVE_WITH_KNOTS('',2,(#3043,#3044,#3045,#3046),.UNSPECIFIED.,.F.,.F.,(3,1,3),(0.0,1.0,2.0),.UNSPECIFIED.);
#1370=VECTOR('',#3047,1.0);
#1371=EDGE_LOOP('',(#3048,#3049,#3050,#3051));
#1372=B_SPLINE_CURVE_WITH_KNOTS('',2,(#3052,#3053,#3054,#3055),.UNSPECIFIED.,.F.,.F.,(3,1,3),(0.0,1.0,2.0),.UNSPECIFIED.);
#1373=VECTOR('',#3056,1.0);
#1374=EDGE_LOOP('',(#3057,#3058,#3059,#3060));
#1375=B_SPLINE_CURVE_WITH_KNOTS('',2,(#3061,#3062,#3063,#3064),.UNSPECIFIED.,.F.,.F.,(3,1,3),(0.0,1.0,2.0),.UNSPECIFIED.);
#1376=VECTOR('',#3065,1.0);
#1377=EDGE_LOOP('',(#3066,#3067,#3068,#3069));
#1378=B_SPLINE_CURVE_WITH_KNOTS('',2,(#3070,#3071,#3072,#3073),.UNSPECIFIED.,.F.,.F.,(3,1,3),(0.0,1.0,2.0),.UNSPECIFIED.);
#1379=VECTOR('',#3074,1.0);
#1380=EDGE_LOOP('',(#3075,#3076,#3077,#3078));
#1381=AXIS2_PLACEMENT_3D('',#3079,#3080,#3081);
#1382=EDGE_LOOP('',(#3082,#3083,#3084,#3085));
#1383=AXIS2_PLACEMENT_3D('',#3086,#3087,#3088);
#1384=EDGE_LOOP('',(#3089,#3090,#3091,#3092));
#1385=B_SPLINE_CURVE_WITH_KNOTS('',2,(#3093,#3094,#3095,#3096),.UNSPECIFIED.,.F.,.F.,(3,1,3),(0.0,1.0,2.0),.UNSPECIFIED.);
#1386=VECTOR('',#3097,1.0);
#1387=EDGE_LOOP('',(#3098,#3099,#3100,#3101));
#1388=B_SPLINE_CURVE_WITH_KNOTS('',2,(#3102,#3103,#3104,#3105),.UNSPECIFIED.,.F.,.F.,(3,1,3),(0.0,1.0,2.0),.UNSPECIFIED.);
#1389=VECTOR('',#3106,1.0);
#1390=EDGE_LOOP('',(#3107,#3108,#3109,#3110));
#1391=B_SPLINE_CURVE_WITH_KNOTS('',2,(#3111,#3112,#3113,#3114),.UNSPECIFIED.,.F.,.F.,(3,1,3),(0.0,1.0,2.0),.UNSPECIFIED.);
#1392=VECTOR('',#3115,1.0);
#1393=EDGE_LOOP('',(#3116,#3117,#3118,#3119));
#1394=B_SPLINE_CURVE_WITH_KNOTS('',2,(#3120,#3121,#3122,#3123),.UNSPECIFIED.,.F.,.F.,(3,1,3),(0.0,1.0,2.0),.UNSPECIFIED.);
#1395=VECTOR('',#3124,1.0);
#1396=EDGE_LOOP('',(#3125,#3126,#3127,#3128));
#1397=B_SPLINE_CURVE_WITH_KNOTS('',2,(#3129,#3130,#3131,#3132),.UNSPECIFIED.,.F.,.F.,(3,1,3),(0.0,1.0,2.0),.UNSPECIFIED.);
#1398=VECTOR('',#3133,1.0);
#1399=EDGE_LOOP('',(#3134,#3135,#3136,#3137));
#1400=B_SPLINE_CURVE_WITH_KNOTS('',2,(#3138,#3139,#3140,#3141),.UNSPECIFIED.,.F.,.F.,(3,1,3),(0.0,1.0,2.0),.UNSPECIFIED.);
#1401=VECTOR('',#3142,1.0);
#1402=EDGE_LOOP('',(#3143,#3144,#3145,#3146));
#1403=B_SPLINE_CURVE_WITH_KNOTS('',2,(#3147,#3148,#3149,#3150),.UNSPECIFIED.,.F.,.F.,(3,1,3),(0.0,1.0,2.0),.UNSPECIFIED.);
#1404=VECTOR('',#3151,1.0);
#1405=EDGE_LOOP('',(#3152,#3153,#3154,#3155));
#1406=B_SPLINE_CURVE_WITH_KNOTS('',2,(#3156,#3157,#3158,#3159),.UNSPECIFIED.,.F.,.F.,(3,1,3),(0.0,1.0,2.0),.UNSPECIFIED.);
#1407=VECTOR('',#3160,1.0);
#1408=EDGE_LOOP('',(#3161,#3162,#3163,#3164));
#1409=B_SPLINE_CURVE_WITH_KNOTS('',2,(#3165,#3166,#3167,#3168),.UNSPECIFIED.,.F.,.F.,(3,1,3),(0.0,1.0,2.0),.UNSPECIFIED.);
#1410=VECTOR('',#3169,1.0);
#1411=EDGE_LOOP('',(#3170,#3171,#3172,#3173));
#1412=B_SPLINE_CURVE_WITH_KNOTS('',2,(#3174,#3175,#3176,#3177),.UNSPECIFIED.,.F.,.F.,(3,1,3),(0.0,1.0,2.0),.UNSPECIFIED.);
#1413=VECTOR('',#3178,1.0);
#1414=EDGE_LOOP('',(#3179,#3180,#3181,#3182));
#1415=B_SPLINE_CURVE_WITH_KNOTS('',2,(#3183,#3184,#3185,#3186),.UNSPECIFIED.,.F.,.F.,(3,1,3),(0.0,1.0,2.0),.UNSPECIFIED.);
#1416=VECTOR('',#3187,1.0);
#1417=EDGE_LOOP('',(#3188,#3189,#3190,#3191));
#1418=B_SPLINE_CURVE_WITH_KNOTS('',2,(#3192,#3193,#3194,#3195),.UNSPECIFIED.,.F.,.F.,(3,1,3),(0.0,1.0,2.0),.UNSPECIFIED.);
#1419=VECTOR('',#3196,1.0);
#1420=EDGE_LOOP('',(#3197,#3198,#3199,#3200));
#1421=B_SPLINE_CURVE_WITH_KNOTS('',2,(#3201,#3202,#3203,#3204),.UNSPECIFIED.,.F.,.F.,(3,1,3),(0.0,1.0,2.0),.UNSPECIFIED.);
#1422=VECTOR('',#3205,1.0);
#1423=EDGE_LOOP('',(#3206,#3207,#3208,#3209));
#1424=B_SPLINE_CURVE_WITH_KNOTS('',2,(#3210,#3211,#3212,#3213),.UNSPECIFIED.,.F.,.F.,(3,1,3),(0.0,1.0,2.0),.UNSPECIFIED.);
#1425=VECTOR('',#3214,1.0);
#1426=EDGE_LOOP('',(#3215,#3216,#3217,#3218));
#1427=AXIS2_PLACEMENT_3D('',#3219,#3220,#3221);
#1428=EDGE_LOOP('',(#3222,#3223,#3224,#3225));
#1429=AXIS2_PLACEMENT_3D('',#3226,#3227,#3228);
#1430=EDGE_LOOP('',(#3229,#3230,#3231,#3232));
#1431=B_SPLINE_CURVE_WITH_KNOTS('',2,(#3233,#3234,#3235,#3236),.UNSPECIFIED.,.F.,.F.,(3,1,3),(0.0,1.0,2.0),.UNSPECIFIED.);
#1432=VECTOR('',#3237,1.0);
#1433=EDGE_LOOP('',(#3238,#3239,#3240,#3241,#3242,#3243,#3244,#3245,#3246,#3247,#3248,#3249,#3250,#3251,#3252,#3253,#3254,#3255,#3256,#3257));
#1434=AXIS2_PLACEMENT_3D('',#3258,#3259,#3260);
#1435=EDGE_LOOP('',(#3261,#3262,#3263,#3264));
#1436=AXIS2_PLACEMENT_3D('',#3265,#3266,#3267);
#1437=EDGE_LOOP('',(#3268,#3269,#3270,#3271));
#1438=AXIS2_PLACEMENT_3D('',#3272,#3273,#3274);
#1439=EDGE_LOOP('',(#3275,#3276,#3277,#3278));
#1440=AXIS2_PLACEMENT_3D('',#3279,#3280,#3281);
#1441=EDGE_LOOP('',(#3282,#3283,#3284,#3285));
#1442=AXIS2_PLACEMENT_3D('',#3286,#3287,#3288);
#1443=EDGE_LOOP('',(#3289,#3290,#3291,#3292));
#1444=AXIS2_PLACEMENT_3D('',#3293,#3294,#3295);
#1445=EDGE_LOOP('',(#3296,#3297,#3298,#3299));
#1446=AXIS2_PLACEMENT_3D('',#3300,#3301,#3302);
#1447=EDGE_LOOP('',(#3303,#3304,#3305,#3306));
#1448=AXIS2_PLACEMENT_3D('',#3307,#3308,#3309);
#1449=EDGE_LOOP('',(#3310,#3311,#3312,#3313));
#1450=AXIS2_PLACEMENT_3D('',#3314,#3315,#3316);
#1451=EDGE_LOOP('',(#3317,#3318,#3319,#3320));
#1452=AXIS2_PLACEMENT_3D('',#3321,#3322,#3323);
#1453=EDGE_LOOP('',(#3324,#3325,#3326,#3327));
#1454=AXIS2_PLACEMENT_3D('',#3328,#3329,#3330);
#1455=EDGE_LOOP('',(#3331,#3332,#3333,#3334));
#1456=AXIS2_PLACEMENT_3D('',#3335,#3336,#3337);
#1457=EDGE_LOOP('',(#3338,#3339,#3340,#3341));
#1458=AXIS2_PLACEMENT_3D('',#3342,#3343,#3344);
#1459=EDGE_LOOP('',(#3345,#3346,#3347,#3348));
#1460=AXIS2_PLACEMENT_3D('',#3349,#3350,#3351);
#1461=EDGE_LOOP('',(#3352,#3353,#3354,#3355));
#1462=AXIS2_PLACEMENT_3D('',#3356,#3357,#3358);
#1463=EDGE_LOOP('',(#3359,#3360,#3361,#3362,#3363,#3364,#3365,#3366,#3367));
#1464=AXIS2_PLACEMENT_3D('',#3368,#3369,#3370);
#1465=EDGE_LOOP('',(#3371,#3372,#3373,#3374,#3375,#3376));
#1466=EDGE_LOOP('',(#3377,#3378,#3379,#3380,#3381,#3382,#3383,#3384,#3385,#3386,#3387,#3388,#3389,#3390));
#1467=EDGE_LOOP('',(#3391,#3392,#3393,#3394,#3395,#3396,#3397,#3398,#3399,#3400,#3401));
#1468=EDGE_LOOP('',(#3402,#3403,#3404,#3405,#3406,#3407,#3408,#3409,#3410,#3411,#3412,#3413,#3414,#3415,#3416,#3417,#3418,#3419,#3420,#3421,#3422,#3423,#3424,#3425,#3426,#3427,#3428));
#1469=EDGE_LOOP('',(#3429,#3430,#3431,#3432,#3433,#3434,#3435,#3436,#3437,#3438,#3439,#3440,#3441,#3442));
#1470=EDGE_LOOP('',(#3443,#3444,#3445,#3446,#3447,#3448,#3449,#3450,#3451,#3452,#3453));
#1471=EDGE_LOOP('',(#3454,#3455,#3456,#3457));
#1472=EDGE_LOOP('',(#3458,#3459,#3460,#3461));
#1473=EDGE_LOOP('',(#3462,#3463,#3464,#3465,#3466,#3467,#3468,#3469,#3470,#3471,#3472,#3473,#3474,#3475));
#1474=EDGE_LOOP('',(#3476,#3477,#3478,#3479,#3480,#3481,#3482,#3483,#3484,#3485,#3486,#3487,#3488,#3489,#3490,#3491,#3492,#3493,#3494,#3495));
#1475=EDGE_LOOP('',(#3496,#3497,#3498,#3499));
#1476=EDGE_LOOP('',(#3500,#3501,#3502,#3503,#3504,#3505,#3506,#3507,#3508));
#1477=AXIS2_PLACEMENT_3D('',#3509,#3510,#3511);
#1478=EDGE_LOOP('',(#3512,#3513,#3514,#3515,#3516,#3517,#3518));
#1479=AXIS2_PLACEMENT_3D('',#3519,#3520,#3521);
#1480=EDGE_LOOP('',(#3522,#3523,#3524,#3525,#3526,#3527,#3528,#3529));
#1481=AXIS2_PLACEMENT_3D('',#3530,#3531,#3532);
#1482=EDGE_LOOP('',(#3533,#3534,#3535,#3536,#3537,#3538,#3539));
#1483=AXIS2_PLACEMENT_3D('',#3540,#3541,#3542);
#1484=EDGE_LOOP('',(#3543,#3544,#3545,#3546,#3547));
#1485=AXIS2_PLACEMENT_3D('',#3548,#3549,#3550);
#1486=EDGE_LOOP('',(#3551,#3552,#3553,#3554,#3555));
#1487=AXIS2_PLACEMENT_3D('',#3556,#3557,#3558);
#1488=EDGE_LOOP('',(#3559,#3560,#3561,#3562,#3563,#3564,#3565));
#1489=AXIS2_PLACEMENT_3D('',#3566,#3567,#3568);
#1490=EDGE_LOOP('',(#3569,#3570,#3571,#3572,#3573,#3574,#3575,#3576,#3577,#3578,#3579,#3580,#3581,#3582,#3583));
#1491=EDGE_LOOP('',(#3584,#3585,#3586,#3587));
#1492=AXIS2_PLACEMENT_3D('',#3588,#3589,#3590);
#1493=EDGE_LOOP('',(#3591,#3592,#3593,#3594));
#1494=AXIS2_PLACEMENT_3D('',#3595,#3596,#3597);
#1495=EDGE_LOOP('',(#3598,#3599,#3600,#3601));
#1496=AXIS2_PLACEMENT_3D('',#3602,#3603,#3604);
#1497=EDGE_LOOP('',(#3605,#3606,#3607,#3608));
#1498=AXIS2_PLACEMENT_3D('',#3609,#3610,#3611);
#1499=EDGE_LOOP('',(#3612,#3613,#3614,#3615));
#1500=AXIS2_PLACEMENT_3D('',#3616,#3617,#3618);
#1501=EDGE_LOOP('',(#3619,#3620,#3621,#3622));
#1502=AXIS2_PLACEMENT_3D('',#3623,#3624,#3625);
#1503=EDGE_LOOP('',(#3626,#3627,#3628,#3629));
#1504=B_SPLINE_CURVE_WITH_KNOTS('',3,(#3630,#3631,#3632,#3633,#3634,#3635,#3636,#3637),.UNSPECIFIED.,.F.,.F.,(4,1,1,1,1,4),(-0.214792702098261,-0.176164836461019,-0.129793248399479,-0.0525715334964095,-0.00887104817284292,-0.0),.UNSPECIFIED.);
#1505=VECTOR('',#3638,1.0);
#1506=EDGE_LOOP('',(#3639,#3640,#3641,#3642));
#1507=B_SPLINE_CURVE_WITH_KNOTS('',3,(#3643,#3644,#3645,#3646,#3647,#3648,#3649,#3650,#3651),.UNSPECIFIED.,.F.,.F.,(4,1,1,1,1,1,4),(-0.267175881675083,-0.236507406067792,-0.194642170664304,-0.145027682082853,-0.061723973961769,-0.0103547494556249,-0.0),.UNSPECIFIED.);
#1508=VECTOR('',#3652,1.0);
#1509=EDGE_LOOP('',(#3653,#3654,#3655,#3656));
#1510=AXIS2_PLACEMENT_3D('',#3657,#3658,#3659);
#1511=EDGE_LOOP('',(#3660,#3661,#3662,#3663));
#1512=AXIS2_PLACEMENT_3D('',#3664,#3665,#3666);
#1513=EDGE_LOOP('',(#3667,#3668,#3669,#3670));
#1514=AXIS2_PLACEMENT_3D('',#3671,#3672,#3673);
#1515=EDGE_LOOP('',(#3674,#3675,#3676,#3677));
#1516=AXIS2_PLACEMENT_3D('',#3678,#3679,#3680);
#1517=EDGE_LOOP('',(#3681,#3682,#3683,#3684));
#1518=AXIS2_PLACEMENT_3D('',#3685,#3686,#3687);
#1519=EDGE_LOOP('',(#3688,#3689,#3690,#3691));
#1520=B_SPLINE_CURVE_WITH_KNOTS('',3,(#3692,#3693,#3694,#3695,#3696,#3697,#3698,#3699,#3700,#3701),.UNSPECIFIED.,.F.,.F.,(4,1,1,1,1,1,1,4),(-0.143203323568352,-0.122180567628397,-0.101944155093513,-0.082101275000823,-0.0625163153670127,-0.0422556939653088,-0.0215177992600007,-0.0),.UNSPECIFIED.);
#1521=VECTOR('',#3702,1.0);
#1522=EDGE_LOOP('',(#3703,#3704,#3705,#3706));
#1523=B_SPLINE_CURVE_WITH_KNOTS('',3,(#3707,#3708,#3709,#3710,#3711,#3712,#3713,#3714,#3715,#3716),.UNSPECIFIED.,.F.,.F.,(4,1,1,1,1,1,1,4),(-0.143203323568336,-0.12168552430831,-0.10094762960303,-0.0806870082013307,-0.0611020485675063,-0.0412591684748292,-0.0210227559399537,-0.0),.UNSPECIFIED.);
#1524=VECTOR('',#3717,1.0);
#1525=EDGE_LOOP('',(#3718,#3719,#3720,#3721));
#1526=AXIS2_PLACEMENT_3D('',#3722,#3723,#3724);
#1527=EDGE_LOOP('',(#3725,#3726,#3727,#3728));
#1528=AXIS2_PLACEMENT_3D('',#3729,#3730,#3731);
#1529=EDGE_LOOP('',(#3732,#3733,#3734,#3735));
#1530=AXIS2_PLACEMENT_3D('',#3736,#3737,#3738);
#1531=EDGE_LOOP('',(#3739,#3740,#3741,#3742));
#1532=AXIS2_PLACEMENT_3D('',#3743,#3744,#3745);
#1533=EDGE_LOOP('',(#3746,#3747,#3748,#3749));
#1534=AXIS2_PLACEMENT_3D('',#3750,#3751,#3752);
#1535=EDGE_LOOP('',(#3753,#3754,#3755,#3756));
#1536=EDGE_LOOP('',(#3757,#3758,#3759,#3760));
#1537=AXIS2_PLACEMENT_3D('',#3761,#3762,#3763);
#1538=EDGE_LOOP('',(#3764,#3765,#3766,#3767,#3768,#3769));
#1539=AXIS2_PLACEMENT_3D('',#3770,#3771,#3772);
#1540=EDGE_LOOP('',(#3773,#3774,#3775,#3776,#3777,#3778));
#1541=AXIS2_PLACEMENT_3D('',#3779,#3780,#3781);
#1542=EDGE_LOOP('',(#3782,#3783,#3784,#3785,#3786));
#1543=AXIS2_PLACEMENT_3D('',#3787,#3788,#3789);
#1544=EDGE_LOOP('',(#3790,#3791,#3792,#3793));
#1545=AXIS2_PLACEMENT_3D('',#3794,#3795,#3796);
#1546=EDGE_LOOP('',(#3797,#3798,#3799,#3800));
#1547=AXIS2_PLACEMENT_3D('',#3801,#3802,#3803);
#1548=EDGE_LOOP('',(#3804,#3805,#3806,#3807));
#1549=AXIS2_PLACEMENT_3D('',#3808,#3809,#3810);
#1550=EDGE_LOOP('',(#3811,#3812,#3813,#3814));
#1551=AXIS2_PLACEMENT_3D('',#3815,#3816,#3817);
#1552=EDGE_LOOP('',(#3818,#3819,#3820,#3821));
#1553=AXIS2_PLACEMENT_3D('',#3822,#3823,#3824);
#1554=EDGE_LOOP('',(#3825,#3826,#3827,#3828,#3829));
#1555=AXIS2_PLACEMENT_3D('',#3830,#3831,#3832);
#1556=EDGE_LOOP('',(#3833,#3834,#3835,#3836,#3837,#3838,#3839,#3840,#3841,#3842,#3843,#3844,#3845,#3846,#3847));
#1557=AXIS2_PLACEMENT_3D('',#3848,#3849,#3850);
#1558=EDGE_LOOP('',(#3851,#3852,#3853,#3854));
#1559=AXIS2_PLACEMENT_3D('',#3855,#3856,#3857);
#1560=EDGE_LOOP('',(#3858,#3859,#3860,#3861,#3862,#3863,#3864,#3865,#3866,#3867,#3868,#3869,#3870,#3871,#3872,#3873,#3874,#3875,#3876,#3877));
#1561=AXIS2_PLACEMENT_3D('',#3878,#3879,#3880);
#1562=EDGE_LOOP('',(#3881,#3882,#3883,#3884,#3885,#3886,#3887,#3888,#3889,#3890,#3891,#3892,#3893,#3894));
#1563=AXIS2_PLACEMENT_3D('',#3895,#3896,#3897);
#1564=EDGE_LOOP('',(#3898,#3899,#3900,#3901));
#1565=AXIS2_PLACEMENT_3D('',#3902,#3903,#3904);
#1566=EDGE_LOOP('',(#3905,#3906,#3907,#3908));
#1567=AXIS2_PLACEMENT_3D('',#3909,#3910,#3911);
#1568=EDGE_LOOP('',(#3912,#3913,#3914,#3915));
#1569=AXIS2_PLACEMENT_3D('',#3916,#3917,#3918);
#1570=EDGE_LOOP('',(#3919,#3920,#3921,#3922));
#1571=AXIS2_PLACEMENT_3D('',#3923,#3924,#3925);
#1572=EDGE_LOOP('',(#3926,#3927,#3928,#3929));
#1573=AXIS2_PLACEMENT_3D('',#3930,#3931,#3932);
#1574=EDGE_LOOP('',(#3933,#3934,#3935,#3936));
#1575=AXIS2_PLACEMENT_3D('',#3937,#3938,#3939);
#1576=EDGE_LOOP('',(#3940,#3941,#3942,#3943));
#1577=AXIS2_PLACEMENT_3D('',#3944,#3945,#3946);
#1578=EDGE_LOOP('',(#3947,#3948,#3949,#3950,#3951,#3952,#3953,#3954,#3955));
#1579=AXIS2_PLACEMENT_3D('',#3956,#3957,#3958);
#1580=EDGE_LOOP('',(#3959,#3960,#3961,#3962,#3963,#3964,#3965));
#1581=AXIS2_PLACEMENT_3D('',#3966,#3967,#3968);
#1582=EDGE_LOOP('',(#3969,#3970,#3971,#3972));
#1583=AXIS2_PLACEMENT_3D('',#3973,#3974,#3975);
#1584=EDGE_LOOP('',(#3976,#3977,#3978,#3979));
#1585=AXIS2_PLACEMENT_3D('',#3980,#3981,#3982);
#1586=EDGE_LOOP('',(#3983,#3984,#3985,#3986));
#1587=AXIS2_PLACEMENT_3D('',#3987,#3988,#3989);
#1588=EDGE_LOOP('',(#3990,#3991,#3992,#3993,#3994,#3995));
#1589=AXIS2_PLACEMENT_3D('',#3996,#3997,#3998);
#1590=EDGE_LOOP('',(#3999,#4000,#4001,#4002));
#1591=AXIS2_PLACEMENT_3D('',#4003,#4004,#4005);
#1592=EDGE_LOOP('',(#4006,#4007,#4008,#4009));
#1593=AXIS2_PLACEMENT_3D('',#4010,#4011,#4012);
#1594=EDGE_LOOP('',(#4013,#4014,#4015,#4016,#4017,#4018,#4019));
#1595=AXIS2_PLACEMENT_3D('',#4020,#4021,#4022);
#1596=EDGE_LOOP('',(#4023,#4024,#4025,#4026));
#1597=AXIS2_PLACEMENT_3D('',#4027,#4028,#4029);
#1598=EDGE_LOOP('',(#4030,#4031,#4032,#4033,#4034,#4035,#4036,#4037,#4038));
#1599=AXIS2_PLACEMENT_3D('',#4039,#4040,#4041);
#1600=EDGE_LOOP('',(#4042,#4043,#4044,#4045));
#1601=AXIS2_PLACEMENT_3D('',#4046,#4047,#4048);
#1602=EDGE_LOOP('',(#4049,#4050,#4051,#4052));
#1603=AXIS2_PLACEMENT_3D('',#4053,#4054,#4055);
#1604=EDGE_LOOP('',(#4056,#4057,#4058,#4059));
#1605=AXIS2_PLACEMENT_3D('',#4060,#4061,#4062);
#1606=EDGE_LOOP('',(#4063,#4064,#4065,#4066));
#1607=AXIS2_PLACEMENT_3D('',#4067,#4068,#4069);
#1608=EDGE_LOOP('',(#4070,#4071,#4072,#4073));
#1609=EDGE_LOOP('',(#4074,#4075,#4076,#4077));
#1610=AXIS2_PLACEMENT_3D('',#4078,#4079,#4080);
#1611=EDGE_LOOP('',(#4081,#4082,#4083,#4084));
#1612=AXIS2_PLACEMENT_3D('',#4085,#4086,#4087);
#1613=EDGE_LOOP('',(#4088,#4089,#4090,#4091));
#1614=AXIS2_PLACEMENT_3D('',#4092,#4093,#4094);
#1615=EDGE_LOOP('',(#4095,#4096,#4097,#4098));
#1616=AXIS2_PLACEMENT_3D('',#4099,#4100,#4101);
#1617=EDGE_LOOP('',(#4102,#4103,#4104,#4105));
#1618=AXIS2_PLACEMENT_3D('',#4106,#4107,#4108);
#1619=EDGE_LOOP('',(#4109,#4110,#4111,#4112));
#1620=AXIS2_PLACEMENT_3D('',#4113,#4114,#4115);
#1621=EDGE_LOOP('',(#4116,#4117,#4118,#4119));
#1622=AXIS2_PLACEMENT_3D('',#4120,#4121,#4122);
#1623=EDGE_LOOP('',(#4123,#4124,#4125,#4126));
#1624=AXIS2_PLACEMENT_3D('',#4127,#4128,#4129);
#1625=EDGE_LOOP('',(#4130,#4131,#4132,#4133));
#1626=AXIS2_PLACEMENT_3D('',#4134,#4135,#4136);
#1627=EDGE_LOOP('',(#4137,#4138,#4139,#4140));
#1628=EDGE_LOOP('',(#4141,#4142,#4143,#4144));
#1629=AXIS2_PLACEMENT_3D('',#4145,#4146,#4147);
#1630=EDGE_LOOP('',(#4148,#4149,#4150,#4151));
#1631=AXIS2_PLACEMENT_3D('',#4152,#4153,#4154);
#1632=EDGE_LOOP('',(#4155,#4156,#4157,#4158));
#1633=AXIS2_PLACEMENT_3D('',#4159,#4160,#4161);
#1634=EDGE_LOOP('',(#4162,#4163,#4164,#4165));
#1635=AXIS2_PLACEMENT_3D('',#4166,#4167,#4168);
#1636=EDGE_LOOP('',(#4169,#4170,#4171,#4172,#4173,#4174,#4175,#4176,#4177,#4178));
#1637=AXIS2_PLACEMENT_3D('',#4179,#4180,#4181);
#1638=EDGE_LOOP('',(#4182,#4183,#4184,#4185,#4186,#4187));
#1639=AXIS2_PLACEMENT_3D('',#4188,#4189,#4190);
#1640=EDGE_LOOP('',(#4191,#4192,#4193,#4194));
#1641=AXIS2_PLACEMENT_3D('',#4195,#4196,#4197);
#1642=EDGE_LOOP('',(#4198,#4199,#4200,#4201));
#1643=AXIS2_PLACEMENT_3D('',#4202,#4203,#4204);
#1644=EDGE_LOOP('',(#4205,#4206,#4207,#4208));
#1645=AXIS2_PLACEMENT_3D('',#4209,#4210,#4211);
#1646=EDGE_LOOP('',(#4212,#4213,#4214,#4215,#4216,#4217));
#1647=AXIS2_PLACEMENT_3D('',#4218,#4219,#4220);
#1648=EDGE_LOOP('',(#4221,#4222,#4223,#4224));
#1649=AXIS2_PLACEMENT_3D('',#4225,#4226,#4227);
#1650=EDGE_LOOP('',(#4228,#4229,#4230,#4231));
#1651=AXIS2_PLACEMENT_3D('',#4232,#4233,#4234);
#1652=EDGE_LOOP('',(#4235,#4236,#4237,#4238));
#1653=AXIS2_PLACEMENT_3D('',#4239,#4240,#4241);
#1654=FILL_AREA_STYLE('',(#4242));
#1655=ORIENTED_EDGE('',*,*,#4243,.F.);
#1656=ORIENTED_EDGE('',*,*,#4244,.F.);
#1657=ORIENTED_EDGE('',*,*,#4245,.T.);
#1658=ORIENTED_EDGE('',*,*,#4246,.T.);
#1659=CARTESIAN_POINT('',(-6.0,-10.2415273475832,22.5));
#1660=DIRECTION('',(-3.06161699786838E-16,1.0,0.0));
#1661=DIRECTION('',(-0.707106781186549,-2.16489014058874E-16,0.707106781186546));
#1662=ORIENTED_EDGE('',*,*,#4247,.F.);
#1663=ORIENTED_EDGE('',*,*,#4248,.T.);
#1664=ORIENTED_EDGE('',*,*,#4249,.T.);
#1665=ORIENTED_EDGE('',*,*,#4250,.F.);
#1666=CARTESIAN_POINT('',(-1.24956351387616,-12.5,22.5));
#1667=DIRECTION('',(-1.0,0.0,0.0));
#1668=DIRECTION('',(0.0,-0.707106781186549,0.707106781186546));
#1669=ORIENTED_EDGE('',*,*,#4251,.F.);
#1670=ORIENTED_EDGE('',*,*,#4252,.F.);
#1671=ORIENTED_EDGE('',*,*,#4253,.T.);
#1672=ORIENTED_EDGE('',*,*,#4254,.T.);
#1673=CARTESIAN_POINT('',(-1.24956351387616,-12.5,-22.5));
#1674=DIRECTION('',(1.0,0.0,0.0));
#1675=DIRECTION('',(0.0,-0.707106781186549,-0.707106781186546));
#1676=ORIENTED_EDGE('',*,*,#4255,.F.);
#1677=ORIENTED_EDGE('',*,*,#4256,.T.);
#1678=ORIENTED_EDGE('',*,*,#4257,.T.);
#1679=ORIENTED_EDGE('',*,*,#4258,.F.);
#1680=CARTESIAN_POINT('',(-6.0,-12.5,0.0));
#1681=DIRECTION('',(-0.0,0.0,-1.0));
#1682=DIRECTION('',(-0.707106781186547,-0.707106781186548,0.0));
#1683=ORIENTED_EDGE('',*,*,#4259,.F.);
#1684=ORIENTED_EDGE('',*,*,#4260,.F.);
#1685=ORIENTED_EDGE('',*,*,#4261,.T.);
#1686=ORIENTED_EDGE('',*,*,#4262,.T.);
#1687=CARTESIAN_POINT('',(-6.0,-10.2415273475832,-22.5));
#1688=DIRECTION('',(3.06161699786838E-16,-1.0,0.0));
#1689=DIRECTION('',(-0.707106781186549,-2.16489014058874E-16,-0.707106781186546));
#1690=ORIENTED_EDGE('',*,*,#4263,.F.);
#1691=ORIENTED_EDGE('',*,*,#4264,.T.);
#1692=ORIENTED_EDGE('',*,*,#4265,.T.);
#1693=ORIENTED_EDGE('',*,*,#4266,.F.);
#1694=ORIENTED_EDGE('',*,*,#4267,.T.);
#1695=ORIENTED_EDGE('',*,*,#4268,.F.);
#1696=CARTESIAN_POINT('',(49.1227160834271,-10.5,-8.0));
#1697=DIRECTION('',(-1.0,-2.55673931888089E-16,-0.0));
#1698=DIRECTION('',(-2.55673931888089E-16,1.0,0.0));
#1699=ORIENTED_EDGE('',*,*,#4264,.F.);
#1700=ORIENTED_EDGE('',*,*,#4269,.T.);
#1701=ORIENTED_EDGE('',*,*,#4270,.F.);
#1702=ORIENTED_EDGE('',*,*,#4271,.F.);
#1703=CARTESIAN_POINT('',(49.1227160834271,-12.0,9.5));
#1704=DIRECTION('',(2.55673931888089E-16,-1.0,0.0));
#1705=DIRECTION('',(0.0,0.0,-1.0));
#1706=ORIENTED_EDGE('',*,*,#4272,.F.);
#1707=ORIENTED_EDGE('',*,*,#4270,.T.);
#1708=ORIENTED_EDGE('',*,*,#4273,.F.);
#1709=ORIENTED_EDGE('',*,*,#4274,.F.);
#1710=ORIENTED_EDGE('',*,*,#4275,.T.);
#1711=ORIENTED_EDGE('',*,*,#4276,.T.);
#1712=CARTESIAN_POINT('',(49.1227160834271,-10.5,8.0));
#1713=DIRECTION('',(1.0,2.55673931888089E-16,-2.46519032881566E-32));
#1714=DIRECTION('',(-2.55673931888089E-16,1.0,6.30284904220792E-48));
#1715=ORIENTED_EDGE('',*,*,#4267,.F.);
#1716=ORIENTED_EDGE('',*,*,#4277,.F.);
#1717=ORIENTED_EDGE('',*,*,#4275,.F.);
#1718=ORIENTED_EDGE('',*,*,#4278,.T.);
#1719=CARTESIAN_POINT('',(49.1227160834271,-8.99999999999999,-9.5));
#1720=DIRECTION('',(-2.55673931888089E-16,1.0,1.1686558153949E-16));
#1721=DIRECTION('',(0.0,-1.1686558153949E-16,1.0));
#1722=ORIENTED_EDGE('',*,*,#4279,.T.);
#1723=ORIENTED_EDGE('',*,*,#4280,.T.);
#1724=ORIENTED_EDGE('',*,*,#4281,.T.);
#1725=ORIENTED_EDGE('',*,*,#4282,.T.);
#1726=ORIENTED_EDGE('',*,*,#4283,.T.);
#1727=ORIENTED_EDGE('',*,*,#4284,.T.);
#1728=ORIENTED_EDGE('',*,*,#4285,.T.);
#1729=ORIENTED_EDGE('',*,*,#4286,.T.);
#1730=ORIENTED_EDGE('',*,*,#4287,.T.);
#1731=ORIENTED_EDGE('',*,*,#4288,.T.);
#1732=ORIENTED_EDGE('',*,*,#4289,.T.);
#1733=ORIENTED_EDGE('',*,*,#4290,.T.);
#1734=ORIENTED_EDGE('',*,*,#4291,.T.);
#1735=ORIENTED_EDGE('',*,*,#4292,.T.);
#1736=ORIENTED_EDGE('',*,*,#4293,.T.);
#1737=ORIENTED_EDGE('',*,*,#4294,.T.);
#1738=ORIENTED_EDGE('',*,*,#4295,.T.);
#1739=ORIENTED_EDGE('',*,*,#4296,.T.);
#1740=ORIENTED_EDGE('',*,*,#4297,.T.);
#1741=ORIENTED_EDGE('',*,*,#4298,.T.);
#1742=ORIENTED_EDGE('',*,*,#4299,.T.);
#1743=CARTESIAN_POINT('',(7.82692307692307,-12.0,0.0));
#1744=DIRECTION('',(0.0,0.0,1.0));
#1745=DIRECTION('',(0.634945397815913,-0.772557015237317,0.0));
#1746=ORIENTED_EDGE('',*,*,#4282,.F.);
#1747=ORIENTED_EDGE('',*,*,#4300,.T.);
#1748=ORIENTED_EDGE('',*,*,#4301,.F.);
#1749=ORIENTED_EDGE('',*,*,#4302,.F.);
#1750=CARTESIAN_POINT('',(49.1227160834271,-11.4165413444702,1.99248517999726));
#1751=CARTESIAN_POINT('',(49.1227160834271,-11.4165413444702,2.07088874356046));
#1752=CARTESIAN_POINT('',(49.1227160834271,-11.3600178451572,2.20946248381172));
#1753=CARTESIAN_POINT('',(49.1227160834271,-11.288907636344,2.2732793378748));
#1754=DIRECTION('',(-1.0,-2.57086495047692E-16,0.0));
#1755=ORIENTED_EDGE('',*,*,#4281,.F.);
#1756=ORIENTED_EDGE('',*,*,#4303,.T.);
#1757=ORIENTED_EDGE('',*,*,#4304,.F.);
#1758=ORIENTED_EDGE('',*,*,#4300,.F.);
#1759=CARTESIAN_POINT('',(49.1227160834271,-10.8987131572155,1.58588065268108));
#1760=CARTESIAN_POINT('',(49.1227160834271,-11.1576272508429,1.58588065268108));
#1761=CARTESIAN_POINT('',(49.1227160834271,-11.4165413444702,1.81015131124561));
#1762=CARTESIAN_POINT('',(49.1227160834271,-11.4165413444702,1.99248517999726));
#1763=DIRECTION('',(-1.0,-2.57086495047692E-16,0.0));
#1764=ORIENTED_EDGE('',*,*,#4280,.F.);
#1765=ORIENTED_EDGE('',*,*,#4305,.T.);
#1766=ORIENTED_EDGE('',*,*,#4306,.F.);
#1767=ORIENTED_EDGE('',*,*,#4303,.F.);
#1768=CARTESIAN_POINT('',(49.1227160834271,-10.5066953393995,1.73904110243246));
#1769=CARTESIAN_POINT('',(49.1227160834271,-10.5723355321501,1.65881420018174));
#1770=CARTESIAN_POINT('',(49.1227160834271,-10.7601394169643,1.58588065268108));
#1771=CARTESIAN_POINT('',(49.1227160834271,-10.8987131572155,1.58588065268108));
#1772=DIRECTION('',(-1.0,-2.57086495047692E-16,0.0));
#1773=ORIENTED_EDGE('',*,*,#4279,.F.);
#1774=ORIENTED_EDGE('',*,*,#4307,.T.);
#1775=ORIENTED_EDGE('',*,*,#4308,.F.);
#1776=ORIENTED_EDGE('',*,*,#4305,.F.);
#1777=CARTESIAN_POINT('',(49.1227160834271,-10.4282917758363,2.02712861506007));
#1778=CARTESIAN_POINT('',(49.1227160834271,-10.4282917758363,1.94872505149686));
#1779=CARTESIAN_POINT('',(49.1227160834271,-10.459288533524,1.79921127912051));
#1780=CARTESIAN_POINT('',(49.1227160834271,-10.5066953393995,1.73904110243246));
#1781=DIRECTION('',(-1.0,-2.57086495047692E-16,0.0));
#1782=ORIENTED_EDGE('',*,*,#4292,.F.);
#1783=ORIENTED_EDGE('',*,*,#4309,.T.);
#1784=ORIENTED_EDGE('',*,*,#4310,.F.);
#1785=ORIENTED_EDGE('',*,*,#4311,.F.);
#1786=CARTESIAN_POINT('',(49.1227160834271,-9.64425614020417,1.47465699274257));
#1787=DIRECTION('',(0.0,0.0,-1.0));
#1788=DIRECTION('',(-1.0,0.0,0.0));
#1789=ORIENTED_EDGE('',*,*,#4291,.F.);
#1790=ORIENTED_EDGE('',*,*,#4312,.T.);
#1791=ORIENTED_EDGE('',*,*,#4313,.F.);
#1792=ORIENTED_EDGE('',*,*,#4309,.F.);
#1793=CARTESIAN_POINT('',(49.1227160834271,-9.64425614020417,1.48742036355519));
#1794=DIRECTION('',(2.57086495047692E-16,-1.0,0.0));
#1795=DIRECTION('',(0.0,0.0,-1.0));
#1796=ORIENTED_EDGE('',*,*,#4290,.F.);
#1797=ORIENTED_EDGE('',*,*,#4314,.T.);
#1798=ORIENTED_EDGE('',*,*,#4315,.F.);
#1799=ORIENTED_EDGE('',*,*,#4312,.F.);
#1800=CARTESIAN_POINT('',(49.1227160834271,-9.64425614020417,1.48742036355519));
#1801=CARTESIAN_POINT('',(49.1227160834271,-9.62237607595397,1.52935715336807));
#1802=CARTESIAN_POINT('',(49.1227160834271,-9.58408596351613,1.68251760311945));
#1803=CARTESIAN_POINT('',(49.1227160834271,-9.58408596351613,1.77003786012024));
#1804=DIRECTION('',(-1.0,-2.57086495047692E-16,0.0));
#1805=ORIENTED_EDGE('',*,*,#4289,.F.);
#1806=ORIENTED_EDGE('',*,*,#4316,.T.);
#1807=ORIENTED_EDGE('',*,*,#4317,.F.);
#1808=ORIENTED_EDGE('',*,*,#4314,.F.);
#1809=CARTESIAN_POINT('',(49.1227160834271,-9.58408596351613,1.77003786012024));
#1810=CARTESIAN_POINT('',(49.1227160834271,-9.58408596351613,2.05083201799778));
#1811=CARTESIAN_POINT('',(49.1227160834271,-9.96334041051956,2.3954430299384));
#1812=CARTESIAN_POINT('',(49.1227160834271,-10.3353015027729,2.4282631263137));
#1813=DIRECTION('',(-1.0,-2.57086495047692E-16,0.0));
#1814=ORIENTED_EDGE('',*,*,#4288,.F.);
#1815=ORIENTED_EDGE('',*,*,#4318,.T.);
#1816=ORIENTED_EDGE('',*,*,#4319,.F.);
#1817=ORIENTED_EDGE('',*,*,#4316,.F.);
#1818=CARTESIAN_POINT('',(49.1227160834271,-10.3353015027729,2.4282631263137));
#1819=CARTESIAN_POINT('',(49.1227160834271,-10.2605446165847,2.32068614375022));
#1820=CARTESIAN_POINT('',(49.1227160834271,-10.1784943756465,2.09459214649818));
#1821=CARTESIAN_POINT('',(49.1227160834271,-10.1784943756465,1.95966508362196));
#1822=DIRECTION('',(-1.0,-2.57086495047692E-16,0.0));
#1823=ORIENTED_EDGE('',*,*,#4287,.F.);
#1824=ORIENTED_EDGE('',*,*,#4320,.T.);
#1825=ORIENTED_EDGE('',*,*,#4321,.F.);
#1826=ORIENTED_EDGE('',*,*,#4318,.F.);
#1827=CARTESIAN_POINT('',(49.1227160834271,-10.1784943756465,1.95966508362196));
#1828=CARTESIAN_POINT('',(49.1227160834271,-10.1784943756465,1.82838469812077));
#1829=CARTESIAN_POINT('',(49.1227160834271,-10.2313711975845,1.63146411986899));
#1830=CARTESIAN_POINT('',(49.1227160834271,-10.3115980998352,1.52388713730552));
#1831=DIRECTION('',(-1.0,-2.57086495047692E-16,0.0));
#1832=ORIENTED_EDGE('',*,*,#4286,.F.);
#1833=ORIENTED_EDGE('',*,*,#4322,.T.);
#1834=ORIENTED_EDGE('',*,*,#4323,.F.);
#1835=ORIENTED_EDGE('',*,*,#4320,.F.);
#1836=CARTESIAN_POINT('',(49.1227160834271,-10.3115980998352,1.52388713730552));
#1837=CARTESIAN_POINT('',(49.1227160834271,-10.4045883728985,1.39990010655439));
#1838=CARTESIAN_POINT('',(49.1227160834271,-10.6926758855262,1.27955975317831));
#1839=CARTESIAN_POINT('',(49.1227160834271,-10.8859497864029,1.27955975317831));
#1840=DIRECTION('',(-1.0,-2.57086495047692E-16,0.0));
#1841=ORIENTED_EDGE('',*,*,#4285,.F.);
#1842=ORIENTED_EDGE('',*,*,#4324,.T.);
#1843=ORIENTED_EDGE('',*,*,#4325,.F.);
#1844=ORIENTED_EDGE('',*,*,#4307,.F.);
#1845=CARTESIAN_POINT('',(49.1227160834271,-10.5522788065874,2.4282631263137));
#1846=CARTESIAN_POINT('',(49.1227160834271,-10.4921086298993,2.33162617587532));
#1847=CARTESIAN_POINT('',(49.1227160834271,-10.4282917758363,2.13288225893603));
#1848=CARTESIAN_POINT('',(49.1227160834271,-10.4282917758363,2.02712861506007));
#1849=DIRECTION('',(-1.0,-2.57086495047692E-16,0.0));
#1850=ORIENTED_EDGE('',*,*,#4284,.F.);
#1851=ORIENTED_EDGE('',*,*,#4326,.T.);
#1852=ORIENTED_EDGE('',*,*,#4327,.F.);
#1853=ORIENTED_EDGE('',*,*,#4324,.F.);
#1854=CARTESIAN_POINT('',(49.1227160834271,-10.6944992242137,2.43373314237625));
#1855=CARTESIAN_POINT('',(49.1227160834271,-10.6470924183382,2.43373314237625));
#1856=CARTESIAN_POINT('',(49.1227160834271,-10.5850989029627,2.43008646500121));
#1857=CARTESIAN_POINT('',(49.1227160834271,-10.5522788065874,2.4282631263137));
#1858=DIRECTION('',(-1.0,-2.57086495047692E-16,0.0));
#1859=ORIENTED_EDGE('',*,*,#4283,.F.);
#1860=ORIENTED_EDGE('',*,*,#4302,.T.);
#1861=ORIENTED_EDGE('',*,*,#4328,.F.);
#1862=ORIENTED_EDGE('',*,*,#4326,.F.);
#1863=CARTESIAN_POINT('',(49.1227160834271,-11.288907636344,2.2732793378748));
#1864=CARTESIAN_POINT('',(49.1227160834271,-11.2141507501559,2.34256620800042));
#1865=CARTESIAN_POINT('',(49.1227160834271,-10.9278865762158,2.43373314237625));
#1866=CARTESIAN_POINT('',(49.1227160834271,-10.6944992242137,2.43373314237625));
#1867=DIRECTION('',(-1.0,-2.57086495047692E-16,0.0));
#1868=ORIENTED_EDGE('',*,*,#4293,.F.);
#1869=ORIENTED_EDGE('',*,*,#4311,.T.);
#1870=ORIENTED_EDGE('',*,*,#4329,.F.);
#1871=ORIENTED_EDGE('',*,*,#4330,.F.);
#1872=CARTESIAN_POINT('',(49.1227160834271,-9.32334853120127,1.72992440899488));
#1873=CARTESIAN_POINT('',(49.1227160834271,-9.32334853120127,1.6551675228067));
#1874=CARTESIAN_POINT('',(49.1227160834271,-9.3379352407014,1.52388713730552));
#1875=CARTESIAN_POINT('',(49.1227160834271,-9.35434528888905,1.47465699274257));
#1876=DIRECTION('',(-1.0,-2.57086495047692E-16,0.0));
#1877=ORIENTED_EDGE('',*,*,#4294,.F.);
#1878=ORIENTED_EDGE('',*,*,#4330,.T.);
#1879=ORIENTED_EDGE('',*,*,#4331,.F.);
#1880=ORIENTED_EDGE('',*,*,#4332,.F.);
#1881=CARTESIAN_POINT('',(49.1227160834271,-9.68619293001705,2.49207998037678));
#1882=CARTESIAN_POINT('',(49.1227160834271,-9.5147990933905,2.36991628831317));
#1883=CARTESIAN_POINT('',(49.1227160834271,-9.32334853120127,1.98336848655967));
#1884=CARTESIAN_POINT('',(49.1227160834271,-9.32334853120127,1.72992440899488));
#1885=DIRECTION('',(-1.0,-2.57086495047692E-16,0.0));
#1886=ORIENTED_EDGE('',*,*,#4295,.F.);
#1887=ORIENTED_EDGE('',*,*,#4332,.T.);
#1888=ORIENTED_EDGE('',*,*,#4333,.F.);
#1889=ORIENTED_EDGE('',*,*,#4334,.F.);
#1890=CARTESIAN_POINT('',(49.1227160834271,-10.6270356927756,2.7382307031915));
#1891=CARTESIAN_POINT('',(49.1227160834271,-10.3334781640854,2.7382307031915));
#1892=CARTESIAN_POINT('',(49.1227160834271,-9.86123344401863,2.61789034981541));
#1893=CARTESIAN_POINT('',(49.1227160834271,-9.68619293001705,2.49207998037678));
#1894=DIRECTION('',(-1.0,-2.57086495047692E-16,0.0));
#1895=ORIENTED_EDGE('',*,*,#4296,.F.);
#1896=ORIENTED_EDGE('',*,*,#4334,.T.);
#1897=ORIENTED_EDGE('',*,*,#4335,.F.);
#1898=ORIENTED_EDGE('',*,*,#4336,.F.);
#1899=CARTESIAN_POINT('',(49.1227160834271,-11.4584781342831,2.49025664168926));
#1900=CARTESIAN_POINT('',(49.1227160834271,-11.3363144422195,2.60695031769031));
#1901=CARTESIAN_POINT('',(49.1227160834271,-10.9260632375283,2.7382307031915));
#1902=CARTESIAN_POINT('',(49.1227160834271,-10.6270356927756,2.7382307031915));
#1903=DIRECTION('',(-1.0,-2.57086495047692E-16,0.0));
#1904=ORIENTED_EDGE('',*,*,#4297,.F.);
#1905=ORIENTED_EDGE('',*,*,#4336,.T.);
#1906=ORIENTED_EDGE('',*,*,#4337,.F.);
#1907=ORIENTED_EDGE('',*,*,#4338,.F.);
#1908=CARTESIAN_POINT('',(49.1227160834271,-11.6626920672849,1.99430851868477));
#1909=CARTESIAN_POINT('',(49.1227160834271,-11.6626920672849,2.14564562974864));
#1910=CARTESIAN_POINT('',(49.1227160834271,-11.560585100784,2.3954430299384));
#1911=CARTESIAN_POINT('',(49.1227160834271,-11.4584781342831,2.49025664168926));
#1912=DIRECTION('',(-1.0,-2.57086495047692E-16,0.0));
#1913=ORIENTED_EDGE('',*,*,#4298,.F.);
#1914=ORIENTED_EDGE('',*,*,#4338,.T.);
#1915=ORIENTED_EDGE('',*,*,#4339,.F.);
#1916=ORIENTED_EDGE('',*,*,#4340,.F.);
#1917=CARTESIAN_POINT('',(49.1227160834271,-11.451184779533,1.49106704093022));
#1918=CARTESIAN_POINT('',(49.1227160834271,-11.5551150847215,1.59135066874363));
#1919=CARTESIAN_POINT('',(49.1227160834271,-11.6626920672849,1.8429714076209));
#1920=CARTESIAN_POINT('',(49.1227160834271,-11.6626920672849,1.99430851868477));
#1921=DIRECTION('',(-1.0,-2.57086495047692E-16,0.0));
#1922=ORIENTED_EDGE('',*,*,#4299,.F.);
#1923=ORIENTED_EDGE('',*,*,#4340,.T.);
#1924=ORIENTED_EDGE('',*,*,#4341,.F.);
#1925=ORIENTED_EDGE('',*,*,#4322,.F.);
#1926=CARTESIAN_POINT('',(49.1227160834271,-10.8859497864029,1.27955975317831));
#1927=CARTESIAN_POINT('',(49.1227160834271,-11.059166961717,1.27955975317831));
#1928=CARTESIAN_POINT('',(49.1227160834271,-11.3527244904071,1.39443009049184));
#1929=CARTESIAN_POINT('',(49.1227160834271,-11.451184779533,1.49106704093022));
#1930=DIRECTION('',(-1.0,-2.57086495047692E-16,0.0));
#1931=ORIENTED_EDGE('',*,*,#4342,.T.);
#1932=ORIENTED_EDGE('',*,*,#4343,.T.);
#1933=ORIENTED_EDGE('',*,*,#4344,.T.);
#1934=ORIENTED_EDGE('',*,*,#4345,.T.);
#1935=ORIENTED_EDGE('',*,*,#4346,.T.);
#1936=ORIENTED_EDGE('',*,*,#4347,.T.);
#1937=ORIENTED_EDGE('',*,*,#4348,.T.);
#1938=ORIENTED_EDGE('',*,*,#4349,.T.);
#1939=ORIENTED_EDGE('',*,*,#4350,.T.);
#1940=ORIENTED_EDGE('',*,*,#4351,.T.);
#1941=ORIENTED_EDGE('',*,*,#4352,.T.);
#1942=ORIENTED_EDGE('',*,*,#4353,.T.);
#1943=ORIENTED_EDGE('',*,*,#4354,.T.);
#1944=ORIENTED_EDGE('',*,*,#4355,.T.);
#1945=ORIENTED_EDGE('',*,*,#4356,.T.);
#1946=ORIENTED_EDGE('',*,*,#4357,.T.);
#1947=ORIENTED_EDGE('',*,*,#4358,.T.);
#1948=ORIENTED_EDGE('',*,*,#4359,.T.);
#1949=ORIENTED_EDGE('',*,*,#4360,.T.);
#1950=ORIENTED_EDGE('',*,*,#4361,.T.);
#1951=ORIENTED_EDGE('',*,*,#4362,.T.);
#1952=CARTESIAN_POINT('',(7.82692307692307,-12.0,0.0));
#1953=DIRECTION('',(0.0,0.0,1.0));
#1954=DIRECTION('',(0.634945397815913,-0.772557015237317,0.0));
#1955=ORIENTED_EDGE('',*,*,#4360,.F.);
#1956=ORIENTED_EDGE('',*,*,#4363,.T.);
#1957=ORIENTED_EDGE('',*,*,#4364,.F.);
#1958=ORIENTED_EDGE('',*,*,#4365,.F.);
#1959=CARTESIAN_POINT('',(49.1227160834271,-9.8904068630189,-0.0478308113337023));
#1960=CARTESIAN_POINT('',(49.1227160834271,-10.0271572645826,-0.0478308113337023));
#1961=CARTESIAN_POINT('',(49.1227160834271,-10.2404878910221,0.045159461729638));
#1962=CARTESIAN_POINT('',(49.1227160834271,-10.3407715188355,0.176439847230827));
#1963=DIRECTION('',(-1.0,-2.54261368728487E-16,0.0));
#1964=ORIENTED_EDGE('',*,*,#4359,.F.);
#1965=ORIENTED_EDGE('',*,*,#4366,.T.);
#1966=ORIENTED_EDGE('',*,*,#4367,.F.);
#1967=ORIENTED_EDGE('',*,*,#4363,.F.);
#1968=CARTESIAN_POINT('',(49.1227160834271,-9.5366791576407,0.335070313044761));
#1969=CARTESIAN_POINT('',(49.1227160834271,-9.5366791576407,0.154559782980628));
#1970=CARTESIAN_POINT('',(49.1227160834271,-9.73906975195503,-0.0478308113337023));
#1971=CARTESIAN_POINT('',(49.1227160834271,-9.8904068630189,-0.0478308113337023));
#1972=DIRECTION('',(-1.0,-2.54261368728487E-16,0.0));
#1973=ORIENTED_EDGE('',*,*,#4358,.F.);
#1974=ORIENTED_EDGE('',*,*,#4368,.T.);
#1975=ORIENTED_EDGE('',*,*,#4369,.F.);
#1976=ORIENTED_EDGE('',*,*,#4366,.F.);
#1977=CARTESIAN_POINT('',(49.1227160834271,-9.87217347614373,0.708854743985643));
#1978=CARTESIAN_POINT('',(49.1227160834271,-9.71718968770483,0.708854743985643));
#1979=CARTESIAN_POINT('',(49.1227160834271,-9.5366791576407,0.499170794921246));
#1980=CARTESIAN_POINT('',(49.1227160834271,-9.5366791576407,0.335070313044761));
#1981=DIRECTION('',(-1.0,-2.54261368728487E-16,0.0));
#1982=ORIENTED_EDGE('',*,*,#4355,.F.);
#1983=ORIENTED_EDGE('',*,*,#4370,.T.);
#1984=ORIENTED_EDGE('',*,*,#4371,.F.);
#1985=ORIENTED_EDGE('',*,*,#4372,.F.);
#1986=CARTESIAN_POINT('',(49.1227160834271,-11.0172301719041,-0.089767601146582));
#1987=CARTESIAN_POINT('',(49.1227160834271,-11.2141507501559,-0.089767601146582));
#1988=CARTESIAN_POINT('',(49.1227160834271,-11.4420680860954,0.139973073480497));
#1989=CARTESIAN_POINT('',(49.1227160834271,-11.4420680860954,0.329600296982211));
#1990=DIRECTION('',(-1.0,-2.57086495047692E-16,0.0));
#1991=ORIENTED_EDGE('',*,*,#4354,.F.);
#1992=ORIENTED_EDGE('',*,*,#4373,.T.);
#1993=ORIENTED_EDGE('',*,*,#4374,.F.);
#1994=ORIENTED_EDGE('',*,*,#4370,.F.);
#1995=CARTESIAN_POINT('',(49.1227160834271,-10.6306823701506,0.17461650854331));
#1996=CARTESIAN_POINT('',(49.1227160834271,-10.7145559497764,0.0196327201044078));
#1997=CARTESIAN_POINT('',(49.1227160834271,-10.8786564316528,-0.089767601146582));
#1998=CARTESIAN_POINT('',(49.1227160834271,-11.0172301719041,-0.089767601146582));
#1999=DIRECTION('',(-1.0,-2.57086495047692E-16,0.0));
#2000=ORIENTED_EDGE('',*,*,#4353,.F.);
#2001=ORIENTED_EDGE('',*,*,#4375,.T.);
#2002=ORIENTED_EDGE('',*,*,#4376,.F.);
#2003=ORIENTED_EDGE('',*,*,#4373,.F.);
#2004=CARTESIAN_POINT('',(49.1227160834271,-10.4902852912118,0.504640810983796));
#2005=CARTESIAN_POINT('',(49.1227160834271,-10.5340454197122,0.397063828420321));
#2006=CARTESIAN_POINT('',(49.1227160834271,-10.6015089511503,0.225669991793771));
#2007=CARTESIAN_POINT('',(49.1227160834271,-10.6306823701506,0.17461650854331));
#2008=DIRECTION('',(-1.0,-2.57086495047692E-16,0.0));
#2009=ORIENTED_EDGE('',*,*,#4347,.F.);
#2010=ORIENTED_EDGE('',*,*,#4377,.T.);
#2011=ORIENTED_EDGE('',*,*,#4378,.F.);
#2012=ORIENTED_EDGE('',*,*,#4379,.F.);
#2013=CARTESIAN_POINT('',(49.1227160834271,-9.90681691120655,1.01152896611338));
#2014=CARTESIAN_POINT('',(49.1227160834271,-9.65337283364175,1.01152896611338));
#2015=CARTESIAN_POINT('',(49.1227160834271,-9.31423183776369,0.628627841734917));
#2016=CARTESIAN_POINT('',(49.1227160834271,-9.31423183776369,0.333246974357244));
#2017=DIRECTION('',(-1.0,-2.57086495047692E-16,0.0));
#2018=ORIENTED_EDGE('',*,*,#4346,.F.);
#2019=ORIENTED_EDGE('',*,*,#4380,.T.);
#2020=ORIENTED_EDGE('',*,*,#4381,.F.);
#2021=ORIENTED_EDGE('',*,*,#4377,.F.);
#2022=CARTESIAN_POINT('',(49.1227160834271,-9.31423183776369,0.333246974357244));
#2023=CARTESIAN_POINT('',(49.1227160834271,-9.31423183776369,0.0269260748544742));
#2024=CARTESIAN_POINT('',(49.1227160834271,-9.63513944676659,-0.343211678711375));
#2025=CARTESIAN_POINT('',(49.1227160834271,-9.88676018564387,-0.343211678711375));
#2026=DIRECTION('',(-1.0,-2.57086495047692E-16,0.0));
#2027=ORIENTED_EDGE('',*,*,#4345,.F.);
#2028=ORIENTED_EDGE('',*,*,#4382,.T.);
#2029=ORIENTED_EDGE('',*,*,#4383,.F.);
#2030=ORIENTED_EDGE('',*,*,#4380,.F.);
#2031=CARTESIAN_POINT('',(49.1227160834271,-9.88676018564387,-0.343211678711375));
#2032=CARTESIAN_POINT('',(49.1227160834271,-10.0380972967077,-0.343211678711375));
#2033=CARTESIAN_POINT('',(49.1227160834271,-10.3334781640854,-0.166347826022275));
#2034=CARTESIAN_POINT('',(49.1227160834271,-10.4173517437112,-0.000424005458272703));
#2035=DIRECTION('',(-1.0,-2.57086495047692E-16,0.0));
#2036=ORIENTED_EDGE('',*,*,#4344,.F.);
#2037=ORIENTED_EDGE('',*,*,#4384,.T.);
#2038=ORIENTED_EDGE('',*,*,#4385,.F.);
#2039=ORIENTED_EDGE('',*,*,#4382,.F.);
#2040=CARTESIAN_POINT('',(49.1227160834271,-10.4264684371487,-0.000424005458272703));
#2041=DIRECTION('',(0.0,0.0,-1.0));
#2042=DIRECTION('',(-1.0,0.0,0.0));
#2043=ORIENTED_EDGE('',*,*,#4343,.F.);
#2044=ORIENTED_EDGE('',*,*,#4386,.T.);
#2045=ORIENTED_EDGE('',*,*,#4387,.F.);
#2046=ORIENTED_EDGE('',*,*,#4384,.F.);
#2047=CARTESIAN_POINT('',(49.1227160834271,-10.4264684371487,-0.000424005458272703));
#2048=CARTESIAN_POINT('',(49.1227160834271,-10.5176353715246,-0.197344583710055));
#2049=CARTESIAN_POINT('',(49.1227160834271,-10.7801961425269,-0.399735178024385));
#2050=CARTESIAN_POINT('',(49.1227160834271,-10.9880567529038,-0.399735178024385));
#2051=DIRECTION('',(-1.0,-2.57086495047692E-16,0.0));
#2052=ORIENTED_EDGE('',*,*,#4342,.F.);
#2053=ORIENTED_EDGE('',*,*,#4388,.T.);
#2054=ORIENTED_EDGE('',*,*,#4389,.F.);
#2055=ORIENTED_EDGE('',*,*,#4386,.F.);
#2056=CARTESIAN_POINT('',(49.1227160834271,-10.9880567529038,-0.399735178024385));
#2057=CARTESIAN_POINT('',(49.1227160834271,-11.2761442655314,-0.399735178024385));
#2058=CARTESIAN_POINT('',(49.1227160834271,-11.66633874466,0.0196327201044078));
#2059=CARTESIAN_POINT('',(49.1227160834271,-11.66633874466,0.333246974357244));
#2060=DIRECTION('',(-1.0,-2.57086495047692E-16,0.0));
#2061=ORIENTED_EDGE('',*,*,#4362,.F.);
#2062=ORIENTED_EDGE('',*,*,#4390,.T.);
#2063=ORIENTED_EDGE('',*,*,#4391,.F.);
#2064=ORIENTED_EDGE('',*,*,#4368,.F.);
#2065=CARTESIAN_POINT('',(49.1227160834271,-10.2003744398967,0.493700778858697));
#2066=CARTESIAN_POINT('',(49.1227160834271,-10.1383809245211,0.60127776142217));
#2067=CARTESIAN_POINT('',(49.1227160834271,-9.98339713608224,0.708854743985643));
#2068=CARTESIAN_POINT('',(49.1227160834271,-9.87217347614373,0.708854743985643));
#2069=DIRECTION('',(-1.0,-2.54261368728487E-16,0.0));
#2070=ORIENTED_EDGE('',*,*,#4361,.F.);
#2071=ORIENTED_EDGE('',*,*,#4365,.T.);
#2072=ORIENTED_EDGE('',*,*,#4392,.F.);
#2073=ORIENTED_EDGE('',*,*,#4390,.F.);
#2074=CARTESIAN_POINT('',(49.1227160834271,-10.3407715188355,0.176439847230827));
#2075=CARTESIAN_POINT('',(49.1227160834271,-10.3152447772102,0.254843410794034));
#2076=CARTESIAN_POINT('',(49.1227160834271,-10.2259011815219,0.448117311670784));
#2077=CARTESIAN_POINT('',(49.1227160834271,-10.2003744398967,0.493700778858697));
#2078=DIRECTION('',(-1.0,-2.54261368728487E-16,0.0));
#2079=ORIENTED_EDGE('',*,*,#4357,.F.);
#2080=ORIENTED_EDGE('',*,*,#4393,.T.);
#2081=ORIENTED_EDGE('',*,*,#4394,.F.);
#2082=ORIENTED_EDGE('',*,*,#4375,.F.);
#2083=CARTESIAN_POINT('',(49.1227160834271,-10.9716467047162,0.76173156592362));
#2084=CARTESIAN_POINT('',(49.1227160834271,-10.8166629162773,0.76173156592362));
#2085=CARTESIAN_POINT('',(49.1227160834271,-10.5723355321501,0.628627841734917));
#2086=CARTESIAN_POINT('',(49.1227160834271,-10.4902852912118,0.504640810983796));
#2087=DIRECTION('',(-1.0,-2.57086495047692E-16,0.0));
#2088=ORIENTED_EDGE('',*,*,#4356,.F.);
#2089=ORIENTED_EDGE('',*,*,#4372,.T.);
#2090=ORIENTED_EDGE('',*,*,#4395,.F.);
#2091=ORIENTED_EDGE('',*,*,#4393,.F.);
#2092=CARTESIAN_POINT('',(49.1227160834271,-11.4420680860954,0.329600296982211));
#2093=CARTESIAN_POINT('',(49.1227160834271,-11.4420680860954,0.515580843108894));
#2094=CARTESIAN_POINT('',(49.1227160834271,-11.175860637718,0.76173156592362));
#2095=CARTESIAN_POINT('',(49.1227160834271,-10.9716467047162,0.76173156592362));
#2096=DIRECTION('',(-1.0,-2.57086495047692E-16,0.0));
#2097=ORIENTED_EDGE('',*,*,#4348,.F.);
#2098=ORIENTED_EDGE('',*,*,#4379,.T.);
#2099=ORIENTED_EDGE('',*,*,#4396,.F.);
#2100=ORIENTED_EDGE('',*,*,#4397,.F.);
#2101=CARTESIAN_POINT('',(49.1227160834271,-10.4045883728985,0.685151341047929));
#2102=CARTESIAN_POINT('',(49.1227160834271,-10.3079514224602,0.851075161611929));
#2103=CARTESIAN_POINT('',(49.1227160834271,-10.0782107478331,1.01152896611338));
#2104=CARTESIAN_POINT('',(49.1227160834271,-9.90681691120655,1.01152896611338));
#2105=DIRECTION('',(-1.0,-2.57086495047692E-16,0.0));
#2106=ORIENTED_EDGE('',*,*,#4349,.F.);
#2107=ORIENTED_EDGE('',*,*,#4397,.T.);
#2108=ORIENTED_EDGE('',*,*,#4398,.F.);
#2109=ORIENTED_EDGE('',*,*,#4399,.F.);
#2110=CARTESIAN_POINT('',(49.1227160834271,-10.4045883728985,0.685151341047929));
#2111=DIRECTION('',(0.0,0.0,1.0));
#2112=DIRECTION('',(1.0,0.0,0.0));
#2113=ORIENTED_EDGE('',*,*,#4350,.F.);
#2114=ORIENTED_EDGE('',*,*,#4399,.T.);
#2115=ORIENTED_EDGE('',*,*,#4400,.F.);
#2116=ORIENTED_EDGE('',*,*,#4401,.F.);
#2117=CARTESIAN_POINT('',(49.1227160834271,-10.9935267689664,1.06622912673888));
#2118=CARTESIAN_POINT('',(49.1227160834271,-10.8111929002147,1.06622912673888));
#2119=CARTESIAN_POINT('',(49.1227160834271,-10.504872000712,0.87113188717461));
#2120=CARTESIAN_POINT('',(49.1227160834271,-10.4137050663361,0.685151341047929));
#2121=DIRECTION('',(-1.0,-2.57086495047692E-16,0.0));
#2122=ORIENTED_EDGE('',*,*,#4351,.F.);
#2123=ORIENTED_EDGE('',*,*,#4401,.T.);
#2124=ORIENTED_EDGE('',*,*,#4402,.F.);
#2125=ORIENTED_EDGE('',*,*,#4403,.F.);
#2126=CARTESIAN_POINT('',(49.1227160834271,-11.4730648437832,0.872955225862126));
#2127=CARTESIAN_POINT('',(49.1227160834271,-11.3818979094074,0.967768837612986));
#2128=CARTESIAN_POINT('',(49.1227160834271,-11.1339238479051,1.06622912673888));
#2129=CARTESIAN_POINT('',(49.1227160834271,-10.9935267689664,1.06622912673888));
#2130=DIRECTION('',(-1.0,-2.57086495047692E-16,0.0));
#2131=ORIENTED_EDGE('',*,*,#4352,.F.);
#2132=ORIENTED_EDGE('',*,*,#4403,.T.);
#2133=ORIENTED_EDGE('',*,*,#4404,.F.);
#2134=ORIENTED_EDGE('',*,*,#4388,.F.);
#2135=CARTESIAN_POINT('',(49.1227160834271,-11.66633874466,0.333246974357244));
#2136=CARTESIAN_POINT('',(49.1227160834271,-11.66633874466,0.500994133608763));
#2137=CARTESIAN_POINT('',(49.1227160834271,-11.5660551168466,0.776318275423753));
#2138=CARTESIAN_POINT('',(49.1227160834271,-11.4730648437832,0.872955225862126));
#2139=DIRECTION('',(-1.0,-2.57086495047692E-16,0.0));
#2140=ORIENTED_EDGE('',*,*,#4405,.F.);
#2141=ORIENTED_EDGE('',*,*,#4406,.T.);
#2142=ORIENTED_EDGE('',*,*,#4407,.F.);
#2143=ORIENTED_EDGE('',*,*,#4408,.F.);
#2144=CARTESIAN_POINT('',(49.1227160834271,-9.57861594745358,-1.28223110278237));
#2145=CARTESIAN_POINT('',(49.1227160834271,-9.57861594745358,-1.20018086184413));
#2146=CARTESIAN_POINT('',(49.1227160834271,-9.61872939857894,-1.03790371865516));
#2147=CARTESIAN_POINT('',(49.1227160834271,-9.64972615626672,-0.95950015509195));
#2148=DIRECTION('',(-1.0,-2.54261368728487E-16,0.0));
#2149=ORIENTED_EDGE('',*,*,#4409,.F.);
#2150=ORIENTED_EDGE('',*,*,#4410,.T.);
#2151=ORIENTED_EDGE('',*,*,#4411,.F.);
#2152=ORIENTED_EDGE('',*,*,#4406,.F.);
#2153=CARTESIAN_POINT('',(49.1227160834271,-9.64972615626672,-0.95950015509195));
#2154=CARTESIAN_POINT('',(49.1227160834271,-9.6807229139545,-0.88656660759129));
#2155=CARTESIAN_POINT('',(49.1227160834271,-9.7463631067051,-0.778989625027817));
#2156=CARTESIAN_POINT('',(49.1227160834271,-9.77553652570536,-0.737052835214937));
#2157=DIRECTION('',(-1.0,-2.54261368728487E-16,0.0));
#2158=ORIENTED_EDGE('',*,*,#4412,.F.);
#2159=ORIENTED_EDGE('',*,*,#4413,.T.);
#2160=ORIENTED_EDGE('',*,*,#4414,.F.);
#2161=ORIENTED_EDGE('',*,*,#4410,.F.);
#2162=CARTESIAN_POINT('',(49.1227160834271,-9.77553652570536,-0.718819448339771));
#2163=DIRECTION('',(2.54261368728487E-16,-1.0,0.0));
#2164=DIRECTION('',(0.0,0.0,-1.0));
#2165=ORIENTED_EDGE('',*,*,#4415,.F.);
#2166=ORIENTED_EDGE('',*,*,#4416,.T.);
#2167=ORIENTED_EDGE('',*,*,#4417,.F.);
#2168=ORIENTED_EDGE('',*,*,#4413,.F.);
#2169=CARTESIAN_POINT('',(49.1227160834271,-9.45645225538997,-0.718819448339771));
#2170=DIRECTION('',(0.0,0.0,1.0));
#2171=DIRECTION('',(1.0,0.0,0.0));
#2172=ORIENTED_EDGE('',*,*,#4418,.F.);
#2173=ORIENTED_EDGE('',*,*,#4419,.T.);
#2174=ORIENTED_EDGE('',*,*,#4420,.F.);
#2175=ORIENTED_EDGE('',*,*,#4416,.F.);
#2176=CARTESIAN_POINT('',(49.1227160834271,-9.45645225538997,-0.718819448339771));
#2177=CARTESIAN_POINT('',(49.1227160834271,-9.40357543345199,-0.817279737465664));
#2178=CARTESIAN_POINT('',(49.1227160834271,-9.31787851513872,-1.15459739465621));
#2179=CARTESIAN_POINT('',(49.1227160834271,-9.31787851513872,-1.30593450572008));
#2180=DIRECTION('',(-1.0,-2.54261368728487E-16,0.0));
#2181=ORIENTED_EDGE('',*,*,#4421,.F.);
#2182=ORIENTED_EDGE('',*,*,#4422,.T.);
#2183=ORIENTED_EDGE('',*,*,#4423,.F.);
#2184=ORIENTED_EDGE('',*,*,#4419,.F.);
#2185=CARTESIAN_POINT('',(49.1227160834271,-9.31787851513872,-1.30593450572008));
#2186=CARTESIAN_POINT('',(49.1227160834271,-9.31787851513872,-1.45909495547147));
#2187=CARTESIAN_POINT('',(49.1227160834271,-9.37987203051428,-1.68701229141103));
#2188=CARTESIAN_POINT('',(49.1227160834271,-9.44551222326487,-1.78000256447437));
#2189=DIRECTION('',(-1.0,-2.54261368728487E-16,0.0));
#2190=ORIENTED_EDGE('',*,*,#4424,.F.);
#2191=ORIENTED_EDGE('',*,*,#4425,.T.);
#2192=ORIENTED_EDGE('',*,*,#4426,.F.);
#2193=ORIENTED_EDGE('',*,*,#4422,.F.);
#2194=CARTESIAN_POINT('',(49.1227160834271,-9.44551222326487,-1.78000256447437));
#2195=CARTESIAN_POINT('',(49.1227160834271,-9.51662243207802,-1.87846285360026));
#2196=CARTESIAN_POINT('',(49.1227160834271,-9.72265970376738,-1.98056982010119));
#2197=CARTESIAN_POINT('',(49.1227160834271,-9.86123344401863,-1.98056982010119));
#2198=DIRECTION('',(-1.0,-2.54261368728487E-16,0.0));
#2199=ORIENTED_EDGE('',*,*,#4427,.F.);
#2200=ORIENTED_EDGE('',*,*,#4428,.T.);
#2201=ORIENTED_EDGE('',*,*,#4429,.F.);
#2202=ORIENTED_EDGE('',*,*,#4425,.F.);
#2203=CARTESIAN_POINT('',(49.1227160834271,-9.86123344401863,-1.98056982010119));
#2204=CARTESIAN_POINT('',(49.1227160834271,-10.0472139901453,-1.98056982010119));
#2205=CARTESIAN_POINT('',(49.1227160834271,-10.3280081480229,-1.73624243597398));
#2206=CARTESIAN_POINT('',(49.1227160834271,-10.3644749217732,-1.56484859934743));
#2207=DIRECTION('',(-1.0,-2.54261368728487E-16,0.0));
#2208=ORIENTED_EDGE('',*,*,#4430,.F.);
#2209=ORIENTED_EDGE('',*,*,#4431,.T.);
#2210=ORIENTED_EDGE('',*,*,#4432,.F.);
#2211=ORIENTED_EDGE('',*,*,#4428,.F.);
#2212=CARTESIAN_POINT('',(49.1227160834271,-10.3863549860234,-1.56484859934743));
#2213=DIRECTION('',(0.0,0.0,-1.0));
#2214=DIRECTION('',(-1.0,0.0,0.0));
#2215=ORIENTED_EDGE('',*,*,#4433,.F.);
#2216=ORIENTED_EDGE('',*,*,#4434,.T.);
#2217=ORIENTED_EDGE('',*,*,#4435,.F.);
#2218=ORIENTED_EDGE('',*,*,#4431,.F.);
#2219=CARTESIAN_POINT('',(49.1227160834271,-10.3863549860234,-1.56484859934743));
#2220=CARTESIAN_POINT('',(49.1227160834271,-10.4009416955235,-1.63595880816057));
#2221=CARTESIAN_POINT('',(49.1227160834271,-10.4665818882741,-1.79823595134954));
#2222=CARTESIAN_POINT('',(49.1227160834271,-10.5322220810247,-1.86752282147516));
#2223=DIRECTION('',(-1.0,-2.54261368728487E-16,0.0));
#2224=ORIENTED_EDGE('',*,*,#4436,.F.);
#2225=ORIENTED_EDGE('',*,*,#4437,.T.);
#2226=ORIENTED_EDGE('',*,*,#4438,.F.);
#2227=ORIENTED_EDGE('',*,*,#4434,.F.);
#2228=CARTESIAN_POINT('',(49.1227160834271,-10.5322220810247,-1.86752282147516));
#2229=CARTESIAN_POINT('',(49.1227160834271,-10.5960389350878,-1.93680969160079));
#2230=CARTESIAN_POINT('',(49.1227160834271,-10.8002528680896,-2.02432994860158));
#2231=CARTESIAN_POINT('',(49.1227160834271,-10.9479433017785,-2.02432994860158));
#2232=DIRECTION('',(-1.0,-2.54261368728487E-16,0.0));
#2233=ORIENTED_EDGE('',*,*,#4439,.F.);
#2234=ORIENTED_EDGE('',*,*,#4440,.T.);
#2235=ORIENTED_EDGE('',*,*,#4441,.F.);
#2236=ORIENTED_EDGE('',*,*,#4437,.F.);
#2237=CARTESIAN_POINT('',(49.1227160834271,-10.9479433017785,-2.02432994860158));
#2238=CARTESIAN_POINT('',(49.1227160834271,-11.0992804128423,-2.02432994860158));
#2239=CARTESIAN_POINT('',(49.1227160834271,-11.3563711677822,-1.92039964341314));
#2240=CARTESIAN_POINT('',(49.1227160834271,-11.4548314569081,-1.82558603166229));
#2241=DIRECTION('',(-1.0,-2.54261368728487E-16,0.0));
#2242=ORIENTED_EDGE('',*,*,#4442,.F.);
#2243=ORIENTED_EDGE('',*,*,#4443,.T.);
#2244=ORIENTED_EDGE('',*,*,#4444,.F.);
#2245=ORIENTED_EDGE('',*,*,#4440,.F.);
#2246=CARTESIAN_POINT('',(49.1227160834271,-11.4548314569081,-1.82558603166229));
#2247=CARTESIAN_POINT('',(49.1227160834271,-11.556938423409,-1.72712574253639));
#2248=CARTESIAN_POINT('',(49.1227160834271,-11.6626920672849,-1.44815492334637));
#2249=CARTESIAN_POINT('',(49.1227160834271,-11.6626920672849,-1.27129107065727));
#2250=DIRECTION('',(-1.0,-2.54261368728487E-16,0.0));
#2251=ORIENTED_EDGE('',*,*,#4445,.F.);
#2252=ORIENTED_EDGE('',*,*,#4408,.T.);
#2253=ORIENTED_EDGE('',*,*,#4446,.F.);
#2254=ORIENTED_EDGE('',*,*,#4447,.F.);
#2255=CARTESIAN_POINT('',(49.1227160834271,-9.6479028175792,-1.55573190590984));
#2256=CARTESIAN_POINT('',(49.1227160834271,-9.60961270514136,-1.49920840659683));
#2257=CARTESIAN_POINT('',(49.1227160834271,-9.57861594745358,-1.36063466634558));
#2258=CARTESIAN_POINT('',(49.1227160834271,-9.57861594745358,-1.28223110278237));
#2259=DIRECTION('',(-1.0,-2.54261368728487E-16,0.0));
#2260=ORIENTED_EDGE('',*,*,#4448,.F.);
#2261=ORIENTED_EDGE('',*,*,#4447,.T.);
#2262=ORIENTED_EDGE('',*,*,#4449,.F.);
#2263=ORIENTED_EDGE('',*,*,#4450,.F.);
#2264=CARTESIAN_POINT('',(49.1227160834271,-9.89223020170641,-1.67424892059842));
#2265=CARTESIAN_POINT('',(49.1227160834271,-9.80653328339314,-1.67424892059842));
#2266=CARTESIAN_POINT('',(49.1227160834271,-9.68436959132953,-1.60860872784782));
#2267=CARTESIAN_POINT('',(49.1227160834271,-9.6479028175792,-1.55573190590984));
#2268=DIRECTION('',(-1.0,-2.54261368728487E-16,0.0));
#2269=ORIENTED_EDGE('',*,*,#4451,.F.);
#2270=ORIENTED_EDGE('',*,*,#4450,.T.);
#2271=ORIENTED_EDGE('',*,*,#4452,.F.);
#2272=ORIENTED_EDGE('',*,*,#4453,.F.);
#2273=CARTESIAN_POINT('',(49.1227160834271,-10.2696613100223,-1.21659091003178));
#2274=CARTESIAN_POINT('',(49.1227160834271,-10.2696613100223,-1.41898150434611));
#2275=CARTESIAN_POINT('',(49.1227160834271,-10.0763874091456,-1.67424892059842));
#2276=CARTESIAN_POINT('',(49.1227160834271,-9.89223020170641,-1.67424892059842));
#2277=DIRECTION('',(-1.0,-2.54261368728487E-16,0.0));
#2278=ORIENTED_EDGE('',*,*,#4454,.F.);
#2279=ORIENTED_EDGE('',*,*,#4453,.T.);
#2280=ORIENTED_EDGE('',*,*,#4455,.F.);
#2281=ORIENTED_EDGE('',*,*,#4456,.F.);
#2282=CARTESIAN_POINT('',(49.1227160834271,-10.2696613100223,-1.21659091003178));
#2283=DIRECTION('',(-2.54261368728487E-16,1.0,0.0));
#2284=DIRECTION('',(0.0,0.0,1.0));
#2285=ORIENTED_EDGE('',*,*,#4457,.F.);
#2286=ORIENTED_EDGE('',*,*,#4456,.T.);
#2287=ORIENTED_EDGE('',*,*,#4458,.F.);
#2288=ORIENTED_EDGE('',*,*,#4459,.F.);
#2289=CARTESIAN_POINT('',(49.1227160834271,-10.2696613100223,-1.11630728221837));
#2290=DIRECTION('',(0.0,0.0,1.0));
#2291=DIRECTION('',(1.0,0.0,0.0));
#2292=ORIENTED_EDGE('',*,*,#4460,.F.);
#2293=ORIENTED_EDGE('',*,*,#4459,.T.);
#2294=ORIENTED_EDGE('',*,*,#4461,.F.);
#2295=ORIENTED_EDGE('',*,*,#4462,.F.);
#2296=CARTESIAN_POINT('',(49.1227160834271,-10.5194587102121,-1.11630728221837));
#2297=DIRECTION('',(2.54261368728487E-16,-1.0,0.0));
#2298=DIRECTION('',(0.0,0.0,-1.0));
#2299=ORIENTED_EDGE('',*,*,#4463,.F.);
#2300=ORIENTED_EDGE('',*,*,#4462,.T.);
#2301=ORIENTED_EDGE('',*,*,#4464,.F.);
#2302=ORIENTED_EDGE('',*,*,#4465,.F.);
#2303=CARTESIAN_POINT('',(49.1227160834271,-10.5996856124628,-1.58308198622259));
#2304=CARTESIAN_POINT('',(49.1227160834271,-10.5541021452749,-1.51926513215951));
#2305=CARTESIAN_POINT('',(49.1227160834271,-10.5194587102121,-1.34604795684545));
#2306=CARTESIAN_POINT('',(49.1227160834271,-10.5194587102121,-1.24394099034452));
#2307=DIRECTION('',(-1.0,-2.54261368728487E-16,0.0));
#2308=ORIENTED_EDGE('',*,*,#4466,.F.);
#2309=ORIENTED_EDGE('',*,*,#4465,.T.);
#2310=ORIENTED_EDGE('',*,*,#4467,.F.);
#2311=ORIENTED_EDGE('',*,*,#4468,.F.);
#2312=CARTESIAN_POINT('',(49.1227160834271,-10.9260632375283,-1.71800904909881));
#2313=CARTESIAN_POINT('',(49.1227160834271,-10.8038995454647,-1.71800904909881));
#2314=CARTESIAN_POINT('',(49.1227160834271,-10.6452690796507,-1.64689884028567));
#2315=CARTESIAN_POINT('',(49.1227160834271,-10.5996856124628,-1.58308198622259));
#2316=DIRECTION('',(-1.0,-2.54261368728487E-16,0.0));
#2317=ORIENTED_EDGE('',*,*,#4469,.F.);
#2318=ORIENTED_EDGE('',*,*,#4468,.T.);
#2319=ORIENTED_EDGE('',*,*,#4470,.F.);
#2320=ORIENTED_EDGE('',*,*,#4471,.F.);
#2321=CARTESIAN_POINT('',(49.1227160834271,-11.2761442655314,-1.59402201834769));
#2322=CARTESIAN_POINT('',(49.1227160834271,-11.2086807340933,-1.65419219503573));
#2323=CARTESIAN_POINT('',(49.1227160834271,-11.0482269295919,-1.71800904909881));
#2324=CARTESIAN_POINT('',(49.1227160834271,-10.9260632375283,-1.71800904909881));
#2325=DIRECTION('',(-1.0,-2.54261368728487E-16,0.0));
#2326=ORIENTED_EDGE('',*,*,#4472,.F.);
#2327=ORIENTED_EDGE('',*,*,#4471,.T.);
#2328=ORIENTED_EDGE('',*,*,#4473,.F.);
#2329=ORIENTED_EDGE('',*,*,#4474,.F.);
#2330=CARTESIAN_POINT('',(49.1227160834271,-11.4019546349701,-1.2530576837821));
#2331=CARTESIAN_POINT('',(49.1227160834271,-11.4019546349701,-1.34604795684545));
#2332=CARTESIAN_POINT('',(49.1227160834271,-11.3436077969695,-1.53202850297213));
#2333=CARTESIAN_POINT('',(49.1227160834271,-11.2761442655314,-1.59402201834769));
#2334=DIRECTION('',(-1.0,-2.54261368728487E-16,0.0));
#2335=ORIENTED_EDGE('',*,*,#4475,.F.);
#2336=ORIENTED_EDGE('',*,*,#4474,.T.);
#2337=ORIENTED_EDGE('',*,*,#4476,.F.);
#2338=ORIENTED_EDGE('',*,*,#4477,.F.);
#2339=CARTESIAN_POINT('',(49.1227160834271,-11.2050340567183,-0.678705997214408));
#2340=CARTESIAN_POINT('',(49.1227160834271,-11.2743209268439,-0.773519608965267));
#2341=CARTESIAN_POINT('',(49.1227160834271,-11.4019546349701,-1.09442721796817));
#2342=CARTESIAN_POINT('',(49.1227160834271,-11.4019546349701,-1.2530576837821));
#2343=DIRECTION('',(-1.0,-2.54261368728487E-16,0.0));
#2344=ORIENTED_EDGE('',*,*,#4478,.F.);
#2345=ORIENTED_EDGE('',*,*,#4477,.T.);
#2346=ORIENTED_EDGE('',*,*,#4479,.F.);
#2347=ORIENTED_EDGE('',*,*,#4480,.F.);
#2348=CARTESIAN_POINT('',(49.1227160834271,-11.2050340567183,-0.678705997214408));
#2349=DIRECTION('',(-2.54261368728487E-16,1.0,0.0));
#2350=DIRECTION('',(0.0,0.0,1.0));
#2351=ORIENTED_EDGE('',*,*,#4481,.F.);
#2352=ORIENTED_EDGE('',*,*,#4480,.T.);
#2353=ORIENTED_EDGE('',*,*,#4482,.F.);
#2354=ORIENTED_EDGE('',*,*,#4483,.F.);
#2355=CARTESIAN_POINT('',(49.1227160834271,-11.2050340567183,-0.656825932964211));
#2356=DIRECTION('',(0.0,0.0,1.0));
#2357=DIRECTION('',(1.0,0.0,0.0));
#2358=ORIENTED_EDGE('',*,*,#4484,.F.);
#2359=ORIENTED_EDGE('',*,*,#4483,.T.);
#2360=ORIENTED_EDGE('',*,*,#4485,.F.);
#2361=ORIENTED_EDGE('',*,*,#4443,.F.);
#2362=CARTESIAN_POINT('',(49.1227160834271,-11.6626920672849,-1.27129107065727));
#2363=CARTESIAN_POINT('',(49.1227160834271,-11.6626920672849,-1.10172057271824));
#2364=CARTESIAN_POINT('',(49.1227160834271,-11.5806418263467,-0.769872931590234));
#2365=CARTESIAN_POINT('',(49.1227160834271,-11.5241183270337,-0.656825932964211));
#2366=DIRECTION('',(-1.0,-2.54261368728487E-16,0.0));
#2367=ORIENTED_EDGE('',*,*,#4445,.T.);
#2368=ORIENTED_EDGE('',*,*,#4448,.T.);
#2369=ORIENTED_EDGE('',*,*,#4451,.T.);
#2370=ORIENTED_EDGE('',*,*,#4454,.T.);
#2371=ORIENTED_EDGE('',*,*,#4457,.T.);
#2372=ORIENTED_EDGE('',*,*,#4460,.T.);
#2373=ORIENTED_EDGE('',*,*,#4463,.T.);
#2374=ORIENTED_EDGE('',*,*,#4466,.T.);
#2375=ORIENTED_EDGE('',*,*,#4469,.T.);
#2376=ORIENTED_EDGE('',*,*,#4472,.T.);
#2377=ORIENTED_EDGE('',*,*,#4475,.T.);
#2378=ORIENTED_EDGE('',*,*,#4478,.T.);
#2379=ORIENTED_EDGE('',*,*,#4481,.T.);
#2380=ORIENTED_EDGE('',*,*,#4484,.T.);
#2381=ORIENTED_EDGE('',*,*,#4442,.T.);
#2382=ORIENTED_EDGE('',*,*,#4439,.T.);
#2383=ORIENTED_EDGE('',*,*,#4436,.T.);
#2384=ORIENTED_EDGE('',*,*,#4433,.T.);
#2385=ORIENTED_EDGE('',*,*,#4430,.T.);
#2386=ORIENTED_EDGE('',*,*,#4427,.T.);
#2387=ORIENTED_EDGE('',*,*,#4424,.T.);
#2388=ORIENTED_EDGE('',*,*,#4421,.T.);
#2389=ORIENTED_EDGE('',*,*,#4418,.T.);
#2390=ORIENTED_EDGE('',*,*,#4415,.T.);
#2391=ORIENTED_EDGE('',*,*,#4412,.T.);
#2392=ORIENTED_EDGE('',*,*,#4409,.T.);
#2393=ORIENTED_EDGE('',*,*,#4405,.T.);
#2394=CARTESIAN_POINT('',(7.82692307692307,-12.0,0.0));
#2395=DIRECTION('',(0.0,0.0,1.0));
#2396=DIRECTION('',(0.634945397815913,-0.772557015237317,0.0));
#2397=ORIENTED_EDGE('',*,*,#4486,.T.);
#2398=ORIENTED_EDGE('',*,*,#4487,.T.);
#2399=ORIENTED_EDGE('',*,*,#4488,.T.);
#2400=ORIENTED_EDGE('',*,*,#4489,.T.);
#2401=ORIENTED_EDGE('',*,*,#4490,.T.);
#2402=ORIENTED_EDGE('',*,*,#4491,.T.);
#2403=ORIENTED_EDGE('',*,*,#4492,.T.);
#2404=ORIENTED_EDGE('',*,*,#4493,.T.);
#2405=ORIENTED_EDGE('',*,*,#4494,.T.);
#2406=ORIENTED_EDGE('',*,*,#4495,.T.);
#2407=ORIENTED_EDGE('',*,*,#4496,.T.);
#2408=ORIENTED_EDGE('',*,*,#4497,.T.);
#2409=ORIENTED_EDGE('',*,*,#4498,.T.);
#2410=ORIENTED_EDGE('',*,*,#4499,.T.);
#2411=ORIENTED_EDGE('',*,*,#4500,.T.);
#2412=ORIENTED_EDGE('',*,*,#4501,.T.);
#2413=ORIENTED_EDGE('',*,*,#4502,.T.);
#2414=ORIENTED_EDGE('',*,*,#4503,.T.);
#2415=ORIENTED_EDGE('',*,*,#4504,.T.);
#2416=ORIENTED_EDGE('',*,*,#4505,.T.);
#2417=ORIENTED_EDGE('',*,*,#4506,.T.);
#2418=CARTESIAN_POINT('',(7.82692307692307,-12.0,0.0));
#2419=DIRECTION('',(0.0,0.0,1.0));
#2420=DIRECTION('',(0.634945397815913,-0.772557015237317,0.0));
#2421=ORIENTED_EDGE('',*,*,#4489,.F.);
#2422=ORIENTED_EDGE('',*,*,#4507,.T.);
#2423=ORIENTED_EDGE('',*,*,#4508,.F.);
#2424=ORIENTED_EDGE('',*,*,#4509,.F.);
#2425=CARTESIAN_POINT('',(49.1227160834271,-10.4301151145238,4.24066178170509));
#2426=CARTESIAN_POINT('',(49.1227160834271,-10.4866386138368,4.32453536133085));
#2427=CARTESIAN_POINT('',(49.1227160834271,-10.5541021452749,4.54698268120787));
#2428=CARTESIAN_POINT('',(49.1227160834271,-10.5541021452749,4.64361963164624));
#2429=DIRECTION('',(-1.0,-2.54261368728487E-16,0.0));
#2430=ORIENTED_EDGE('',*,*,#4488,.F.);
#2431=ORIENTED_EDGE('',*,*,#4510,.T.);
#2432=ORIENTED_EDGE('',*,*,#4511,.F.);
#2433=ORIENTED_EDGE('',*,*,#4507,.F.);
#2434=CARTESIAN_POINT('',(49.1227160834271,-10.2878946968975,4.23519176564254));
#2435=CARTESIAN_POINT('',(49.1227160834271,-10.3334781640854,4.23519176564254));
#2436=CARTESIAN_POINT('',(49.1227160834271,-10.4082350502736,4.23883844301758));
#2437=CARTESIAN_POINT('',(49.1227160834271,-10.4301151145238,4.24066178170509));
#2438=DIRECTION('',(-1.0,-2.54261368728487E-16,0.0));
#2439=ORIENTED_EDGE('',*,*,#4487,.F.);
#2440=ORIENTED_EDGE('',*,*,#4512,.T.);
#2441=ORIENTED_EDGE('',*,*,#4513,.F.);
#2442=ORIENTED_EDGE('',*,*,#4510,.F.);
#2443=CARTESIAN_POINT('',(49.1227160834271,-9.69348628476712,4.39382223145648));
#2444=CARTESIAN_POINT('',(49.1227160834271,-9.77188984833033,4.3190653452683));
#2445=CARTESIAN_POINT('',(49.1227160834271,-10.0599773609579,4.23519176564254));
#2446=CARTESIAN_POINT('',(49.1227160834271,-10.2878946968975,4.23519176564254));
#2447=DIRECTION('',(-1.0,-2.54261368728487E-16,0.0));
#2448=ORIENTED_EDGE('',*,*,#4486,.F.);
#2449=ORIENTED_EDGE('',*,*,#4514,.T.);
#2450=ORIENTED_EDGE('',*,*,#4515,.F.);
#2451=ORIENTED_EDGE('',*,*,#4512,.F.);
#2452=CARTESIAN_POINT('',(49.1227160834271,-9.56585257664096,4.67643972802154));
#2453=CARTESIAN_POINT('',(49.1227160834271,-9.56585257664096,4.59621282577081));
#2454=CARTESIAN_POINT('',(49.1227160834271,-9.62055273726646,4.45946242420707));
#2455=CARTESIAN_POINT('',(49.1227160834271,-9.69348628476712,4.39382223145648));
#2456=DIRECTION('',(-1.0,-2.54261368728487E-16,0.0));
#2457=ORIENTED_EDGE('',*,*,#4499,.F.);
#2458=ORIENTED_EDGE('',*,*,#4516,.T.);
#2459=ORIENTED_EDGE('',*,*,#4517,.F.);
#2460=ORIENTED_EDGE('',*,*,#4518,.F.);
#2461=CARTESIAN_POINT('',(49.1227160834271,-11.338137780907,5.19426791527622));
#2462=DIRECTION('',(0.0,0.0,1.0));
#2463=DIRECTION('',(1.0,0.0,0.0));
#2464=ORIENTED_EDGE('',*,*,#4498,.F.);
#2465=ORIENTED_EDGE('',*,*,#4519,.T.);
#2466=ORIENTED_EDGE('',*,*,#4520,.F.);
#2467=ORIENTED_EDGE('',*,*,#4516,.F.);
#2468=CARTESIAN_POINT('',(49.1227160834271,-11.338137780907,5.17968120577609));
#2469=DIRECTION('',(-2.54261368728487E-16,1.0,0.0));
#2470=DIRECTION('',(0.0,0.0,1.0));
#2471=ORIENTED_EDGE('',*,*,#4497,.F.);
#2472=ORIENTED_EDGE('',*,*,#4521,.T.);
#2473=ORIENTED_EDGE('',*,*,#4522,.F.);
#2474=ORIENTED_EDGE('',*,*,#4519,.F.);
#2475=CARTESIAN_POINT('',(49.1227160834271,-11.338137780907,5.17968120577609));
#2476=CARTESIAN_POINT('',(49.1227160834271,-11.3600178451572,5.14139109333824));
#2477=CARTESIAN_POINT('',(49.1227160834271,-11.398307957595,4.98093728883679));
#2478=CARTESIAN_POINT('',(49.1227160834271,-11.398307957595,4.89888704789855));
#2479=DIRECTION('',(-1.0,-2.54261368728487E-16,0.0));
#2480=ORIENTED_EDGE('',*,*,#4496,.F.);
#2481=ORIENTED_EDGE('',*,*,#4523,.T.);
#2482=ORIENTED_EDGE('',*,*,#4524,.F.);
#2483=ORIENTED_EDGE('',*,*,#4521,.F.);
#2484=CARTESIAN_POINT('',(49.1227160834271,-11.398307957595,4.89888704789855));
#2485=CARTESIAN_POINT('',(49.1227160834271,-11.398307957595,4.60350618052088));
#2486=CARTESIAN_POINT('',(49.1227160834271,-11.0081134784665,4.26618852333033));
#2487=CARTESIAN_POINT('',(49.1227160834271,-10.6470924183382,4.24248512039261));
#2488=DIRECTION('',(-1.0,-2.54261368728487E-16,0.0));
#2489=ORIENTED_EDGE('',*,*,#4495,.F.);
#2490=ORIENTED_EDGE('',*,*,#4525,.T.);
#2491=ORIENTED_EDGE('',*,*,#4526,.F.);
#2492=ORIENTED_EDGE('',*,*,#4523,.F.);
#2493=CARTESIAN_POINT('',(49.1227160834271,-10.6470924183382,4.24248512039261));
#2494=CARTESIAN_POINT('',(49.1227160834271,-10.7291426592765,4.3628254737687));
#2495=CARTESIAN_POINT('',(49.1227160834271,-10.8038995454647,4.58162611627068));
#2496=CARTESIAN_POINT('',(49.1227160834271,-10.8038995454647,4.71108316308435));
#2497=DIRECTION('',(-1.0,-2.54261368728487E-16,0.0));
#2498=ORIENTED_EDGE('',*,*,#4494,.F.);
#2499=ORIENTED_EDGE('',*,*,#4527,.T.);
#2500=ORIENTED_EDGE('',*,*,#4528,.F.);
#2501=ORIENTED_EDGE('',*,*,#4525,.F.);
#2502=CARTESIAN_POINT('',(49.1227160834271,-10.8038995454647,4.71108316308435));
#2503=CARTESIAN_POINT('',(49.1227160834271,-10.8038995454647,4.83507019383547));
#2504=CARTESIAN_POINT('',(49.1227160834271,-10.7491993848392,5.04110746552484));
#2505=CARTESIAN_POINT('',(49.1227160834271,-10.670795821276,5.14503777071328));
#2506=DIRECTION('',(-1.0,-2.54261368728487E-16,0.0));
#2507=ORIENTED_EDGE('',*,*,#4493,.F.);
#2508=ORIENTED_EDGE('',*,*,#4529,.T.);
#2509=ORIENTED_EDGE('',*,*,#4530,.F.);
#2510=ORIENTED_EDGE('',*,*,#4527,.F.);
#2511=CARTESIAN_POINT('',(49.1227160834271,-10.670795821276,5.14503777071328));
#2512=CARTESIAN_POINT('',(49.1227160834271,-10.5778055482126,5.26537812408936));
#2513=CARTESIAN_POINT('',(49.1227160834271,-10.2951880516476,5.38936515484049));
#2514=CARTESIAN_POINT('',(49.1227160834271,-10.0964441347083,5.38936515484049));
#2515=DIRECTION('',(-1.0,-2.54261368728487E-16,0.0));
#2516=ORIENTED_EDGE('',*,*,#4492,.F.);
#2517=ORIENTED_EDGE('',*,*,#4531,.T.);
#2518=ORIENTED_EDGE('',*,*,#4532,.F.);
#2519=ORIENTED_EDGE('',*,*,#4514,.F.);
#2520=CARTESIAN_POINT('',(49.1227160834271,-10.0836807638956,5.08304425533771));
#2521=CARTESIAN_POINT('',(49.1227160834271,-9.83206002501837,5.08304425533771));
#2522=CARTESIAN_POINT('',(49.1227160834271,-9.56585257664096,4.86242027414822));
#2523=CARTESIAN_POINT('',(49.1227160834271,-9.56585257664096,4.67643972802154));
#2524=DIRECTION('',(-1.0,-2.54261368728487E-16,0.0));
#2525=ORIENTED_EDGE('',*,*,#4491,.F.);
#2526=ORIENTED_EDGE('',*,*,#4533,.T.);
#2527=ORIENTED_EDGE('',*,*,#4534,.F.);
#2528=ORIENTED_EDGE('',*,*,#4531,.F.);
#2529=CARTESIAN_POINT('',(49.1227160834271,-10.4756985817117,4.92988380558633));
#2530=CARTESIAN_POINT('',(49.1227160834271,-10.4100583889611,5.01011070783706));
#2531=CARTESIAN_POINT('',(49.1227160834271,-10.2259011815219,5.08304425533771));
#2532=CARTESIAN_POINT('',(49.1227160834271,-10.0836807638956,5.08304425533771));
#2533=DIRECTION('',(-1.0,-2.54261368728487E-16,0.0));
#2534=ORIENTED_EDGE('',*,*,#4490,.F.);
#2535=ORIENTED_EDGE('',*,*,#4509,.T.);
#2536=ORIENTED_EDGE('',*,*,#4535,.F.);
#2537=ORIENTED_EDGE('',*,*,#4533,.F.);
#2538=CARTESIAN_POINT('',(49.1227160834271,-10.5541021452749,4.64361963164624));
#2539=CARTESIAN_POINT('',(49.1227160834271,-10.5541021452749,4.727493211272));
#2540=CARTESIAN_POINT('',(49.1227160834271,-10.5231053875871,4.8715369675858));
#2541=CARTESIAN_POINT('',(49.1227160834271,-10.4756985817117,4.92988380558633));
#2542=DIRECTION('',(-1.0,-2.54261368728487E-16,0.0));
#2543=ORIENTED_EDGE('',*,*,#4500,.F.);
#2544=ORIENTED_EDGE('',*,*,#4518,.T.);
#2545=ORIENTED_EDGE('',*,*,#4536,.F.);
#2546=ORIENTED_EDGE('',*,*,#4537,.F.);
#2547=CARTESIAN_POINT('',(49.1227160834271,-11.6590453899099,4.93900049902391));
#2548=CARTESIAN_POINT('',(49.1227160834271,-11.6590453899099,4.99917067571196));
#2549=CARTESIAN_POINT('',(49.1227160834271,-11.6462820190973,5.13592107727569));
#2550=CARTESIAN_POINT('',(49.1227160834271,-11.6280486322221,5.19426791527622));
#2551=DIRECTION('',(-1.0,-2.54261368728487E-16,0.0));
#2552=ORIENTED_EDGE('',*,*,#4501,.F.);
#2553=ORIENTED_EDGE('',*,*,#4537,.T.);
#2554=ORIENTED_EDGE('',*,*,#4538,.F.);
#2555=ORIENTED_EDGE('',*,*,#4539,.F.);
#2556=CARTESIAN_POINT('',(49.1227160834271,-11.2998476684691,4.17866826632953));
#2557=CARTESIAN_POINT('',(49.1227160834271,-11.4748881824707,4.3081253131432));
#2558=CARTESIAN_POINT('',(49.1227160834271,-11.6590453899099,4.6727930506465));
#2559=CARTESIAN_POINT('',(49.1227160834271,-11.6590453899099,4.93900049902391));
#2560=DIRECTION('',(-1.0,-2.54261368728487E-16,0.0));
#2561=ORIENTED_EDGE('',*,*,#4502,.F.);
#2562=ORIENTED_EDGE('',*,*,#4539,.T.);
#2563=ORIENTED_EDGE('',*,*,#4540,.F.);
#2564=ORIENTED_EDGE('',*,*,#4541,.F.);
#2565=CARTESIAN_POINT('',(49.1227160834271,-10.3553582283356,3.93069420482729));
#2566=CARTESIAN_POINT('',(49.1227160834271,-10.6343290475256,3.93069420482729));
#2567=CARTESIAN_POINT('',(49.1227160834271,-11.1339238479051,4.05650457426593));
#2568=CARTESIAN_POINT('',(49.1227160834271,-11.2998476684691,4.17866826632953));
#2569=DIRECTION('',(-1.0,-2.54261368728487E-16,0.0));
#2570=ORIENTED_EDGE('',*,*,#4503,.F.);
#2571=ORIENTED_EDGE('',*,*,#4541,.T.);
#2572=ORIENTED_EDGE('',*,*,#4542,.F.);
#2573=ORIENTED_EDGE('',*,*,#4543,.F.);
#2574=CARTESIAN_POINT('',(49.1227160834271,-9.52209244814057,4.1750215889545));
#2575=CARTESIAN_POINT('',(49.1227160834271,-9.64607947889169,4.05832791295344));
#2576=CARTESIAN_POINT('',(49.1227160834271,-10.0472139901453,3.93069420482729));
#2577=CARTESIAN_POINT('',(49.1227160834271,-10.3553582283356,3.93069420482729));
#2578=DIRECTION('',(-1.0,-2.54261368728487E-16,0.0));
#2579=ORIENTED_EDGE('',*,*,#4504,.F.);
#2580=ORIENTED_EDGE('',*,*,#4543,.T.);
#2581=ORIENTED_EDGE('',*,*,#4544,.F.);
#2582=ORIENTED_EDGE('',*,*,#4545,.F.);
#2583=CARTESIAN_POINT('',(49.1227160834271,-9.31970185382623,4.67461638933402));
#2584=CARTESIAN_POINT('',(49.1227160834271,-9.31970185382623,4.51963260089512));
#2585=CARTESIAN_POINT('',(49.1227160834271,-9.42363215901468,4.26801186201784));
#2586=CARTESIAN_POINT('',(49.1227160834271,-9.52209244814057,4.1750215889545));
#2587=DIRECTION('',(-1.0,-2.54261368728487E-16,0.0));
#2588=ORIENTED_EDGE('',*,*,#4505,.F.);
#2589=ORIENTED_EDGE('',*,*,#4545,.T.);
#2590=ORIENTED_EDGE('',*,*,#4546,.F.);
#2591=ORIENTED_EDGE('',*,*,#4547,.F.);
#2592=CARTESIAN_POINT('',(49.1227160834271,-9.53120914157815,5.17785786708857));
#2593=CARTESIAN_POINT('',(49.1227160834271,-9.43092551376474,5.08486759402523));
#2594=CARTESIAN_POINT('',(49.1227160834271,-9.31970185382623,4.81319012958527));
#2595=CARTESIAN_POINT('',(49.1227160834271,-9.31970185382623,4.67461638933402));
#2596=DIRECTION('',(-1.0,-2.54261368728487E-16,0.0));
#2597=ORIENTED_EDGE('',*,*,#4506,.F.);
#2598=ORIENTED_EDGE('',*,*,#4547,.T.);
#2599=ORIENTED_EDGE('',*,*,#4548,.F.);
#2600=ORIENTED_EDGE('',*,*,#4529,.F.);
#2601=CARTESIAN_POINT('',(49.1227160834271,-10.0964441347083,5.38936515484049));
#2602=CARTESIAN_POINT('',(49.1227160834271,-9.9232269593942,5.38936515484049));
#2603=CARTESIAN_POINT('',(49.1227160834271,-9.63513944676659,5.27631815621446));
#2604=CARTESIAN_POINT('',(49.1227160834271,-9.53120914157815,5.17785786708857));
#2605=DIRECTION('',(-1.0,-2.54261368728487E-16,0.0));
#2606=ORIENTED_EDGE('',*,*,#4549,.F.);
#2607=ORIENTED_EDGE('',*,*,#4550,.T.);
#2608=ORIENTED_EDGE('',*,*,#4551,.F.);
#2609=ORIENTED_EDGE('',*,*,#4552,.F.);
#2610=CARTESIAN_POINT('',(49.1227160834271,-11.6152852614095,-2.54033479716875));
#2611=DIRECTION('',(2.57086495047692E-16,-1.0,0.0));
#2612=DIRECTION('',(0.0,0.0,-1.0));
#2613=ORIENTED_EDGE('',*,*,#4553,.F.);
#2614=ORIENTED_EDGE('',*,*,#4554,.T.);
#2615=ORIENTED_EDGE('',*,*,#4555,.F.);
#2616=ORIENTED_EDGE('',*,*,#4550,.F.);
#2617=CARTESIAN_POINT('',(49.1227160834271,-11.3855445867824,-2.54033479716875));
#2618=DIRECTION('',(0.0,0.0,1.0));
#2619=DIRECTION('',(1.0,0.0,0.0));
#2620=ORIENTED_EDGE('',*,*,#4556,.F.);
#2621=ORIENTED_EDGE('',*,*,#4557,.T.);
#2622=ORIENTED_EDGE('',*,*,#4558,.F.);
#2623=ORIENTED_EDGE('',*,*,#4554,.F.);
#2624=CARTESIAN_POINT('',(49.1227160834271,-11.3855445867824,-2.94876266317244));
#2625=DIRECTION('',(-2.57086495047692E-16,1.0,0.0));
#2626=DIRECTION('',(0.0,0.0,1.0));
#2627=ORIENTED_EDGE('',*,*,#4559,.F.);
#2628=ORIENTED_EDGE('',*,*,#4560,.T.);
#2629=ORIENTED_EDGE('',*,*,#4561,.F.);
#2630=ORIENTED_EDGE('',*,*,#4557,.F.);
#2631=CARTESIAN_POINT('',(49.1227160834271,-9.87764349220628,-2.94876266317244));
#2632=DIRECTION('',(0.0,0.0,1.0));
#2633=DIRECTION('',(1.0,0.0,0.0));
#2634=ORIENTED_EDGE('',*,*,#4562,.F.);
#2635=ORIENTED_EDGE('',*,*,#4563,.T.);
#2636=ORIENTED_EDGE('',*,*,#4564,.F.);
#2637=ORIENTED_EDGE('',*,*,#4560,.F.);
#2638=CARTESIAN_POINT('',(49.1227160834271,-9.87764349220628,-2.54033479716875));
#2639=DIRECTION('',(2.57086495047692E-16,-1.0,0.0));
#2640=DIRECTION('',(0.0,0.0,-1.0));
#2641=ORIENTED_EDGE('',*,*,#4565,.F.);
#2642=ORIENTED_EDGE('',*,*,#4552,.T.);
#2643=ORIENTED_EDGE('',*,*,#4566,.F.);
#2644=ORIENTED_EDGE('',*,*,#4567,.F.);
#2645=CARTESIAN_POINT('',(49.1227160834271,-11.6152852614095,-3.63798468705368));
#2646=DIRECTION('',(0.0,0.0,-1.0));
#2647=DIRECTION('',(-1.0,0.0,0.0));
#2648=ORIENTED_EDGE('',*,*,#4568,.F.);
#2649=ORIENTED_EDGE('',*,*,#4567,.T.);
#2650=ORIENTED_EDGE('',*,*,#4569,.F.);
#2651=ORIENTED_EDGE('',*,*,#4570,.F.);
#2652=CARTESIAN_POINT('',(49.1227160834271,-11.3855445867824,-3.63798468705368));
#2653=DIRECTION('',(-2.57086495047692E-16,1.0,0.0));
#2654=DIRECTION('',(0.0,0.0,1.0));
#2655=ORIENTED_EDGE('',*,*,#4571,.F.);
#2656=ORIENTED_EDGE('',*,*,#4570,.T.);
#2657=ORIENTED_EDGE('',*,*,#4572,.F.);
#2658=ORIENTED_EDGE('',*,*,#4573,.F.);
#2659=CARTESIAN_POINT('',(49.1227160834271,-11.3855445867824,-3.23867351448757));
#2660=DIRECTION('',(0.0,0.0,-1.0));
#2661=DIRECTION('',(-1.0,0.0,0.0));
#2662=ORIENTED_EDGE('',*,*,#4574,.F.);
#2663=ORIENTED_EDGE('',*,*,#4573,.T.);
#2664=ORIENTED_EDGE('',*,*,#4575,.F.);
#2665=ORIENTED_EDGE('',*,*,#4576,.F.);
#2666=CARTESIAN_POINT('',(49.1227160834271,-9.35799196626408,-3.23867351448757));
#2667=DIRECTION('',(-2.57086495047692E-16,1.0,0.0));
#2668=DIRECTION('',(0.0,0.0,1.0));
#2669=ORIENTED_EDGE('',*,*,#4577,.F.);
#2670=ORIENTED_EDGE('',*,*,#4576,.T.);
#2671=ORIENTED_EDGE('',*,*,#4578,.F.);
#2672=ORIENTED_EDGE('',*,*,#4579,.F.);
#2673=CARTESIAN_POINT('',(49.1227160834271,-9.67160622051692,-2.54033479716875));
#2674=CARTESIAN_POINT('',(49.1227160834271,-9.67160622051692,-2.77189881048334));
#2675=CARTESIAN_POINT('',(49.1227160834271,-9.54032583501573,-2.99069945298532));
#2676=CARTESIAN_POINT('',(49.1227160834271,-9.35799196626408,-3.00528616248546));
#2677=DIRECTION('',(-1.0,-2.57086495047692E-16,0.0));
#2678=ORIENTED_EDGE('',*,*,#4580,.F.);
#2679=ORIENTED_EDGE('',*,*,#4579,.T.);
#2680=ORIENTED_EDGE('',*,*,#4581,.F.);
#2681=ORIENTED_EDGE('',*,*,#4563,.F.);
#2682=CARTESIAN_POINT('',(49.1227160834271,-9.67160622051692,-2.54033479716875));
#2683=DIRECTION('',(0.0,0.0,1.0));
#2684=DIRECTION('',(1.0,0.0,0.0));
#2685=ORIENTED_EDGE('',*,*,#4565,.T.);
#2686=ORIENTED_EDGE('',*,*,#4568,.T.);
#2687=ORIENTED_EDGE('',*,*,#4571,.T.);
#2688=ORIENTED_EDGE('',*,*,#4574,.T.);
#2689=ORIENTED_EDGE('',*,*,#4577,.T.);
#2690=ORIENTED_EDGE('',*,*,#4580,.T.);
#2691=ORIENTED_EDGE('',*,*,#4562,.T.);
#2692=ORIENTED_EDGE('',*,*,#4559,.T.);
#2693=ORIENTED_EDGE('',*,*,#4556,.T.);
#2694=ORIENTED_EDGE('',*,*,#4553,.T.);
#2695=ORIENTED_EDGE('',*,*,#4549,.T.);
#2696=CARTESIAN_POINT('',(7.82692307692307,-12.0,0.0));
#2697=DIRECTION('',(0.0,0.0,1.0));
#2698=DIRECTION('',(0.634945397815913,-0.772557015237317,0.0));
#2699=ORIENTED_EDGE('',*,*,#4582,.T.);
#2700=ORIENTED_EDGE('',*,*,#4583,.T.);
#2701=ORIENTED_EDGE('',*,*,#4584,.T.);
#2702=ORIENTED_EDGE('',*,*,#4585,.T.);
#2703=ORIENTED_EDGE('',*,*,#4586,.T.);
#2704=ORIENTED_EDGE('',*,*,#4587,.T.);
#2705=ORIENTED_EDGE('',*,*,#4588,.T.);
#2706=ORIENTED_EDGE('',*,*,#4589,.T.);
#2707=ORIENTED_EDGE('',*,*,#4590,.T.);
#2708=ORIENTED_EDGE('',*,*,#4591,.T.);
#2709=ORIENTED_EDGE('',*,*,#4592,.T.);
#2710=ORIENTED_EDGE('',*,*,#4593,.T.);
#2711=CARTESIAN_POINT('',(7.82692307692307,-12.0,0.0));
#2712=DIRECTION('',(0.0,0.0,1.0));
#2713=DIRECTION('',(0.634945397815913,-0.772557015237317,0.0));
#2714=ORIENTED_EDGE('',*,*,#4589,.F.);
#2715=ORIENTED_EDGE('',*,*,#4594,.T.);
#2716=ORIENTED_EDGE('',*,*,#4595,.F.);
#2717=ORIENTED_EDGE('',*,*,#4596,.F.);
#2718=CARTESIAN_POINT('',(49.1227160834271,-11.4128946670952,8.02226621961431));
#2719=CARTESIAN_POINT('',(49.1227160834271,-11.4128946670952,8.15354660511549));
#2720=CARTESIAN_POINT('',(49.1227160834271,-11.2870842976565,8.31582374830446));
#2721=CARTESIAN_POINT('',(49.1227160834271,-11.1703906216555,8.35958387680486));
#2722=DIRECTION('',(-1.0,-2.57086495047692E-16,0.0));
#2723=ORIENTED_EDGE('',*,*,#4588,.F.);
#2724=ORIENTED_EDGE('',*,*,#4597,.T.);
#2725=ORIENTED_EDGE('',*,*,#4598,.F.);
#2726=ORIENTED_EDGE('',*,*,#4594,.F.);
#2727=CARTESIAN_POINT('',(49.1227160834271,-11.175860637718,7.6904185784863));
#2728=CARTESIAN_POINT('',(49.1227160834271,-11.2943776524066,7.73600204567422));
#2729=CARTESIAN_POINT('',(49.1227160834271,-11.4128946670952,7.89827918886318));
#2730=CARTESIAN_POINT('',(49.1227160834271,-11.4128946670952,8.02226621961431));
#2731=DIRECTION('',(-1.0,-2.57086495047692E-16,0.0));
#2732=ORIENTED_EDGE('',*,*,#4587,.F.);
#2733=ORIENTED_EDGE('',*,*,#4599,.T.);
#2734=ORIENTED_EDGE('',*,*,#4600,.F.);
#2735=ORIENTED_EDGE('',*,*,#4597,.F.);
#2736=CARTESIAN_POINT('',(49.1227160834271,-10.4902852912118,7.61019167623558));
#2737=CARTESIAN_POINT('',(49.1227160834271,-10.7218493045264,7.61019167623558));
#2738=CARTESIAN_POINT('',(49.1227160834271,-11.0646369777795,7.64665844998591));
#2739=CARTESIAN_POINT('',(49.1227160834271,-11.175860637718,7.6904185784863));
#2740=DIRECTION('',(-1.0,-2.57086495047692E-16,0.0));
#2741=ORIENTED_EDGE('',*,*,#4586,.F.);
#2742=ORIENTED_EDGE('',*,*,#4601,.T.);
#2743=ORIENTED_EDGE('',*,*,#4602,.F.);
#2744=ORIENTED_EDGE('',*,*,#4599,.F.);
#2745=CARTESIAN_POINT('',(49.1227160834271,-9.80288660601811,7.69224191717382));
#2746=CARTESIAN_POINT('',(49.1227160834271,-9.91775694333165,7.64665844998591));
#2747=CARTESIAN_POINT('',(49.1227160834271,-10.2587212778972,7.61019167623558));
#2748=CARTESIAN_POINT('',(49.1227160834271,-10.4902852912118,7.61019167623558));
#2749=DIRECTION('',(-1.0,-2.57086495047692E-16,0.0));
#2750=ORIENTED_EDGE('',*,*,#4583,.F.);
#2751=ORIENTED_EDGE('',*,*,#4603,.T.);
#2752=ORIENTED_EDGE('',*,*,#4604,.F.);
#2753=ORIENTED_EDGE('',*,*,#4605,.F.);
#2754=CARTESIAN_POINT('',(49.1227160834271,-10.4921086298993,8.74248500118332));
#2755=CARTESIAN_POINT('',(49.1227160834271,-9.88311350826883,8.74248500118332));
#2756=CARTESIAN_POINT('',(49.1227160834271,-9.31970185382623,8.39058063449264));
#2757=CARTESIAN_POINT('',(49.1227160834271,-9.31970185382623,8.02226621961431));
#2758=DIRECTION('',(-1.0,-2.54261368728487E-16,0.0));
#2759=ORIENTED_EDGE('',*,*,#4582,.F.);
#2760=ORIENTED_EDGE('',*,*,#4606,.T.);
#2761=ORIENTED_EDGE('',*,*,#4607,.F.);
#2762=ORIENTED_EDGE('',*,*,#4603,.F.);
#2763=CARTESIAN_POINT('',(49.1227160834271,-9.31970185382623,8.02226621961431));
#2764=CARTESIAN_POINT('',(49.1227160834271,-9.31970185382623,7.65212846604846));
#2765=CARTESIAN_POINT('',(49.1227160834271,-9.90317023383151,7.30387077673281));
#2766=CARTESIAN_POINT('',(49.1227160834271,-10.4902852912118,7.30387077673281));
#2767=DIRECTION('',(-1.0,-2.54261368728487E-16,0.0));
#2768=ORIENTED_EDGE('',*,*,#4593,.F.);
#2769=ORIENTED_EDGE('',*,*,#4608,.T.);
#2770=ORIENTED_EDGE('',*,*,#4609,.F.);
#2771=ORIENTED_EDGE('',*,*,#4601,.F.);
#2772=CARTESIAN_POINT('',(49.1227160834271,-9.56949925401599,8.02226621961431));
#2773=CARTESIAN_POINT('',(49.1227160834271,-9.56949925401599,7.89645585017567));
#2774=CARTESIAN_POINT('',(49.1227160834271,-9.68801626870457,7.73782538436173));
#2775=CARTESIAN_POINT('',(49.1227160834271,-9.80288660601811,7.69224191717382));
#2776=DIRECTION('',(-1.0,-2.57086495047692E-16,0.0));
#2777=ORIENTED_EDGE('',*,*,#4592,.F.);
#2778=ORIENTED_EDGE('',*,*,#4610,.T.);
#2779=ORIENTED_EDGE('',*,*,#4611,.F.);
#2780=ORIENTED_EDGE('',*,*,#4608,.F.);
#2781=CARTESIAN_POINT('',(49.1227160834271,-9.80653328339314,8.35776053811734));
#2782=CARTESIAN_POINT('',(49.1227160834271,-9.68801626870457,8.31035373224191));
#2783=CARTESIAN_POINT('',(49.1227160834271,-9.56949925401599,8.14807658905294));
#2784=CARTESIAN_POINT('',(49.1227160834271,-9.56949925401599,8.02226621961431));
#2785=DIRECTION('',(-1.0,-2.57086495047692E-16,0.0));
#2786=ORIENTED_EDGE('',*,*,#4591,.F.);
#2787=ORIENTED_EDGE('',*,*,#4612,.T.);
#2788=ORIENTED_EDGE('',*,*,#4613,.F.);
#2789=ORIENTED_EDGE('',*,*,#4610,.F.);
#2790=CARTESIAN_POINT('',(49.1227160834271,-10.4921086298993,8.43616410168055));
#2791=CARTESIAN_POINT('',(49.1227160834271,-10.2714846487098,8.43616410168055));
#2792=CARTESIAN_POINT('',(49.1227160834271,-9.92140362070668,8.40334400530525));
#2793=CARTESIAN_POINT('',(49.1227160834271,-9.80653328339314,8.35776053811734));
#2794=DIRECTION('',(-1.0,-2.57086495047692E-16,0.0));
#2795=ORIENTED_EDGE('',*,*,#4590,.F.);
#2796=ORIENTED_EDGE('',*,*,#4596,.T.);
#2797=ORIENTED_EDGE('',*,*,#4614,.F.);
#2798=ORIENTED_EDGE('',*,*,#4612,.F.);
#2799=CARTESIAN_POINT('',(49.1227160834271,-11.1703906216555,8.35958387680486));
#2800=CARTESIAN_POINT('',(49.1227160834271,-11.0464035909044,8.40699068268029));
#2801=CARTESIAN_POINT('',(49.1227160834271,-10.7291426592765,8.43616410168055));
#2802=CARTESIAN_POINT('',(49.1227160834271,-10.4921086298993,8.43616410168055));
#2803=DIRECTION('',(-1.0,-2.57086495047692E-16,0.0));
#2804=ORIENTED_EDGE('',*,*,#4584,.F.);
#2805=ORIENTED_EDGE('',*,*,#4605,.T.);
#2806=ORIENTED_EDGE('',*,*,#4615,.F.);
#2807=ORIENTED_EDGE('',*,*,#4616,.F.);
#2808=CARTESIAN_POINT('',(49.1227160834271,-11.6626920672849,8.02226621961431));
#2809=CARTESIAN_POINT('',(49.1227160834271,-11.6626920672849,8.39422731186767));
#2810=CARTESIAN_POINT('',(49.1227160834271,-11.0846937033422,8.74248500118332));
#2811=CARTESIAN_POINT('',(49.1227160834271,-10.4921086298993,8.74248500118332));
#2812=DIRECTION('',(-1.0,-2.54261368728487E-16,0.0));
#2813=ORIENTED_EDGE('',*,*,#4585,.F.);
#2814=ORIENTED_EDGE('',*,*,#4616,.T.);
#2815=ORIENTED_EDGE('',*,*,#4617,.F.);
#2816=ORIENTED_EDGE('',*,*,#4606,.F.);
#2817=CARTESIAN_POINT('',(49.1227160834271,-10.4902852912118,7.30387077673281));
#2818=CARTESIAN_POINT('',(49.1227160834271,-11.0956337354673,7.30387077673281));
#2819=CARTESIAN_POINT('',(49.1227160834271,-11.6626920672849,7.65577514342349));
#2820=CARTESIAN_POINT('',(49.1227160834271,-11.6626920672849,8.02226621961431));
#2821=DIRECTION('',(-1.0,-2.54261368728487E-16,0.0));
#2822=ORIENTED_EDGE('',*,*,#4618,.F.);
#2823=ORIENTED_EDGE('',*,*,#4619,.T.);
#2824=ORIENTED_EDGE('',*,*,#4620,.F.);
#2825=ORIENTED_EDGE('',*,*,#4621,.F.);
#2826=CARTESIAN_POINT('',(49.1227160834271,-11.6152852614095,-4.17404626118353));
#2827=DIRECTION('',(2.57086495047692E-16,-1.0,0.0));
#2828=DIRECTION('',(0.0,0.0,-1.0));
#2829=ORIENTED_EDGE('',*,*,#4622,.F.);
#2830=ORIENTED_EDGE('',*,*,#4623,.T.);
#2831=ORIENTED_EDGE('',*,*,#4624,.F.);
#2832=ORIENTED_EDGE('',*,*,#4619,.F.);
#2833=CARTESIAN_POINT('',(49.1227160834271,-11.1849773311556,-4.17404626118353));
#2834=DIRECTION('',(0.0,0.0,1.0));
#2835=DIRECTION('',(1.0,0.0,0.0));
#2836=ORIENTED_EDGE('',*,*,#4625,.F.);
#2837=ORIENTED_EDGE('',*,*,#4621,.T.);
#2838=ORIENTED_EDGE('',*,*,#4626,.F.);
#2839=ORIENTED_EDGE('',*,*,#4627,.F.);
#2840=CARTESIAN_POINT('',(49.1227160834271,-11.6152852614095,-4.53506732131179));
#2841=DIRECTION('',(0.0,0.0,-1.0));
#2842=DIRECTION('',(-1.0,0.0,0.0));
#2843=ORIENTED_EDGE('',*,*,#4628,.F.);
#2844=ORIENTED_EDGE('',*,*,#4627,.T.);
#2845=ORIENTED_EDGE('',*,*,#4629,.F.);
#2846=ORIENTED_EDGE('',*,*,#4623,.F.);
#2847=CARTESIAN_POINT('',(49.1227160834271,-11.1849773311556,-4.53506732131179));
#2848=DIRECTION('',(-2.57086495047692E-16,1.0,0.0));
#2849=DIRECTION('',(0.0,0.0,1.0));
#2850=ORIENTED_EDGE('',*,*,#4625,.T.);
#2851=ORIENTED_EDGE('',*,*,#4628,.T.);
#2852=ORIENTED_EDGE('',*,*,#4622,.T.);
#2853=ORIENTED_EDGE('',*,*,#4618,.T.);
#2854=CARTESIAN_POINT('',(7.82692307692307,-12.0,0.0));
#2855=DIRECTION('',(0.0,0.0,1.0));
#2856=DIRECTION('',(0.634945397815913,-0.772557015237317,0.0));
#2857=ORIENTED_EDGE('',*,*,#4630,.T.);
#2858=ORIENTED_EDGE('',*,*,#4631,.T.);
#2859=ORIENTED_EDGE('',*,*,#4632,.T.);
#2860=ORIENTED_EDGE('',*,*,#4633,.T.);
#2861=ORIENTED_EDGE('',*,*,#4634,.T.);
#2862=ORIENTED_EDGE('',*,*,#4635,.T.);
#2863=ORIENTED_EDGE('',*,*,#4636,.T.);
#2864=ORIENTED_EDGE('',*,*,#4637,.T.);
#2865=ORIENTED_EDGE('',*,*,#4638,.T.);
#2866=ORIENTED_EDGE('',*,*,#4639,.T.);
#2867=ORIENTED_EDGE('',*,*,#4640,.T.);
#2868=ORIENTED_EDGE('',*,*,#4641,.T.);
#2869=ORIENTED_EDGE('',*,*,#4642,.T.);
#2870=ORIENTED_EDGE('',*,*,#4643,.T.);
#2871=ORIENTED_EDGE('',*,*,#4644,.T.);
#2872=ORIENTED_EDGE('',*,*,#4645,.T.);
#2873=ORIENTED_EDGE('',*,*,#4646,.T.);
#2874=ORIENTED_EDGE('',*,*,#4647,.T.);
#2875=ORIENTED_EDGE('',*,*,#4648,.T.);
#2876=ORIENTED_EDGE('',*,*,#4649,.T.);
#2877=ORIENTED_EDGE('',*,*,#4650,.T.);
#2878=CARTESIAN_POINT('',(7.82692307692307,-12.0,0.0));
#2879=DIRECTION('',(0.0,0.0,1.0));
#2880=DIRECTION('',(0.634945397815913,-0.772557015237317,0.0));
#2881=ORIENTED_EDGE('',*,*,#4633,.F.);
#2882=ORIENTED_EDGE('',*,*,#4651,.T.);
#2883=ORIENTED_EDGE('',*,*,#4652,.F.);
#2884=ORIENTED_EDGE('',*,*,#4653,.F.);
#2885=CARTESIAN_POINT('',(49.1227160834271,-11.4165413444702,6.30650451466128));
#2886=CARTESIAN_POINT('',(49.1227160834271,-11.4165413444702,6.38490807822449));
#2887=CARTESIAN_POINT('',(49.1227160834271,-11.3600178451572,6.52348181847575));
#2888=CARTESIAN_POINT('',(49.1227160834271,-11.288907636344,6.58729867253882));
#2889=DIRECTION('',(-1.0,-2.57086495047692E-16,0.0));
#2890=ORIENTED_EDGE('',*,*,#4632,.F.);
#2891=ORIENTED_EDGE('',*,*,#4654,.T.);
#2892=ORIENTED_EDGE('',*,*,#4655,.F.);
#2893=ORIENTED_EDGE('',*,*,#4651,.F.);
#2894=CARTESIAN_POINT('',(49.1227160834271,-10.8987131572155,5.8998999873451));
#2895=CARTESIAN_POINT('',(49.1227160834271,-11.1576272508429,5.8998999873451));
#2896=CARTESIAN_POINT('',(49.1227160834271,-11.4165413444702,6.12417064590963));
#2897=CARTESIAN_POINT('',(49.1227160834271,-11.4165413444702,6.30650451466128));
#2898=DIRECTION('',(-1.0,-2.57086495047692E-16,0.0));
#2899=ORIENTED_EDGE('',*,*,#4631,.F.);
#2900=ORIENTED_EDGE('',*,*,#4656,.T.);
#2901=ORIENTED_EDGE('',*,*,#4657,.F.);
#2902=ORIENTED_EDGE('',*,*,#4654,.F.);
#2903=CARTESIAN_POINT('',(49.1227160834271,-10.5066953393995,6.05306043709649));
#2904=CARTESIAN_POINT('',(49.1227160834271,-10.5723355321501,5.97283353484577));
#2905=CARTESIAN_POINT('',(49.1227160834271,-10.7601394169643,5.8998999873451));
#2906=CARTESIAN_POINT('',(49.1227160834271,-10.8987131572155,5.8998999873451));
#2907=DIRECTION('',(-1.0,-2.57086495047692E-16,0.0));
#2908=ORIENTED_EDGE('',*,*,#4630,.F.);
#2909=ORIENTED_EDGE('',*,*,#4658,.T.);
#2910=ORIENTED_EDGE('',*,*,#4659,.F.);
#2911=ORIENTED_EDGE('',*,*,#4656,.F.);
#2912=CARTESIAN_POINT('',(49.1227160834271,-10.4282917758363,6.3411479497241));
#2913=CARTESIAN_POINT('',(49.1227160834271,-10.4282917758363,6.26274438616089));
#2914=CARTESIAN_POINT('',(49.1227160834271,-10.459288533524,6.11323061378453));
#2915=CARTESIAN_POINT('',(49.1227160834271,-10.5066953393995,6.05306043709649));
#2916=DIRECTION('',(-1.0,-2.57086495047692E-16,0.0));
#2917=ORIENTED_EDGE('',*,*,#4643,.F.);
#2918=ORIENTED_EDGE('',*,*,#4660,.T.);
#2919=ORIENTED_EDGE('',*,*,#4661,.F.);
#2920=ORIENTED_EDGE('',*,*,#4662,.F.);
#2921=CARTESIAN_POINT('',(49.1227160834271,-9.64425614020417,5.7886763274066));
#2922=DIRECTION('',(0.0,0.0,-1.0));
#2923=DIRECTION('',(-1.0,0.0,0.0));
#2924=ORIENTED_EDGE('',*,*,#4642,.F.);
#2925=ORIENTED_EDGE('',*,*,#4663,.T.);
#2926=ORIENTED_EDGE('',*,*,#4664,.F.);
#2927=ORIENTED_EDGE('',*,*,#4660,.F.);
#2928=CARTESIAN_POINT('',(49.1227160834271,-9.64425614020417,5.80143969821921));
#2929=DIRECTION('',(2.57086495047692E-16,-1.0,0.0));
#2930=DIRECTION('',(0.0,0.0,-1.0));
#2931=ORIENTED_EDGE('',*,*,#4641,.F.);
#2932=ORIENTED_EDGE('',*,*,#4665,.T.);
#2933=ORIENTED_EDGE('',*,*,#4666,.F.);
#2934=ORIENTED_EDGE('',*,*,#4663,.F.);
#2935=CARTESIAN_POINT('',(49.1227160834271,-9.64425614020417,5.80143969821921));
#2936=CARTESIAN_POINT('',(49.1227160834271,-9.62237607595397,5.84337648803209));
#2937=CARTESIAN_POINT('',(49.1227160834271,-9.58408596351613,5.99653693778348));
#2938=CARTESIAN_POINT('',(49.1227160834271,-9.58408596351613,6.08405719478427));
#2939=DIRECTION('',(-1.0,-2.57086495047692E-16,0.0));
#2940=ORIENTED_EDGE('',*,*,#4640,.F.);
#2941=ORIENTED_EDGE('',*,*,#4667,.T.);
#2942=ORIENTED_EDGE('',*,*,#4668,.F.);
#2943=ORIENTED_EDGE('',*,*,#4665,.F.);
#2944=CARTESIAN_POINT('',(49.1227160834271,-9.58408596351613,6.08405719478427));
#2945=CARTESIAN_POINT('',(49.1227160834271,-9.58408596351613,6.36485135266181));
#2946=CARTESIAN_POINT('',(49.1227160834271,-9.96334041051956,6.70946236460243));
#2947=CARTESIAN_POINT('',(49.1227160834271,-10.3353015027729,6.74228246097773));
#2948=DIRECTION('',(-1.0,-2.57086495047692E-16,0.0));
#2949=ORIENTED_EDGE('',*,*,#4639,.F.);
#2950=ORIENTED_EDGE('',*,*,#4669,.T.);
#2951=ORIENTED_EDGE('',*,*,#4670,.F.);
#2952=ORIENTED_EDGE('',*,*,#4667,.F.);
#2953=CARTESIAN_POINT('',(49.1227160834271,-10.3353015027729,6.74228246097773));
#2954=CARTESIAN_POINT('',(49.1227160834271,-10.2605446165847,6.63470547841425));
#2955=CARTESIAN_POINT('',(49.1227160834271,-10.1784943756465,6.40861148116221));
#2956=CARTESIAN_POINT('',(49.1227160834271,-10.1784943756465,6.27368441828599));
#2957=DIRECTION('',(-1.0,-2.57086495047692E-16,0.0));
#2958=ORIENTED_EDGE('',*,*,#4638,.F.);
#2959=ORIENTED_EDGE('',*,*,#4671,.T.);
#2960=ORIENTED_EDGE('',*,*,#4672,.F.);
#2961=ORIENTED_EDGE('',*,*,#4669,.F.);
#2962=CARTESIAN_POINT('',(49.1227160834271,-10.1784943756465,6.27368441828599));
#2963=CARTESIAN_POINT('',(49.1227160834271,-10.1784943756465,6.1424040327848));
#2964=CARTESIAN_POINT('',(49.1227160834271,-10.2313711975845,5.94548345453302));
#2965=CARTESIAN_POINT('',(49.1227160834271,-10.3115980998352,5.83790647196954));
#2966=DIRECTION('',(-1.0,-2.57086495047692E-16,0.0));
#2967=ORIENTED_EDGE('',*,*,#4637,.F.);
#2968=ORIENTED_EDGE('',*,*,#4673,.T.);
#2969=ORIENTED_EDGE('',*,*,#4674,.F.);
#2970=ORIENTED_EDGE('',*,*,#4671,.F.);
#2971=CARTESIAN_POINT('',(49.1227160834271,-10.3115980998352,5.83790647196954));
#2972=CARTESIAN_POINT('',(49.1227160834271,-10.4045883728985,5.71391944121842));
#2973=CARTESIAN_POINT('',(49.1227160834271,-10.6926758855262,5.59357908784233));
#2974=CARTESIAN_POINT('',(49.1227160834271,-10.8859497864029,5.59357908784233));
#2975=DIRECTION('',(-1.0,-2.57086495047692E-16,0.0));
#2976=ORIENTED_EDGE('',*,*,#4636,.F.);
#2977=ORIENTED_EDGE('',*,*,#4675,.T.);
#2978=ORIENTED_EDGE('',*,*,#4676,.F.);
#2979=ORIENTED_EDGE('',*,*,#4658,.F.);
#2980=CARTESIAN_POINT('',(49.1227160834271,-10.5522788065874,6.74228246097773));
#2981=CARTESIAN_POINT('',(49.1227160834271,-10.4921086298993,6.64564551053935));
#2982=CARTESIAN_POINT('',(49.1227160834271,-10.4282917758363,6.44690159360005));
#2983=CARTESIAN_POINT('',(49.1227160834271,-10.4282917758363,6.3411479497241));
#2984=DIRECTION('',(-1.0,-2.57086495047692E-16,0.0));
#2985=ORIENTED_EDGE('',*,*,#4635,.F.);
#2986=ORIENTED_EDGE('',*,*,#4677,.T.);
#2987=ORIENTED_EDGE('',*,*,#4678,.F.);
#2988=ORIENTED_EDGE('',*,*,#4675,.F.);
#2989=CARTESIAN_POINT('',(49.1227160834271,-10.6944992242137,6.74775247704028));
#2990=CARTESIAN_POINT('',(49.1227160834271,-10.6470924183382,6.74775247704028));
#2991=CARTESIAN_POINT('',(49.1227160834271,-10.5850989029627,6.74410579966524));
#2992=CARTESIAN_POINT('',(49.1227160834271,-10.5522788065874,6.74228246097773));
#2993=DIRECTION('',(-1.0,-2.57086495047692E-16,0.0));
#2994=ORIENTED_EDGE('',*,*,#4634,.F.);
#2995=ORIENTED_EDGE('',*,*,#4653,.T.);
#2996=ORIENTED_EDGE('',*,*,#4679,.F.);
#2997=ORIENTED_EDGE('',*,*,#4677,.F.);
#2998=CARTESIAN_POINT('',(49.1227160834271,-11.288907636344,6.58729867253882));
#2999=CARTESIAN_POINT('',(49.1227160834271,-11.2141507501559,6.65658554266445));
#3000=CARTESIAN_POINT('',(49.1227160834271,-10.9278865762158,6.74775247704028));
#3001=CARTESIAN_POINT('',(49.1227160834271,-10.6944992242137,6.74775247704028));
#3002=DIRECTION('',(-1.0,-2.57086495047692E-16,0.0));
#3003=ORIENTED_EDGE('',*,*,#4644,.F.);
#3004=ORIENTED_EDGE('',*,*,#4662,.T.);
#3005=ORIENTED_EDGE('',*,*,#4680,.F.);
#3006=ORIENTED_EDGE('',*,*,#4681,.F.);
#3007=CARTESIAN_POINT('',(49.1227160834271,-9.32334853120127,6.04394374365891));
#3008=CARTESIAN_POINT('',(49.1227160834271,-9.32334853120127,5.96918685747073));
#3009=CARTESIAN_POINT('',(49.1227160834271,-9.3379352407014,5.83790647196954));
#3010=CARTESIAN_POINT('',(49.1227160834271,-9.35434528888905,5.7886763274066));
#3011=DIRECTION('',(-1.0,-2.57086495047692E-16,0.0));
#3012=ORIENTED_EDGE('',*,*,#4645,.F.);
#3013=ORIENTED_EDGE('',*,*,#4681,.T.);
#3014=ORIENTED_EDGE('',*,*,#4682,.F.);
#3015=ORIENTED_EDGE('',*,*,#4683,.F.);
#3016=CARTESIAN_POINT('',(49.1227160834271,-9.68619293001705,6.8060993150408));
#3017=CARTESIAN_POINT('',(49.1227160834271,-9.5147990933905,6.6839356229772));
#3018=CARTESIAN_POINT('',(49.1227160834271,-9.32334853120127,6.2973878212237));
#3019=CARTESIAN_POINT('',(49.1227160834271,-9.32334853120127,6.04394374365891));
#3020=DIRECTION('',(-1.0,-2.57086495047692E-16,0.0));
#3021=ORIENTED_EDGE('',*,*,#4646,.F.);
#3022=ORIENTED_EDGE('',*,*,#4683,.T.);
#3023=ORIENTED_EDGE('',*,*,#4684,.F.);
#3024=ORIENTED_EDGE('',*,*,#4685,.F.);
#3025=CARTESIAN_POINT('',(49.1227160834271,-10.6270356927756,7.05225003785553));
#3026=CARTESIAN_POINT('',(49.1227160834271,-10.3334781640854,7.05225003785553));
#3027=CARTESIAN_POINT('',(49.1227160834271,-9.86123344401863,6.93190968447944));
#3028=CARTESIAN_POINT('',(49.1227160834271,-9.68619293001705,6.8060993150408));
#3029=DIRECTION('',(-1.0,-2.57086495047692E-16,0.0));
#3030=ORIENTED_EDGE('',*,*,#4647,.F.);
#3031=ORIENTED_EDGE('',*,*,#4685,.T.);
#3032=ORIENTED_EDGE('',*,*,#4686,.F.);
#3033=ORIENTED_EDGE('',*,*,#4687,.F.);
#3034=CARTESIAN_POINT('',(49.1227160834271,-11.4584781342831,6.80427597635329));
#3035=CARTESIAN_POINT('',(49.1227160834271,-11.3363144422195,6.92096965235434));
#3036=CARTESIAN_POINT('',(49.1227160834271,-10.9260632375283,7.05225003785553));
#3037=CARTESIAN_POINT('',(49.1227160834271,-10.6270356927756,7.05225003785553));
#3038=DIRECTION('',(-1.0,-2.57086495047692E-16,0.0));
#3039=ORIENTED_EDGE('',*,*,#4648,.F.);
#3040=ORIENTED_EDGE('',*,*,#4687,.T.);
#3041=ORIENTED_EDGE('',*,*,#4688,.F.);
#3042=ORIENTED_EDGE('',*,*,#4689,.F.);
#3043=CARTESIAN_POINT('',(49.1227160834271,-11.6626920672849,6.3083278533488));
#3044=CARTESIAN_POINT('',(49.1227160834271,-11.6626920672849,6.45966496441267));
#3045=CARTESIAN_POINT('',(49.1227160834271,-11.560585100784,6.70946236460243));
#3046=CARTESIAN_POINT('',(49.1227160834271,-11.4584781342831,6.80427597635329));
#3047=DIRECTION('',(-1.0,-2.57086495047692E-16,0.0));
#3048=ORIENTED_EDGE('',*,*,#4649,.F.);
#3049=ORIENTED_EDGE('',*,*,#4689,.T.);
#3050=ORIENTED_EDGE('',*,*,#4690,.F.);
#3051=ORIENTED_EDGE('',*,*,#4691,.F.);
#3052=CARTESIAN_POINT('',(49.1227160834271,-11.451184779533,5.80508637559425));
#3053=CARTESIAN_POINT('',(49.1227160834271,-11.5551150847215,5.90537000340765));
#3054=CARTESIAN_POINT('',(49.1227160834271,-11.6626920672849,6.15699074228493));
#3055=CARTESIAN_POINT('',(49.1227160834271,-11.6626920672849,6.3083278533488));
#3056=DIRECTION('',(-1.0,-2.57086495047692E-16,0.0));
#3057=ORIENTED_EDGE('',*,*,#4650,.F.);
#3058=ORIENTED_EDGE('',*,*,#4691,.T.);
#3059=ORIENTED_EDGE('',*,*,#4692,.F.);
#3060=ORIENTED_EDGE('',*,*,#4673,.F.);
#3061=CARTESIAN_POINT('',(49.1227160834271,-10.8859497864029,5.59357908784233));
#3062=CARTESIAN_POINT('',(49.1227160834271,-11.059166961717,5.59357908784233));
#3063=CARTESIAN_POINT('',(49.1227160834271,-11.3527244904071,5.70844942515587));
#3064=CARTESIAN_POINT('',(49.1227160834271,-11.451184779533,5.80508637559425));
#3065=DIRECTION('',(-1.0,-2.57086495047692E-16,0.0));
#3066=ORIENTED_EDGE('',*,*,#4693,.F.);
#3067=ORIENTED_EDGE('',*,*,#4694,.T.);
#3068=ORIENTED_EDGE('',*,*,#4695,.F.);
#3069=ORIENTED_EDGE('',*,*,#4696,.F.);
#3070=CARTESIAN_POINT('',(49.1227160834271,-11.6553987125349,-5.68012401707215));
#3071=CARTESIAN_POINT('',(49.1227160834271,-11.6553987125349,-5.43579663294494));
#3072=CARTESIAN_POINT('',(49.1227160834271,-11.5532917460339,-5.09300895969184));
#3073=CARTESIAN_POINT('',(49.1227160834271,-11.4803581985333,-4.94167184862797));
#3074=DIRECTION('',(-1.0,-2.57086495047692E-16,0.0));
#3075=ORIENTED_EDGE('',*,*,#4697,.F.);
#3076=ORIENTED_EDGE('',*,*,#4698,.T.);
#3077=ORIENTED_EDGE('',*,*,#4699,.F.);
#3078=ORIENTED_EDGE('',*,*,#4694,.F.);
#3079=CARTESIAN_POINT('',(49.1227160834271,-11.1047504289049,-4.94167184862797));
#3080=DIRECTION('',(0.0,0.0,1.0));
#3081=DIRECTION('',(1.0,0.0,0.0));
#3082=ORIENTED_EDGE('',*,*,#4700,.F.);
#3083=ORIENTED_EDGE('',*,*,#4701,.T.);
#3084=ORIENTED_EDGE('',*,*,#4702,.F.);
#3085=ORIENTED_EDGE('',*,*,#4698,.F.);
#3086=CARTESIAN_POINT('',(49.1227160834271,-11.1047504289049,-4.96355191287817));
#3087=DIRECTION('',(-2.57086495047692E-16,1.0,0.0));
#3088=DIRECTION('',(0.0,0.0,1.0));
#3089=ORIENTED_EDGE('',*,*,#4703,.F.);
#3090=ORIENTED_EDGE('',*,*,#4704,.T.);
#3091=ORIENTED_EDGE('',*,*,#4705,.F.);
#3092=ORIENTED_EDGE('',*,*,#4701,.F.);
#3093=CARTESIAN_POINT('',(49.1227160834271,-11.1047504289049,-4.96355191287817));
#3094=CARTESIAN_POINT('',(49.1227160834271,-11.2433241691561,-5.11124234656701));
#3095=CARTESIAN_POINT('',(49.1227160834271,-11.3964846189075,-5.48502677750789));
#3096=CARTESIAN_POINT('',(49.1227160834271,-11.3964846189075,-5.65824395282196));
#3097=DIRECTION('',(-1.0,-2.57086495047692E-16,0.0));
#3098=ORIENTED_EDGE('',*,*,#4706,.F.);
#3099=ORIENTED_EDGE('',*,*,#4707,.T.);
#3100=ORIENTED_EDGE('',*,*,#4708,.F.);
#3101=ORIENTED_EDGE('',*,*,#4704,.F.);
#3102=CARTESIAN_POINT('',(49.1227160834271,-11.3964846189075,-5.65824395282196));
#3103=CARTESIAN_POINT('',(49.1227160834271,-11.3964846189075,-5.9062180143242));
#3104=CARTESIAN_POINT('',(49.1227160834271,-11.1904473472182,-6.15966209188899));
#3105=CARTESIAN_POINT('',(49.1227160834271,-11.0208768492791,-6.15966209188899));
#3106=DIRECTION('',(-1.0,-2.57086495047692E-16,0.0));
#3107=ORIENTED_EDGE('',*,*,#4709,.F.);
#3108=ORIENTED_EDGE('',*,*,#4710,.T.);
#3109=ORIENTED_EDGE('',*,*,#4711,.F.);
#3110=ORIENTED_EDGE('',*,*,#4707,.F.);
#3111=CARTESIAN_POINT('',(49.1227160834271,-11.0208768492791,-6.15966209188899));
#3112=CARTESIAN_POINT('',(49.1227160834271,-10.8859497864029,-6.15966209188899));
#3113=CARTESIAN_POINT('',(49.1227160834271,-10.7182026271514,-6.02655836770029));
#3114=CARTESIAN_POINT('',(49.1227160834271,-10.6762658373385,-5.88251461138649));
#3115=DIRECTION('',(-1.0,-2.57086495047692E-16,0.0));
#3116=ORIENTED_EDGE('',*,*,#4712,.F.);
#3117=ORIENTED_EDGE('',*,*,#4713,.T.);
#3118=ORIENTED_EDGE('',*,*,#4714,.F.);
#3119=ORIENTED_EDGE('',*,*,#4710,.F.);
#3120=CARTESIAN_POINT('',(49.1227160834271,-10.6762658373385,-5.88251461138649));
#3121=CARTESIAN_POINT('',(49.1227160834271,-10.6470924183382,-5.77858430619805));
#3122=CARTESIAN_POINT('',(49.1227160834271,-10.6069789672129,-5.60536713088398));
#3123=CARTESIAN_POINT('',(49.1227160834271,-10.5741588708376,-5.47591008407031));
#3124=DIRECTION('',(-1.0,-2.57086495047692E-16,0.0));
#3125=ORIENTED_EDGE('',*,*,#4715,.F.);
#3126=ORIENTED_EDGE('',*,*,#4716,.T.);
#3127=ORIENTED_EDGE('',*,*,#4717,.F.);
#3128=ORIENTED_EDGE('',*,*,#4713,.F.);
#3129=CARTESIAN_POINT('',(49.1227160834271,-10.5741588708376,-5.47591008407031));
#3130=CARTESIAN_POINT('',(49.1227160834271,-10.5431621131498,-5.35921640806925));
#3131=CARTESIAN_POINT('',(49.1227160834271,-10.4501718400865,-5.17505920063008));
#3132=CARTESIAN_POINT('',(49.1227160834271,-10.3754149538983,-5.10394899181694));
#3133=DIRECTION('',(-1.0,-2.57086495047692E-16,0.0));
#3134=ORIENTED_EDGE('',*,*,#4718,.F.);
#3135=ORIENTED_EDGE('',*,*,#4719,.T.);
#3136=ORIENTED_EDGE('',*,*,#4720,.F.);
#3137=ORIENTED_EDGE('',*,*,#4716,.F.);
#3138=CARTESIAN_POINT('',(49.1227160834271,-10.3754149538983,-5.10394899181694));
#3139=CARTESIAN_POINT('',(49.1227160834271,-10.3006580677101,-5.03466212169131));
#3140=CARTESIAN_POINT('',(49.1227160834271,-10.1000908120833,-4.95808189681562));
#3141=CARTESIAN_POINT('',(49.1227160834271,-9.96881042658211,-4.95808189681562));
#3142=DIRECTION('',(-1.0,-2.57086495047692E-16,0.0));
#3143=ORIENTED_EDGE('',*,*,#4721,.F.);
#3144=ORIENTED_EDGE('',*,*,#4722,.T.);
#3145=ORIENTED_EDGE('',*,*,#4723,.F.);
#3146=ORIENTED_EDGE('',*,*,#4719,.F.);
#3147=CARTESIAN_POINT('',(49.1227160834271,-9.96881042658211,-4.95808189681562));
#3148=CARTESIAN_POINT('',(49.1227160834271,-9.69530962345463,-4.95808189681562));
#3149=CARTESIAN_POINT('',(49.1227160834271,-9.32517186988878,-5.38474314969448));
#3150=CARTESIAN_POINT('',(49.1227160834271,-9.32517186988878,-5.71476745213497));
#3151=DIRECTION('',(-1.0,-2.57086495047692E-16,0.0));
#3152=ORIENTED_EDGE('',*,*,#4724,.F.);
#3153=ORIENTED_EDGE('',*,*,#4696,.T.);
#3154=ORIENTED_EDGE('',*,*,#4725,.F.);
#3155=ORIENTED_EDGE('',*,*,#4726,.F.);
#3156=CARTESIAN_POINT('',(49.1227160834271,-11.451184779533,-6.26723907445246));
#3157=CARTESIAN_POINT('',(49.1227160834271,-11.5496450686589,-6.15966209188899));
#3158=CARTESIAN_POINT('',(49.1227160834271,-11.6553987125349,-5.88616128876152));
#3159=CARTESIAN_POINT('',(49.1227160834271,-11.6553987125349,-5.68012401707215));
#3160=DIRECTION('',(-1.0,-2.57086495047692E-16,0.0));
#3161=ORIENTED_EDGE('',*,*,#4727,.F.);
#3162=ORIENTED_EDGE('',*,*,#4726,.T.);
#3163=ORIENTED_EDGE('',*,*,#4728,.F.);
#3164=ORIENTED_EDGE('',*,*,#4729,.F.);
#3165=CARTESIAN_POINT('',(49.1227160834271,-10.9734700434037,-6.47145300745431));
#3166=CARTESIAN_POINT('',(49.1227160834271,-11.1065737675924,-6.47145300745431));
#3167=CARTESIAN_POINT('',(49.1227160834271,-11.3618411838447,-6.36387602489084));
#3168=CARTESIAN_POINT('',(49.1227160834271,-11.451184779533,-6.26723907445246));
#3169=DIRECTION('',(-1.0,-2.57086495047692E-16,0.0));
#3170=ORIENTED_EDGE('',*,*,#4730,.F.);
#3171=ORIENTED_EDGE('',*,*,#4729,.T.);
#3172=ORIENTED_EDGE('',*,*,#4731,.F.);
#3173=ORIENTED_EDGE('',*,*,#4732,.F.);
#3174=CARTESIAN_POINT('',(49.1227160834271,-10.4064117115861,-6.02473502901277));
#3175=CARTESIAN_POINT('',(49.1227160834271,-10.4775219203992,-6.25629904232737));
#3176=CARTESIAN_POINT('',(49.1227160834271,-10.7637860943393,-6.47145300745431));
#3177=CARTESIAN_POINT('',(49.1227160834271,-10.9734700434037,-6.47145300745431));
#3178=DIRECTION('',(-1.0,-2.57086495047692E-16,0.0));
#3179=ORIENTED_EDGE('',*,*,#4733,.F.);
#3180=ORIENTED_EDGE('',*,*,#4732,.T.);
#3181=ORIENTED_EDGE('',*,*,#4734,.F.);
#3182=ORIENTED_EDGE('',*,*,#4735,.F.);
#3183=CARTESIAN_POINT('',(49.1227160834271,-10.2878946968975,-5.5634303410711));
#3184=CARTESIAN_POINT('',(49.1227160834271,-10.3134214385227,-5.65824395282196));
#3185=CARTESIAN_POINT('',(49.1227160834271,-10.3790616312733,-5.93356809463694));
#3186=CARTESIAN_POINT('',(49.1227160834271,-10.4064117115861,-6.02473502901277));
#3187=DIRECTION('',(-1.0,-2.57086495047692E-16,0.0));
#3188=ORIENTED_EDGE('',*,*,#4736,.F.);
#3189=ORIENTED_EDGE('',*,*,#4735,.T.);
#3190=ORIENTED_EDGE('',*,*,#4737,.F.);
#3191=ORIENTED_EDGE('',*,*,#4738,.F.);
#3192=CARTESIAN_POINT('',(49.1227160834271,-9.93781366889433,-5.26987281238094));
#3193=CARTESIAN_POINT('',(49.1227160834271,-10.0800340865206,-5.26987281238094));
#3194=CARTESIAN_POINT('',(49.1227160834271,-10.2496045844596,-5.42120992344481));
#3195=CARTESIAN_POINT('',(49.1227160834271,-10.2878946968975,-5.5634303410711));
#3196=DIRECTION('',(-1.0,-2.57086495047692E-16,0.0));
#3197=ORIENTED_EDGE('',*,*,#4739,.F.);
#3198=ORIENTED_EDGE('',*,*,#4738,.T.);
#3199=ORIENTED_EDGE('',*,*,#4740,.F.);
#3200=ORIENTED_EDGE('',*,*,#4741,.F.);
#3201=CARTESIAN_POINT('',(49.1227160834271,-9.58408596351613,-5.73482417769765));
#3202=CARTESIAN_POINT('',(49.1227160834271,-9.58408596351613,-5.52696356732077));
#3203=CARTESIAN_POINT('',(49.1227160834271,-9.77918320308039,-5.26987281238094));
#3204=CARTESIAN_POINT('',(49.1227160834271,-9.93781366889433,-5.26987281238094));
#3205=DIRECTION('',(-1.0,-2.57086495047692E-16,0.0));
#3206=ORIENTED_EDGE('',*,*,#4742,.F.);
#3207=ORIENTED_EDGE('',*,*,#4741,.T.);
#3208=ORIENTED_EDGE('',*,*,#4743,.F.);
#3209=ORIENTED_EDGE('',*,*,#4744,.F.);
#3210=CARTESIAN_POINT('',(49.1227160834271,-9.82841334764334,-6.36205268620332));
#3211=CARTESIAN_POINT('',(49.1227160834271,-9.72995305851745,-6.25447570363985));
#3212=CARTESIAN_POINT('',(49.1227160834271,-9.58408596351613,-5.91898138513681));
#3213=CARTESIAN_POINT('',(49.1227160834271,-9.58408596351613,-5.73482417769765));
#3214=DIRECTION('',(-1.0,-2.57086495047692E-16,0.0));
#3215=ORIENTED_EDGE('',*,*,#4745,.F.);
#3216=ORIENTED_EDGE('',*,*,#4744,.T.);
#3217=ORIENTED_EDGE('',*,*,#4746,.F.);
#3218=ORIENTED_EDGE('',*,*,#4747,.F.);
#3219=CARTESIAN_POINT('',(49.1227160834271,-9.82841334764334,-6.36205268620332));
#3220=DIRECTION('',(2.57086495047692E-16,-1.0,0.0));
#3221=DIRECTION('',(0.0,0.0,-1.0));
#3222=ORIENTED_EDGE('',*,*,#4748,.F.);
#3223=ORIENTED_EDGE('',*,*,#4747,.T.);
#3224=ORIENTED_EDGE('',*,*,#4749,.F.);
#3225=ORIENTED_EDGE('',*,*,#4750,.F.);
#3226=CARTESIAN_POINT('',(49.1227160834271,-9.82841334764334,-6.38393275045352));
#3227=DIRECTION('',(0.0,0.0,-1.0));
#3228=DIRECTION('',(-1.0,0.0,0.0));
#3229=ORIENTED_EDGE('',*,*,#4751,.F.);
#3230=ORIENTED_EDGE('',*,*,#4750,.T.);
#3231=ORIENTED_EDGE('',*,*,#4752,.F.);
#3232=ORIENTED_EDGE('',*,*,#4722,.F.);
#3233=CARTESIAN_POINT('',(49.1227160834271,-9.32517186988878,-5.71476745213497));
#3234=CARTESIAN_POINT('',(49.1227160834271,-9.32517186988878,-5.90439467563668));
#3235=CARTESIAN_POINT('',(49.1227160834271,-9.39992875607696,-6.23988899413972));
#3236=CARTESIAN_POINT('',(49.1227160834271,-9.4710389648901,-6.38393275045352));
#3237=DIRECTION('',(-1.0,-2.57086495047692E-16,0.0));
#3238=ORIENTED_EDGE('',*,*,#4724,.T.);
#3239=ORIENTED_EDGE('',*,*,#4727,.T.);
#3240=ORIENTED_EDGE('',*,*,#4730,.T.);
#3241=ORIENTED_EDGE('',*,*,#4733,.T.);
#3242=ORIENTED_EDGE('',*,*,#4736,.T.);
#3243=ORIENTED_EDGE('',*,*,#4739,.T.);
#3244=ORIENTED_EDGE('',*,*,#4742,.T.);
#3245=ORIENTED_EDGE('',*,*,#4745,.T.);
#3246=ORIENTED_EDGE('',*,*,#4748,.T.);
#3247=ORIENTED_EDGE('',*,*,#4751,.T.);
#3248=ORIENTED_EDGE('',*,*,#4721,.T.);
#3249=ORIENTED_EDGE('',*,*,#4718,.T.);
#3250=ORIENTED_EDGE('',*,*,#4715,.T.);
#3251=ORIENTED_EDGE('',*,*,#4712,.T.);
#3252=ORIENTED_EDGE('',*,*,#4709,.T.);
#3253=ORIENTED_EDGE('',*,*,#4706,.T.);
#3254=ORIENTED_EDGE('',*,*,#4703,.T.);
#3255=ORIENTED_EDGE('',*,*,#4700,.T.);
#3256=ORIENTED_EDGE('',*,*,#4697,.T.);
#3257=ORIENTED_EDGE('',*,*,#4693,.T.);
#3258=CARTESIAN_POINT('',(7.82692307692307,-12.0,0.0));
#3259=DIRECTION('',(0.0,0.0,1.0));
#3260=DIRECTION('',(0.634945397815913,-0.772557015237317,0.0));
#3261=ORIENTED_EDGE('',*,*,#4753,.T.);
#3262=ORIENTED_EDGE('',*,*,#4754,.T.);
#3263=ORIENTED_EDGE('',*,*,#4755,.T.);
#3264=ORIENTED_EDGE('',*,*,#4756,.T.);
#3265=CARTESIAN_POINT('',(7.82692307692307,-12.0,0.0));
#3266=DIRECTION('',(0.0,0.0,1.0));
#3267=DIRECTION('',(0.634945397815913,-0.772557015237317,0.0));
#3268=ORIENTED_EDGE('',*,*,#4754,.F.);
#3269=ORIENTED_EDGE('',*,*,#4757,.T.);
#3270=ORIENTED_EDGE('',*,*,#4758,.F.);
#3271=ORIENTED_EDGE('',*,*,#4759,.F.);
#3272=CARTESIAN_POINT('',(49.1227160834271,-11.1849773311556,3.15577526263278));
#3273=DIRECTION('',(-2.57086495047692E-16,1.0,0.0));
#3274=DIRECTION('',(0.0,0.0,1.0));
#3275=ORIENTED_EDGE('',*,*,#4753,.F.);
#3276=ORIENTED_EDGE('',*,*,#4760,.T.);
#3277=ORIENTED_EDGE('',*,*,#4761,.F.);
#3278=ORIENTED_EDGE('',*,*,#4757,.F.);
#3279=CARTESIAN_POINT('',(49.1227160834271,-11.6152852614095,3.15577526263278));
#3280=DIRECTION('',(0.0,0.0,-1.0));
#3281=DIRECTION('',(-1.0,0.0,0.0));
#3282=ORIENTED_EDGE('',*,*,#4755,.F.);
#3283=ORIENTED_EDGE('',*,*,#4759,.T.);
#3284=ORIENTED_EDGE('',*,*,#4762,.F.);
#3285=ORIENTED_EDGE('',*,*,#4763,.F.);
#3286=CARTESIAN_POINT('',(49.1227160834271,-11.1849773311556,3.51679632276105));
#3287=DIRECTION('',(0.0,0.0,1.0));
#3288=DIRECTION('',(1.0,0.0,0.0));
#3289=ORIENTED_EDGE('',*,*,#4756,.F.);
#3290=ORIENTED_EDGE('',*,*,#4763,.T.);
#3291=ORIENTED_EDGE('',*,*,#4764,.F.);
#3292=ORIENTED_EDGE('',*,*,#4760,.F.);
#3293=CARTESIAN_POINT('',(49.1227160834271,-11.6152852614095,3.51679632276105));
#3294=DIRECTION('',(2.57086495047692E-16,-1.0,0.0));
#3295=DIRECTION('',(0.0,0.0,-1.0));
#3296=ORIENTED_EDGE('',*,*,#4765,.F.);
#3297=ORIENTED_EDGE('',*,*,#4766,.T.);
#3298=ORIENTED_EDGE('',*,*,#4767,.F.);
#3299=ORIENTED_EDGE('',*,*,#4768,.F.);
#3300=CARTESIAN_POINT('',(49.1227160834271,-10.6197423380255,-7.59098296158944));
#3301=DIRECTION('',(1.3179110805335E-16,-0.518329263750967,-0.85518113539728));
#3302=DIRECTION('',(-1.0,-1.02222423051282E-32,-1.54108998197353E-16));
#3303=ORIENTED_EDGE('',*,*,#4769,.F.);
#3304=ORIENTED_EDGE('',*,*,#4770,.T.);
#3305=ORIENTED_EDGE('',*,*,#4771,.F.);
#3306=ORIENTED_EDGE('',*,*,#4766,.F.);
#3307=CARTESIAN_POINT('',(49.1227160834271,-11.6152852614095,-7.59098296158944));
#3308=DIRECTION('',(0.0,0.0,-1.0));
#3309=DIRECTION('',(-1.0,0.0,0.0));
#3310=ORIENTED_EDGE('',*,*,#4772,.F.);
#3311=ORIENTED_EDGE('',*,*,#4773,.T.);
#3312=ORIENTED_EDGE('',*,*,#4774,.F.);
#3313=ORIENTED_EDGE('',*,*,#4770,.F.);
#3314=CARTESIAN_POINT('',(49.1227160834271,-11.6152852614095,-7.29195541683674));
#3315=DIRECTION('',(2.54261368728487E-16,-1.0,0.0));
#3316=DIRECTION('',(0.0,0.0,-1.0));
#3317=ORIENTED_EDGE('',*,*,#4775,.F.);
#3318=ORIENTED_EDGE('',*,*,#4776,.T.);
#3319=ORIENTED_EDGE('',*,*,#4777,.F.);
#3320=ORIENTED_EDGE('',*,*,#4773,.F.);
#3321=CARTESIAN_POINT('',(49.1227160834271,-10.6507390957133,-7.29195541683674));
#3322=DIRECTION('',(0.0,0.0,1.0));
#3323=DIRECTION('',(1.0,0.0,0.0));
#3324=ORIENTED_EDGE('',*,*,#4778,.F.);
#3325=ORIENTED_EDGE('',*,*,#4768,.T.);
#3326=ORIENTED_EDGE('',*,*,#4779,.F.);
#3327=ORIENTED_EDGE('',*,*,#4780,.F.);
#3328=CARTESIAN_POINT('',(49.1227160834271,-9.36528532101415,-8.35131519428382));
#3329=DIRECTION('',(-2.54261368728487E-16,1.0,0.0));
#3330=DIRECTION('',(0.0,0.0,1.0));
#3331=ORIENTED_EDGE('',*,*,#4781,.F.);
#3332=ORIENTED_EDGE('',*,*,#4780,.T.);
#3333=ORIENTED_EDGE('',*,*,#4782,.F.);
#3334=ORIENTED_EDGE('',*,*,#4783,.F.);
#3335=CARTESIAN_POINT('',(49.1227160834271,-9.36528532101415,-8.03405426265595));
#3336=DIRECTION('',(-1.30283800179289E-16,0.512401080946013,0.858746256029892));
#3337=DIRECTION('',(1.0,0.0,1.51713965871141E-16));
#3338=ORIENTED_EDGE('',*,*,#4784,.F.);
#3339=ORIENTED_EDGE('',*,*,#4783,.T.);
#3340=ORIENTED_EDGE('',*,*,#4785,.F.);
#3341=ORIENTED_EDGE('',*,*,#4786,.F.);
#3342=CARTESIAN_POINT('',(49.1227160834271,-10.3553582283356,-7.4432925279006));
#3343=DIRECTION('',(-1.28491593045571E-16,0.505352400516576,-0.862913061259438));
#3344=DIRECTION('',(-1.0,0.0,1.48904447984638E-16));
#3345=ORIENTED_EDGE('',*,*,#4787,.F.);
#3346=ORIENTED_EDGE('',*,*,#4786,.T.);
#3347=ORIENTED_EDGE('',*,*,#4788,.F.);
#3348=ORIENTED_EDGE('',*,*,#4789,.F.);
#3349=CARTESIAN_POINT('',(49.1227160834271,-9.36528532101415,-6.86347082527036));
#3350=DIRECTION('',(-2.54261368728487E-16,1.0,0.0));
#3351=DIRECTION('',(0.0,0.0,1.0));
#3352=ORIENTED_EDGE('',*,*,#4790,.F.);
#3353=ORIENTED_EDGE('',*,*,#4789,.T.);
#3354=ORIENTED_EDGE('',*,*,#4791,.F.);
#3355=ORIENTED_EDGE('',*,*,#4776,.F.);
#3356=CARTESIAN_POINT('',(49.1227160834271,-9.36528532101415,-6.53162318414236));
#3357=DIRECTION('',(1.29444322949868E-16,-0.50909944989754,0.860707703064183));
#3358=DIRECTION('',(1.0,-1.00402163223423E-32,-1.50392894694722E-16));
#3359=ORIENTED_EDGE('',*,*,#4778,.T.);
#3360=ORIENTED_EDGE('',*,*,#4781,.T.);
#3361=ORIENTED_EDGE('',*,*,#4784,.T.);
#3362=ORIENTED_EDGE('',*,*,#4787,.T.);
#3363=ORIENTED_EDGE('',*,*,#4790,.T.);
#3364=ORIENTED_EDGE('',*,*,#4775,.T.);
#3365=ORIENTED_EDGE('',*,*,#4772,.T.);
#3366=ORIENTED_EDGE('',*,*,#4769,.T.);
#3367=ORIENTED_EDGE('',*,*,#4765,.T.);
#3368=CARTESIAN_POINT('',(7.82692307692307,-12.0,0.0));
#3369=DIRECTION('',(0.0,0.0,1.0));
#3370=DIRECTION('',(0.634945397815913,-0.772557015237317,0.0));
#3371=ORIENTED_EDGE('',*,*,#4268,.T.);
#3372=ORIENTED_EDGE('',*,*,#4278,.F.);
#3373=ORIENTED_EDGE('',*,*,#4274,.T.);
#3374=ORIENTED_EDGE('',*,*,#4273,.T.);
#3375=ORIENTED_EDGE('',*,*,#4269,.F.);
#3376=ORIENTED_EDGE('',*,*,#4263,.T.);
#3377=ORIENTED_EDGE('',*,*,#4310,.T.);
#3378=ORIENTED_EDGE('',*,*,#4313,.T.);
#3379=ORIENTED_EDGE('',*,*,#4315,.T.);
#3380=ORIENTED_EDGE('',*,*,#4317,.T.);
#3381=ORIENTED_EDGE('',*,*,#4319,.T.);
#3382=ORIENTED_EDGE('',*,*,#4321,.T.);
#3383=ORIENTED_EDGE('',*,*,#4323,.T.);
#3384=ORIENTED_EDGE('',*,*,#4341,.T.);
#3385=ORIENTED_EDGE('',*,*,#4339,.T.);
#3386=ORIENTED_EDGE('',*,*,#4337,.T.);
#3387=ORIENTED_EDGE('',*,*,#4335,.T.);
#3388=ORIENTED_EDGE('',*,*,#4333,.T.);
#3389=ORIENTED_EDGE('',*,*,#4331,.T.);
#3390=ORIENTED_EDGE('',*,*,#4329,.T.);
#3391=ORIENTED_EDGE('',*,*,#4378,.T.);
#3392=ORIENTED_EDGE('',*,*,#4381,.T.);
#3393=ORIENTED_EDGE('',*,*,#4383,.T.);
#3394=ORIENTED_EDGE('',*,*,#4385,.T.);
#3395=ORIENTED_EDGE('',*,*,#4387,.T.);
#3396=ORIENTED_EDGE('',*,*,#4389,.T.);
#3397=ORIENTED_EDGE('',*,*,#4404,.T.);
#3398=ORIENTED_EDGE('',*,*,#4402,.T.);
#3399=ORIENTED_EDGE('',*,*,#4400,.T.);
#3400=ORIENTED_EDGE('',*,*,#4398,.T.);
#3401=ORIENTED_EDGE('',*,*,#4396,.T.);
#3402=ORIENTED_EDGE('',*,*,#4407,.T.);
#3403=ORIENTED_EDGE('',*,*,#4411,.T.);
#3404=ORIENTED_EDGE('',*,*,#4414,.T.);
#3405=ORIENTED_EDGE('',*,*,#4417,.T.);
#3406=ORIENTED_EDGE('',*,*,#4420,.T.);
#3407=ORIENTED_EDGE('',*,*,#4423,.T.);
#3408=ORIENTED_EDGE('',*,*,#4426,.T.);
#3409=ORIENTED_EDGE('',*,*,#4429,.T.);
#3410=ORIENTED_EDGE('',*,*,#4432,.T.);
#3411=ORIENTED_EDGE('',*,*,#4435,.T.);
#3412=ORIENTED_EDGE('',*,*,#4438,.T.);
#3413=ORIENTED_EDGE('',*,*,#4441,.T.);
#3414=ORIENTED_EDGE('',*,*,#4444,.T.);
#3415=ORIENTED_EDGE('',*,*,#4485,.T.);
#3416=ORIENTED_EDGE('',*,*,#4482,.T.);
#3417=ORIENTED_EDGE('',*,*,#4479,.T.);
#3418=ORIENTED_EDGE('',*,*,#4476,.T.);
#3419=ORIENTED_EDGE('',*,*,#4473,.T.);
#3420=ORIENTED_EDGE('',*,*,#4470,.T.);
#3421=ORIENTED_EDGE('',*,*,#4467,.T.);
#3422=ORIENTED_EDGE('',*,*,#4464,.T.);
#3423=ORIENTED_EDGE('',*,*,#4461,.T.);
#3424=ORIENTED_EDGE('',*,*,#4458,.T.);
#3425=ORIENTED_EDGE('',*,*,#4455,.T.);
#3426=ORIENTED_EDGE('',*,*,#4452,.T.);
#3427=ORIENTED_EDGE('',*,*,#4449,.T.);
#3428=ORIENTED_EDGE('',*,*,#4446,.T.);
#3429=ORIENTED_EDGE('',*,*,#4517,.T.);
#3430=ORIENTED_EDGE('',*,*,#4520,.T.);
#3431=ORIENTED_EDGE('',*,*,#4522,.T.);
#3432=ORIENTED_EDGE('',*,*,#4524,.T.);
#3433=ORIENTED_EDGE('',*,*,#4526,.T.);
#3434=ORIENTED_EDGE('',*,*,#4528,.T.);
#3435=ORIENTED_EDGE('',*,*,#4530,.T.);
#3436=ORIENTED_EDGE('',*,*,#4548,.T.);
#3437=ORIENTED_EDGE('',*,*,#4546,.T.);
#3438=ORIENTED_EDGE('',*,*,#4544,.T.);
#3439=ORIENTED_EDGE('',*,*,#4542,.T.);
#3440=ORIENTED_EDGE('',*,*,#4540,.T.);
#3441=ORIENTED_EDGE('',*,*,#4538,.T.);
#3442=ORIENTED_EDGE('',*,*,#4536,.T.);
#3443=ORIENTED_EDGE('',*,*,#4551,.T.);
#3444=ORIENTED_EDGE('',*,*,#4555,.T.);
#3445=ORIENTED_EDGE('',*,*,#4558,.T.);
#3446=ORIENTED_EDGE('',*,*,#4561,.T.);
#3447=ORIENTED_EDGE('',*,*,#4564,.T.);
#3448=ORIENTED_EDGE('',*,*,#4581,.T.);
#3449=ORIENTED_EDGE('',*,*,#4578,.T.);
#3450=ORIENTED_EDGE('',*,*,#4575,.T.);
#3451=ORIENTED_EDGE('',*,*,#4572,.T.);
#3452=ORIENTED_EDGE('',*,*,#4569,.T.);
#3453=ORIENTED_EDGE('',*,*,#4566,.T.);
#3454=ORIENTED_EDGE('',*,*,#4604,.T.);
#3455=ORIENTED_EDGE('',*,*,#4607,.T.);
#3456=ORIENTED_EDGE('',*,*,#4617,.T.);
#3457=ORIENTED_EDGE('',*,*,#4615,.T.);
#3458=ORIENTED_EDGE('',*,*,#4620,.T.);
#3459=ORIENTED_EDGE('',*,*,#4624,.T.);
#3460=ORIENTED_EDGE('',*,*,#4629,.T.);
#3461=ORIENTED_EDGE('',*,*,#4626,.T.);
#3462=ORIENTED_EDGE('',*,*,#4661,.T.);
#3463=ORIENTED_EDGE('',*,*,#4664,.T.);
#3464=ORIENTED_EDGE('',*,*,#4666,.T.);
#3465=ORIENTED_EDGE('',*,*,#4668,.T.);
#3466=ORIENTED_EDGE('',*,*,#4670,.T.);
#3467=ORIENTED_EDGE('',*,*,#4672,.T.);
#3468=ORIENTED_EDGE('',*,*,#4674,.T.);
#3469=ORIENTED_EDGE('',*,*,#4692,.T.);
#3470=ORIENTED_EDGE('',*,*,#4690,.T.);
#3471=ORIENTED_EDGE('',*,*,#4688,.T.);
#3472=ORIENTED_EDGE('',*,*,#4686,.T.);
#3473=ORIENTED_EDGE('',*,*,#4684,.T.);
#3474=ORIENTED_EDGE('',*,*,#4682,.T.);
#3475=ORIENTED_EDGE('',*,*,#4680,.T.);
#3476=ORIENTED_EDGE('',*,*,#4695,.T.);
#3477=ORIENTED_EDGE('',*,*,#4699,.T.);
#3478=ORIENTED_EDGE('',*,*,#4702,.T.);
#3479=ORIENTED_EDGE('',*,*,#4705,.T.);
#3480=ORIENTED_EDGE('',*,*,#4708,.T.);
#3481=ORIENTED_EDGE('',*,*,#4711,.T.);
#3482=ORIENTED_EDGE('',*,*,#4714,.T.);
#3483=ORIENTED_EDGE('',*,*,#4717,.T.);
#3484=ORIENTED_EDGE('',*,*,#4720,.T.);
#3485=ORIENTED_EDGE('',*,*,#4723,.T.);
#3486=ORIENTED_EDGE('',*,*,#4752,.T.);
#3487=ORIENTED_EDGE('',*,*,#4749,.T.);
#3488=ORIENTED_EDGE('',*,*,#4746,.T.);
#3489=ORIENTED_EDGE('',*,*,#4743,.T.);
#3490=ORIENTED_EDGE('',*,*,#4740,.T.);
#3491=ORIENTED_EDGE('',*,*,#4737,.T.);
#3492=ORIENTED_EDGE('',*,*,#4734,.T.);
#3493=ORIENTED_EDGE('',*,*,#4731,.T.);
#3494=ORIENTED_EDGE('',*,*,#4728,.T.);
#3495=ORIENTED_EDGE('',*,*,#4725,.T.);
#3496=ORIENTED_EDGE('',*,*,#4758,.T.);
#3497=ORIENTED_EDGE('',*,*,#4761,.T.);
#3498=ORIENTED_EDGE('',*,*,#4764,.T.);
#3499=ORIENTED_EDGE('',*,*,#4762,.T.);
#3500=ORIENTED_EDGE('',*,*,#4767,.T.);
#3501=ORIENTED_EDGE('',*,*,#4771,.T.);
#3502=ORIENTED_EDGE('',*,*,#4774,.T.);
#3503=ORIENTED_EDGE('',*,*,#4777,.T.);
#3504=ORIENTED_EDGE('',*,*,#4791,.T.);
#3505=ORIENTED_EDGE('',*,*,#4788,.T.);
#3506=ORIENTED_EDGE('',*,*,#4785,.T.);
#3507=ORIENTED_EDGE('',*,*,#4782,.T.);
#3508=ORIENTED_EDGE('',*,*,#4779,.T.);
#3509=CARTESIAN_POINT('',(7.82692307692307,-12.0,0.0));
#3510=DIRECTION('',(0.0,0.0,1.0));
#3511=DIRECTION('',(0.634945397815913,-0.772557015237317,0.0));
#3512=ORIENTED_EDGE('',*,*,#4652,.T.);
#3513=ORIENTED_EDGE('',*,*,#4655,.T.);
#3514=ORIENTED_EDGE('',*,*,#4657,.T.);
#3515=ORIENTED_EDGE('',*,*,#4659,.T.);
#3516=ORIENTED_EDGE('',*,*,#4676,.T.);
#3517=ORIENTED_EDGE('',*,*,#4678,.T.);
#3518=ORIENTED_EDGE('',*,*,#4679,.T.);
#3519=CARTESIAN_POINT('',(7.82692307692307,-12.0,0.0));
#3520=DIRECTION('',(0.0,0.0,1.0));
#3521=DIRECTION('',(0.634945397815913,-0.772557015237317,0.0));
#3522=ORIENTED_EDGE('',*,*,#4595,.T.);
#3523=ORIENTED_EDGE('',*,*,#4598,.T.);
#3524=ORIENTED_EDGE('',*,*,#4600,.T.);
#3525=ORIENTED_EDGE('',*,*,#4602,.T.);
#3526=ORIENTED_EDGE('',*,*,#4609,.T.);
#3527=ORIENTED_EDGE('',*,*,#4611,.T.);
#3528=ORIENTED_EDGE('',*,*,#4613,.T.);
#3529=ORIENTED_EDGE('',*,*,#4614,.T.);
#3530=CARTESIAN_POINT('',(7.82692307692307,-12.0,0.0));
#3531=DIRECTION('',(0.0,0.0,1.0));
#3532=DIRECTION('',(0.634945397815913,-0.772557015237317,0.0));
#3533=ORIENTED_EDGE('',*,*,#4508,.T.);
#3534=ORIENTED_EDGE('',*,*,#4511,.T.);
#3535=ORIENTED_EDGE('',*,*,#4513,.T.);
#3536=ORIENTED_EDGE('',*,*,#4515,.T.);
#3537=ORIENTED_EDGE('',*,*,#4532,.T.);
#3538=ORIENTED_EDGE('',*,*,#4534,.T.);
#3539=ORIENTED_EDGE('',*,*,#4535,.T.);
#3540=CARTESIAN_POINT('',(7.82692307692307,-12.0,0.0));
#3541=DIRECTION('',(0.0,0.0,1.0));
#3542=DIRECTION('',(0.634945397815913,-0.772557015237317,0.0));
#3543=ORIENTED_EDGE('',*,*,#4371,.T.);
#3544=ORIENTED_EDGE('',*,*,#4374,.T.);
#3545=ORIENTED_EDGE('',*,*,#4376,.T.);
#3546=ORIENTED_EDGE('',*,*,#4394,.T.);
#3547=ORIENTED_EDGE('',*,*,#4395,.T.);
#3548=CARTESIAN_POINT('',(7.82692307692307,-12.0,0.0));
#3549=DIRECTION('',(0.0,0.0,1.0));
#3550=DIRECTION('',(0.634945397815913,-0.772557015237317,0.0));
#3551=ORIENTED_EDGE('',*,*,#4364,.T.);
#3552=ORIENTED_EDGE('',*,*,#4367,.T.);
#3553=ORIENTED_EDGE('',*,*,#4369,.T.);
#3554=ORIENTED_EDGE('',*,*,#4391,.T.);
#3555=ORIENTED_EDGE('',*,*,#4392,.T.);
#3556=CARTESIAN_POINT('',(7.82692307692307,-12.0,0.0));
#3557=DIRECTION('',(0.0,0.0,1.0));
#3558=DIRECTION('',(0.634945397815913,-0.772557015237317,0.0));
#3559=ORIENTED_EDGE('',*,*,#4301,.T.);
#3560=ORIENTED_EDGE('',*,*,#4304,.T.);
#3561=ORIENTED_EDGE('',*,*,#4306,.T.);
#3562=ORIENTED_EDGE('',*,*,#4308,.T.);
#3563=ORIENTED_EDGE('',*,*,#4325,.T.);
#3564=ORIENTED_EDGE('',*,*,#4327,.T.);
#3565=ORIENTED_EDGE('',*,*,#4328,.T.);
#3566=CARTESIAN_POINT('',(7.82692307692307,-12.0,0.0));
#3567=DIRECTION('',(0.0,0.0,1.0));
#3568=DIRECTION('',(0.634945397815913,-0.772557015237317,0.0));
#3569=ORIENTED_EDGE('',*,*,#4792,.F.);
#3570=ORIENTED_EDGE('',*,*,#4793,.F.);
#3571=ORIENTED_EDGE('',*,*,#4794,.F.);
#3572=ORIENTED_EDGE('',*,*,#4795,.F.);
#3573=ORIENTED_EDGE('',*,*,#4796,.F.);
#3574=ORIENTED_EDGE('',*,*,#4797,.F.);
#3575=ORIENTED_EDGE('',*,*,#4798,.F.);
#3576=ORIENTED_EDGE('',*,*,#4799,.F.);
#3577=ORIENTED_EDGE('',*,*,#4800,.F.);
#3578=ORIENTED_EDGE('',*,*,#4801,.F.);
#3579=ORIENTED_EDGE('',*,*,#4802,.F.);
#3580=ORIENTED_EDGE('',*,*,#4803,.F.);
#3581=ORIENTED_EDGE('',*,*,#4804,.F.);
#3582=ORIENTED_EDGE('',*,*,#4805,.F.);
#3583=ORIENTED_EDGE('',*,*,#4806,.F.);
#3584=ORIENTED_EDGE('',*,*,#4807,.F.);
#3585=ORIENTED_EDGE('',*,*,#4808,.F.);
#3586=ORIENTED_EDGE('',*,*,#4809,.F.);
#3587=ORIENTED_EDGE('',*,*,#4810,.F.);
#3588=CARTESIAN_POINT('',(7.82692307692307,-12.0,0.0));
#3589=DIRECTION('',(0.0,0.0,1.0));
#3590=DIRECTION('',(-0.546308724832215,0.83758389261745,0.0));
#3591=ORIENTED_EDGE('',*,*,#4811,.F.);
#3592=ORIENTED_EDGE('',*,*,#4812,.T.);
#3593=ORIENTED_EDGE('',*,*,#4798,.T.);
#3594=ORIENTED_EDGE('',*,*,#4813,.F.);
#3595=CARTESIAN_POINT('',(-55.6227160834271,-9.2111305550202,-18.2507054754481));
#3596=DIRECTION('',(5.04760910029533E-51,-1.65433740011229E-35,1.0));
#3597=DIRECTION('',(1.0,0.0,-5.04760910029533E-51));
#3598=ORIENTED_EDGE('',*,*,#4814,.F.);
#3599=ORIENTED_EDGE('',*,*,#4813,.T.);
#3600=ORIENTED_EDGE('',*,*,#4797,.T.);
#3601=ORIENTED_EDGE('',*,*,#4815,.F.);
#3602=CARTESIAN_POINT('',(-55.6227160834271,-7.06616488062125,-18.2507054754481));
#3603=DIRECTION('',(3.05113642474184E-16,-1.0,-1.65433740011229E-35));
#3604=DIRECTION('',(0.0,1.65433740011229E-35,-1.0));
#3605=ORIENTED_EDGE('',*,*,#4816,.F.);
#3606=ORIENTED_EDGE('',*,*,#4815,.T.);
#3607=ORIENTED_EDGE('',*,*,#4796,.T.);
#3608=ORIENTED_EDGE('',*,*,#4817,.F.);
#3609=CARTESIAN_POINT('',(-55.6227160834271,-7.06673023794189,-17.0272722336456));
#3610=DIRECTION('',(1.36824718350971E-16,-0.448438546508284,-0.893813666266934));
#3611=DIRECTION('',(-1.0,-8.84389094336299E-33,-1.53079689329911E-16));
#3612=ORIENTED_EDGE('',*,*,#4818,.F.);
#3613=ORIENTED_EDGE('',*,*,#4817,.T.);
#3614=ORIENTED_EDGE('',*,*,#4795,.T.);
#3615=ORIENTED_EDGE('',*,*,#4819,.F.);
#3616=CARTESIAN_POINT('',(-55.6227160834271,-9.2111305550202,-15.9513972525225));
#3617=DIRECTION('',(3.05113642474184E-16,-1.0,-1.65433740011229E-35));
#3618=DIRECTION('',(0.0,1.65433740011229E-35,-1.0));
#3619=ORIENTED_EDGE('',*,*,#4820,.F.);
#3620=ORIENTED_EDGE('',*,*,#4819,.T.);
#3621=ORIENTED_EDGE('',*,*,#4794,.T.);
#3622=ORIENTED_EDGE('',*,*,#4821,.F.);
#3623=CARTESIAN_POINT('',(-55.6227160834271,-9.2111305550202,-15.014034814949));
#3624=DIRECTION('',(-1.36459211822102E-16,0.4472406107952,0.894413682842305));
#3625=DIRECTION('',(1.0,-8.8202658270875E-33,1.52568341070607E-16));
#3626=ORIENTED_EDGE('',*,*,#4822,.F.);
#3627=ORIENTED_EDGE('',*,*,#4821,.T.);
#3628=ORIENTED_EDGE('',*,*,#4793,.T.);
#3629=ORIENTED_EDGE('',*,*,#4823,.F.);
#3630=CARTESIAN_POINT('',(-55.6227160834271,-5.40909536965679,-14.9291156728176));
#3631=CARTESIAN_POINT('',(-55.6227160834271,-5.53801623109768,-14.9350822853265));
#3632=CARTESIAN_POINT('',(-55.6227160834271,-5.82170269971496,-14.9482116362582));
#3633=CARTESIAN_POINT('',(-55.6227160834271,-6.34536560901723,-15.1154770190312));
#3634=CARTESIAN_POINT('',(-55.6227160834271,-6.77463862000821,-15.5203001716915));
#3635=CARTESIAN_POINT('',(-55.6227160834271,-6.94332789675124,-15.9237040807712));
#3636=CARTESIAN_POINT('',(-55.6227160834271,-6.98871287194177,-16.0929406942692));
#3637=CARTESIAN_POINT('',(-55.6227160834271,-6.99637124282163,-16.121498091231));
#3638=DIRECTION('',(1.0,3.05113642474184E-16,0.0));
#3639=ORIENTED_EDGE('',*,*,#4824,.F.);
#3640=ORIENTED_EDGE('',*,*,#4823,.T.);
#3641=ORIENTED_EDGE('',*,*,#4792,.T.);
#3642=ORIENTED_EDGE('',*,*,#4825,.F.);
#3643=CARTESIAN_POINT('',(-55.6227160834271,-3.79088073656597,-16.6712158889033));
#3644=CARTESIAN_POINT('',(-55.6227160834271,-3.79436031125601,-16.568919044997));
#3645=CARTESIAN_POINT('',(-55.6227160834271,-3.80258981924457,-16.3269777823067));
#3646=CARTESIAN_POINT('',(-55.6227160834271,-3.89273415928825,-15.926764355757));
#3647=CARTESIAN_POINT('',(-55.6227160834271,-4.151031349956,-15.3948485831987));
#3648=CARTESIAN_POINT('',(-55.6227160834271,-4.68515136109637,-15.0106385402891));
#3649=CARTESIAN_POINT('',(-55.6227160834271,-5.16890824617567,-14.9325933240997));
#3650=CARTESIAN_POINT('',(-55.6227160834271,-5.37459035391571,-14.9296152683433));
#3651=CARTESIAN_POINT('',(-55.6227160834271,-5.40909536965679,-14.9291156728176));
#3652=DIRECTION('',(1.0,3.05113642474184E-16,0.0));
#3653=ORIENTED_EDGE('',*,*,#4826,.F.);
#3654=ORIENTED_EDGE('',*,*,#4827,.T.);
#3655=ORIENTED_EDGE('',*,*,#4808,.T.);
#3656=ORIENTED_EDGE('',*,*,#4828,.F.);
#3657=CARTESIAN_POINT('',(-55.6227160834271,-10.500425093678,-21.0003909085483));
#3658=DIRECTION('',(3.16414147751006E-16,-1.0,-1.65433740011229E-35));
#3659=DIRECTION('',(0.0,1.65433740011229E-35,-1.0));
#3660=ORIENTED_EDGE('',*,*,#4829,.F.);
#3661=ORIENTED_EDGE('',*,*,#4828,.T.);
#3662=ORIENTED_EDGE('',*,*,#4807,.T.);
#3663=ORIENTED_EDGE('',*,*,#4830,.F.);
#3664=CARTESIAN_POINT('',(-55.6227160834271,-2.50042509367803,-21.0003909085483));
#3665=DIRECTION('',(-5.23455758549146E-51,1.65433740011229E-35,-1.0));
#3666=DIRECTION('',(-1.0,0.0,5.23455758549146E-51));
#3667=ORIENTED_EDGE('',*,*,#4831,.F.);
#3668=ORIENTED_EDGE('',*,*,#4825,.T.);
#3669=ORIENTED_EDGE('',*,*,#4806,.T.);
#3670=ORIENTED_EDGE('',*,*,#4832,.F.);
#3671=CARTESIAN_POINT('',(-55.6227160834271,-3.79088073656597,-16.6712158889033));
#3672=DIRECTION('',(-3.0511364170146E-16,0.999999997467421,-7.11699185542409E-05));
#3673=DIRECTION('',(0.0,7.11699185542409E-05,0.999999997467421));
#3674=ORIENTED_EDGE('',*,*,#4833,.F.);
#3675=ORIENTED_EDGE('',*,*,#4832,.T.);
#3676=ORIENTED_EDGE('',*,*,#4805,.T.);
#3677=ORIENTED_EDGE('',*,*,#4834,.F.);
#3678=CARTESIAN_POINT('',(-55.6227160834271,-3.79104992232066,-19.0484246548305));
#3679=DIRECTION('',(-5.04760910029533E-51,1.65433740011229E-35,-1.0));
#3680=DIRECTION('',(-1.0,0.0,5.04760910029533E-51));
#3681=ORIENTED_EDGE('',*,*,#4835,.F.);
#3682=ORIENTED_EDGE('',*,*,#4834,.T.);
#3683=ORIENTED_EDGE('',*,*,#4804,.T.);
#3684=ORIENTED_EDGE('',*,*,#4836,.F.);
#3685=CARTESIAN_POINT('',(-55.6227160834271,-4.55710909174883,-19.0484246548305));
#3686=DIRECTION('',(3.05113639677779E-16,-0.999999990834873,-0.000135389265983318));
#3687=DIRECTION('',(-6.61609741987215E-36,0.000135389265983318,-0.999999990834873));
#3688=ORIENTED_EDGE('',*,*,#4837,.F.);
#3689=ORIENTED_EDGE('',*,*,#4836,.T.);
#3690=ORIENTED_EDGE('',*,*,#4803,.T.);
#3691=ORIENTED_EDGE('',*,*,#4838,.F.);
#3692=CARTESIAN_POINT('',(-55.6227160834271,-5.42848104834463,-15.7498346458056));
#3693=CARTESIAN_POINT('',(-55.6227160834271,-5.35825972848948,-15.7532217529475));
#3694=CARTESIAN_POINT('',(-55.6227160834271,-5.22044367455704,-15.7598692745478));
#3695=CARTESIAN_POINT('',(-55.6227160834271,-5.0239063348309,-15.8219018559525));
#3696=CARTESIAN_POINT('',(-55.6227160834271,-4.85209685615787,-15.9262820653318));
#3697=CARTESIAN_POINT('',(-55.6227160834271,-4.7155940585121,-16.0747152909004));
#3698=CARTESIAN_POINT('',(-55.6227160834271,-4.62163237517323,-16.255458715952));
#3699=CARTESIAN_POINT('',(-55.6227160834271,-4.56601077676276,-16.4582713586489));
#3700=CARTESIAN_POINT('',(-55.6227160834271,-4.56032586089199,-16.599366325334));
#3701=CARTESIAN_POINT('',(-55.6227160834271,-4.55743094030169,-16.6712158889033));
#3702=DIRECTION('',(1.0,3.05113642474184E-16,0.0));
#3703=ORIENTED_EDGE('',*,*,#4839,.F.);
#3704=ORIENTED_EDGE('',*,*,#4838,.T.);
#3705=ORIENTED_EDGE('',*,*,#4802,.T.);
#3706=ORIENTED_EDGE('',*,*,#4840,.F.);
#3707=CARTESIAN_POINT('',(-55.6227160834271,-6.29953115638749,-16.6712158889033));
#3708=CARTESIAN_POINT('',(-55.6227160834271,-6.29663623579718,-16.5993663253339));
#3709=CARTESIAN_POINT('',(-55.6227160834271,-6.29095131992636,-16.4582713586488));
#3710=CARTESIAN_POINT('',(-55.6227160834271,-6.23532972151586,-16.255458715952));
#3711=CARTESIAN_POINT('',(-55.6227160834271,-6.1413680381772,-16.0747152909003));
#3712=CARTESIAN_POINT('',(-55.6227160834271,-6.00486524053115,-15.926282065332));
#3713=CARTESIAN_POINT('',(-55.6227160834271,-5.83305576185831,-15.8219018559524));
#3714=CARTESIAN_POINT('',(-55.6227160834271,-5.63651842213214,-15.759869274548));
#3715=CARTESIAN_POINT('',(-55.6227160834271,-5.49870236819976,-15.7532217529476));
#3716=CARTESIAN_POINT('',(-55.6227160834271,-5.42848104834463,-15.7498346458056));
#3717=DIRECTION('',(1.0,3.05113642474184E-16,0.0));
#3718=ORIENTED_EDGE('',*,*,#4841,.F.);
#3719=ORIENTED_EDGE('',*,*,#4840,.T.);
#3720=ORIENTED_EDGE('',*,*,#4801,.T.);
#3721=ORIENTED_EDGE('',*,*,#4842,.F.);
#3722=CARTESIAN_POINT('',(-55.6227160834271,-6.29953115638749,-16.6712158889033));
#3723=DIRECTION('',(-3.05113642474184E-16,1.0,5.9779582335754E-14));
#3724=DIRECTION('',(0.0,-5.9779582335754E-14,1.0));
#3725=ORIENTED_EDGE('',*,*,#4843,.F.);
#3726=ORIENTED_EDGE('',*,*,#4842,.T.);
#3727=ORIENTED_EDGE('',*,*,#4800,.T.);
#3728=ORIENTED_EDGE('',*,*,#4844,.F.);
#3729=CARTESIAN_POINT('',(-55.6227160834271,-6.29953115638735,-19.0484246548305));
#3730=DIRECTION('',(-5.04760910029533E-51,1.65433740011229E-35,-1.0));
#3731=DIRECTION('',(-1.0,0.0,5.04760910029533E-51));
#3732=ORIENTED_EDGE('',*,*,#4845,.F.);
#3733=ORIENTED_EDGE('',*,*,#4844,.T.);
#3734=ORIENTED_EDGE('',*,*,#4799,.T.);
#3735=ORIENTED_EDGE('',*,*,#4812,.F.);
#3736=CARTESIAN_POINT('',(-55.6227160834271,-9.2111305550202,-19.0484246548305));
#3737=DIRECTION('',(3.05113642474184E-16,-1.0,-1.65433740011229E-35));
#3738=DIRECTION('',(0.0,1.65433740011229E-35,-1.0));
#3739=ORIENTED_EDGE('',*,*,#4846,.F.);
#3740=ORIENTED_EDGE('',*,*,#4847,.T.);
#3741=ORIENTED_EDGE('',*,*,#4809,.T.);
#3742=ORIENTED_EDGE('',*,*,#4827,.F.);
#3743=CARTESIAN_POINT('',(-55.6227160834271,-10.500425093678,-13.0003909085483));
#3744=DIRECTION('',(5.23455758549146E-51,-1.65433740011229E-35,1.0));
#3745=DIRECTION('',(1.0,0.0,-5.23455758549146E-51));
#3746=ORIENTED_EDGE('',*,*,#4848,.F.);
#3747=ORIENTED_EDGE('',*,*,#4830,.T.);
#3748=ORIENTED_EDGE('',*,*,#4810,.T.);
#3749=ORIENTED_EDGE('',*,*,#4847,.F.);
#3750=CARTESIAN_POINT('',(-55.6227160834271,-2.50042509367803,-13.0003909085483));
#3751=DIRECTION('',(-3.16414147751006E-16,1.0,1.65433740011229E-35));
#3752=DIRECTION('',(0.0,-1.65433740011229E-35,1.0));
#3753=ORIENTED_EDGE('',*,*,#4849,.F.);
#3754=ORIENTED_EDGE('',*,*,#4850,.F.);
#3755=ORIENTED_EDGE('',*,*,#4851,.F.);
#3756=ORIENTED_EDGE('',*,*,#4852,.T.);
#3757=ORIENTED_EDGE('',*,*,#4826,.T.);
#3758=ORIENTED_EDGE('',*,*,#4829,.T.);
#3759=ORIENTED_EDGE('',*,*,#4848,.T.);
#3760=ORIENTED_EDGE('',*,*,#4846,.T.);
#3761=CARTESIAN_POINT('',(7.82692307692307,-12.0,0.0));
#3762=DIRECTION('',(0.0,0.0,1.0));
#3763=DIRECTION('',(-0.546308724832215,0.83758389261745,0.0));
#3764=ORIENTED_EDGE('',*,*,#4244,.T.);
#3765=ORIENTED_EDGE('',*,*,#4853,.T.);
#3766=ORIENTED_EDGE('',*,*,#4256,.F.);
#3767=ORIENTED_EDGE('',*,*,#4854,.F.);
#3768=ORIENTED_EDGE('',*,*,#4855,.T.);
#3769=ORIENTED_EDGE('',*,*,#4250,.T.);
#3770=CARTESIAN_POINT('',(-6.0,-12.5,22.5));
#3771=DIRECTION('',(0.0,0.0,1.0));
#3772=DIRECTION('',(1.0,0.0,0.0));
#3773=ORIENTED_EDGE('',*,*,#4856,.T.);
#3774=ORIENTED_EDGE('',*,*,#4258,.T.);
#3775=ORIENTED_EDGE('',*,*,#4857,.F.);
#3776=ORIENTED_EDGE('',*,*,#4262,.F.);
#3777=ORIENTED_EDGE('',*,*,#4252,.T.);
#3778=ORIENTED_EDGE('',*,*,#4858,.T.);
#3779=CARTESIAN_POINT('',(-6.0,-12.5,-22.5));
#3780=DIRECTION('',(0.0,0.0,1.0));
#3781=DIRECTION('',(1.0,0.0,0.0));
#3782=ORIENTED_EDGE('',*,*,#4859,.T.);
#3783=ORIENTED_EDGE('',*,*,#4860,.T.);
#3784=ORIENTED_EDGE('',*,*,#4260,.T.);
#3785=ORIENTED_EDGE('',*,*,#4861,.T.);
#3786=ORIENTED_EDGE('',*,*,#4851,.T.);
#3787=CARTESIAN_POINT('',(7.82692307692307,-12.0,-22.5));
#3788=DIRECTION('',(0.0,0.0,1.0));
#3789=DIRECTION('',(1.0,0.0,0.0));
#3790=ORIENTED_EDGE('',*,*,#4259,.T.);
#3791=ORIENTED_EDGE('',*,*,#4857,.T.);
#3792=ORIENTED_EDGE('',*,*,#4862,.T.);
#3793=ORIENTED_EDGE('',*,*,#4861,.F.);
#3794=CARTESIAN_POINT('',(-6.0,-10.2415273475832,-22.5));
#3795=DIRECTION('',(3.06161699786838E-16,-1.0,0.0));
#3796=DIRECTION('',(-0.707106781186549,-2.16489014058874E-16,-0.707106781186546));
#3797=ORIENTED_EDGE('',*,*,#4255,.T.);
#3798=ORIENTED_EDGE('',*,*,#4856,.F.);
#3799=ORIENTED_EDGE('',*,*,#4863,.T.);
#3800=ORIENTED_EDGE('',*,*,#4854,.T.);
#3801=CARTESIAN_POINT('',(-6.0,-12.5,0.0));
#3802=DIRECTION('',(-0.0,0.0,-1.0));
#3803=DIRECTION('',(-0.707106781186547,-0.707106781186548,0.0));
#3804=ORIENTED_EDGE('',*,*,#4251,.T.);
#3805=ORIENTED_EDGE('',*,*,#4864,.T.);
#3806=ORIENTED_EDGE('',*,*,#4865,.T.);
#3807=ORIENTED_EDGE('',*,*,#4858,.F.);
#3808=CARTESIAN_POINT('',(-1.24956351387616,-12.5,-22.5));
#3809=DIRECTION('',(1.0,0.0,0.0));
#3810=DIRECTION('',(0.0,-0.707106781186549,-0.707106781186546));
#3811=ORIENTED_EDGE('',*,*,#4247,.T.);
#3812=ORIENTED_EDGE('',*,*,#4855,.F.);
#3813=ORIENTED_EDGE('',*,*,#4866,.T.);
#3814=ORIENTED_EDGE('',*,*,#4867,.T.);
#3815=CARTESIAN_POINT('',(-1.24956351387616,-12.5,22.5));
#3816=DIRECTION('',(-1.0,0.0,0.0));
#3817=DIRECTION('',(0.0,-0.707106781186549,0.707106781186546));
#3818=ORIENTED_EDGE('',*,*,#4243,.T.);
#3819=ORIENTED_EDGE('',*,*,#4868,.T.);
#3820=ORIENTED_EDGE('',*,*,#4869,.T.);
#3821=ORIENTED_EDGE('',*,*,#4853,.F.);
#3822=CARTESIAN_POINT('',(-6.0,-10.2415273475832,22.5));
#3823=DIRECTION('',(-3.06161699786838E-16,1.0,0.0));
#3824=DIRECTION('',(-0.707106781186549,-2.16489014058874E-16,0.707106781186546));
#3825=ORIENTED_EDGE('',*,*,#4870,.T.);
#3826=ORIENTED_EDGE('',*,*,#4849,.T.);
#3827=ORIENTED_EDGE('',*,*,#4868,.F.);
#3828=ORIENTED_EDGE('',*,*,#4246,.F.);
#3829=ORIENTED_EDGE('',*,*,#4871,.T.);
#3830=CARTESIAN_POINT('',(7.82692307692307,-12.0,22.5));
#3831=DIRECTION('',(0.0,0.0,-1.0));
#3832=DIRECTION('',(-1.0,0.0,0.0));
#3833=ORIENTED_EDGE('',*,*,#4811,.T.);
#3834=ORIENTED_EDGE('',*,*,#4814,.T.);
#3835=ORIENTED_EDGE('',*,*,#4816,.T.);
#3836=ORIENTED_EDGE('',*,*,#4818,.T.);
#3837=ORIENTED_EDGE('',*,*,#4820,.T.);
#3838=ORIENTED_EDGE('',*,*,#4822,.T.);
#3839=ORIENTED_EDGE('',*,*,#4824,.T.);
#3840=ORIENTED_EDGE('',*,*,#4831,.T.);
#3841=ORIENTED_EDGE('',*,*,#4833,.T.);
#3842=ORIENTED_EDGE('',*,*,#4835,.T.);
#3843=ORIENTED_EDGE('',*,*,#4837,.T.);
#3844=ORIENTED_EDGE('',*,*,#4839,.T.);
#3845=ORIENTED_EDGE('',*,*,#4841,.T.);
#3846=ORIENTED_EDGE('',*,*,#4843,.T.);
#3847=ORIENTED_EDGE('',*,*,#4845,.T.);
#3848=CARTESIAN_POINT('',(7.82692307692307,-12.0,0.0));
#3849=DIRECTION('',(0.0,0.0,1.0));
#3850=DIRECTION('',(-0.546308724832215,0.83758389261745,0.0));
#3851=ORIENTED_EDGE('',*,*,#4871,.F.);
#3852=ORIENTED_EDGE('',*,*,#4245,.F.);
#3853=ORIENTED_EDGE('',*,*,#4249,.F.);
#3854=ORIENTED_EDGE('',*,*,#4872,.F.);
#3855=CARTESIAN_POINT('',(-2.49912702775232,-7.48305469516634,23.0));
#3856=DIRECTION('',(0.0,0.0,1.0));
#3857=DIRECTION('',(1.0,0.0,0.0));
#3858=ORIENTED_EDGE('',*,*,#4870,.F.);
#3859=ORIENTED_EDGE('',*,*,#4872,.T.);
#3860=ORIENTED_EDGE('',*,*,#4248,.F.);
#3861=ORIENTED_EDGE('',*,*,#4867,.F.);
#3862=ORIENTED_EDGE('',*,*,#4873,.F.);
#3863=ORIENTED_EDGE('',*,*,#4874,.T.);
#3864=ORIENTED_EDGE('',*,*,#4875,.F.);
#3865=ORIENTED_EDGE('',*,*,#4876,.T.);
#3866=ORIENTED_EDGE('',*,*,#4877,.F.);
#3867=ORIENTED_EDGE('',*,*,#4878,.F.);
#3868=ORIENTED_EDGE('',*,*,#4879,.F.);
#3869=ORIENTED_EDGE('',*,*,#4880,.T.);
#3870=ORIENTED_EDGE('',*,*,#4881,.F.);
#3871=ORIENTED_EDGE('',*,*,#4882,.T.);
#3872=ORIENTED_EDGE('',*,*,#4883,.F.);
#3873=ORIENTED_EDGE('',*,*,#4864,.F.);
#3874=ORIENTED_EDGE('',*,*,#4254,.F.);
#3875=ORIENTED_EDGE('',*,*,#4884,.T.);
#3876=ORIENTED_EDGE('',*,*,#4859,.F.);
#3877=ORIENTED_EDGE('',*,*,#4850,.T.);
#3878=CARTESIAN_POINT('',(0.0,0.0,0.0));
#3879=DIRECTION('',(1.0,2.56205313375036E-16,0.0));
#3880=DIRECTION('',(0.0,0.0,-1.0));
#3881=ORIENTED_EDGE('',*,*,#4866,.F.);
#3882=ORIENTED_EDGE('',*,*,#4863,.F.);
#3883=ORIENTED_EDGE('',*,*,#4865,.F.);
#3884=ORIENTED_EDGE('',*,*,#4883,.T.);
#3885=ORIENTED_EDGE('',*,*,#4885,.T.);
#3886=ORIENTED_EDGE('',*,*,#4886,.F.);
#3887=ORIENTED_EDGE('',*,*,#4887,.T.);
#3888=ORIENTED_EDGE('',*,*,#4888,.F.);
#3889=ORIENTED_EDGE('',*,*,#4889,.T.);
#3890=ORIENTED_EDGE('',*,*,#4890,.F.);
#3891=ORIENTED_EDGE('',*,*,#4891,.T.);
#3892=ORIENTED_EDGE('',*,*,#4892,.F.);
#3893=ORIENTED_EDGE('',*,*,#4893,.T.);
#3894=ORIENTED_EDGE('',*,*,#4873,.T.);
#3895=CARTESIAN_POINT('',(3.5527136788005E-15,-13.0,0.0));
#3896=DIRECTION('',(0.0,-1.0,0.0));
#3897=DIRECTION('',(0.0,0.0,-1.0));
#3898=ORIENTED_EDGE('',*,*,#4894,.T.);
#3899=ORIENTED_EDGE('',*,*,#4895,.T.);
#3900=ORIENTED_EDGE('',*,*,#4896,.T.);
#3901=ORIENTED_EDGE('',*,*,#4897,.T.);
#3902=CARTESIAN_POINT('',(1.95000000000001,-6.5,-14.0));
#3903=DIRECTION('',(1.0,-0.0,-0.0));
#3904=DIRECTION('',(0.0,0.875,-0.484122918275927));
#3905=ORIENTED_EDGE('',*,*,#4897,.F.);
#3906=ORIENTED_EDGE('',*,*,#4898,.T.);
#3907=ORIENTED_EDGE('',*,*,#4899,.F.);
#3908=ORIENTED_EDGE('',*,*,#4900,.T.);
#3909=CARTESIAN_POINT('',(1.8,-6.5,-14.0));
#3910=DIRECTION('',(-1.0,-1.85037170770859E-16,-1.23259516440783E-32));
#3911=DIRECTION('',(-1.61907524424502E-16,0.875,-0.484122918275927));
#3912=ORIENTED_EDGE('',*,*,#4896,.F.);
#3913=ORIENTED_EDGE('',*,*,#4901,.T.);
#3914=ORIENTED_EDGE('',*,*,#4902,.T.);
#3915=ORIENTED_EDGE('',*,*,#4903,.T.);
#3916=CARTESIAN_POINT('',(1.95,-3.5,-15.4965729664742));
#3917=DIRECTION('',(-0.957826285221152,0.287347885566345,-3.46798741339467E-17));
#3918=DIRECTION('',(-3.62068515648843E-17,1.41673445700757E-33,1.0));
#3919=ORIENTED_EDGE('',*,*,#4903,.F.);
#3920=ORIENTED_EDGE('',*,*,#4904,.T.);
#3921=ORIENTED_EDGE('',*,*,#4905,.F.);
#3922=ORIENTED_EDGE('',*,*,#4898,.F.);
#3923=CARTESIAN_POINT('',(1.8,-3.0,-15.9364916731037));
#3924=DIRECTION('',(1.85037170770859E-16,-1.0,-3.7074297372809E-33));
#3925=DIRECTION('',(0.0,3.7074297372809E-33,-1.0));
#3926=ORIENTED_EDGE('',*,*,#4906,.T.);
#3927=ORIENTED_EDGE('',*,*,#4907,.T.);
#3928=ORIENTED_EDGE('',*,*,#4908,.T.);
#3929=ORIENTED_EDGE('',*,*,#4899,.T.);
#3930=CARTESIAN_POINT('',(3.80000000000001,-6.5,-14.0));
#3931=DIRECTION('',(-1.0,-5.55111512312578E-16,-0.0));
#3932=DIRECTION('',(-4.85722573273506E-16,0.875,-0.484122918275927));
#3933=ORIENTED_EDGE('',*,*,#4907,.F.);
#3934=ORIENTED_EDGE('',*,*,#4909,.F.);
#3935=ORIENTED_EDGE('',*,*,#4910,.T.);
#3936=ORIENTED_EDGE('',*,*,#4911,.T.);
#3937=CARTESIAN_POINT('',(4.80000000000001,-6.5,-15.0566542598446));
#3938=DIRECTION('',(-1.0,-3.08226173017366E-16,-1.87502523235675E-17));
#3939=DIRECTION('',(-1.87502523235675E-17,0.0,1.0));
#3940=ORIENTED_EDGE('',*,*,#4906,.F.);
#3941=ORIENTED_EDGE('',*,*,#4905,.T.);
#3942=ORIENTED_EDGE('',*,*,#4912,.T.);
#3943=ORIENTED_EDGE('',*,*,#4909,.T.);
#3944=CARTESIAN_POINT('',(3.80000000000001,-3.5,-15.4965729664742));
#3945=DIRECTION('',(0.447213595499958,0.894427190999916,8.38536775815404E-18));
#3946=DIRECTION('',(5.51233315270687E-34,-9.37512616178373E-18,1.0));
#3947=ORIENTED_EDGE('',*,*,#4902,.F.);
#3948=ORIENTED_EDGE('',*,*,#4913,.F.);
#3949=ORIENTED_EDGE('',*,*,#4914,.T.);
#3950=ORIENTED_EDGE('',*,*,#4915,.F.);
#3951=ORIENTED_EDGE('',*,*,#4916,.T.);
#3952=ORIENTED_EDGE('',*,*,#4917,.T.);
#3953=ORIENTED_EDGE('',*,*,#4910,.F.);
#3954=ORIENTED_EDGE('',*,*,#4912,.F.);
#3955=ORIENTED_EDGE('',*,*,#4904,.F.);
#3956=CARTESIAN_POINT('',(4.8,-10.0,-15.0));
#3957=DIRECTION('',(0.156860773557814,2.94890624895311E-17,0.987620725642614));
#3958=DIRECTION('',(0.987620725642614,0.0,-0.156860773557814));
#3959=ORIENTED_EDGE('',*,*,#4894,.F.);
#3960=ORIENTED_EDGE('',*,*,#4900,.F.);
#3961=ORIENTED_EDGE('',*,*,#4908,.F.);
#3962=ORIENTED_EDGE('',*,*,#4911,.F.);
#3963=ORIENTED_EDGE('',*,*,#4917,.F.);
#3964=ORIENTED_EDGE('',*,*,#4918,.T.);
#3965=ORIENTED_EDGE('',*,*,#4919,.F.);
#3966=CARTESIAN_POINT('',(4.80000000000001,-6.5,-14.5235191926868));
#3967=DIRECTION('',(2.77555756156289E-16,-1.0,1.309768817818E-16));
#3968=DIRECTION('',(0.0,-1.309768817818E-16,-1.0));
#3969=ORIENTED_EDGE('',*,*,#4920,.T.);
#3970=ORIENTED_EDGE('',*,*,#4918,.F.);
#3971=ORIENTED_EDGE('',*,*,#4916,.F.);
#3972=ORIENTED_EDGE('',*,*,#4921,.T.);
#3973=CARTESIAN_POINT('',(2.80000000000001,-8.25,-18.7617595963434));
#3974=DIRECTION('',(-1.0,-5.2078691986681E-16,1.75939094930777E-16));
#3975=DIRECTION('',(1.75939094930777E-16,0.0,1.0));
#3976=ORIENTED_EDGE('',*,*,#4913,.T.);
#3977=ORIENTED_EDGE('',*,*,#4901,.F.);
#3978=ORIENTED_EDGE('',*,*,#4922,.T.);
#3979=ORIENTED_EDGE('',*,*,#4923,.F.);
#3980=CARTESIAN_POINT('',(1.8,-4.0,-13.0));
#3981=DIRECTION('',(2.67523620391604E-16,-1.0,0.0));
#3982=DIRECTION('',(0.0,0.0,-1.0));
#3983=ORIENTED_EDGE('',*,*,#4915,.T.);
#3984=ORIENTED_EDGE('',*,*,#4924,.F.);
#3985=ORIENTED_EDGE('',*,*,#4925,.T.);
#3986=ORIENTED_EDGE('',*,*,#4921,.F.);
#3987=CARTESIAN_POINT('',(1.8,-9.0,-15.6583123951777));
#3988=DIRECTION('',(-2.67523620391604E-16,1.0,0.0));
#3989=DIRECTION('',(0.0,0.0,1.0));
#3990=ORIENTED_EDGE('',*,*,#4926,.F.);
#3991=ORIENTED_EDGE('',*,*,#4922,.F.);
#3992=ORIENTED_EDGE('',*,*,#4895,.F.);
#3993=ORIENTED_EDGE('',*,*,#4919,.T.);
#3994=ORIENTED_EDGE('',*,*,#4920,.F.);
#3995=ORIENTED_EDGE('',*,*,#4925,.F.);
#3996=CARTESIAN_POINT('',(1.8,-6.5,-14.0));
#3997=DIRECTION('',(1.0,2.67523620391604E-16,-2.19128029228059E-32));
#3998=DIRECTION('',(2.22936350326337E-16,-0.833333333333333,0.552770798392566));
#3999=ORIENTED_EDGE('',*,*,#4927,.T.);
#4000=ORIENTED_EDGE('',*,*,#4928,.T.);
#4001=ORIENTED_EDGE('',*,*,#4929,.T.);
#4002=ORIENTED_EDGE('',*,*,#4930,.F.);
#4003=CARTESIAN_POINT('',(1.95000000000001,-6.5,14.0));
#4004=DIRECTION('',(1.0,-0.0,-0.0));
#4005=DIRECTION('',(0.0,0.875,0.484122918275927));
#4006=ORIENTED_EDGE('',*,*,#4928,.F.);
#4007=ORIENTED_EDGE('',*,*,#4931,.T.);
#4008=ORIENTED_EDGE('',*,*,#4932,.F.);
#4009=ORIENTED_EDGE('',*,*,#4933,.F.);
#4010=CARTESIAN_POINT('',(1.8,-6.5,14.0));
#4011=DIRECTION('',(1.0,1.85037170770859E-16,-1.23259516440783E-32));
#4012=DIRECTION('',(-1.61907524424502E-16,0.875,0.484122918275927));
#4013=ORIENTED_EDGE('',*,*,#4927,.F.);
#4014=ORIENTED_EDGE('',*,*,#4934,.T.);
#4015=ORIENTED_EDGE('',*,*,#4935,.F.);
#4016=ORIENTED_EDGE('',*,*,#4936,.F.);
#4017=ORIENTED_EDGE('',*,*,#4937,.F.);
#4018=ORIENTED_EDGE('',*,*,#4938,.F.);
#4019=ORIENTED_EDGE('',*,*,#4931,.F.);
#4020=CARTESIAN_POINT('',(4.80000000000001,-6.5,14.5235191926868));
#4021=DIRECTION('',(-2.77555756156289E-16,1.0,1.309768817818E-16));
#4022=DIRECTION('',(0.0,-1.309768817818E-16,1.0));
#4023=ORIENTED_EDGE('',*,*,#4929,.F.);
#4024=ORIENTED_EDGE('',*,*,#4939,.T.);
#4025=ORIENTED_EDGE('',*,*,#4940,.T.);
#4026=ORIENTED_EDGE('',*,*,#4941,.F.);
#4027=CARTESIAN_POINT('',(1.95,-3.5,15.4965729664742));
#4028=DIRECTION('',(-0.957826285221152,0.287347885566345,3.46798741339467E-17));
#4029=DIRECTION('',(3.62068515648843E-17,-1.41673445700757E-33,1.0));
#4030=ORIENTED_EDGE('',*,*,#4940,.F.);
#4031=ORIENTED_EDGE('',*,*,#4942,.F.);
#4032=ORIENTED_EDGE('',*,*,#4943,.F.);
#4033=ORIENTED_EDGE('',*,*,#4944,.F.);
#4034=ORIENTED_EDGE('',*,*,#4936,.T.);
#4035=ORIENTED_EDGE('',*,*,#4945,.T.);
#4036=ORIENTED_EDGE('',*,*,#4946,.T.);
#4037=ORIENTED_EDGE('',*,*,#4947,.F.);
#4038=ORIENTED_EDGE('',*,*,#4948,.F.);
#4039=CARTESIAN_POINT('',(4.8,-10.0,15.0));
#4040=DIRECTION('',(-0.156860773557814,-2.94890624895311E-17,0.987620725642614));
#4041=DIRECTION('',(0.987620725642614,0.0,0.156860773557814));
#4042=ORIENTED_EDGE('',*,*,#4939,.F.);
#4043=ORIENTED_EDGE('',*,*,#4933,.T.);
#4044=ORIENTED_EDGE('',*,*,#4949,.F.);
#4045=ORIENTED_EDGE('',*,*,#4942,.T.);
#4046=CARTESIAN_POINT('',(1.8,-3.0,15.9364916731037));
#4047=DIRECTION('',(-1.85037170770859E-16,1.0,-3.7074297372809E-33));
#4048=DIRECTION('',(0.0,3.7074297372809E-33,1.0));
#4049=ORIENTED_EDGE('',*,*,#4950,.T.);
#4050=ORIENTED_EDGE('',*,*,#4951,.T.);
#4051=ORIENTED_EDGE('',*,*,#4881,.T.);
#4052=ORIENTED_EDGE('',*,*,#4952,.T.);
#4053=CARTESIAN_POINT('',(7.82692307692307,-12.0,-21.75));
#4054=DIRECTION('',(-0.0,-0.0,1.0));
#4055=DIRECTION('',(-0.546308724832215,0.83758389261745,0.0));
#4056=ORIENTED_EDGE('',*,*,#4886,.T.);
#4057=ORIENTED_EDGE('',*,*,#4953,.T.);
#4058=ORIENTED_EDGE('',*,*,#4950,.F.);
#4059=ORIENTED_EDGE('',*,*,#4954,.T.);
#4060=CARTESIAN_POINT('',(-4.75,-10.2415273475832,-21.75));
#4061=DIRECTION('',(0.707106781186546,2.16489014058873E-16,0.707106781186549));
#4062=DIRECTION('',(0.707106781186549,0.0,-0.707106781186546));
#4063=ORIENTED_EDGE('',*,*,#4954,.F.);
#4064=ORIENTED_EDGE('',*,*,#4955,.T.);
#4065=ORIENTED_EDGE('',*,*,#4956,.F.);
#4066=ORIENTED_EDGE('',*,*,#4887,.F.);
#4067=CARTESIAN_POINT('',(-5.0,-13.0,-0.499999999999998));
#4068=DIRECTION('',(-1.0,-3.06161699786838E-16,0.0));
#4069=DIRECTION('',(0.0,0.0,1.0));
#4070=ORIENTED_EDGE('',*,*,#4880,.F.);
#4071=ORIENTED_EDGE('',*,*,#4957,.F.);
#4072=ORIENTED_EDGE('',*,*,#4955,.F.);
#4073=ORIENTED_EDGE('',*,*,#4952,.F.);
#4074=ORIENTED_EDGE('',*,*,#4923,.T.);
#4075=ORIENTED_EDGE('',*,*,#4926,.T.);
#4076=ORIENTED_EDGE('',*,*,#4924,.T.);
#4077=ORIENTED_EDGE('',*,*,#4914,.F.);
#4078=CARTESIAN_POINT('',(7.82692307692307,-12.0,-0.499999999999998));
#4079=DIRECTION('',(0.0,0.0,1.0));
#4080=DIRECTION('',(-0.546308724832215,0.83758389261745,0.0));
#4081=ORIENTED_EDGE('',*,*,#4958,.T.);
#4082=ORIENTED_EDGE('',*,*,#4959,.T.);
#4083=ORIENTED_EDGE('',*,*,#4875,.T.);
#4084=ORIENTED_EDGE('',*,*,#4960,.T.);
#4085=CARTESIAN_POINT('',(7.82692307692307,-12.0,21.75));
#4086=DIRECTION('',(-0.0,-0.0,-1.0));
#4087=DIRECTION('',(-0.546308724832215,0.83758389261745,0.0));
#4088=ORIENTED_EDGE('',*,*,#4892,.T.);
#4089=ORIENTED_EDGE('',*,*,#4961,.T.);
#4090=ORIENTED_EDGE('',*,*,#4958,.F.);
#4091=ORIENTED_EDGE('',*,*,#4962,.T.);
#4092=CARTESIAN_POINT('',(-4.75,-10.2415273475832,21.75));
#4093=DIRECTION('',(0.707106781186546,2.16489014058873E-16,-0.707106781186549));
#4094=DIRECTION('',(-0.707106781186549,0.0,-0.707106781186546));
#4095=ORIENTED_EDGE('',*,*,#4962,.F.);
#4096=ORIENTED_EDGE('',*,*,#4960,.F.);
#4097=ORIENTED_EDGE('',*,*,#4874,.F.);
#4098=ORIENTED_EDGE('',*,*,#4893,.F.);
#4099=CARTESIAN_POINT('',(-2.49912702775232,-7.48305469516634,22.0));
#4100=DIRECTION('',(0.0,0.0,1.0));
#4101=DIRECTION('',(1.0,0.0,0.0));
#4102=ORIENTED_EDGE('',*,*,#4879,.T.);
#4103=ORIENTED_EDGE('',*,*,#4963,.F.);
#4104=ORIENTED_EDGE('',*,*,#4964,.T.);
#4105=ORIENTED_EDGE('',*,*,#4957,.T.);
#4106=CARTESIAN_POINT('',(7.82692307692307,-12.0,-11.25));
#4107=DIRECTION('',(-0.0,0.0,-1.0));
#4108=DIRECTION('',(-0.546308724832215,0.83758389261745,0.0));
#4109=ORIENTED_EDGE('',*,*,#4964,.F.);
#4110=ORIENTED_EDGE('',*,*,#4965,.F.);
#4111=ORIENTED_EDGE('',*,*,#4888,.T.);
#4112=ORIENTED_EDGE('',*,*,#4956,.T.);
#4113=CARTESIAN_POINT('',(-4.75,-10.1006280274331,-11.25));
#4114=DIRECTION('',(0.707106781186548,2.16489014058873E-16,-0.707106781186547));
#4115=DIRECTION('',(-0.707106781186547,0.0,-0.707106781186548));
#4116=ORIENTED_EDGE('',*,*,#4966,.T.);
#4117=ORIENTED_EDGE('',*,*,#4967,.F.);
#4118=ORIENTED_EDGE('',*,*,#4877,.T.);
#4119=ORIENTED_EDGE('',*,*,#4968,.T.);
#4120=CARTESIAN_POINT('',(7.82692307692307,-12.0,11.25));
#4121=DIRECTION('',(0.0,-0.0,1.0));
#4122=DIRECTION('',(-0.546308724832215,0.83758389261745,0.0));
#4123=ORIENTED_EDGE('',*,*,#4966,.F.);
#4124=ORIENTED_EDGE('',*,*,#4969,.T.);
#4125=ORIENTED_EDGE('',*,*,#4890,.T.);
#4126=ORIENTED_EDGE('',*,*,#4970,.F.);
#4127=CARTESIAN_POINT('',(-4.75,-10.1006280274331,11.25));
#4128=DIRECTION('',(0.707106781186548,2.16489014058873E-16,0.707106781186547));
#4129=DIRECTION('',(0.707106781186547,0.0,-0.707106781186548));
#4130=ORIENTED_EDGE('',*,*,#4961,.F.);
#4131=ORIENTED_EDGE('',*,*,#4891,.F.);
#4132=ORIENTED_EDGE('',*,*,#4969,.F.);
#4133=ORIENTED_EDGE('',*,*,#4971,.T.);
#4134=CARTESIAN_POINT('',(-5.0,-13.0,-0.499999999999998));
#4135=DIRECTION('',(-1.0,-3.06161699786838E-16,0.0));
#4136=DIRECTION('',(0.0,0.0,1.0));
#4137=ORIENTED_EDGE('',*,*,#4959,.F.);
#4138=ORIENTED_EDGE('',*,*,#4971,.F.);
#4139=ORIENTED_EDGE('',*,*,#4968,.F.);
#4140=ORIENTED_EDGE('',*,*,#4876,.F.);
#4141=ORIENTED_EDGE('',*,*,#4947,.T.);
#4142=ORIENTED_EDGE('',*,*,#4972,.T.);
#4143=ORIENTED_EDGE('',*,*,#4973,.T.);
#4144=ORIENTED_EDGE('',*,*,#4974,.T.);
#4145=CARTESIAN_POINT('',(7.82692307692307,-12.0,-0.499999999999998));
#4146=DIRECTION('',(0.0,0.0,1.0));
#4147=DIRECTION('',(-0.546308724832215,0.83758389261745,0.0));
#4148=ORIENTED_EDGE('',*,*,#4975,.T.);
#4149=ORIENTED_EDGE('',*,*,#4932,.T.);
#4150=ORIENTED_EDGE('',*,*,#4938,.T.);
#4151=ORIENTED_EDGE('',*,*,#4976,.T.);
#4152=CARTESIAN_POINT('',(3.80000000000001,-6.5,14.0));
#4153=DIRECTION('',(-1.0,-5.55111512312578E-16,-0.0));
#4154=DIRECTION('',(-4.85722573273506E-16,0.875,0.484122918275927));
#4155=ORIENTED_EDGE('',*,*,#4976,.F.);
#4156=ORIENTED_EDGE('',*,*,#4937,.T.);
#4157=ORIENTED_EDGE('',*,*,#4944,.T.);
#4158=ORIENTED_EDGE('',*,*,#4977,.F.);
#4159=CARTESIAN_POINT('',(4.80000000000001,-6.5,15.0566542598446));
#4160=DIRECTION('',(1.0,3.08226173017366E-16,-1.87502523235675E-17));
#4161=DIRECTION('',(-1.87502523235675E-17,0.0,-1.0));
#4162=ORIENTED_EDGE('',*,*,#4975,.F.);
#4163=ORIENTED_EDGE('',*,*,#4977,.T.);
#4164=ORIENTED_EDGE('',*,*,#4943,.T.);
#4165=ORIENTED_EDGE('',*,*,#4949,.T.);
#4166=CARTESIAN_POINT('',(3.80000000000001,-3.5,15.4965729664742));
#4167=DIRECTION('',(0.447213595499957,0.894427190999916,-8.38536775815404E-18));
#4168=DIRECTION('',(0.0,9.37512616178372E-18,1.0));
#4169=ORIENTED_EDGE('',*,*,#4265,.F.);
#4170=ORIENTED_EDGE('',*,*,#4978,.F.);
#4171=ORIENTED_EDGE('',*,*,#4963,.T.);
#4172=ORIENTED_EDGE('',*,*,#4878,.T.);
#4173=ORIENTED_EDGE('',*,*,#4967,.T.);
#4174=ORIENTED_EDGE('',*,*,#4979,.F.);
#4175=ORIENTED_EDGE('',*,*,#4272,.T.);
#4176=ORIENTED_EDGE('',*,*,#4276,.F.);
#4177=ORIENTED_EDGE('',*,*,#4277,.T.);
#4178=ORIENTED_EDGE('',*,*,#4266,.T.);
#4179=CARTESIAN_POINT('',(7.82692307692307,-12.0,0.0));
#4180=DIRECTION('',(0.0,0.0,1.0));
#4181=DIRECTION('',(0.634945397815913,-0.772557015237317,0.0));
#4182=ORIENTED_EDGE('',*,*,#4970,.T.);
#4183=ORIENTED_EDGE('',*,*,#4889,.F.);
#4184=ORIENTED_EDGE('',*,*,#4965,.T.);
#4185=ORIENTED_EDGE('',*,*,#4978,.T.);
#4186=ORIENTED_EDGE('',*,*,#4271,.T.);
#4187=ORIENTED_EDGE('',*,*,#4979,.T.);
#4188=CARTESIAN_POINT('',(-4.5,-12.0,0.0));
#4189=DIRECTION('',(1.0,5.55111512312578E-16,0.0));
#4190=DIRECTION('',(0.0,0.0,-1.0));
#4191=ORIENTED_EDGE('',*,*,#4980,.T.);
#4192=ORIENTED_EDGE('',*,*,#4981,.T.);
#4193=ORIENTED_EDGE('',*,*,#4945,.F.);
#4194=ORIENTED_EDGE('',*,*,#4935,.T.);
#4195=CARTESIAN_POINT('',(2.80000000000001,-8.25,18.7617595963434));
#4196=DIRECTION('',(1.0,5.2078691986681E-16,1.75939094930777E-16));
#4197=DIRECTION('',(1.75939094930777E-16,0.0,-1.0));
#4198=ORIENTED_EDGE('',*,*,#4982,.T.);
#4199=ORIENTED_EDGE('',*,*,#4972,.F.);
#4200=ORIENTED_EDGE('',*,*,#4946,.F.);
#4201=ORIENTED_EDGE('',*,*,#4981,.F.);
#4202=CARTESIAN_POINT('',(1.8,-9.0,15.6583123951777));
#4203=DIRECTION('',(2.67523620391604E-16,-1.0,0.0));
#4204=DIRECTION('',(0.0,0.0,-1.0));
#4205=ORIENTED_EDGE('',*,*,#4948,.T.);
#4206=ORIENTED_EDGE('',*,*,#4974,.F.);
#4207=ORIENTED_EDGE('',*,*,#4983,.F.);
#4208=ORIENTED_EDGE('',*,*,#4941,.T.);
#4209=CARTESIAN_POINT('',(1.8,-4.0,13.0));
#4210=DIRECTION('',(-2.67523620391604E-16,1.0,0.0));
#4211=DIRECTION('',(0.0,0.0,1.0));
#4212=ORIENTED_EDGE('',*,*,#4973,.F.);
#4213=ORIENTED_EDGE('',*,*,#4982,.F.);
#4214=ORIENTED_EDGE('',*,*,#4980,.F.);
#4215=ORIENTED_EDGE('',*,*,#4934,.F.);
#4216=ORIENTED_EDGE('',*,*,#4930,.T.);
#4217=ORIENTED_EDGE('',*,*,#4983,.T.);
#4218=CARTESIAN_POINT('',(1.8,-6.5,14.0));
#4219=DIRECTION('',(-1.0,-2.67523620391604E-16,-2.19128029228059E-32));
#4220=DIRECTION('',(2.22936350326337E-16,-0.833333333333333,-0.552770798392566));
#4221=ORIENTED_EDGE('',*,*,#4953,.F.);
#4222=ORIENTED_EDGE('',*,*,#4885,.F.);
#4223=ORIENTED_EDGE('',*,*,#4882,.F.);
#4224=ORIENTED_EDGE('',*,*,#4951,.F.);
#4225=CARTESIAN_POINT('',(-2.49912702775232,-7.48305469516633,-22.0));
#4226=DIRECTION('',(0.0,0.0,1.0));
#4227=DIRECTION('',(1.0,0.0,0.0));
#4228=ORIENTED_EDGE('',*,*,#4860,.F.);
#4229=ORIENTED_EDGE('',*,*,#4884,.F.);
#4230=ORIENTED_EDGE('',*,*,#4253,.F.);
#4231=ORIENTED_EDGE('',*,*,#4261,.F.);
#4232=CARTESIAN_POINT('',(-2.49912702775232,-7.48305469516633,-23.0));
#4233=DIRECTION('',(0.0,0.0,1.0));
#4234=DIRECTION('',(1.0,0.0,0.0));
#4235=ORIENTED_EDGE('',*,*,#4869,.F.);
#4236=ORIENTED_EDGE('',*,*,#4852,.F.);
#4237=ORIENTED_EDGE('',*,*,#4862,.F.);
#4238=ORIENTED_EDGE('',*,*,#4257,.F.);
#4239=CARTESIAN_POINT('',(-6.5,-13.0,0.0));
#4240=DIRECTION('',(-1.0,-3.06161699786838E-16,0.0));
#4241=DIRECTION('',(0.0,0.0,1.0));
#4242=FILL_AREA_STYLE_COLOUR('',#4984);
#4243=EDGE_CURVE('',#4985,#4986,#4987,.T.);
#4244=EDGE_CURVE('',#4988,#4985,#4989,.T.);
#4245=EDGE_CURVE('',#4988,#4990,#4991,.T.);
#4246=EDGE_CURVE('',#4990,#4986,#4992,.T.);
#4247=EDGE_CURVE('',#4993,#4994,#4995,.T.);
#4248=EDGE_CURVE('',#4993,#4996,#4997,.T.);
#4249=EDGE_CURVE('',#4996,#4988,#4998,.T.);
#4250=EDGE_CURVE('',#4994,#4988,#4999,.T.);
#4251=EDGE_CURVE('',#5000,#5001,#5002,.T.);
#4252=EDGE_CURVE('',#5003,#5000,#5004,.T.);
#4253=EDGE_CURVE('',#5003,#5005,#5006,.T.);
#4254=EDGE_CURVE('',#5005,#5001,#5007,.T.);
#4255=EDGE_CURVE('',#5008,#5009,#5010,.T.);
#4256=EDGE_CURVE('',#5008,#5011,#5012,.F.);
#4257=EDGE_CURVE('',#5011,#5013,#5014,.T.);
#4258=EDGE_CURVE('',#5009,#5013,#5015,.T.);
#4259=EDGE_CURVE('',#5016,#5017,#5018,.T.);
#4260=EDGE_CURVE('',#5019,#5016,#5020,.T.);
#4261=EDGE_CURVE('',#5019,#5003,#5021,.T.);
#4262=EDGE_CURVE('',#5003,#5017,#5022,.F.);
#4263=EDGE_CURVE('',#5023,#5024,#5025,.T.);
#4264=EDGE_CURVE('',#5023,#5026,#5027,.T.);
#4265=EDGE_CURVE('',#5026,#5028,#5029,.T.);
#4266=EDGE_CURVE('',#5030,#5028,#5031,.F.);
#4267=EDGE_CURVE('',#5030,#5032,#5033,.T.);
#4268=EDGE_CURVE('',#5024,#5032,#5034,.T.);
#4269=EDGE_CURVE('',#5023,#5035,#5036,.T.);
#4270=EDGE_CURVE('',#5037,#5035,#5038,.T.);
#4271=EDGE_CURVE('',#5026,#5037,#5039,.T.);
#4272=EDGE_CURVE('',#5037,#5040,#5041,.F.);
#4273=EDGE_CURVE('',#5042,#5035,#5043,.T.);
#4274=EDGE_CURVE('',#5044,#5042,#5045,.T.);
#4275=EDGE_CURVE('',#5044,#5046,#5047,.T.);
#4276=EDGE_CURVE('',#5046,#5040,#5048,.T.);
#4277=EDGE_CURVE('',#5046,#5030,#5049,.T.);
#4278=EDGE_CURVE('',#5044,#5032,#5050,.T.);
#4279=EDGE_CURVE('',#5051,#5052,#5053,.T.);
#4280=EDGE_CURVE('',#5052,#5054,#5055,.T.);
#4281=EDGE_CURVE('',#5054,#5056,#5057,.T.);
#4282=EDGE_CURVE('',#5056,#5058,#5059,.T.);
#4283=EDGE_CURVE('',#5058,#5060,#5061,.T.);
#4284=EDGE_CURVE('',#5060,#5062,#5063,.T.);
#4285=EDGE_CURVE('',#5062,#5051,#5064,.T.);
#4286=EDGE_CURVE('',#5065,#5066,#5067,.T.);
#4287=EDGE_CURVE('',#5066,#5068,#5069,.T.);
#4288=EDGE_CURVE('',#5068,#5070,#5071,.T.);
#4289=EDGE_CURVE('',#5070,#5072,#5073,.T.);
#4290=EDGE_CURVE('',#5072,#5074,#5075,.T.);
#4291=EDGE_CURVE('',#5074,#5076,#5077,.T.);
#4292=EDGE_CURVE('',#5076,#5078,#5079,.T.);
#4293=EDGE_CURVE('',#5078,#5080,#5081,.T.);
#4294=EDGE_CURVE('',#5080,#5082,#5083,.T.);
#4295=EDGE_CURVE('',#5082,#5084,#5085,.T.);
#4296=EDGE_CURVE('',#5084,#5086,#5087,.T.);
#4297=EDGE_CURVE('',#5086,#5088,#5089,.T.);
#4298=EDGE_CURVE('',#5088,#5090,#5091,.T.);
#4299=EDGE_CURVE('',#5090,#5065,#5092,.T.);
#4300=EDGE_CURVE('',#5056,#5093,#5094,.T.);
#4301=EDGE_CURVE('',#5095,#5093,#5096,.T.);
#4302=EDGE_CURVE('',#5058,#5095,#5097,.T.);
#4303=EDGE_CURVE('',#5054,#5098,#5099,.T.);
#4304=EDGE_CURVE('',#5093,#5098,#5100,.T.);
#4305=EDGE_CURVE('',#5052,#5101,#5102,.T.);
#4306=EDGE_CURVE('',#5098,#5101,#5103,.T.);
#4307=EDGE_CURVE('',#5051,#5104,#5105,.T.);
#4308=EDGE_CURVE('',#5101,#5104,#5106,.T.);
#4309=EDGE_CURVE('',#5076,#5107,#5108,.T.);
#4310=EDGE_CURVE('',#5109,#5107,#5110,.T.);
#4311=EDGE_CURVE('',#5078,#5109,#5111,.T.);
#4312=EDGE_CURVE('',#5074,#5112,#5113,.T.);
#4313=EDGE_CURVE('',#5107,#5112,#5114,.T.);
#4314=EDGE_CURVE('',#5072,#5115,#5116,.T.);
#4315=EDGE_CURVE('',#5112,#5115,#5117,.T.);
#4316=EDGE_CURVE('',#5070,#5118,#5119,.T.);
#4317=EDGE_CURVE('',#5115,#5118,#5120,.T.);
#4318=EDGE_CURVE('',#5068,#5121,#5122,.T.);
#4319=EDGE_CURVE('',#5118,#5121,#5123,.T.);
#4320=EDGE_CURVE('',#5066,#5124,#5125,.T.);
#4321=EDGE_CURVE('',#5121,#5124,#5126,.T.);
#4322=EDGE_CURVE('',#5065,#5127,#5128,.T.);
#4323=EDGE_CURVE('',#5124,#5127,#5129,.T.);
#4324=EDGE_CURVE('',#5062,#5130,#5131,.T.);
#4325=EDGE_CURVE('',#5104,#5130,#5132,.T.);
#4326=EDGE_CURVE('',#5060,#5133,#5134,.T.);
#4327=EDGE_CURVE('',#5130,#5133,#5135,.T.);
#4328=EDGE_CURVE('',#5133,#5095,#5136,.T.);
#4329=EDGE_CURVE('',#5137,#5109,#5138,.T.);
#4330=EDGE_CURVE('',#5080,#5137,#5139,.T.);
#4331=EDGE_CURVE('',#5140,#5137,#5141,.T.);
#4332=EDGE_CURVE('',#5082,#5140,#5142,.T.);
#4333=EDGE_CURVE('',#5143,#5140,#5144,.T.);
#4334=EDGE_CURVE('',#5084,#5143,#5145,.T.);
#4335=EDGE_CURVE('',#5146,#5143,#5147,.T.);
#4336=EDGE_CURVE('',#5086,#5146,#5148,.T.);
#4337=EDGE_CURVE('',#5149,#5146,#5150,.T.);
#4338=EDGE_CURVE('',#5088,#5149,#5151,.T.);
#4339=EDGE_CURVE('',#5152,#5149,#5153,.T.);
#4340=EDGE_CURVE('',#5090,#5152,#5154,.T.);
#4341=EDGE_CURVE('',#5127,#5152,#5155,.T.);
#4342=EDGE_CURVE('',#5156,#5157,#5158,.T.);
#4343=EDGE_CURVE('',#5157,#5159,#5160,.T.);
#4344=EDGE_CURVE('',#5159,#5161,#5162,.T.);
#4345=EDGE_CURVE('',#5161,#5163,#5164,.T.);
#4346=EDGE_CURVE('',#5163,#5165,#5166,.T.);
#4347=EDGE_CURVE('',#5165,#5167,#5168,.T.);
#4348=EDGE_CURVE('',#5167,#5169,#5170,.T.);
#4349=EDGE_CURVE('',#5169,#5171,#5172,.T.);
#4350=EDGE_CURVE('',#5171,#5173,#5174,.T.);
#4351=EDGE_CURVE('',#5173,#5175,#5176,.T.);
#4352=EDGE_CURVE('',#5175,#5156,#5177,.T.);
#4353=EDGE_CURVE('',#5178,#5179,#5180,.T.);
#4354=EDGE_CURVE('',#5179,#5181,#5182,.T.);
#4355=EDGE_CURVE('',#5181,#5183,#5184,.T.);
#4356=EDGE_CURVE('',#5183,#5185,#5186,.T.);
#4357=EDGE_CURVE('',#5185,#5178,#5187,.T.);
#4358=EDGE_CURVE('',#5188,#5189,#5190,.T.);
#4359=EDGE_CURVE('',#5189,#5191,#5192,.T.);
#4360=EDGE_CURVE('',#5191,#5193,#5194,.T.);
#4361=EDGE_CURVE('',#5193,#5195,#5196,.T.);
#4362=EDGE_CURVE('',#5195,#5188,#5197,.T.);
#4363=EDGE_CURVE('',#5191,#5198,#5199,.T.);
#4364=EDGE_CURVE('',#5200,#5198,#5201,.T.);
#4365=EDGE_CURVE('',#5193,#5200,#5202,.T.);
#4366=EDGE_CURVE('',#5189,#5203,#5204,.T.);
#4367=EDGE_CURVE('',#5198,#5203,#5205,.T.);
#4368=EDGE_CURVE('',#5188,#5206,#5207,.T.);
#4369=EDGE_CURVE('',#5203,#5206,#5208,.T.);
#4370=EDGE_CURVE('',#5181,#5209,#5210,.T.);
#4371=EDGE_CURVE('',#5211,#5209,#5212,.T.);
#4372=EDGE_CURVE('',#5183,#5211,#5213,.T.);
#4373=EDGE_CURVE('',#5179,#5214,#5215,.T.);
#4374=EDGE_CURVE('',#5209,#5214,#5216,.T.);
#4375=EDGE_CURVE('',#5178,#5217,#5218,.T.);
#4376=EDGE_CURVE('',#5214,#5217,#5219,.T.);
#4377=EDGE_CURVE('',#5165,#5220,#5221,.T.);
#4378=EDGE_CURVE('',#5222,#5220,#5223,.T.);
#4379=EDGE_CURVE('',#5167,#5222,#5224,.T.);
#4380=EDGE_CURVE('',#5163,#5225,#5226,.T.);
#4381=EDGE_CURVE('',#5220,#5225,#5227,.T.);
#4382=EDGE_CURVE('',#5161,#5228,#5229,.T.);
#4383=EDGE_CURVE('',#5225,#5228,#5230,.T.);
#4384=EDGE_CURVE('',#5159,#5231,#5232,.T.);
#4385=EDGE_CURVE('',#5228,#5231,#5233,.T.);
#4386=EDGE_CURVE('',#5157,#5234,#5235,.T.);
#4387=EDGE_CURVE('',#5231,#5234,#5236,.T.);
#4388=EDGE_CURVE('',#5156,#5237,#5238,.T.);
#4389=EDGE_CURVE('',#5234,#5237,#5239,.T.);
#4390=EDGE_CURVE('',#5195,#5240,#5241,.T.);
#4391=EDGE_CURVE('',#5206,#5240,#5242,.T.);
#4392=EDGE_CURVE('',#5240,#5200,#5243,.T.);
#4393=EDGE_CURVE('',#5185,#5244,#5245,.T.);
#4394=EDGE_CURVE('',#5217,#5244,#5246,.T.);
#4395=EDGE_CURVE('',#5244,#5211,#5247,.T.);
#4396=EDGE_CURVE('',#5248,#5222,#5249,.T.);
#4397=EDGE_CURVE('',#5169,#5248,#5250,.T.);
#4398=EDGE_CURVE('',#5251,#5248,#5252,.T.);
#4399=EDGE_CURVE('',#5171,#5251,#5253,.T.);
#4400=EDGE_CURVE('',#5254,#5251,#5255,.T.);
#4401=EDGE_CURVE('',#5173,#5254,#5256,.T.);
#4402=EDGE_CURVE('',#5257,#5254,#5258,.T.);
#4403=EDGE_CURVE('',#5175,#5257,#5259,.T.);
#4404=EDGE_CURVE('',#5237,#5257,#5260,.T.);
#4405=EDGE_CURVE('',#5261,#5262,#5263,.T.);
#4406=EDGE_CURVE('',#5261,#5264,#5265,.T.);
#4407=EDGE_CURVE('',#5266,#5264,#5267,.T.);
#4408=EDGE_CURVE('',#5262,#5266,#5268,.T.);
#4409=EDGE_CURVE('',#5269,#5261,#5270,.T.);
#4410=EDGE_CURVE('',#5269,#5271,#5272,.T.);
#4411=EDGE_CURVE('',#5264,#5271,#5273,.T.);
#4412=EDGE_CURVE('',#5274,#5269,#5275,.T.);
#4413=EDGE_CURVE('',#5274,#5276,#5277,.T.);
#4414=EDGE_CURVE('',#5271,#5276,#5278,.T.);
#4415=EDGE_CURVE('',#5279,#5274,#5280,.T.);
#4416=EDGE_CURVE('',#5279,#5281,#5282,.T.);
#4417=EDGE_CURVE('',#5276,#5281,#5283,.T.);
#4418=EDGE_CURVE('',#5284,#5279,#5285,.T.);
#4419=EDGE_CURVE('',#5284,#5286,#5287,.T.);
#4420=EDGE_CURVE('',#5281,#5286,#5288,.T.);
#4421=EDGE_CURVE('',#5289,#5284,#5290,.T.);
#4422=EDGE_CURVE('',#5289,#5291,#5292,.T.);
#4423=EDGE_CURVE('',#5286,#5291,#5293,.T.);
#4424=EDGE_CURVE('',#5294,#5289,#5295,.T.);
#4425=EDGE_CURVE('',#5294,#5296,#5297,.T.);
#4426=EDGE_CURVE('',#5291,#5296,#5298,.T.);
#4427=EDGE_CURVE('',#5299,#5294,#5300,.T.);
#4428=EDGE_CURVE('',#5299,#5301,#5302,.T.);
#4429=EDGE_CURVE('',#5296,#5301,#5303,.T.);
#4430=EDGE_CURVE('',#5304,#5299,#5305,.T.);
#4431=EDGE_CURVE('',#5304,#5306,#5307,.T.);
#4432=EDGE_CURVE('',#5301,#5306,#5308,.T.);
#4433=EDGE_CURVE('',#5309,#5304,#5310,.T.);
#4434=EDGE_CURVE('',#5309,#5311,#5312,.T.);
#4435=EDGE_CURVE('',#5306,#5311,#5313,.T.);
#4436=EDGE_CURVE('',#5314,#5309,#5315,.T.);
#4437=EDGE_CURVE('',#5314,#5316,#5317,.T.);
#4438=EDGE_CURVE('',#5311,#5316,#5318,.T.);
#4439=EDGE_CURVE('',#5319,#5314,#5320,.T.);
#4440=EDGE_CURVE('',#5319,#5321,#5322,.T.);
#4441=EDGE_CURVE('',#5316,#5321,#5323,.T.);
#4442=EDGE_CURVE('',#5324,#5319,#5325,.T.);
#4443=EDGE_CURVE('',#5324,#5326,#5327,.T.);
#4444=EDGE_CURVE('',#5321,#5326,#5328,.T.);
#4445=EDGE_CURVE('',#5262,#5329,#5330,.T.);
#4446=EDGE_CURVE('',#5331,#5266,#5332,.T.);
#4447=EDGE_CURVE('',#5329,#5331,#5333,.T.);
#4448=EDGE_CURVE('',#5329,#5334,#5335,.T.);
#4449=EDGE_CURVE('',#5336,#5331,#5337,.T.);
#4450=EDGE_CURVE('',#5334,#5336,#5338,.T.);
#4451=EDGE_CURVE('',#5334,#5339,#5340,.T.);
#4452=EDGE_CURVE('',#5341,#5336,#5342,.T.);
#4453=EDGE_CURVE('',#5339,#5341,#5343,.T.);
#4454=EDGE_CURVE('',#5339,#5344,#5345,.T.);
#4455=EDGE_CURVE('',#5346,#5341,#5347,.T.);
#4456=EDGE_CURVE('',#5344,#5346,#5348,.T.);
#4457=EDGE_CURVE('',#5344,#5349,#5350,.T.);
#4458=EDGE_CURVE('',#5351,#5346,#5352,.T.);
#4459=EDGE_CURVE('',#5349,#5351,#5353,.T.);
#4460=EDGE_CURVE('',#5349,#5354,#5355,.T.);
#4461=EDGE_CURVE('',#5356,#5351,#5357,.T.);
#4462=EDGE_CURVE('',#5354,#5356,#5358,.T.);
#4463=EDGE_CURVE('',#5354,#5359,#5360,.T.);
#4464=EDGE_CURVE('',#5361,#5356,#5362,.T.);
#4465=EDGE_CURVE('',#5359,#5361,#5363,.T.);
#4466=EDGE_CURVE('',#5359,#5364,#5365,.T.);
#4467=EDGE_CURVE('',#5366,#5361,#5367,.T.);
#4468=EDGE_CURVE('',#5364,#5366,#5368,.T.);
#4469=EDGE_CURVE('',#5364,#5369,#5370,.T.);
#4470=EDGE_CURVE('',#5371,#5366,#5372,.T.);
#4471=EDGE_CURVE('',#5369,#5371,#5373,.T.);
#4472=EDGE_CURVE('',#5369,#5374,#5375,.T.);
#4473=EDGE_CURVE('',#5376,#5371,#5377,.T.);
#4474=EDGE_CURVE('',#5374,#5376,#5378,.T.);
#4475=EDGE_CURVE('',#5374,#5379,#5380,.T.);
#4476=EDGE_CURVE('',#5381,#5376,#5382,.T.);
#4477=EDGE_CURVE('',#5379,#5381,#5383,.T.);
#4478=EDGE_CURVE('',#5379,#5384,#5385,.T.);
#4479=EDGE_CURVE('',#5386,#5381,#5387,.T.);
#4480=EDGE_CURVE('',#5384,#5386,#5388,.T.);
#4481=EDGE_CURVE('',#5384,#5389,#5390,.T.);
#4482=EDGE_CURVE('',#5391,#5386,#5392,.T.);
#4483=EDGE_CURVE('',#5389,#5391,#5393,.T.);
#4484=EDGE_CURVE('',#5389,#5324,#5394,.T.);
#4485=EDGE_CURVE('',#5326,#5391,#5395,.T.);
#4486=EDGE_CURVE('',#5396,#5397,#5398,.T.);
#4487=EDGE_CURVE('',#5397,#5399,#5400,.T.);
#4488=EDGE_CURVE('',#5399,#5401,#5402,.T.);
#4489=EDGE_CURVE('',#5401,#5403,#5404,.T.);
#4490=EDGE_CURVE('',#5403,#5405,#5406,.T.);
#4491=EDGE_CURVE('',#5405,#5407,#5408,.T.);
#4492=EDGE_CURVE('',#5407,#5396,#5409,.T.);
#4493=EDGE_CURVE('',#5410,#5411,#5412,.T.);
#4494=EDGE_CURVE('',#5411,#5413,#5414,.T.);
#4495=EDGE_CURVE('',#5413,#5415,#5416,.T.);
#4496=EDGE_CURVE('',#5415,#5417,#5418,.T.);
#4497=EDGE_CURVE('',#5417,#5419,#5420,.T.);
#4498=EDGE_CURVE('',#5419,#5421,#5422,.T.);
#4499=EDGE_CURVE('',#5421,#5423,#5424,.T.);
#4500=EDGE_CURVE('',#5423,#5425,#5426,.T.);
#4501=EDGE_CURVE('',#5425,#5427,#5428,.T.);
#4502=EDGE_CURVE('',#5427,#5429,#5430,.T.);
#4503=EDGE_CURVE('',#5429,#5431,#5432,.T.);
#4504=EDGE_CURVE('',#5431,#5433,#5434,.T.);
#4505=EDGE_CURVE('',#5433,#5435,#5436,.T.);
#4506=EDGE_CURVE('',#5435,#5410,#5437,.T.);
#4507=EDGE_CURVE('',#5401,#5438,#5439,.T.);
#4508=EDGE_CURVE('',#5440,#5438,#5441,.T.);
#4509=EDGE_CURVE('',#5403,#5440,#5442,.T.);
#4510=EDGE_CURVE('',#5399,#5443,#5444,.T.);
#4511=EDGE_CURVE('',#5438,#5443,#5445,.T.);
#4512=EDGE_CURVE('',#5397,#5446,#5447,.T.);
#4513=EDGE_CURVE('',#5443,#5446,#5448,.T.);
#4514=EDGE_CURVE('',#5396,#5449,#5450,.T.);
#4515=EDGE_CURVE('',#5446,#5449,#5451,.T.);
#4516=EDGE_CURVE('',#5421,#5452,#5453,.T.);
#4517=EDGE_CURVE('',#5454,#5452,#5455,.T.);
#4518=EDGE_CURVE('',#5423,#5454,#5456,.T.);
#4519=EDGE_CURVE('',#5419,#5457,#5458,.T.);
#4520=EDGE_CURVE('',#5452,#5457,#5459,.T.);
#4521=EDGE_CURVE('',#5417,#5460,#5461,.T.);
#4522=EDGE_CURVE('',#5457,#5460,#5462,.T.);
#4523=EDGE_CURVE('',#5415,#5463,#5464,.T.);
#4524=EDGE_CURVE('',#5460,#5463,#5465,.T.);
#4525=EDGE_CURVE('',#5413,#5466,#5467,.T.);
#4526=EDGE_CURVE('',#5463,#5466,#5468,.T.);
#4527=EDGE_CURVE('',#5411,#5469,#5470,.T.);
#4528=EDGE_CURVE('',#5466,#5469,#5471,.T.);
#4529=EDGE_CURVE('',#5410,#5472,#5473,.T.);
#4530=EDGE_CURVE('',#5469,#5472,#5474,.T.);
#4531=EDGE_CURVE('',#5407,#5475,#5476,.T.);
#4532=EDGE_CURVE('',#5449,#5475,#5477,.T.);
#4533=EDGE_CURVE('',#5405,#5478,#5479,.T.);
#4534=EDGE_CURVE('',#5475,#5478,#5480,.T.);
#4535=EDGE_CURVE('',#5478,#5440,#5481,.T.);
#4536=EDGE_CURVE('',#5482,#5454,#5483,.T.);
#4537=EDGE_CURVE('',#5425,#5482,#5484,.T.);
#4538=EDGE_CURVE('',#5485,#5482,#5486,.T.);
#4539=EDGE_CURVE('',#5427,#5485,#5487,.T.);
#4540=EDGE_CURVE('',#5488,#5485,#5489,.T.);
#4541=EDGE_CURVE('',#5429,#5488,#5490,.T.);
#4542=EDGE_CURVE('',#5491,#5488,#5492,.T.);
#4543=EDGE_CURVE('',#5431,#5491,#5493,.T.);
#4544=EDGE_CURVE('',#5494,#5491,#5495,.T.);
#4545=EDGE_CURVE('',#5433,#5494,#5496,.T.);
#4546=EDGE_CURVE('',#5497,#5494,#5498,.T.);
#4547=EDGE_CURVE('',#5435,#5497,#5499,.T.);
#4548=EDGE_CURVE('',#5472,#5497,#5500,.T.);
#4549=EDGE_CURVE('',#5501,#5502,#5503,.T.);
#4550=EDGE_CURVE('',#5501,#5504,#5505,.T.);
#4551=EDGE_CURVE('',#5506,#5504,#5507,.T.);
#4552=EDGE_CURVE('',#5502,#5506,#5508,.T.);
#4553=EDGE_CURVE('',#5509,#5501,#5510,.T.);
#4554=EDGE_CURVE('',#5509,#5511,#5512,.T.);
#4555=EDGE_CURVE('',#5504,#5511,#5513,.T.);
#4556=EDGE_CURVE('',#5514,#5509,#5515,.T.);
#4557=EDGE_CURVE('',#5514,#5516,#5517,.T.);
#4558=EDGE_CURVE('',#5511,#5516,#5518,.T.);
#4559=EDGE_CURVE('',#5519,#5514,#5520,.T.);
#4560=EDGE_CURVE('',#5519,#5521,#5522,.T.);
#4561=EDGE_CURVE('',#5516,#5521,#5523,.T.);
#4562=EDGE_CURVE('',#5524,#5519,#5525,.T.);
#4563=EDGE_CURVE('',#5524,#5526,#5527,.T.);
#4564=EDGE_CURVE('',#5521,#5526,#5528,.T.);
#4565=EDGE_CURVE('',#5502,#5529,#5530,.T.);
#4566=EDGE_CURVE('',#5531,#5506,#5532,.T.);
#4567=EDGE_CURVE('',#5529,#5531,#5533,.T.);
#4568=EDGE_CURVE('',#5529,#5534,#5535,.T.);
#4569=EDGE_CURVE('',#5536,#5531,#5537,.T.);
#4570=EDGE_CURVE('',#5534,#5536,#5538,.T.);
#4571=EDGE_CURVE('',#5534,#5539,#5540,.T.);
#4572=EDGE_CURVE('',#5541,#5536,#5542,.T.);
#4573=EDGE_CURVE('',#5539,#5541,#5543,.T.);
#4574=EDGE_CURVE('',#5539,#5544,#5545,.T.);
#4575=EDGE_CURVE('',#5546,#5541,#5547,.T.);
#4576=EDGE_CURVE('',#5544,#5546,#5548,.T.);
#4577=EDGE_CURVE('',#5544,#5549,#5550,.T.);
#4578=EDGE_CURVE('',#5551,#5546,#5552,.T.);
#4579=EDGE_CURVE('',#5549,#5551,#5553,.T.);
#4580=EDGE_CURVE('',#5549,#5524,#5554,.T.);
#4581=EDGE_CURVE('',#5526,#5551,#5555,.T.);
#4582=EDGE_CURVE('',#5556,#5557,#5558,.T.);
#4583=EDGE_CURVE('',#5557,#5559,#5560,.T.);
#4584=EDGE_CURVE('',#5559,#5561,#5562,.T.);
#4585=EDGE_CURVE('',#5561,#5556,#5563,.T.);
#4586=EDGE_CURVE('',#5564,#5565,#5566,.T.);
#4587=EDGE_CURVE('',#5565,#5567,#5568,.T.);
#4588=EDGE_CURVE('',#5567,#5569,#5570,.T.);
#4589=EDGE_CURVE('',#5569,#5571,#5572,.T.);
#4590=EDGE_CURVE('',#5571,#5573,#5574,.T.);
#4591=EDGE_CURVE('',#5573,#5575,#5576,.T.);
#4592=EDGE_CURVE('',#5575,#5577,#5578,.T.);
#4593=EDGE_CURVE('',#5577,#5564,#5579,.T.);
#4594=EDGE_CURVE('',#5569,#5580,#5581,.T.);
#4595=EDGE_CURVE('',#5582,#5580,#5583,.T.);
#4596=EDGE_CURVE('',#5571,#5582,#5584,.T.);
#4597=EDGE_CURVE('',#5567,#5585,#5586,.T.);
#4598=EDGE_CURVE('',#5580,#5585,#5587,.T.);
#4599=EDGE_CURVE('',#5565,#5588,#5589,.T.);
#4600=EDGE_CURVE('',#5585,#5588,#5590,.T.);
#4601=EDGE_CURVE('',#5564,#5591,#5592,.T.);
#4602=EDGE_CURVE('',#5588,#5591,#5593,.T.);
#4603=EDGE_CURVE('',#5557,#5594,#5595,.T.);
#4604=EDGE_CURVE('',#5596,#5594,#5597,.T.);
#4605=EDGE_CURVE('',#5559,#5596,#5598,.T.);
#4606=EDGE_CURVE('',#5556,#5599,#5600,.T.);
#4607=EDGE_CURVE('',#5594,#5599,#5601,.T.);
#4608=EDGE_CURVE('',#5577,#5602,#5603,.T.);
#4609=EDGE_CURVE('',#5591,#5602,#5604,.T.);
#4610=EDGE_CURVE('',#5575,#5605,#5606,.T.);
#4611=EDGE_CURVE('',#5602,#5605,#5607,.T.);
#4612=EDGE_CURVE('',#5573,#5608,#5609,.T.);
#4613=EDGE_CURVE('',#5605,#5608,#5610,.T.);
#4614=EDGE_CURVE('',#5608,#5582,#5611,.T.);
#4615=EDGE_CURVE('',#5612,#5596,#5613,.T.);
#4616=EDGE_CURVE('',#5561,#5612,#5614,.T.);
#4617=EDGE_CURVE('',#5599,#5612,#5615,.T.);
#4618=EDGE_CURVE('',#5616,#5617,#5618,.T.);
#4619=EDGE_CURVE('',#5616,#5619,#5620,.T.);
#4620=EDGE_CURVE('',#5621,#5619,#5622,.T.);
#4621=EDGE_CURVE('',#5617,#5621,#5623,.T.);
#4622=EDGE_CURVE('',#5624,#5616,#5625,.T.);
#4623=EDGE_CURVE('',#5624,#5626,#5627,.T.);
#4624=EDGE_CURVE('',#5619,#5626,#5628,.T.);
#4625=EDGE_CURVE('',#5617,#5629,#5630,.T.);
#4626=EDGE_CURVE('',#5631,#5621,#5632,.T.);
#4627=EDGE_CURVE('',#5629,#5631,#5633,.T.);
#4628=EDGE_CURVE('',#5629,#5624,#5634,.T.);
#4629=EDGE_CURVE('',#5626,#5631,#5635,.T.);
#4630=EDGE_CURVE('',#5636,#5637,#5638,.T.);
#4631=EDGE_CURVE('',#5637,#5639,#5640,.T.);
#4632=EDGE_CURVE('',#5639,#5641,#5642,.T.);
#4633=EDGE_CURVE('',#5641,#5643,#5644,.T.);
#4634=EDGE_CURVE('',#5643,#5645,#5646,.T.);
#4635=EDGE_CURVE('',#5645,#5647,#5648,.T.);
#4636=EDGE_CURVE('',#5647,#5636,#5649,.T.);
#4637=EDGE_CURVE('',#5650,#5651,#5652,.T.);
#4638=EDGE_CURVE('',#5651,#5653,#5654,.T.);
#4639=EDGE_CURVE('',#5653,#5655,#5656,.T.);
#4640=EDGE_CURVE('',#5655,#5657,#5658,.T.);
#4641=EDGE_CURVE('',#5657,#5659,#5660,.T.);
#4642=EDGE_CURVE('',#5659,#5661,#5662,.T.);
#4643=EDGE_CURVE('',#5661,#5663,#5664,.T.);
#4644=EDGE_CURVE('',#5663,#5665,#5666,.T.);
#4645=EDGE_CURVE('',#5665,#5667,#5668,.T.);
#4646=EDGE_CURVE('',#5667,#5669,#5670,.T.);
#4647=EDGE_CURVE('',#5669,#5671,#5672,.T.);
#4648=EDGE_CURVE('',#5671,#5673,#5674,.T.);
#4649=EDGE_CURVE('',#5673,#5675,#5676,.T.);
#4650=EDGE_CURVE('',#5675,#5650,#5677,.T.);
#4651=EDGE_CURVE('',#5641,#5678,#5679,.T.);
#4652=EDGE_CURVE('',#5680,#5678,#5681,.T.);
#4653=EDGE_CURVE('',#5643,#5680,#5682,.T.);
#4654=EDGE_CURVE('',#5639,#5683,#5684,.T.);
#4655=EDGE_CURVE('',#5678,#5683,#5685,.T.);
#4656=EDGE_CURVE('',#5637,#5686,#5687,.T.);
#4657=EDGE_CURVE('',#5683,#5686,#5688,.T.);
#4658=EDGE_CURVE('',#5636,#5689,#5690,.T.);
#4659=EDGE_CURVE('',#5686,#5689,#5691,.T.);
#4660=EDGE_CURVE('',#5661,#5692,#5693,.T.);
#4661=EDGE_CURVE('',#5694,#5692,#5695,.T.);
#4662=EDGE_CURVE('',#5663,#5694,#5696,.T.);
#4663=EDGE_CURVE('',#5659,#5697,#5698,.T.);
#4664=EDGE_CURVE('',#5692,#5697,#5699,.T.);
#4665=EDGE_CURVE('',#5657,#5700,#5701,.T.);
#4666=EDGE_CURVE('',#5697,#5700,#5702,.T.);
#4667=EDGE_CURVE('',#5655,#5703,#5704,.T.);
#4668=EDGE_CURVE('',#5700,#5703,#5705,.T.);
#4669=EDGE_CURVE('',#5653,#5706,#5707,.T.);
#4670=EDGE_CURVE('',#5703,#5706,#5708,.T.);
#4671=EDGE_CURVE('',#5651,#5709,#5710,.T.);
#4672=EDGE_CURVE('',#5706,#5709,#5711,.T.);
#4673=EDGE_CURVE('',#5650,#5712,#5713,.T.);
#4674=EDGE_CURVE('',#5709,#5712,#5714,.T.);
#4675=EDGE_CURVE('',#5647,#5715,#5716,.T.);
#4676=EDGE_CURVE('',#5689,#5715,#5717,.T.);
#4677=EDGE_CURVE('',#5645,#5718,#5719,.T.);
#4678=EDGE_CURVE('',#5715,#5718,#5720,.T.);
#4679=EDGE_CURVE('',#5718,#5680,#5721,.T.);
#4680=EDGE_CURVE('',#5722,#5694,#5723,.T.);
#4681=EDGE_CURVE('',#5665,#5722,#5724,.T.);
#4682=EDGE_CURVE('',#5725,#5722,#5726,.T.);
#4683=EDGE_CURVE('',#5667,#5725,#5727,.T.);
#4684=EDGE_CURVE('',#5728,#5725,#5729,.T.);
#4685=EDGE_CURVE('',#5669,#5728,#5730,.T.);
#4686=EDGE_CURVE('',#5731,#5728,#5732,.T.);
#4687=EDGE_CURVE('',#5671,#5731,#5733,.T.);
#4688=EDGE_CURVE('',#5734,#5731,#5735,.T.);
#4689=EDGE_CURVE('',#5673,#5734,#5736,.T.);
#4690=EDGE_CURVE('',#5737,#5734,#5738,.T.);
#4691=EDGE_CURVE('',#5675,#5737,#5739,.T.);
#4692=EDGE_CURVE('',#5712,#5737,#5740,.T.);
#4693=EDGE_CURVE('',#5741,#5742,#5743,.T.);
#4694=EDGE_CURVE('',#5741,#5744,#5745,.T.);
#4695=EDGE_CURVE('',#5746,#5744,#5747,.T.);
#4696=EDGE_CURVE('',#5742,#5746,#5748,.T.);
#4697=EDGE_CURVE('',#5749,#5741,#5750,.T.);
#4698=EDGE_CURVE('',#5749,#5751,#5752,.T.);
#4699=EDGE_CURVE('',#5744,#5751,#5753,.T.);
#4700=EDGE_CURVE('',#5754,#5749,#5755,.T.);
#4701=EDGE_CURVE('',#5754,#5756,#5757,.T.);
#4702=EDGE_CURVE('',#5751,#5756,#5758,.T.);
#4703=EDGE_CURVE('',#5759,#5754,#5760,.T.);
#4704=EDGE_CURVE('',#5759,#5761,#5762,.T.);
#4705=EDGE_CURVE('',#5756,#5761,#5763,.T.);
#4706=EDGE_CURVE('',#5764,#5759,#5765,.T.);
#4707=EDGE_CURVE('',#5764,#5766,#5767,.T.);
#4708=EDGE_CURVE('',#5761,#5766,#5768,.T.);
#4709=EDGE_CURVE('',#5769,#5764,#5770,.T.);
#4710=EDGE_CURVE('',#5769,#5771,#5772,.T.);
#4711=EDGE_CURVE('',#5766,#5771,#5773,.T.);
#4712=EDGE_CURVE('',#5774,#5769,#5775,.T.);
#4713=EDGE_CURVE('',#5774,#5776,#5777,.T.);
#4714=EDGE_CURVE('',#5771,#5776,#5778,.T.);
#4715=EDGE_CURVE('',#5779,#5774,#5780,.T.);
#4716=EDGE_CURVE('',#5779,#5781,#5782,.T.);
#4717=EDGE_CURVE('',#5776,#5781,#5783,.T.);
#4718=EDGE_CURVE('',#5784,#5779,#5785,.T.);
#4719=EDGE_CURVE('',#5784,#5786,#5787,.T.);
#4720=EDGE_CURVE('',#5781,#5786,#5788,.T.);
#4721=EDGE_CURVE('',#5789,#5784,#5790,.T.);
#4722=EDGE_CURVE('',#5789,#5791,#5792,.T.);
#4723=EDGE_CURVE('',#5786,#5791,#5793,.T.);
#4724=EDGE_CURVE('',#5742,#5794,#5795,.T.);
#4725=EDGE_CURVE('',#5796,#5746,#5797,.T.);
#4726=EDGE_CURVE('',#5794,#5796,#5798,.T.);
#4727=EDGE_CURVE('',#5794,#5799,#5800,.T.);
#4728=EDGE_CURVE('',#5801,#5796,#5802,.T.);
#4729=EDGE_CURVE('',#5799,#5801,#5803,.T.);
#4730=EDGE_CURVE('',#5799,#5804,#5805,.T.);
#4731=EDGE_CURVE('',#5806,#5801,#5807,.T.);
#4732=EDGE_CURVE('',#5804,#5806,#5808,.T.);
#4733=EDGE_CURVE('',#5804,#5809,#5810,.T.);
#4734=EDGE_CURVE('',#5811,#5806,#5812,.T.);
#4735=EDGE_CURVE('',#5809,#5811,#5813,.T.);
#4736=EDGE_CURVE('',#5809,#5814,#5815,.T.);
#4737=EDGE_CURVE('',#5816,#5811,#5817,.T.);
#4738=EDGE_CURVE('',#5814,#5816,#5818,.T.);
#4739=EDGE_CURVE('',#5814,#5819,#5820,.T.);
#4740=EDGE_CURVE('',#5821,#5816,#5822,.T.);
#4741=EDGE_CURVE('',#5819,#5821,#5823,.T.);
#4742=EDGE_CURVE('',#5819,#5824,#5825,.T.);
#4743=EDGE_CURVE('',#5826,#5821,#5827,.T.);
#4744=EDGE_CURVE('',#5824,#5826,#5828,.T.);
#4745=EDGE_CURVE('',#5824,#5829,#5830,.T.);
#4746=EDGE_CURVE('',#5831,#5826,#5832,.T.);
#4747=EDGE_CURVE('',#5829,#5831,#5833,.T.);
#4748=EDGE_CURVE('',#5829,#5834,#5835,.T.);
#4749=EDGE_CURVE('',#5836,#5831,#5837,.T.);
#4750=EDGE_CURVE('',#5834,#5836,#5838,.T.);
#4751=EDGE_CURVE('',#5834,#5789,#5839,.T.);
#4752=EDGE_CURVE('',#5791,#5836,#5840,.T.);
#4753=EDGE_CURVE('',#5841,#5842,#5843,.T.);
#4754=EDGE_CURVE('',#5842,#5844,#5845,.T.);
#4755=EDGE_CURVE('',#5844,#5846,#5847,.T.);
#4756=EDGE_CURVE('',#5846,#5841,#5848,.T.);
#4757=EDGE_CURVE('',#5842,#5849,#5850,.T.);
#4758=EDGE_CURVE('',#5851,#5849,#5852,.T.);
#4759=EDGE_CURVE('',#5844,#5851,#5853,.T.);
#4760=EDGE_CURVE('',#5841,#5854,#5855,.T.);
#4761=EDGE_CURVE('',#5849,#5854,#5856,.T.);
#4762=EDGE_CURVE('',#5857,#5851,#5858,.T.);
#4763=EDGE_CURVE('',#5846,#5857,#5859,.T.);
#4764=EDGE_CURVE('',#5854,#5857,#5860,.T.);
#4765=EDGE_CURVE('',#5861,#5862,#5863,.T.);
#4766=EDGE_CURVE('',#5861,#5864,#5865,.T.);
#4767=EDGE_CURVE('',#5866,#5864,#5867,.T.);
#4768=EDGE_CURVE('',#5862,#5866,#5868,.T.);
#4769=EDGE_CURVE('',#5869,#5861,#5870,.T.);
#4770=EDGE_CURVE('',#5869,#5871,#5872,.T.);
#4771=EDGE_CURVE('',#5864,#5871,#5873,.T.);
#4772=EDGE_CURVE('',#5874,#5869,#5875,.T.);
#4773=EDGE_CURVE('',#5874,#5876,#5877,.T.);
#4774=EDGE_CURVE('',#5871,#5876,#5878,.T.);
#4775=EDGE_CURVE('',#5879,#5874,#5880,.T.);
#4776=EDGE_CURVE('',#5879,#5881,#5882,.T.);
#4777=EDGE_CURVE('',#5876,#5881,#5883,.T.);
#4778=EDGE_CURVE('',#5862,#5884,#5885,.T.);
#4779=EDGE_CURVE('',#5886,#5866,#5887,.T.);
#4780=EDGE_CURVE('',#5884,#5886,#5888,.T.);
#4781=EDGE_CURVE('',#5884,#5889,#5890,.T.);
#4782=EDGE_CURVE('',#5891,#5886,#5892,.T.);
#4783=EDGE_CURVE('',#5889,#5891,#5893,.T.);
#4784=EDGE_CURVE('',#5889,#5894,#5895,.T.);
#4785=EDGE_CURVE('',#5896,#5891,#5897,.T.);
#4786=EDGE_CURVE('',#5894,#5896,#5898,.T.);
#4787=EDGE_CURVE('',#5894,#5899,#5900,.T.);
#4788=EDGE_CURVE('',#5901,#5896,#5902,.T.);
#4789=EDGE_CURVE('',#5899,#5901,#5903,.T.);
#4790=EDGE_CURVE('',#5899,#5879,#5904,.T.);
#4791=EDGE_CURVE('',#5881,#5901,#5905,.T.);
#4792=EDGE_CURVE('',#5906,#5907,#5908,.T.);
#4793=EDGE_CURVE('',#5909,#5906,#5910,.T.);
#4794=EDGE_CURVE('',#5911,#5909,#5912,.T.);
#4795=EDGE_CURVE('',#5913,#5911,#5914,.T.);
#4796=EDGE_CURVE('',#5915,#5913,#5916,.T.);
#4797=EDGE_CURVE('',#5917,#5915,#5918,.T.);
#4798=EDGE_CURVE('',#5919,#5917,#5920,.T.);
#4799=EDGE_CURVE('',#5921,#5919,#5922,.T.);
#4800=EDGE_CURVE('',#5923,#5921,#5924,.T.);
#4801=EDGE_CURVE('',#5925,#5923,#5926,.T.);
#4802=EDGE_CURVE('',#5927,#5925,#5928,.T.);
#4803=EDGE_CURVE('',#5929,#5927,#5930,.T.);
#4804=EDGE_CURVE('',#5931,#5929,#5932,.T.);
#4805=EDGE_CURVE('',#5933,#5931,#5934,.T.);
#4806=EDGE_CURVE('',#5907,#5933,#5935,.T.);
#4807=EDGE_CURVE('',#5936,#5937,#5938,.T.);
#4808=EDGE_CURVE('',#5939,#5936,#5940,.T.);
#4809=EDGE_CURVE('',#5941,#5939,#5942,.T.);
#4810=EDGE_CURVE('',#5937,#5941,#5943,.T.);
#4811=EDGE_CURVE('',#5944,#5945,#5946,.T.);
#4812=EDGE_CURVE('',#5944,#5919,#5947,.T.);
#4813=EDGE_CURVE('',#5945,#5917,#5948,.T.);
#4814=EDGE_CURVE('',#5945,#5949,#5950,.T.);
#4815=EDGE_CURVE('',#5949,#5915,#5951,.T.);
#4816=EDGE_CURVE('',#5949,#5952,#5953,.T.);
#4817=EDGE_CURVE('',#5952,#5913,#5954,.T.);
#4818=EDGE_CURVE('',#5952,#5955,#5956,.T.);
#4819=EDGE_CURVE('',#5955,#5911,#5957,.T.);
#4820=EDGE_CURVE('',#5955,#5958,#5959,.T.);
#4821=EDGE_CURVE('',#5958,#5909,#5960,.T.);
#4822=EDGE_CURVE('',#5958,#5961,#5962,.T.);
#4823=EDGE_CURVE('',#5961,#5906,#5963,.T.);
#4824=EDGE_CURVE('',#5961,#5964,#5965,.T.);
#4825=EDGE_CURVE('',#5964,#5907,#5966,.T.);
#4826=EDGE_CURVE('',#5967,#5968,#5969,.T.);
#4827=EDGE_CURVE('',#5967,#5939,#5970,.T.);
#4828=EDGE_CURVE('',#5968,#5936,#5971,.T.);
#4829=EDGE_CURVE('',#5968,#5972,#5973,.T.);
#4830=EDGE_CURVE('',#5972,#5937,#5974,.T.);
#4831=EDGE_CURVE('',#5964,#5975,#5976,.T.);
#4832=EDGE_CURVE('',#5975,#5933,#5977,.T.);
#4833=EDGE_CURVE('',#5975,#5978,#5979,.T.);
#4834=EDGE_CURVE('',#5978,#5931,#5980,.T.);
#4835=EDGE_CURVE('',#5978,#5981,#5982,.T.);
#4836=EDGE_CURVE('',#5981,#5929,#5983,.T.);
#4837=EDGE_CURVE('',#5981,#5984,#5985,.T.);
#4838=EDGE_CURVE('',#5984,#5927,#5986,.T.);
#4839=EDGE_CURVE('',#5984,#5987,#5988,.T.);
#4840=EDGE_CURVE('',#5987,#5925,#5989,.T.);
#4841=EDGE_CURVE('',#5987,#5990,#5991,.T.);
#4842=EDGE_CURVE('',#5990,#5923,#5992,.T.);
#4843=EDGE_CURVE('',#5990,#5993,#5994,.T.);
#4844=EDGE_CURVE('',#5993,#5921,#5995,.T.);
#4845=EDGE_CURVE('',#5993,#5944,#5996,.T.);
#4846=EDGE_CURVE('',#5997,#5967,#5998,.T.);
#4847=EDGE_CURVE('',#5997,#5941,#5999,.T.);
#4848=EDGE_CURVE('',#5972,#5997,#6000,.T.);
#4849=EDGE_CURVE('',#6001,#6002,#6003,.T.);
#4850=EDGE_CURVE('',#6004,#6001,#6005,.T.);
#4851=EDGE_CURVE('',#6006,#6004,#6007,.T.);
#4852=EDGE_CURVE('',#6006,#6002,#6008,.T.);
#4853=EDGE_CURVE('',#4985,#5011,#6009,.T.);
#4854=EDGE_CURVE('',#6010,#5008,#6011,.F.);
#4855=EDGE_CURVE('',#6010,#4994,#6012,.T.);
#4856=EDGE_CURVE('',#6013,#5009,#6014,.T.);
#4857=EDGE_CURVE('',#5017,#5013,#6015,.F.);
#4858=EDGE_CURVE('',#5000,#6013,#6016,.T.);
#4859=EDGE_CURVE('',#6004,#6017,#6018,.T.);
#4860=EDGE_CURVE('',#6017,#5019,#6019,.T.);
#4861=EDGE_CURVE('',#5016,#6006,#6020,.T.);
#4862=EDGE_CURVE('',#5013,#6006,#6021,.T.);
#4863=EDGE_CURVE('',#6013,#6010,#6022,.T.);
#4864=EDGE_CURVE('',#5001,#6023,#6024,.T.);
#4865=EDGE_CURVE('',#6023,#6013,#6025,.T.);
#4866=EDGE_CURVE('',#6010,#6026,#6027,.T.);
#4867=EDGE_CURVE('',#6026,#4993,#6028,.T.);
#4868=EDGE_CURVE('',#4986,#6002,#6029,.T.);
#4869=EDGE_CURVE('',#6002,#5011,#6030,.T.);
#4870=EDGE_CURVE('',#6031,#6001,#6032,.T.);
#4871=EDGE_CURVE('',#4990,#6031,#6033,.T.);
#4872=EDGE_CURVE('',#6031,#4996,#6034,.T.);
#4873=EDGE_CURVE('',#6035,#6026,#6036,.T.);
#4874=EDGE_CURVE('',#6035,#6037,#6038,.T.);
#4875=EDGE_CURVE('',#6039,#6037,#6040,.T.);
#4876=EDGE_CURVE('',#6039,#6041,#6042,.T.);
#4877=EDGE_CURVE('',#6043,#6041,#6044,.T.);
#4878=EDGE_CURVE('',#6045,#6043,#6046,.T.);
#4879=EDGE_CURVE('',#6047,#6045,#6048,.T.);
#4880=EDGE_CURVE('',#6047,#6049,#6050,.T.);
#4881=EDGE_CURVE('',#6051,#6049,#6052,.T.);
#4882=EDGE_CURVE('',#6051,#6053,#6054,.T.);
#4883=EDGE_CURVE('',#6023,#6053,#6055,.T.);
#4884=EDGE_CURVE('',#5005,#6017,#6056,.T.);
#4885=EDGE_CURVE('',#6053,#6057,#6058,.T.);
#4886=EDGE_CURVE('',#6059,#6057,#6060,.T.);
#4887=EDGE_CURVE('',#6059,#6061,#6062,.T.);
#4888=EDGE_CURVE('',#6063,#6061,#6064,.T.);
#4889=EDGE_CURVE('',#6063,#6065,#6066,.T.);
#4890=EDGE_CURVE('',#6067,#6065,#6068,.T.);
#4891=EDGE_CURVE('',#6067,#6069,#6070,.T.);
#4892=EDGE_CURVE('',#6071,#6069,#6072,.T.);
#4893=EDGE_CURVE('',#6071,#6035,#6073,.T.);
#4894=EDGE_CURVE('',#6074,#6075,#6076,.T.);
#4895=EDGE_CURVE('',#6075,#6077,#6078,.T.);
#4896=EDGE_CURVE('',#6077,#6079,#6080,.T.);
#4897=EDGE_CURVE('',#6079,#6074,#6081,.T.);
#4898=EDGE_CURVE('',#6079,#6082,#6083,.T.);
#4899=EDGE_CURVE('',#6084,#6082,#6085,.T.);
#4900=EDGE_CURVE('',#6084,#6074,#6086,.T.);
#4901=EDGE_CURVE('',#6077,#6087,#6088,.T.);
#4902=EDGE_CURVE('',#6087,#6089,#6090,.T.);
#4903=EDGE_CURVE('',#6089,#6079,#6091,.T.);
#4904=EDGE_CURVE('',#6089,#6092,#6093,.T.);
#4905=EDGE_CURVE('',#6082,#6092,#6094,.T.);
#4906=EDGE_CURVE('',#6082,#6095,#6096,.T.);
#4907=EDGE_CURVE('',#6095,#6097,#6098,.T.);
#4908=EDGE_CURVE('',#6097,#6084,#6099,.T.);
#4909=EDGE_CURVE('',#6100,#6095,#6101,.T.);
#4910=EDGE_CURVE('',#6100,#6102,#6103,.T.);
#4911=EDGE_CURVE('',#6102,#6097,#6104,.T.);
#4912=EDGE_CURVE('',#6092,#6100,#6105,.T.);
#4913=EDGE_CURVE('',#6106,#6087,#6107,.T.);
#4914=EDGE_CURVE('',#6106,#6108,#6109,.T.);
#4915=EDGE_CURVE('',#6110,#6108,#6111,.T.);
#4916=EDGE_CURVE('',#6110,#6112,#6113,.T.);
#4917=EDGE_CURVE('',#6112,#6102,#6114,.T.);
#4918=EDGE_CURVE('',#6112,#6115,#6116,.T.);
#4919=EDGE_CURVE('',#6075,#6115,#6117,.T.);
#4920=EDGE_CURVE('',#6118,#6115,#6119,.T.);
#4921=EDGE_CURVE('',#6110,#6118,#6120,.T.);
#4922=EDGE_CURVE('',#6077,#6121,#6122,.T.);
#4923=EDGE_CURVE('',#6106,#6121,#6123,.T.);
#4924=EDGE_CURVE('',#6124,#6108,#6125,.T.);
#4925=EDGE_CURVE('',#6124,#6118,#6126,.T.);
#4926=EDGE_CURVE('',#6121,#6124,#6127,.T.);
#4927=EDGE_CURVE('',#6128,#6129,#6130,.T.);
#4928=EDGE_CURVE('',#6129,#6131,#6132,.T.);
#4929=EDGE_CURVE('',#6131,#6133,#6134,.T.);
#4930=EDGE_CURVE('',#6128,#6133,#6135,.T.);
#4931=EDGE_CURVE('',#6129,#6136,#6137,.T.);
#4932=EDGE_CURVE('',#6138,#6136,#6139,.T.);
#4933=EDGE_CURVE('',#6131,#6138,#6140,.T.);
#4934=EDGE_CURVE('',#6128,#6141,#6142,.T.);
#4935=EDGE_CURVE('',#6143,#6141,#6144,.T.);
#4936=EDGE_CURVE('',#6145,#6143,#6146,.T.);
#4937=EDGE_CURVE('',#6147,#6145,#6148,.T.);
#4938=EDGE_CURVE('',#6136,#6147,#6149,.T.);
#4939=EDGE_CURVE('',#6131,#6150,#6151,.T.);
#4940=EDGE_CURVE('',#6150,#6152,#6153,.T.);
#4941=EDGE_CURVE('',#6133,#6152,#6154,.T.);
#4942=EDGE_CURVE('',#6155,#6150,#6156,.T.);
#4943=EDGE_CURVE('',#6157,#6155,#6158,.T.);
#4944=EDGE_CURVE('',#6145,#6157,#6159,.T.);
#4945=EDGE_CURVE('',#6143,#6160,#6161,.T.);
#4946=EDGE_CURVE('',#6160,#6162,#6163,.T.);
#4947=EDGE_CURVE('',#6164,#6162,#6165,.T.);
#4948=EDGE_CURVE('',#6152,#6164,#6166,.T.);
#4949=EDGE_CURVE('',#6155,#6138,#6167,.T.);
#4950=EDGE_CURVE('',#6168,#6169,#6170,.T.);
#4951=EDGE_CURVE('',#6169,#6051,#6171,.T.);
#4952=EDGE_CURVE('',#6049,#6168,#6172,.T.);
#4953=EDGE_CURVE('',#6057,#6169,#6173,.T.);
#4954=EDGE_CURVE('',#6168,#6059,#6174,.T.);
#4955=EDGE_CURVE('',#6168,#6175,#6176,.T.);
#4956=EDGE_CURVE('',#6061,#6175,#6177,.T.);
#4957=EDGE_CURVE('',#6175,#6047,#6178,.T.);
#4958=EDGE_CURVE('',#6179,#6180,#6181,.T.);
#4959=EDGE_CURVE('',#6180,#6039,#6182,.T.);
#4960=EDGE_CURVE('',#6037,#6179,#6183,.T.);
#4961=EDGE_CURVE('',#6069,#6180,#6184,.T.);
#4962=EDGE_CURVE('',#6179,#6071,#6185,.T.);
#4963=EDGE_CURVE('',#6186,#6045,#6187,.T.);
#4964=EDGE_CURVE('',#6186,#6175,#6188,.T.);
#4965=EDGE_CURVE('',#6063,#6186,#6189,.T.);
#4966=EDGE_CURVE('',#6190,#6191,#6192,.T.);
#4967=EDGE_CURVE('',#6043,#6191,#6193,.T.);
#4968=EDGE_CURVE('',#6041,#6190,#6194,.T.);
#4969=EDGE_CURVE('',#6190,#6067,#6195,.T.);
#4970=EDGE_CURVE('',#6191,#6065,#6196,.T.);
#4971=EDGE_CURVE('',#6190,#6180,#6197,.T.);
#4972=EDGE_CURVE('',#6162,#6198,#6199,.T.);
#4973=EDGE_CURVE('',#6198,#6200,#6201,.T.);
#4974=EDGE_CURVE('',#6200,#6164,#6202,.T.);
#4975=EDGE_CURVE('',#6203,#6138,#6204,.T.);
#4976=EDGE_CURVE('',#6147,#6203,#6205,.T.);
#4977=EDGE_CURVE('',#6203,#6157,#6206,.T.);
#4978=EDGE_CURVE('',#6186,#5026,#6207,.T.);
#4979=EDGE_CURVE('',#5037,#6191,#6208,.T.);
#4980=EDGE_CURVE('',#6141,#6209,#6210,.T.);
#4981=EDGE_CURVE('',#6209,#6160,#6211,.T.);
#4982=EDGE_CURVE('',#6209,#6198,#6212,.T.);
#4983=EDGE_CURVE('',#6133,#6200,#6213,.T.);
#4984=COLOUR_RGB('',0.0,0.0,0.0);
#4985=VERTEX_POINT('',#6214);
#4986=VERTEX_POINT('',#6215);
#4987=LINE('',#6216,#6217);
#4988=VERTEX_POINT('',#6218);
#4989=CIRCLE('',#6219,0.5);
#4990=VERTEX_POINT('',#6220);
#4991=LINE('',#6221,#6222);
#4992=CIRCLE('',#6223,0.499999999999998);
#4993=VERTEX_POINT('',#6224);
#4994=VERTEX_POINT('',#6225);
#4995=LINE('',#6226,#6227);
#4996=VERTEX_POINT('',#6228);
#4997=CIRCLE('',#6229,0.5);
#4998=LINE('',#6230,#6231);
#4999=CIRCLE('',#6232,0.5);
#5000=VERTEX_POINT('',#6233);
#5001=VERTEX_POINT('',#6234);
#5002=LINE('',#6235,#6236);
#5003=VERTEX_POINT('',#6237);
#5004=CIRCLE('',#6238,0.5);
#5005=VERTEX_POINT('',#6239);
#5006=LINE('',#6240,#6241);
#5007=CIRCLE('',#6242,0.5);
#5008=VERTEX_POINT('',#6243);
#5009=VERTEX_POINT('',#6244);
#5010=LINE('',#6245,#6246);
#5011=VERTEX_POINT('',#6247);
#5012=CIRCLE('',#6248,0.5);
#5013=VERTEX_POINT('',#6249);
#5014=LINE('',#6250,#6251);
#5015=CIRCLE('',#6252,0.5);
#5016=VERTEX_POINT('',#6253);
#5017=VERTEX_POINT('',#6254);
#5018=LINE('',#6255,#6256);
#5019=VERTEX_POINT('',#6257);
#5020=CIRCLE('',#6258,0.499999999999998);
#5021=LINE('',#6259,#6260);
#5022=CIRCLE('',#6261,0.499999999999998);
#5023=VERTEX_POINT('',#6262);
#5024=VERTEX_POINT('',#6263);
#5025=B_SPLINE_CURVE_WITH_KNOTS('',3,(#6264,#6265,#6266,#6267,#6268,#6269,#6270,#6271,#6272,#6273,#6274,#6275,#6276,#6277,#6278,#6279),.UNSPECIFIED.,.F.,.F.,(4,3,3,3,3,4),(0.90832861352947,0.970413975016747,1.01655313337362,1.05648488400967,1.12462374566238,1.13469339705319),.UNSPECIFIED.);
#5026=VERTEX_POINT('',#6280);
#5027=LINE('',#6281,#6282);
#5028=VERTEX_POINT('',#6283);
#5029=B_SPLINE_CURVE_WITH_KNOTS('',3,(#6284,#6285,#6286,#6287,#6288,#6289,#6290,#6291,#6292,#6293,#6294,#6295,#6296,#6297,#6298,#6299),.UNSPECIFIED.,.F.,.F.,(4,3,3,3,3,4),(0.0,0.0620908439943326,0.108223565931845,0.148159980675643,0.216288431188199,0.226376410193141),.UNSPECIFIED.);
#5030=VERTEX_POINT('',#6300);
#5031=B_SPLINE_CURVE_WITH_KNOTS('',3,(#6301,#6302,#6303,#6304,#6305,#6306,#6307,#6308,#6309,#6310,#6311,#6312,#6313,#6314,#6315,#6316),.UNSPECIFIED.,.F.,.F.,(4,3,3,3,3,4),(0.226376410193141,0.296119726565214,0.335098426064663,0.37053336806514,0.438282720481134,0.454236313813723),.UNSPECIFIED.);
#5032=VERTEX_POINT('',#6317);
#5033=LINE('',#6318,#6319);
#5034=B_SPLINE_CURVE_WITH_KNOTS('',3,(#6320,#6321,#6322,#6323,#6324,#6325,#6326,#6327,#6328,#6329,#6330,#6331,#6332,#6333,#6334,#6335),.UNSPECIFIED.,.F.,.F.,(4,3,3,3,3,4),(1.13469339705319,1.20439479166331,1.24339606633161,1.27884537046272,1.34661555164746,1.36249292029421),.UNSPECIFIED.);
#5035=VERTEX_POINT('',#6336);
#5036=LINE('',#6337,#6338);
#5037=VERTEX_POINT('',#6339);
#5038=LINE('',#6340,#6341);
#5039=LINE('',#6342,#6343);
#5040=VERTEX_POINT('',#6344);
#5041=B_SPLINE_CURVE_WITH_KNOTS('',3,(#6345,#6346,#6347,#6348,#6349,#6350,#6351,#6352,#6353,#6354,#6355,#6356,#6357,#6358,#6359,#6360),.UNSPECIFIED.,.F.,.F.,(4,3,3,3,3,4),(0.227859903620582,0.296034828481692,0.340419070804207,0.377004591559558,0.445425327030419,0.454236313813723),.UNSPECIFIED.);
#5042=VERTEX_POINT('',#6361);
#5043=B_SPLINE_CURVE_WITH_KNOTS('',3,(#6362,#6363,#6364,#6365,#6366,#6367,#6368,#6369,#6370,#6371,#6372,#6373,#6374,#6375,#6376,#6377),.UNSPECIFIED.,.F.,.F.,(4,3,3,3,3,4),(1.13612813677048,1.20431142670949,1.24874333404025,1.28527325621983,1.35369557828796,1.36249292029421),.UNSPECIFIED.);
#5044=VERTEX_POINT('',#6378);
#5045=B_SPLINE_CURVE_WITH_KNOTS('',3,(#6379,#6380,#6381,#6382,#6383,#6384,#6385,#6386,#6387,#6388,#6389,#6390,#6391,#6392,#6393,#6394),.UNSPECIFIED.,.F.,.F.,(4,3,3,3,3,4),(0.90832861352947,0.970599734466807,1.01833197217727,1.0567323280457,1.12626534422545,1.13612813677048),.UNSPECIFIED.);
#5046=VERTEX_POINT('',#6395);
#5047=LINE('',#6396,#6397);
#5048=B_SPLINE_CURVE_WITH_KNOTS('',3,(#6398,#6399,#6400,#6401,#6402,#6403,#6404,#6405,#6406,#6407,#6408,#6409,#6410,#6411,#6412,#6413),.UNSPECIFIED.,.F.,.F.,(4,3,3,3,3,4),(0.0,0.0622827161030821,0.11005245824619,0.148415132134541,0.217983496814578,0.227859903620582),.UNSPECIFIED.);
#5049=LINE('',#6414,#6415);
#5050=LINE('',#6416,#6417);
#5051=VERTEX_POINT('',#6418);
#5052=VERTEX_POINT('',#6419);
#5053=B_SPLINE_CURVE_WITH_KNOTS('',3,(#6420,#6421,#6422,#6423,#6424,#6425),.UNSPECIFIED.,.F.,.F.,(4,2,4),(-0.0252104370171366,-0.0129311399655002,-0.0),.UNSPECIFIED.);
#5054=VERTEX_POINT('',#6426);
#5055=B_SPLINE_CURVE_WITH_KNOTS('',3,(#6427,#6428,#6429,#6430,#6431,#6432,#6433,#6434),.UNSPECIFIED.,.F.,.F.,(4,2,2,4),(-0.0373499083696852,-0.0309184909176497,-0.0232581668921693,-0.0),.UNSPECIFIED.);
#5056=VERTEX_POINT('',#6435);
#5057=B_SPLINE_CURVE_WITH_KNOTS('',3,(#6436,#6437,#6438,#6439,#6440,#6441,#6442,#6443,#6444,#6445),.UNSPECIFIED.,.F.,.F.,(4,2,2,2,4),(-0.0856226920768936,-0.0482663872781778,-0.0302217403540318,-0.0161781762971746,-0.0),.UNSPECIFIED.);
#5058=VERTEX_POINT('',#6446);
#5059=B_SPLINE_CURVE_WITH_KNOTS('',3,(#6447,#6448,#6449,#6450,#6451,#6452,#6453,#6454),.UNSPECIFIED.,.F.,.F.,(4,2,2,4),(-0.03807977759692,-0.0246607792434368,-0.0148114863697182,-0.0),.UNSPECIFIED.);
#5060=VERTEX_POINT('',#6455);
#5061=B_SPLINE_CURVE_WITH_KNOTS('',3,(#6456,#6457,#6458,#6459,#6460,#6461,#6462,#6463),.UNSPECIFIED.,.F.,.F.,(4,2,2,4),(-0.054429367086587,-0.0479039396460401,-0.0383378161431893,-0.0),.UNSPECIFIED.);
#5062=VERTEX_POINT('',#6464);
#5063=B_SPLINE_CURVE_WITH_KNOTS('',3,(#6465,#6466,#6467,#6468,#6469,#6470),.UNSPECIFIED.,.F.,.F.,(4,2,4),(-0.00850872027453331,-0.0064333809616767,-0.0),.UNSPECIFIED.);
#5064=B_SPLINE_CURVE_WITH_KNOTS('',3,(#6471,#6472,#6473,#6474,#6475,#6476),.UNSPECIFIED.,.F.,.F.,(4,2,4),(-0.0346667399835926,-0.0210200427426271,-0.0),.UNSPECIFIED.);
#5065=VERTEX_POINT('',#6477);
#5066=VERTEX_POINT('',#6478);
#5067=B_SPLINE_CURVE_WITH_KNOTS('',3,(#6479,#6480,#6481,#6482,#6483,#6484,#6485,#6486),.UNSPECIFIED.,.F.,.F.,(4,2,2,4),(-0.0759329909887899,-0.0455818582855382,-0.0228331772331973,-0.0),.UNSPECIFIED.);
#5068=VERTEX_POINT('',#6487);
#5069=B_SPLINE_CURVE_WITH_KNOTS('',3,(#6488,#6489,#6490,#6491,#6492,#6493),.UNSPECIFIED.,.F.,.F.,(4,2,4),(-0.0330333068399448,-0.0228502234554332,-0.0),.UNSPECIFIED.);
#5070=VERTEX_POINT('',#6494);
#5071=B_SPLINE_CURVE_WITH_KNOTS('',3,(#6495,#6496,#6497,#6498,#6499,#6500),.UNSPECIFIED.,.F.,.F.,(4,2,4),(-0.037549057280954,-0.0251194757893658,-0.0),.UNSPECIFIED.);
#5072=VERTEX_POINT('',#6501);
#5073=B_SPLINE_CURVE_WITH_KNOTS('',3,(#6502,#6503,#6504,#6505,#6506,#6507,#6508,#6509,#6510,#6511),.UNSPECIFIED.,.F.,.F.,(4,2,2,2,4),(-0.112672937889035,-0.0725716329866178,-0.0473041513882448,-0.0254388305108479,-0.0),.UNSPECIFIED.);
#5074=VERTEX_POINT('',#6512);
#5075=B_SPLINE_CURVE_WITH_KNOTS('',3,(#6513,#6514,#6515,#6516,#6517,#6518),.UNSPECIFIED.,.F.,.F.,(4,2,4),(-0.0171483721294846,-0.0109326664354194,-0.0),.UNSPECIFIED.);
#5076=VERTEX_POINT('',#6519);
#5077=LINE('',#6520,#6521);
#5078=VERTEX_POINT('',#6522);
#5079=CIRCLE('',#6523,12.3269230769231);
#5080=VERTEX_POINT('',#6524);
#5081=B_SPLINE_CURVE_WITH_KNOTS('',3,(#6525,#6526,#6527,#6528,#6529,#6530),.UNSPECIFIED.,.F.,.F.,(4,2,4),(-0.0209901588772106,-0.0140136686436563,-0.0),.UNSPECIFIED.);
#5082=VERTEX_POINT('',#6531);
#5083=B_SPLINE_CURVE_WITH_KNOTS('',3,(#6532,#6533,#6534,#6535,#6536,#6537,#6538,#6539),.UNSPECIFIED.,.F.,.F.,(4,2,2,4),(-0.0729589300588698,-0.0546471929326193,-0.0339944142869226,-0.0),.UNSPECIFIED.);
#5084=VERTEX_POINT('',#6540);
#5085=B_SPLINE_CURVE_WITH_KNOTS('',3,(#6541,#6542,#6543,#6544,#6545,#6546),.UNSPECIFIED.,.F.,.F.,(4,2,4),(-0.0843995818485736,-0.0536729133387224,-0.0),.UNSPECIFIED.);
#5086=VERTEX_POINT('',#6547);
#5087=B_SPLINE_CURVE_WITH_KNOTS('',3,(#6548,#6549,#6550,#6551,#6552,#6553,#6554,#6555),.UNSPECIFIED.,.F.,.F.,(4,2,2,4),(-0.0636341199645081,-0.0454220070638237,-0.0253895116383622,-0.0),.UNSPECIFIED.);
#5088=VERTEX_POINT('',#6556);
#5089=B_SPLINE_CURVE_WITH_KNOTS('',3,(#6557,#6558,#6559,#6560,#6561,#6562,#6563,#6564),.UNSPECIFIED.,.F.,.F.,(4,2,2,4),(-0.0457341252793855,-0.0380386472631762,-0.0285073775034218,-0.0),.UNSPECIFIED.);
#5090=VERTEX_POINT('',#6565);
#5091=B_SPLINE_CURVE_WITH_KNOTS('',3,(#6566,#6567,#6568,#6569,#6570,#6571,#6572,#6573),.UNSPECIFIED.,.F.,.F.,(4,2,2,4),(-0.0441118501542176,-0.0370312460463515,-0.0281065909533583,-0.0),.UNSPECIFIED.);
#5092=B_SPLINE_CURVE_WITH_KNOTS('',3,(#6574,#6575,#6576,#6577,#6578,#6579,#6580,#6581),.UNSPECIFIED.,.F.,.F.,(4,2,2,4),(-0.0519758589688749,-0.0437636863346697,-0.0330855146430507,-0.0),.UNSPECIFIED.);
#5093=VERTEX_POINT('',#6582);
#5094=LINE('',#6583,#6584);
#5095=VERTEX_POINT('',#6585);
#5096=B_SPLINE_CURVE_WITH_KNOTS('',3,(#6586,#6587,#6588,#6589,#6590,#6591,#6592,#6593),.UNSPECIFIED.,.F.,.F.,(4,2,2,4),(0.0,0.0148236739762468,0.024672144510657,0.0381194446252435),.UNSPECIFIED.);
#5097=LINE('',#6594,#6595);
#5098=VERTEX_POINT('',#6596);
#5099=LINE('',#6597,#6598);
#5100=B_SPLINE_CURVE_WITH_KNOTS('',3,(#6599,#6600,#6601,#6602,#6603,#6604,#6605,#6606,#6607,#6608),.UNSPECIFIED.,.F.,.F.,(4,2,2,2,4),(0.0,0.0161826382945926,0.0301989677659304,0.0482845985850789,0.0860059434119238),.UNSPECIFIED.);
#5101=VERTEX_POINT('',#6609);
#5102=LINE('',#6610,#6611);
#5103=B_SPLINE_CURVE_WITH_KNOTS('',3,(#6612,#6613,#6614,#6615,#6616,#6617,#6618,#6619),.UNSPECIFIED.,.F.,.F.,(4,2,2,4),(0.0,0.0225471233992925,0.0301109389009097,0.0363052522554957),.UNSPECIFIED.);
#5104=VERTEX_POINT('',#6620);
#5105=LINE('',#6621,#6622);
#5106=B_SPLINE_CURVE_WITH_KNOTS('',3,(#6623,#6624,#6625,#6626,#6627,#6628),.UNSPECIFIED.,.F.,.F.,(4,2,4),(0.0,0.0129318615383485,0.0252048655876337),.UNSPECIFIED.);
#5107=VERTEX_POINT('',#6629);
#5108=LINE('',#6630,#6631);
#5109=VERTEX_POINT('',#6632);
#5110=CIRCLE('',#6633,12.5269230769231);
#5111=LINE('',#6634,#6635);
#5112=VERTEX_POINT('',#6636);
#5113=LINE('',#6637,#6638);
#5114=LINE('',#6639,#6640);
#5115=VERTEX_POINT('',#6641);
#5116=LINE('',#6642,#6643);
#5117=B_SPLINE_CURVE_WITH_KNOTS('',3,(#6644,#6645,#6646,#6647,#6648,#6649),.UNSPECIFIED.,.F.,.F.,(4,2,4),(0.0,0.0109390269951056,0.017121455438323),.UNSPECIFIED.);
#5118=VERTEX_POINT('',#6650);
#5119=LINE('',#6651,#6652);
#5120=B_SPLINE_CURVE_WITH_KNOTS('',3,(#6653,#6654,#6655,#6656,#6657,#6658,#6659,#6660,#6661,#6662),.UNSPECIFIED.,.F.,.F.,(4,2,2,2,4),(0.0,0.0255536034578381,0.0469426335749985,0.0713466238810717,0.112334485076347),.UNSPECIFIED.);
#5121=VERTEX_POINT('',#6663);
#5122=LINE('',#6664,#6665);
#5123=B_SPLINE_CURVE_WITH_KNOTS('',3,(#6666,#6667,#6668,#6669,#6670,#6671),.UNSPECIFIED.,.F.,.F.,(4,2,4),(0.0,0.0244875719848996,0.038111868966176),.UNSPECIFIED.);
#5124=VERTEX_POINT('',#6672);
#5125=LINE('',#6673,#6674);
#5126=B_SPLINE_CURVE_WITH_KNOTS('',3,(#6675,#6676,#6677,#6678,#6679,#6680),.UNSPECIFIED.,.F.,.F.,(4,2,4),(0.0,0.0228381745974778,0.0330433729375207),.UNSPECIFIED.);
#5127=VERTEX_POINT('',#6681);
#5128=LINE('',#6682,#6683);
#5129=B_SPLINE_CURVE_WITH_KNOTS('',3,(#6684,#6685,#6686,#6687,#6688,#6689,#6690,#6691),.UNSPECIFIED.,.F.,.F.,(4,2,2,4),(0.0,0.0228292053163119,0.0455980363310822,0.0759011909011612),.UNSPECIFIED.);
#5130=VERTEX_POINT('',#6692);
#5131=LINE('',#6693,#6694);
#5132=B_SPLINE_CURVE_WITH_KNOTS('',3,(#6695,#6696,#6697,#6698,#6699,#6700),.UNSPECIFIED.,.F.,.F.,(4,2,4),(0.0,0.0210055548424244,0.0346685589298085),.UNSPECIFIED.);
#5133=VERTEX_POINT('',#6701);
#5134=LINE('',#6702,#6703);
#5135=B_SPLINE_CURVE_WITH_KNOTS('',3,(#6704,#6705,#6706,#6707,#6708,#6709),.UNSPECIFIED.,.F.,.F.,(4,2,4),(0.0,0.00640269656907975,0.00855448849993867),.UNSPECIFIED.);
#5136=B_SPLINE_CURVE_WITH_KNOTS('',3,(#6710,#6711,#6712,#6713,#6714,#6715,#6716,#6717),.UNSPECIFIED.,.F.,.F.,(4,2,2,4),(0.0,0.03355517660657,0.0493503265348734,0.0632002172483733),.UNSPECIFIED.);
#5137=VERTEX_POINT('',#6718);
#5138=B_SPLINE_CURVE_WITH_KNOTS('',3,(#6719,#6720,#6721,#6722,#6723,#6724),.UNSPECIFIED.,.F.,.F.,(4,2,4),(0.0,0.0140121062655506,0.0209920440011144),.UNSPECIFIED.);
#5139=LINE('',#6725,#6726);
#5140=VERTEX_POINT('',#6727);
#5141=B_SPLINE_CURVE_WITH_KNOTS('',3,(#6728,#6729,#6730,#6731,#6732,#6733,#6734,#6735),.UNSPECIFIED.,.F.,.F.,(4,2,2,4),(0.0,0.0339695055438188,0.0540568120356562,0.0724796939723349),.UNSPECIFIED.);
#5142=LINE('',#6736,#6737);
#5143=VERTEX_POINT('',#6738);
#5144=B_SPLINE_CURVE_WITH_KNOTS('',3,(#6739,#6740,#6741,#6742,#6743,#6744,#6745,#6746),.UNSPECIFIED.,.F.,.F.,(4,2,2,4),(0.0,0.0471286595354732,0.0742888947892929,0.0996111461150973),.UNSPECIFIED.);
#5145=LINE('',#6747,#6748);
#5146=VERTEX_POINT('',#6749);
#5147=B_SPLINE_CURVE_WITH_KNOTS('',3,(#6750,#6751,#6752,#6753,#6754,#6755,#6756,#6757),.UNSPECIFIED.,.F.,.F.,(4,2,2,4),(0.0,0.0252791609606481,0.0458488089833277,0.0638314787680097),.UNSPECIFIED.);
#5148=LINE('',#6758,#6759);
#5149=VERTEX_POINT('',#6760);
#5150=B_SPLINE_CURVE_WITH_KNOTS('',3,(#6761,#6762,#6763,#6764,#6765,#6766,#6767,#6768),.UNSPECIFIED.,.F.,.F.,(4,2,2,4),(0.0,0.0285040400807569,0.0380428966760287,0.0457346164756005),.UNSPECIFIED.);
#5151=LINE('',#6769,#6770);
#5152=VERTEX_POINT('',#6771);
#5153=B_SPLINE_CURVE_WITH_KNOTS('',3,(#6772,#6773,#6774,#6775,#6776,#6777,#6778,#6779),.UNSPECIFIED.,.F.,.F.,(4,2,2,4),(0.0,0.0279550127390409,0.0371196532797249,0.0444568541887125),.UNSPECIFIED.);
#5154=LINE('',#6780,#6781);
#5155=B_SPLINE_CURVE_WITH_KNOTS('',3,(#6782,#6783,#6784,#6785,#6786,#6787,#6788,#6789),.UNSPECIFIED.,.F.,.F.,(4,2,2,4),(0.0,0.031384546800599,0.0427016143377265,0.0513910670276251),.UNSPECIFIED.);
#5156=VERTEX_POINT('',#6790);
#5157=VERTEX_POINT('',#6791);
#5158=B_SPLINE_CURVE_WITH_KNOTS('',3,(#6792,#6793,#6794,#6795,#6796,#6797,#6798,#6799,#6800,#6801,#6802,#6803),.UNSPECIFIED.,.F.,.F.,(4,2,2,2,2,4),(-0.0950634351191904,-0.0838175674352406,-0.0732256246591033,-0.0508728773154175,-0.0265628671559196,-0.0),.UNSPECIFIED.);
#5159=VERTEX_POINT('',#6804);
#5160=B_SPLINE_CURVE_WITH_KNOTS('',3,(#6805,#6806,#6807,#6808,#6809,#6810,#6811,#6812),.UNSPECIFIED.,.F.,.F.,(4,2,2,4),(-0.0841737158125055,-0.0541271318969782,-0.0315199395681213,-0.0),.UNSPECIFIED.);
#5161=VERTEX_POINT('',#6813);
#5162=CIRCLE('',#6814,12.3269230769231);
#5163=VERTEX_POINT('',#6815);
#5164=B_SPLINE_CURVE_WITH_KNOTS('',3,(#6816,#6817,#6818,#6819,#6820,#6821,#6822,#6823),.UNSPECIFIED.,.F.,.F.,(4,2,2,4),(-0.0506236652430141,-0.0371691608549643,-0.0213175535832459,-0.0),.UNSPECIFIED.);
#5165=VERTEX_POINT('',#6824);
#5166=B_SPLINE_CURVE_WITH_KNOTS('',3,(#6825,#6826,#6827,#6828,#6829,#6830,#6831,#6832,#6833,#6834),.UNSPECIFIED.,.F.,.F.,(4,2,2,2,4),(-0.144600874090994,-0.102205011404267,-0.0633745747852276,-0.0319350895297908,-0.0),.UNSPECIFIED.);
#5167=VERTEX_POINT('',#6835);
#5168=B_SPLINE_CURVE_WITH_KNOTS('',3,(#6836,#6837,#6838,#6839,#6840,#6841,#6842,#6843,#6844,#6845,#6846,#6847),.UNSPECIFIED.,.F.,.F.,(4,2,2,2,2,4),(-0.0840466157667082,-0.0736388187540687,-0.0639505900147216,-0.0445427060510812,-0.0231979085438677,-0.0),.UNSPECIFIED.);
#5169=VERTEX_POINT('',#6848);
#5170=B_SPLINE_CURVE_WITH_KNOTS('',3,(#6849,#6850,#6851,#6852,#6853,#6854,#6855,#6856),.UNSPECIFIED.,.F.,.F.,(4,2,2,4),(-0.0529176656134862,-0.0420234389953145,-0.0298052328565744,-0.0),.UNSPECIFIED.);
#5171=VERTEX_POINT('',#6857);
#5172=CIRCLE('',#6858,12.3269230769231);
#5173=VERTEX_POINT('',#6859);
#5174=B_SPLINE_CURVE_WITH_KNOTS('',3,(#6860,#6861,#6862,#6863,#6864,#6865,#6866,#6867),.UNSPECIFIED.,.F.,.F.,(4,2,2,4),(-0.0592986317068011,-0.0439734280237909,-0.0250316977804369,-0.0),.UNSPECIFIED.);
#5175=VERTEX_POINT('',#6868);
#5176=B_SPLINE_CURVE_WITH_KNOTS('',3,(#6869,#6870,#6871,#6872,#6873,#6874,#6875,#6876),.UNSPECIFIED.,.F.,.F.,(4,2,2,4),(-0.040892474014884,-0.0337035915294991,-0.0244688146591414,-0.0),.UNSPECIFIED.);
#5177=B_SPLINE_CURVE_WITH_KNOTS('',3,(#6877,#6878,#6879,#6880,#6881,#6882,#6883,#6884),.UNSPECIFIED.,.F.,.F.,(4,2,2,4),(-0.0482679299966038,-0.0409031760477536,-0.031242173330447,-0.0),.UNSPECIFIED.);
#5178=VERTEX_POINT('',#6885);
#5179=VERTEX_POINT('',#6886);
#5180=B_SPLINE_CURVE_WITH_KNOTS('',3,(#6887,#6888,#6889,#6890,#6891,#6892),.UNSPECIFIED.,.F.,.F.,(4,2,4),(-0.0352429584161525,-0.0142213464021173,-0.0),.UNSPECIFIED.);
#5181=VERTEX_POINT('',#6893);
#5182=B_SPLINE_CURVE_WITH_KNOTS('',3,(#6894,#6895,#6896,#6897,#6898,#6899,#6900,#6901),.UNSPECIFIED.,.F.,.F.,(4,2,2,4),(-0.0582089514351749,-0.0301927974801563,-0.016347086723402,-0.0),.UNSPECIFIED.);
#5183=VERTEX_POINT('',#6902);
#5184=B_SPLINE_CURVE_WITH_KNOTS('',3,(#6903,#6904,#6905,#6906,#6907,#6908,#6909,#6910,#6911,#6912),.UNSPECIFIED.,.F.,.F.,(4,2,2,2,4),(-0.105863969627321,-0.0672672246974886,-0.0383655734069761,-0.0185372498501382,-0.0),.UNSPECIFIED.);
#5185=VERTEX_POINT('',#6913);
#5186=B_SPLINE_CURVE_WITH_KNOTS('',3,(#6914,#6915,#6916,#6917,#6918,#6919,#6920,#6921,#6922,#6923),.UNSPECIFIED.,.F.,.F.,(4,2,2,2,4),(-0.0864507202026671,-0.0631937965304728,-0.0412371787982643,-0.0209776966288281,-0.0),.UNSPECIFIED.);
#5187=B_SPLINE_CURVE_WITH_KNOTS('',3,(#6924,#6925,#6926,#6927,#6928,#6929,#6930,#6931),.UNSPECIFIED.,.F.,.F.,(4,2,2,4),(-0.0791427431241039,-0.0449783721007823,-0.0234918821402029,-0.0),.UNSPECIFIED.);
#5188=VERTEX_POINT('',#6932);
#5189=VERTEX_POINT('',#6933);
#5190=B_SPLINE_CURVE_WITH_KNOTS('',3,(#6934,#6935,#6936,#6937,#6938,#6939,#6940,#6941,#6942,#6943),.UNSPECIFIED.,.F.,.F.,(4,2,2,2,4),(-0.0841452379817389,-0.0572324753266013,-0.0351393902753156,-0.0173347072294981,-0.0),.UNSPECIFIED.);
#5191=VERTEX_POINT('',#6944);
#5192=B_SPLINE_CURVE_WITH_KNOTS('',3,(#6945,#6946,#6947,#6948,#6949,#6950,#6951,#6952,#6953,#6954),.UNSPECIFIED.,.F.,.F.,(4,2,2,2,4),(-0.0433619795067179,-0.0359374481775824,-0.0285111157305603,-0.0150977852338168,-0.0),.UNSPECIFIED.);
#5193=VERTEX_POINT('',#6955);
#5194=B_SPLINE_CURVE_WITH_KNOTS('',3,(#6956,#6957,#6958,#6959,#6960,#6961,#6962,#6963),.UNSPECIFIED.,.F.,.F.,(4,2,2,4),(-0.0314695674887982,-0.0278593020814668,-0.0220772828955834,-0.0),.UNSPECIFIED.);
#5195=VERTEX_POINT('',#6964);
#5196=B_SPLINE_CURVE_WITH_KNOTS('',3,(#6965,#6966,#6967,#6968,#6969,#6970),.UNSPECIFIED.,.F.,.F.,(4,2,4),(-0.0203512236403628,-0.0129165661393624,-0.0),.UNSPECIFIED.);
#5197=B_SPLINE_CURVE_WITH_KNOTS('',3,(#6971,#6972,#6973,#6974,#6975,#6976,#6977,#6978),.UNSPECIFIED.,.F.,.F.,(4,2,2,4),(-0.0290961081332542,-0.0215606978524909,-0.0140632384041237,-0.0),.UNSPECIFIED.);
#5198=VERTEX_POINT('',#6979);
#5199=LINE('',#6980,#6981);
#5200=VERTEX_POINT('',#6982);
#5201=B_SPLINE_CURVE_WITH_KNOTS('',3,(#6983,#6984,#6985,#6986,#6987,#6988,#6989,#6990),.UNSPECIFIED.,.F.,.F.,(4,2,2,4),(0.0,0.0223615918038258,0.0277549513655927,0.0314232164887883),.UNSPECIFIED.);
#5202=LINE('',#6991,#6992);
#5203=VERTEX_POINT('',#6993);
#5204=LINE('',#6994,#6995);
#5205=B_SPLINE_CURVE_WITH_KNOTS('',3,(#6996,#6997,#6998,#6999,#7000,#7001,#7002,#7003,#7004,#7005),.UNSPECIFIED.,.F.,.F.,(4,2,2,2,4),(0.0,0.0150596711449577,0.0285660619184663,0.0359955471103786,0.0434763918256803),.UNSPECIFIED.);
#5206=VERTEX_POINT('',#7006);
#5207=LINE('',#7007,#7008);
#5208=B_SPLINE_CURVE_WITH_KNOTS('',3,(#7009,#7010,#7011,#7012,#7013,#7014,#7015,#7016,#7017,#7018),.UNSPECIFIED.,.F.,.F.,(4,2,2,2,4),(0.0,0.0173894741255894,0.0352080668050121,0.0573077889629316,0.0841225534417521),.UNSPECIFIED.);
#5209=VERTEX_POINT('',#7019);
#5210=LINE('',#7020,#7021);
#5211=VERTEX_POINT('',#7022);
#5212=B_SPLINE_CURVE_WITH_KNOTS('',3,(#7023,#7024,#7025,#7026,#7027,#7028,#7029,#7030,#7031,#7032),.UNSPECIFIED.,.F.,.F.,(4,2,2,2,4),(0.0,0.0185440242886844,0.0383235001440265,0.0670655017994763,0.105726760352702),.UNSPECIFIED.);
#5213=LINE('',#7033,#7034);
#5214=VERTEX_POINT('',#7035);
#5215=LINE('',#7036,#7037);
#5216=B_SPLINE_CURVE_WITH_KNOTS('',3,(#7038,#7039,#7040,#7041,#7042,#7043,#7044,#7045),.UNSPECIFIED.,.F.,.F.,(4,2,2,4),(0.0,0.0164105529227379,0.030148200402005,0.0574915099360296),.UNSPECIFIED.);
#5217=VERTEX_POINT('',#7046);
#5218=LINE('',#7047,#7048);
#5219=B_SPLINE_CURVE_WITH_KNOTS('',3,(#7049,#7050,#7051,#7052,#7053,#7054),.UNSPECIFIED.,.F.,.F.,(4,2,4),(0.0,0.0141592863720749,0.0352496526453638),.UNSPECIFIED.);
#5220=VERTEX_POINT('',#7055);
#5221=LINE('',#7056,#7057);
#5222=VERTEX_POINT('',#7058);
#5223=B_SPLINE_CURVE_WITH_KNOTS('',3,(#7059,#7060,#7061,#7062,#7063,#7064,#7065,#7066,#7067,#7068,#7069,#7070),.UNSPECIFIED.,.F.,.F.,(4,2,2,2,2,4),(0.0,0.0231455861159009,0.0446989970556751,0.0647351128211202,0.0741325806371341,0.0844405497830615),.UNSPECIFIED.);
#5224=LINE('',#7071,#7072);
#5225=VERTEX_POINT('',#7073);
#5226=LINE('',#7074,#7075);
#5227=B_SPLINE_CURVE_WITH_KNOTS('',3,(#7076,#7077,#7078,#7079,#7080,#7081,#7082,#7083,#7084,#7085),.UNSPECIFIED.,.F.,.F.,(4,2,2,2,4),(0.0,0.0322216643825582,0.0639112073984267,0.103860600819444,0.147034817865943),.UNSPECIFIED.);
#5228=VERTEX_POINT('',#7086);
#5229=LINE('',#7087,#7088);
#5230=B_SPLINE_CURVE_WITH_KNOTS('',3,(#7089,#7090,#7091,#7092,#7093,#7094,#7095,#7096),.UNSPECIFIED.,.F.,.F.,(4,2,2,4),(0.0,0.021449426096053,0.0370925953289105,0.0507363465222212),.UNSPECIFIED.);
#5231=VERTEX_POINT('',#7097);
#5232=LINE('',#7098,#7099);
#5233=CIRCLE('',#7100,12.5269230769231);
#5234=VERTEX_POINT('',#7101);
#5235=LINE('',#7102,#7103);
#5236=B_SPLINE_CURVE_WITH_KNOTS('',3,(#7104,#7105,#7106,#7107,#7108,#7109,#7110,#7111),.UNSPECIFIED.,.F.,.F.,(4,2,2,4),(0.0,0.0317855078708185,0.0536423928525016,0.0813168866230955),.UNSPECIFIED.);
#5237=VERTEX_POINT('',#7112);
#5238=LINE('',#7113,#7114);
#5239=B_SPLINE_CURVE_WITH_KNOTS('',3,(#7115,#7116,#7117,#7118,#7119,#7120,#7121,#7122,#7123,#7124,#7125,#7126),.UNSPECIFIED.,.F.,.F.,(4,2,2,2,2,4),(0.0,0.0264582520265887,0.0510538307016403,0.0737316888119762,0.0842901927099549,0.0955083374907035),.UNSPECIFIED.);
#5240=VERTEX_POINT('',#7127);
#5241=LINE('',#7128,#7129);
#5242=B_SPLINE_CURVE_WITH_KNOTS('',3,(#7130,#7131,#7132,#7133,#7134,#7135,#7136,#7137),.UNSPECIFIED.,.F.,.F.,(4,2,2,4),(0.0,0.0140071685474692,0.0215701048982962,0.0291220553504307),.UNSPECIFIED.);
#5243=B_SPLINE_CURVE_WITH_KNOTS('',3,(#7138,#7139,#7140,#7141,#7142,#7143),.UNSPECIFIED.,.F.,.F.,(4,2,4),(0.0,0.0128227792767655,0.0205965233703449),.UNSPECIFIED.);
#5244=VERTEX_POINT('',#7144);
#5245=LINE('',#7145,#7146);
#5246=B_SPLINE_CURVE_WITH_KNOTS('',3,(#7147,#7148,#7149,#7150,#7151,#7152,#7153,#7154),.UNSPECIFIED.,.F.,.F.,(4,2,2,4),(0.0,0.0234979886546985,0.0449754361413896,0.0790900403821014),.UNSPECIFIED.);
#5247=B_SPLINE_CURVE_WITH_KNOTS('',3,(#7155,#7156,#7157,#7158,#7159,#7160,#7161,#7162,#7163,#7164),.UNSPECIFIED.,.F.,.F.,(4,2,2,2,4),(0.0,0.0209049309805336,0.0413303097631561,0.0633840145765838,0.0866972096299736),.UNSPECIFIED.);
#5248=VERTEX_POINT('',#7165);
#5249=B_SPLINE_CURVE_WITH_KNOTS('',3,(#7166,#7167,#7168,#7169,#7170,#7171,#7172,#7173),.UNSPECIFIED.,.F.,.F.,(4,2,2,4),(0.0,0.0301122341695142,0.041746567615838,0.0516346677417296),.UNSPECIFIED.);
#5250=LINE('',#7174,#7175);
#5251=VERTEX_POINT('',#7176);
#5252=CIRCLE('',#7177,12.5269230769231);
#5253=LINE('',#7178,#7179);
#5254=VERTEX_POINT('',#7180);
#5255=B_SPLINE_CURVE_WITH_KNOTS('',3,(#7181,#7182,#7183,#7184,#7185,#7186,#7187,#7188),.UNSPECIFIED.,.F.,.F.,(4,2,2,4),(0.0,0.0250287243483366,0.043125945291113,0.0592293895554954),.UNSPECIFIED.);
#5256=LINE('',#7189,#7190);
#5257=VERTEX_POINT('',#7191);
#5258=B_SPLINE_CURVE_WITH_KNOTS('',3,(#7192,#7193,#7194,#7195,#7196,#7197,#7198,#7199),.UNSPECIFIED.,.F.,.F.,(4,2,2,4),(0.0,0.0244143137538969,0.0358743706881752,0.0457105607933299),.UNSPECIFIED.);
#5259=LINE('',#7200,#7201);
#5260=B_SPLINE_CURVE_WITH_KNOTS('',3,(#7202,#7203,#7204,#7205,#7206,#7207,#7208,#7209),.UNSPECIFIED.,.F.,.F.,(4,2,2,4),(0.0,0.031238790261193,0.0409056932511474,0.0482673563176379),.UNSPECIFIED.);
#5261=VERTEX_POINT('',#7210);
#5262=VERTEX_POINT('',#7211);
#5263=B_SPLINE_CURVE_WITH_KNOTS('',3,(#7212,#7213,#7214,#7215,#7216,#7217),.UNSPECIFIED.,.F.,.F.,(4,2,4),(-0.0333525707587633,-0.0165712744032474,-0.0),.UNSPECIFIED.);
#5264=VERTEX_POINT('',#7218);
#5265=LINE('',#7219,#7220);
#5266=VERTEX_POINT('',#7221);
#5267=B_SPLINE_CURVE_WITH_KNOTS('',3,(#7222,#7223,#7224,#7225,#7226,#7227),.UNSPECIFIED.,.F.,.F.,(4,2,4),(0.0,0.0165599948317472,0.0229217737040928),.UNSPECIFIED.);
#5268=LINE('',#7228,#7229);
#5269=VERTEX_POINT('',#7230);
#5270=B_SPLINE_CURVE_WITH_KNOTS('',3,(#7231,#7232,#7233,#7234,#7235,#7236),.UNSPECIFIED.,.F.,.F.,(4,2,4),(-0.0254914159486353,-0.0140403114589733,-0.0),.UNSPECIFIED.);
#5271=VERTEX_POINT('',#7237);
#5272=LINE('',#7238,#7239);
#5273=B_SPLINE_CURVE_WITH_KNOTS('',3,(#7240,#7241,#7242,#7243,#7244,#7245),.UNSPECIFIED.,.F.,.F.,(4,2,4),(0.0,0.0139069308837856,0.025494799264433),.UNSPECIFIED.);
#5274=VERTEX_POINT('',#7246);
#5275=LINE('',#7247,#7248);
#5276=VERTEX_POINT('',#7249);
#5277=LINE('',#7250,#7251);
#5278=LINE('',#7252,#7253);
#5279=VERTEX_POINT('',#7254);
#5280=CIRCLE('',#7255,12.3269230769231);
#5281=VERTEX_POINT('',#7256);
#5282=LINE('',#7257,#7258);
#5283=CIRCLE('',#7259,12.5269230769231);
#5284=VERTEX_POINT('',#7260);
#5285=B_SPLINE_CURVE_WITH_KNOTS('',3,(#7261,#7262,#7263,#7264,#7265,#7266),.UNSPECIFIED.,.F.,.F.,(4,2,4),(-0.0408110126028049,-0.0257027485274686,-0.0),.UNSPECIFIED.);
#5286=VERTEX_POINT('',#7267);
#5287=LINE('',#7268,#7269);
#5288=B_SPLINE_CURVE_WITH_KNOTS('',3,(#7270,#7271,#7272,#7273,#7274,#7275),.UNSPECIFIED.,.F.,.F.,(4,2,4),(0.0,0.0248072324146096,0.0430894295361115),.UNSPECIFIED.);
#5289=VERTEX_POINT('',#7276);
#5290=B_SPLINE_CURVE_WITH_KNOTS('',3,(#7277,#7278,#7279,#7280,#7281,#7282),.UNSPECIFIED.,.F.,.F.,(4,2,4),(-0.0467317181532671,-0.0265606216635562,-0.0),.UNSPECIFIED.);
#5291=VERTEX_POINT('',#7283);
#5292=LINE('',#7284,#7285);
#5293=B_SPLINE_CURVE_WITH_KNOTS('',3,(#7286,#7287,#7288,#7289,#7290,#7291),.UNSPECIFIED.,.F.,.F.,(4,2,4),(0.0,0.0265221941075975,0.0467631449112454),.UNSPECIFIED.);
#5294=VERTEX_POINT('',#7292);
#5295=B_SPLINE_CURVE_WITH_KNOTS('',3,(#7293,#7294,#7295,#7296,#7297,#7298,#7299,#7300),.UNSPECIFIED.,.F.,.F.,(4,2,2,4),(-0.0597586187664946,-0.036343960902796,-0.0195691265304773,-0.0),.UNSPECIFIED.);
#5296=VERTEX_POINT('',#7301);
#5297=LINE('',#7302,#7303);
#5298=B_SPLINE_CURVE_WITH_KNOTS('',3,(#7304,#7305,#7306,#7307,#7308,#7309,#7310,#7311),.UNSPECIFIED.,.F.,.F.,(4,2,2,4),(0.0,0.0195708903648596,0.0363532281428262,0.0593967340845872),.UNSPECIFIED.);
#5299=VERTEX_POINT('',#7312);
#5300=B_SPLINE_CURVE_WITH_KNOTS('',3,(#7313,#7314,#7315,#7316,#7317,#7318,#7319,#7320,#7321,#7322),.UNSPECIFIED.,.F.,.F.,(4,2,2,2,4),(-0.0488017106465883,-0.0409090833936632,-0.0328362372141206,-0.0202165504420517,-0.0),.UNSPECIFIED.);
#5301=VERTEX_POINT('',#7323);
#5302=LINE('',#7324,#7325);
#5303=B_SPLINE_CURVE_WITH_KNOTS('',3,(#7326,#7327,#7328,#7329,#7330,#7331,#7332,#7333,#7334,#7335),.UNSPECIFIED.,.F.,.F.,(4,2,2,2,4),(0.0,0.0201539010451094,0.0320220309974197,0.0392082801646856,0.046370393260124),.UNSPECIFIED.);
#5304=VERTEX_POINT('',#7336);
#5305=CIRCLE('',#7337,12.3269230769231);
#5306=VERTEX_POINT('',#7338);
#5307=LINE('',#7339,#7340);
#5308=CIRCLE('',#7341,12.5269230769231);
#5309=VERTEX_POINT('',#7342);
#5310=B_SPLINE_CURVE_WITH_KNOTS('',3,(#7343,#7344,#7345,#7346,#7347,#7348),.UNSPECIFIED.,.F.,.F.,(4,2,4),(-0.0232159999855537,-0.0158511281357486,-0.0),.UNSPECIFIED.);
#5311=VERTEX_POINT('',#7349);
#5312=LINE('',#7350,#7351);
#5313=B_SPLINE_CURVE_WITH_KNOTS('',3,(#7352,#7353,#7354,#7355,#7356,#7357),.UNSPECIFIED.,.F.,.F.,(4,2,4),(0.0,0.0158148324517139,0.0232965195108419),.UNSPECIFIED.);
#5314=VERTEX_POINT('',#7358);
#5315=B_SPLINE_CURVE_WITH_KNOTS('',3,(#7359,#7360,#7361,#7362,#7363,#7364,#7365,#7366),.UNSPECIFIED.,.F.,.F.,(4,2,2,4),(-0.0654449648030843,-0.0342358498983862,-0.0161940885654314,-0.0),.UNSPECIFIED.);
#5316=VERTEX_POINT('',#7367);
#5317=LINE('',#7368,#7369);
#5318=B_SPLINE_CURVE_WITH_KNOTS('',3,(#7370,#7371,#7372,#7373,#7374,#7375,#7376,#7377),.UNSPECIFIED.,.F.,.F.,(4,2,2,4),(0.0,0.0161390355999679,0.0343279038153907,0.0661323887115595),.UNSPECIFIED.);
#5319=VERTEX_POINT('',#7378);
#5320=B_SPLINE_CURVE_WITH_KNOTS('',3,(#7379,#7380,#7381,#7382,#7383,#7384),.UNSPECIFIED.,.F.,.F.,(4,2,4),(-0.0487619816325591,-0.0290043823744609,-0.0),.UNSPECIFIED.);
#5321=VERTEX_POINT('',#7385);
#5322=LINE('',#7386,#7387);
#5323=B_SPLINE_CURVE_WITH_KNOTS('',3,(#7388,#7389,#7390,#7391,#7392,#7393),.UNSPECIFIED.,.F.,.F.,(4,2,4),(0.0,0.0279114106802391,0.0485327096270979),.UNSPECIFIED.);
#5324=VERTEX_POINT('',#7394);
#5325=B_SPLINE_CURVE_WITH_KNOTS('',3,(#7395,#7396,#7397,#7398,#7399,#7400,#7401,#7402),.UNSPECIFIED.,.F.,.F.,(4,2,2,4),(-0.0611051833254284,-0.0422697648833009,-0.0249807828308403,-0.0),.UNSPECIFIED.);
#5326=VERTEX_POINT('',#7403);
#5327=LINE('',#7404,#7405);
#5328=B_SPLINE_CURVE_WITH_KNOTS('',3,(#7406,#7407,#7408,#7409,#7410,#7411,#7412,#7413),.UNSPECIFIED.,.F.,.F.,(4,2,2,4),(0.0,0.025034542186368,0.0422976129865699,0.0611126091523325),.UNSPECIFIED.);
#5329=VERTEX_POINT('',#7414);
#5330=B_SPLINE_CURVE_WITH_KNOTS('',3,(#7415,#7416,#7417,#7418,#7419,#7420),.UNSPECIFIED.,.F.,.F.,(4,2,4),(-0.02069449119039,-0.0139696270075125,-0.0),.UNSPECIFIED.);
#5331=VERTEX_POINT('',#7421);
#5332=B_SPLINE_CURVE_WITH_KNOTS('',3,(#7422,#7423,#7424,#7425,#7426,#7427),.UNSPECIFIED.,.F.,.F.,(4,2,4),(0.0,0.0137692009607664,0.0207001567301096),.UNSPECIFIED.);
#5333=LINE('',#7428,#7429);
#5334=VERTEX_POINT('',#7430);
#5335=B_SPLINE_CURVE_WITH_KNOTS('',3,(#7431,#7432,#7433,#7434,#7435,#7436,#7437,#7438),.UNSPECIFIED.,.F.,.F.,(4,2,2,4),(-0.0360541652638387,-0.0227929249908154,-0.0127921536960289,-0.0),.UNSPECIFIED.);
#5336=VERTEX_POINT('',#7439);
#5337=B_SPLINE_CURVE_WITH_KNOTS('',3,(#7440,#7441,#7442,#7443,#7444,#7445,#7446,#7447),.UNSPECIFIED.,.F.,.F.,(4,2,2,4),(0.0,0.0128833310180276,0.022817196688512,0.0361903862253322),.UNSPECIFIED.);
#5338=LINE('',#7448,#7449);
#5339=VERTEX_POINT('',#7450);
#5340=B_SPLINE_CURVE_WITH_KNOTS('',3,(#7451,#7452,#7453,#7454,#7455,#7456,#7457,#7458,#7459,#7460,#7461,#7462),.UNSPECIFIED.,.F.,.F.,(4,2,2,2,2,4),(-0.0763148406944877,-0.0655300773073843,-0.0556618123649526,-0.0402977582721602,-0.0230216159497013,-0.0),.UNSPECIFIED.);
#5341=VERTEX_POINT('',#7463);
#5342=B_SPLINE_CURVE_WITH_KNOTS('',3,(#7464,#7465,#7466,#7467,#7468,#7469,#7470,#7471,#7472,#7473,#7474,#7475),.UNSPECIFIED.,.F.,.F.,(4,2,2,2,2,4),(0.0,0.0230932341213805,0.0401588769384795,0.0550109143064986,0.064648326506205,0.0749331694683909),.UNSPECIFIED.);
#5343=LINE('',#7476,#7477);
#5344=VERTEX_POINT('',#7478);
#5345=LINE('',#7479,#7480);
#5346=VERTEX_POINT('',#7481);
#5347=LINE('',#7482,#7483);
#5348=LINE('',#7484,#7485);
#5349=VERTEX_POINT('',#7486);
#5350=CIRCLE('',#7487,12.3269230769231);
#5351=VERTEX_POINT('',#7488);
#5352=CIRCLE('',#7489,12.5269230769231);
#5353=LINE('',#7490,#7491);
#5354=VERTEX_POINT('',#7492);
#5355=LINE('',#7493,#7494);
#5356=VERTEX_POINT('',#7495);
#5357=LINE('',#7496,#7497);
#5358=LINE('',#7498,#7499);
#5359=VERTEX_POINT('',#7500);
#5360=B_SPLINE_CURVE_WITH_KNOTS('',3,(#7501,#7502,#7503,#7504,#7505,#7506),.UNSPECIFIED.,.F.,.F.,(4,2,4),(-0.0283958444918459,-0.0138059620442882,-0.0),.UNSPECIFIED.);
#5361=VERTEX_POINT('',#7507);
#5362=B_SPLINE_CURVE_WITH_KNOTS('',3,(#7508,#7509,#7510,#7511,#7512,#7513),.UNSPECIFIED.,.F.,.F.,(4,2,4),(0.0,0.0138353902563609,0.028279727086036),.UNSPECIFIED.);
#5363=LINE('',#7514,#7515);
#5364=VERTEX_POINT('',#7516);
#5365=B_SPLINE_CURVE_WITH_KNOTS('',3,(#7517,#7518,#7519,#7520,#7521,#7522,#7523,#7524),.UNSPECIFIED.,.F.,.F.,(4,2,2,4),(-0.0323007026543209,-0.0271592699193807,-0.0204586365295336,-0.0),.UNSPECIFIED.);
#5366=VERTEX_POINT('',#7525);
#5367=B_SPLINE_CURVE_WITH_KNOTS('',3,(#7526,#7527,#7528,#7529,#7530,#7531,#7532,#7533),.UNSPECIFIED.,.F.,.F.,(4,2,2,4),(0.0,0.0206479110076635,0.0271456336014063,0.0321039194190747),.UNSPECIFIED.);
#5368=LINE('',#7534,#7535);
#5369=VERTEX_POINT('',#7536);
#5370=B_SPLINE_CURVE_WITH_KNOTS('',3,(#7537,#7538,#7539,#7540,#7541,#7542),.UNSPECIFIED.,.F.,.F.,(4,2,4),(-0.0263249397501937,-0.0176897993246619,-0.0),.UNSPECIFIED.);
#5371=VERTEX_POINT('',#7543);
#5372=B_SPLINE_CURVE_WITH_KNOTS('',3,(#7544,#7545,#7546,#7547,#7548,#7549),.UNSPECIFIED.,.F.,.F.,(4,2,4),(0.0,0.0175845758523949,0.0264139387311585),.UNSPECIFIED.);
#5373=LINE('',#7550,#7551);
#5374=VERTEX_POINT('',#7552);
#5375=B_SPLINE_CURVE_WITH_KNOTS('',3,(#7553,#7554,#7555,#7556,#7557,#7558,#7559,#7560),.UNSPECIFIED.,.F.,.F.,(4,2,2,4),(-0.0266205781139263,-0.0235111079255198,-0.0190327187563067,-0.0),.UNSPECIFIED.);
#5376=VERTEX_POINT('',#7561);
#5377=B_SPLINE_CURVE_WITH_KNOTS('',3,(#7562,#7563,#7564,#7565,#7566,#7567,#7568,#7569),.UNSPECIFIED.,.F.,.F.,(4,2,2,4),(0.0,0.0190307065232901,0.0235171977505198,0.0266300409401401),.UNSPECIFIED.);
#5378=LINE('',#7570,#7571);
#5379=VERTEX_POINT('',#7572);
#5380=B_SPLINE_CURVE_WITH_KNOTS('',3,(#7573,#7574,#7575,#7576,#7577,#7578),.UNSPECIFIED.,.F.,.F.,(4,2,4),(-0.0400041416639882,-0.0264656189526116,-0.0),.UNSPECIFIED.);
#5381=VERTEX_POINT('',#7579);
#5382=B_SPLINE_CURVE_WITH_KNOTS('',3,(#7580,#7581,#7582,#7583,#7584,#7585),.UNSPECIFIED.,.F.,.F.,(4,2,4),(0.0,0.0262874950832972,0.0404193175112201),.UNSPECIFIED.);
#5383=LINE('',#7586,#7587);
#5384=VERTEX_POINT('',#7588);
#5385=LINE('',#7589,#7590);
#5386=VERTEX_POINT('',#7591);
#5387=LINE('',#7592,#7593);
#5388=LINE('',#7594,#7595);
#5389=VERTEX_POINT('',#7596);
#5390=CIRCLE('',#7597,12.3269230769231);
#5391=VERTEX_POINT('',#7598);
#5392=CIRCLE('',#7599,12.5269230769231);
#5393=LINE('',#7600,#7601);
#5394=B_SPLINE_CURVE_WITH_KNOTS('',3,(#7602,#7603,#7604,#7605,#7606,#7607),.UNSPECIFIED.,.F.,.F.,(4,2,4),(-0.0556299120441607,-0.0340485582145837,-0.0),.UNSPECIFIED.);
#5395=B_SPLINE_CURVE_WITH_KNOTS('',3,(#7608,#7609,#7610,#7611,#7612,#7613),.UNSPECIFIED.,.F.,.F.,(4,2,4),(0.0,0.0340459807472782,0.0556300371073969),.UNSPECIFIED.);
#5396=VERTEX_POINT('',#7614);
#5397=VERTEX_POINT('',#7615);
#5398=B_SPLINE_CURVE_WITH_KNOTS('',3,(#7616,#7617,#7618,#7619,#7620,#7621,#7622,#7623),.UNSPECIFIED.,.F.,.F.,(4,2,2,4),(-0.0372024629214776,-0.0244657394711868,-0.0147594477622516,-0.0),.UNSPECIFIED.);
#5399=VERTEX_POINT('',#7624);
#5400=B_SPLINE_CURVE_WITH_KNOTS('',3,(#7625,#7626,#7627,#7628,#7629,#7630,#7631,#7632),.UNSPECIFIED.,.F.,.F.,(4,2,2,4),(-0.0467495227186764,-0.0426843848426603,-0.0362379021763905,-0.0),.UNSPECIFIED.);
#5401=VERTEX_POINT('',#7633);
#5402=B_SPLINE_CURVE_WITH_KNOTS('',3,(#7634,#7635,#7636,#7637,#7638,#7639),.UNSPECIFIED.,.F.,.F.,(4,2,4),(-0.0107612529610116,-0.00550259011143928,-0.0),.UNSPECIFIED.);
#5403=VERTEX_POINT('',#7640);
#5404=B_SPLINE_CURVE_WITH_KNOTS('',3,(#7641,#7642,#7643,#7644,#7645,#7646),.UNSPECIFIED.,.F.,.F.,(4,2,4),(-0.0366813067422845,-0.0210694748815655,-0.0),.UNSPECIFIED.);
#5405=VERTEX_POINT('',#7647);
#5406=B_SPLINE_CURVE_WITH_KNOTS('',3,(#7648,#7649,#7650,#7651,#7652,#7653),.UNSPECIFIED.,.F.,.F.,(4,2,4),(-0.025935913514725,-0.0124062341474869,-0.0),.UNSPECIFIED.);
#5407=VERTEX_POINT('',#7654);
#5408=B_SPLINE_CURVE_WITH_KNOTS('',3,(#7655,#7656,#7657,#7658,#7659,#7660,#7661,#7662),.UNSPECIFIED.,.F.,.F.,(4,2,2,4),(-0.0387116864956467,-0.032658492068743,-0.0250604586649571,-0.0),.UNSPECIFIED.);
#5409=B_SPLINE_CURVE_WITH_KNOTS('',3,(#7663,#7664,#7665,#7666,#7667,#7668,#7669,#7670,#7671,#7672,#7673,#7674),.UNSPECIFIED.,.F.,.F.,(4,2,2,2,2,4),(-0.0574764960072944,-0.048577592622557,-0.0409123498097272,-0.0296381837818415,-0.0159248857395087,-0.0),.UNSPECIFIED.);
#5410=VERTEX_POINT('',#7675);
#5411=VERTEX_POINT('',#7676);
#5412=B_SPLINE_CURVE_WITH_KNOTS('',3,(#7677,#7678,#7679,#7680,#7681,#7682,#7683,#7684),.UNSPECIFIED.,.F.,.F.,(4,2,2,4),(-0.0826576995579773,-0.0472344261870792,-0.0238738964283352,-0.0),.UNSPECIFIED.);
#5413=VERTEX_POINT('',#7685);
#5414=B_SPLINE_CURVE_WITH_KNOTS('',3,(#7686,#7687,#7688,#7689,#7690,#7691),.UNSPECIFIED.,.F.,.F.,(4,2,4),(-0.0332697119576345,-0.0228917828602435,-0.0),.UNSPECIFIED.);
#5415=VERTEX_POINT('',#7692);
#5416=B_SPLINE_CURVE_WITH_KNOTS('',3,(#7693,#7694,#7695,#7696,#7697,#7698),.UNSPECIFIED.,.F.,.F.,(4,2,4),(-0.0406292783481024,-0.0257071820038893,-0.0),.UNSPECIFIED.);
#5417=VERTEX_POINT('',#7699);
#5418=B_SPLINE_CURVE_WITH_KNOTS('',3,(#7700,#7701,#7702,#7703,#7704,#7705,#7706,#7707,#7708,#7709),.UNSPECIFIED.,.F.,.F.,(4,2,2,2,4),(-0.0831906419552754,-0.063183113295211,-0.0480931011070246,-0.0263732941863082,-0.0),.UNSPECIFIED.);
#5419=VERTEX_POINT('',#7710);
#5420=B_SPLINE_CURVE_WITH_KNOTS('',3,(#7711,#7712,#7713,#7714,#7715,#7716),.UNSPECIFIED.,.F.,.F.,(4,2,4),(-0.021356369854887,-0.00757524337642415,-0.0),.UNSPECIFIED.);
#5421=VERTEX_POINT('',#7717);
#5422=LINE('',#7718,#7719);
#5423=VERTEX_POINT('',#7720);
#5424=CIRCLE('',#7721,12.3269230769231);
#5425=VERTEX_POINT('',#7722);
#5426=B_SPLINE_CURVE_WITH_KNOTS('',3,(#7723,#7724,#7725,#7726,#7727,#7728),.UNSPECIFIED.,.F.,.F.,(4,2,4),(-0.0826351936567579,-0.0189161796570639,-0.0),.UNSPECIFIED.);
#5427=VERTEX_POINT('',#7729);
#5428=B_SPLINE_CURVE_WITH_KNOTS('',3,(#7730,#7731,#7732,#7733,#7734,#7735,#7736,#7737),.UNSPECIFIED.,.F.,.F.,(4,2,2,4),(-0.0884862959900829,-0.0605800722279112,-0.0357584566549819,-0.0),.UNSPECIFIED.);
#5429=VERTEX_POINT('',#7738);
#5430=B_SPLINE_CURVE_WITH_KNOTS('',3,(#7739,#7740,#7741,#7742,#7743,#7744),.UNSPECIFIED.,.F.,.F.,(4,2,4),(-0.0838101040465823,-0.0538920535491962,-0.0),.UNSPECIFIED.);
#5431=VERTEX_POINT('',#7745);
#5432=B_SPLINE_CURVE_WITH_KNOTS('',3,(#7746,#7747,#7748,#7749,#7750,#7751,#7752,#7753),.UNSPECIFIED.,.F.,.F.,(4,2,2,4),(-0.134484464887417,-0.0626873405512936,-0.0270083787634231,-0.0),.UNSPECIFIED.);
#5433=VERTEX_POINT('',#7754);
#5434=B_SPLINE_CURVE_WITH_KNOTS('',3,(#7755,#7756,#7757,#7758,#7759,#7760,#7761,#7762),.UNSPECIFIED.,.F.,.F.,(4,2,2,4),(-0.048590577649324,-0.0396519501675771,-0.0290142736382958,-0.0),.UNSPECIFIED.);
#5435=VERTEX_POINT('',#7763);
#5436=B_SPLINE_CURVE_WITH_KNOTS('',3,(#7764,#7765,#7766,#7767,#7768,#7769,#7770,#7771),.UNSPECIFIED.,.F.,.F.,(4,2,2,4),(-0.0473072382643718,-0.037046924111737,-0.0244895359580173,-0.0),.UNSPECIFIED.);
#5437=B_SPLINE_CURVE_WITH_KNOTS('',3,(#7772,#7773,#7774,#7775,#7776,#7777),.UNSPECIFIED.,.F.,.F.,(4,2,4),(-0.0491692580387608,-0.0331029439850596,-0.0),.UNSPECIFIED.);
#5438=VERTEX_POINT('',#7778);
#5439=LINE('',#7779,#7780);
#5440=VERTEX_POINT('',#7781);
#5441=B_SPLINE_CURVE_WITH_KNOTS('',3,(#7782,#7783,#7784,#7785,#7786,#7787),.UNSPECIFIED.,.F.,.F.,(4,2,4),(0.0,0.0210536282747927,0.0367189504948305),.UNSPECIFIED.);
#5442=LINE('',#7788,#7789);
#5443=VERTEX_POINT('',#7790);
#5444=LINE('',#7791,#7792);
#5445=B_SPLINE_CURVE_WITH_KNOTS('',3,(#7793,#7794,#7795,#7796,#7797,#7798),.UNSPECIFIED.,.F.,.F.,(4,2,4),(0.0,0.00547839268519865,0.0106402038579427),.UNSPECIFIED.);
#5446=VERTEX_POINT('',#7799);
#5447=LINE('',#7800,#7801);
#5448=B_SPLINE_CURVE_WITH_KNOTS('',3,(#7802,#7803,#7804,#7805,#7806,#7807,#7808,#7809),.UNSPECIFIED.,.F.,.F.,(4,2,2,4),(0.0,0.0324471089588432,0.0521217738945906,0.0724016355724047),.UNSPECIFIED.);
#5449=VERTEX_POINT('',#7810);
#5450=LINE('',#7811,#7812);
#5451=B_SPLINE_CURVE_WITH_KNOTS('',3,(#7813,#7814,#7815,#7816,#7817,#7818,#7819,#7820),.UNSPECIFIED.,.F.,.F.,(4,2,2,4),(0.0,0.0149114061459678,0.0246195400422313,0.0377675207304206),.UNSPECIFIED.);
#5452=VERTEX_POINT('',#7821);
#5453=LINE('',#7822,#7823);
#5454=VERTEX_POINT('',#7824);
#5455=CIRCLE('',#7825,12.5269230769231);
#5456=LINE('',#7826,#7827);
#5457=VERTEX_POINT('',#7828);
#5458=LINE('',#7829,#7830);
#5459=LINE('',#7831,#7832);
#5460=VERTEX_POINT('',#7833);
#5461=LINE('',#7834,#7835);
#5462=B_SPLINE_CURVE_WITH_KNOTS('',3,(#7836,#7837,#7838,#7839,#7840,#7841),.UNSPECIFIED.,.F.,.F.,(4,2,4),(0.0,0.00757570813565587,0.0213568517570965),.UNSPECIFIED.);
#5463=VERTEX_POINT('',#7842);
#5464=LINE('',#7843,#7844);
#5465=B_SPLINE_CURVE_WITH_KNOTS('',3,(#7845,#7846,#7847,#7848,#7849,#7850,#7851,#7852,#7853,#7854),.UNSPECIFIED.,.F.,.F.,(4,2,2,2,4),(0.0,0.026394040520645,0.0480125516661501,0.0629338302150209,0.0831946069209826),.UNSPECIFIED.);
#5466=VERTEX_POINT('',#7855);
#5467=LINE('',#7856,#7857);
#5468=B_SPLINE_CURVE_WITH_KNOTS('',3,(#7858,#7859,#7860,#7861,#7862,#7863),.UNSPECIFIED.,.F.,.F.,(4,2,4),(0.0,0.0252679454066311,0.0405094230936133),.UNSPECIFIED.);
#5469=VERTEX_POINT('',#7864);
#5470=LINE('',#7865,#7866);
#5471=B_SPLINE_CURVE_WITH_KNOTS('',3,(#7867,#7868,#7869,#7870,#7871,#7872),.UNSPECIFIED.,.F.,.F.,(4,2,4),(0.0,0.022885020324432,0.0332770733518383),.UNSPECIFIED.);
#5472=VERTEX_POINT('',#7873);
#5473=LINE('',#7874,#7875);
#5474=B_SPLINE_CURVE_WITH_KNOTS('',3,(#7876,#7877,#7878,#7879,#7880,#7881,#7882,#7883),.UNSPECIFIED.,.F.,.F.,(4,2,2,4),(0.0,0.0238710147002998,0.0473706748483132,0.0813913646898226),.UNSPECIFIED.);
#5475=VERTEX_POINT('',#7884);
#5476=LINE('',#7885,#7886);
#5477=B_SPLINE_CURVE_WITH_KNOTS('',3,(#7887,#7888,#7889,#7890,#7891,#7892,#7893,#7894,#7895,#7896,#7897,#7898),.UNSPECIFIED.,.F.,.F.,(4,2,2,2,2,4),(0.0,0.0159694013672638,0.0295016120295244,0.0403843570432729,0.0481066617767769,0.0568904646523327),.UNSPECIFIED.);
#5478=VERTEX_POINT('',#7899);
#5479=LINE('',#7900,#7901);
#5480=B_SPLINE_CURVE_WITH_KNOTS('',3,(#7902,#7903,#7904,#7905,#7906,#7907,#7908,#7909),.UNSPECIFIED.,.F.,.F.,(4,2,2,4),(0.0,0.0217135312813841,0.0293286309823493,0.0355220574772858),.UNSPECIFIED.);
#5481=B_SPLINE_CURVE_WITH_KNOTS('',3,(#7910,#7911,#7912,#7913,#7914,#7915),.UNSPECIFIED.,.F.,.F.,(4,2,4),(0.0,0.0124064226228807,0.025931836884163),.UNSPECIFIED.);
#5482=VERTEX_POINT('',#7916);
#5483=B_SPLINE_CURVE_WITH_KNOTS('',3,(#7917,#7918,#7919,#7920,#7921,#7922),.UNSPECIFIED.,.F.,.F.,(4,2,4),(0.0,0.0128149051258525,0.0186453441725403),.UNSPECIFIED.);
#5484=LINE('',#7923,#7924);
#5485=VERTEX_POINT('',#7925);
#5486=B_SPLINE_CURVE_WITH_KNOTS('',3,(#7926,#7927,#7928,#7929,#7930,#7931,#7932,#7933),.UNSPECIFIED.,.F.,.F.,(4,2,2,4),(0.0,0.0357348716000443,0.0605446109112976,0.0884657717069542),.UNSPECIFIED.);
#5487=LINE('',#7934,#7935);
#5488=VERTEX_POINT('',#7936);
#5489=B_SPLINE_CURVE_WITH_KNOTS('',3,(#7937,#7938,#7939,#7940,#7941,#7942,#7943,#7944),.UNSPECIFIED.,.F.,.F.,(4,2,2,4),(0.0,0.044518538243082,0.072128790845498,0.0961349511285372),.UNSPECIFIED.);
#5490=LINE('',#7945,#7946);
#5491=VERTEX_POINT('',#7947);
#5492=B_SPLINE_CURVE_WITH_KNOTS('',3,(#7948,#7949,#7950,#7951,#7952,#7953,#7954,#7955),.UNSPECIFIED.,.F.,.F.,(4,2,2,4),(0.0,0.026593565843692,0.0633967029250081,0.140274401653564),.UNSPECIFIED.);
#5493=LINE('',#7956,#7957);
#5494=VERTEX_POINT('',#7958);
#5495=B_SPLINE_CURVE_WITH_KNOTS('',3,(#7959,#7960,#7961,#7962,#7963,#7964,#7965,#7966),.UNSPECIFIED.,.F.,.F.,(4,2,2,4),(0.0,0.0288996712939308,0.039678322690706,0.0485938325435576),.UNSPECIFIED.);
#5496=LINE('',#7967,#7968);
#5497=VERTEX_POINT('',#7969);
#5498=B_SPLINE_CURVE_WITH_KNOTS('',3,(#7970,#7971,#7972,#7973,#7974,#7975,#7976,#7977),.UNSPECIFIED.,.F.,.F.,(4,2,2,4),(0.0,0.0248636379529526,0.0368549119385298,0.0466397487402302),.UNSPECIFIED.);
#5499=LINE('',#7978,#7979);
#5500=B_SPLINE_CURVE_WITH_KNOTS('',3,(#7980,#7981,#7982,#7983,#7984,#7985,#7986,#7987),.UNSPECIFIED.,.F.,.F.,(4,2,2,4),(0.0,0.0295764760605718,0.0461499367312712,0.0622933676457018),.UNSPECIFIED.);
#5501=VERTEX_POINT('',#7988);
#5502=VERTEX_POINT('',#7989);
#5503=LINE('',#7990,#7991);
#5504=VERTEX_POINT('',#7992);
#5505=LINE('',#7993,#7994);
#5506=VERTEX_POINT('',#7995);
#5507=LINE('',#7996,#7997);
#5508=LINE('',#7998,#7999);
#5509=VERTEX_POINT('',#8000);
#5510=CIRCLE('',#8001,12.3269230769231);
#5511=VERTEX_POINT('',#8002);
#5512=LINE('',#8003,#8004);
#5513=CIRCLE('',#8005,12.5269230769231);
#5514=VERTEX_POINT('',#8006);
#5515=LINE('',#8007,#8008);
#5516=VERTEX_POINT('',#8009);
#5517=LINE('',#8010,#8011);
#5518=LINE('',#8012,#8013);
#5519=VERTEX_POINT('',#8014);
#5520=CIRCLE('',#8015,12.3269230769231);
#5521=VERTEX_POINT('',#8016);
#5522=LINE('',#8017,#8018);
#5523=CIRCLE('',#8019,12.5269230769231);
#5524=VERTEX_POINT('',#8020);
#5525=LINE('',#8021,#8022);
#5526=VERTEX_POINT('',#8023);
#5527=LINE('',#8024,#8025);
#5528=LINE('',#8026,#8027);
#5529=VERTEX_POINT('',#8028);
#5530=CIRCLE('',#8029,12.3269230769231);
#5531=VERTEX_POINT('',#8030);
#5532=CIRCLE('',#8031,12.5269230769231);
#5533=LINE('',#8032,#8033);
#5534=VERTEX_POINT('',#8034);
#5535=LINE('',#8035,#8036);
#5536=VERTEX_POINT('',#8037);
#5537=LINE('',#8038,#8039);
#5538=LINE('',#8040,#8041);
#5539=VERTEX_POINT('',#8042);
#5540=CIRCLE('',#8043,12.3269230769231);
#5541=VERTEX_POINT('',#8044);
#5542=CIRCLE('',#8045,12.5269230769231);
#5543=LINE('',#8046,#8047);
#5544=VERTEX_POINT('',#8048);
#5545=LINE('',#8049,#8050);
#5546=VERTEX_POINT('',#8051);
#5547=LINE('',#8052,#8053);
#5548=LINE('',#8054,#8055);
#5549=VERTEX_POINT('',#8056);
#5550=B_SPLINE_CURVE_WITH_KNOTS('',3,(#8057,#8058,#8059,#8060,#8061,#8062,#8063,#8064,#8065,#8066,#8067,#8068),.UNSPECIFIED.,.F.,.F.,(4,2,2,2,2,4),(-0.15277109056535,-0.114807788984289,-0.0822481942069719,-0.0480585987578372,-0.0285197147176038,-0.0),.UNSPECIFIED.);
#5551=VERTEX_POINT('',#8069);
#5552=B_SPLINE_CURVE_WITH_KNOTS('',3,(#8070,#8071,#8072,#8073,#8074,#8075,#8076,#8077,#8078,#8079,#8080,#8081),.UNSPECIFIED.,.F.,.F.,(4,2,2,2,2,4),(0.0,0.0286846737888992,0.0482434509526835,0.0815757786712511,0.114363463702879,0.150999191477618),.UNSPECIFIED.);
#5553=LINE('',#8082,#8083);
#5554=CIRCLE('',#8084,12.3269230769231);
#5555=CIRCLE('',#8085,12.5269230769231);
#5556=VERTEX_POINT('',#8086);
#5557=VERTEX_POINT('',#8087);
#5558=B_SPLINE_CURVE_WITH_KNOTS('',3,(#8088,#8089,#8090,#8091,#8092,#8093,#8094,#8095,#8096,#8097,#8098,#8099),.UNSPECIFIED.,.F.,.F.,(4,2,2,2,2,4),(-0.127917616125817,-0.0949229719525702,-0.0691282208512424,-0.0491340349726861,-0.0269825351856792,-0.0),.UNSPECIFIED.);
#5559=VERTEX_POINT('',#8100);
#5560=B_SPLINE_CURVE_WITH_KNOTS('',3,(#8101,#8102,#8103,#8104,#8105,#8106,#8107,#8108,#8109,#8110,#8111,#8112),.UNSPECIFIED.,.F.,.F.,(4,2,2,2,2,4),(-0.143372608273566,-0.125439960561897,-0.109012607820699,-0.0855943610462946,-0.0579171754882013,-0.0),.UNSPECIFIED.);
#5561=VERTEX_POINT('',#8113);
#5562=B_SPLINE_CURVE_WITH_KNOTS('',3,(#8114,#8115,#8116,#8117,#8118,#8119,#8120,#8121,#8122,#8123,#8124,#8125),.UNSPECIFIED.,.F.,.F.,(4,2,2,2,2,4),(-0.131701273232056,-0.0969033650582007,-0.0700068033681688,-0.0496589452888175,-0.0276415480605057,-0.0),.UNSPECIFIED.);
#5563=B_SPLINE_CURVE_WITH_KNOTS('',3,(#8126,#8127,#8128,#8129,#8130,#8131,#8132,#8133,#8134,#8135,#8136,#8137),.UNSPECIFIED.,.F.,.F.,(4,2,2,2,2,4),(-0.156985293337543,-0.136320136602394,-0.117405371740007,-0.0906202621806821,-0.0600796711811768,-0.0),.UNSPECIFIED.);
#5564=VERTEX_POINT('',#8138);
#5565=VERTEX_POINT('',#8139);
#5566=B_SPLINE_CURVE_WITH_KNOTS('',3,(#8140,#8141,#8142,#8143,#8144,#8145),.UNSPECIFIED.,.F.,.F.,(4,2,4),(-0.0577839940707407,-0.0399225086565485,-0.0),.UNSPECIFIED.);
#5567=VERTEX_POINT('',#8146);
#5568=B_SPLINE_CURVE_WITH_KNOTS('',3,(#8147,#8148,#8149,#8150,#8151,#8152),.UNSPECIFIED.,.F.,.F.,(4,2,4),(-0.0466873945509734,-0.0281061360782618,-0.0),.UNSPECIFIED.);
#5569=VERTEX_POINT('',#8153);
#5570=B_SPLINE_CURVE_WITH_KNOTS('',3,(#8154,#8155,#8156,#8157,#8158,#8159,#8160,#8161,#8162,#8163),.UNSPECIFIED.,.F.,.F.,(4,2,2,2,4),(-0.0354906991907735,-0.029363956797877,-0.0238445136971093,-0.0146165845720421,-0.0),.UNSPECIFIED.);
#5571=VERTEX_POINT('',#8164);
#5572=B_SPLINE_CURVE_WITH_KNOTS('',3,(#8165,#8166,#8167,#8168,#8169,#8170,#8171,#8172,#8173,#8174),.UNSPECIFIED.,.F.,.F.,(4,2,2,2,4),(-0.0790206178067227,-0.0550346751386997,-0.0334891982565746,-0.0166000298982968,-0.0),.UNSPECIFIED.);
#5573=VERTEX_POINT('',#8175);
#5574=B_SPLINE_CURVE_WITH_KNOTS('',3,(#8176,#8177,#8178,#8179,#8180,#8181),.UNSPECIFIED.,.F.,.F.,(4,2,4),(-0.0542245415683622,-0.0388471506462658,-0.0),.UNSPECIFIED.);
#5575=VERTEX_POINT('',#8182);
#5576=B_SPLINE_CURVE_WITH_KNOTS('',3,(#8183,#8184,#8185,#8186,#8187,#8188),.UNSPECIFIED.,.F.,.F.,(4,2,4),(-0.0431357012172655,-0.0288657927153429,-0.0),.UNSPECIFIED.);
#5577=VERTEX_POINT('',#8189);
#5578=B_SPLINE_CURVE_WITH_KNOTS('',3,(#8190,#8191,#8192,#8193,#8194,#8195,#8196,#8197,#8198,#8199),.UNSPECIFIED.,.F.,.F.,(4,2,2,2,4),(-0.036250668267585,-0.0297749283790983,-0.0239665694160059,-0.0146265012736472,-0.0),.UNSPECIFIED.);
#5579=B_SPLINE_CURVE_WITH_KNOTS('',3,(#8200,#8201,#8202,#8203,#8204,#8205,#8206,#8207,#8208,#8209),.UNSPECIFIED.,.F.,.F.,(4,2,2,2,4),(-0.0684083029431183,-0.0494767578253626,-0.0323774707258628,-0.0165131692910188,-0.0),.UNSPECIFIED.);
#5580=VERTEX_POINT('',#8210);
#5581=LINE('',#8211,#8212);
#5582=VERTEX_POINT('',#8213);
#5583=B_SPLINE_CURVE_WITH_KNOTS('',3,(#8214,#8215,#8216,#8217,#8218,#8219,#8220,#8221,#8222,#8223),.UNSPECIFIED.,.F.,.F.,(4,2,2,2,4),(0.0,0.01657726901176,0.0334803009206764,0.0551234746173165,0.0792323136298494),.UNSPECIFIED.);
#5584=LINE('',#8224,#8225);
#5585=VERTEX_POINT('',#8226);
#5586=LINE('',#8227,#8228);
#5587=B_SPLINE_CURVE_WITH_KNOTS('',3,(#8229,#8230,#8231,#8232,#8233,#8234,#8235,#8236,#8237,#8238),.UNSPECIFIED.,.F.,.F.,(4,2,2,2,4),(0.0,0.0146197710955348,0.0238420782806021,0.0293759467565493,0.0354973613350247),.UNSPECIFIED.);
#5588=VERTEX_POINT('',#8239);
#5589=LINE('',#8240,#8241);
#5590=B_SPLINE_CURVE_WITH_KNOTS('',3,(#8242,#8243,#8244,#8245,#8246,#8247),.UNSPECIFIED.,.F.,.F.,(4,2,4),(0.0,0.0274873620911704,0.0527567587650041),.UNSPECIFIED.);
#5591=VERTEX_POINT('',#8248);
#5592=LINE('',#8249,#8250);
#5593=B_SPLINE_CURVE_WITH_KNOTS('',3,(#8251,#8252,#8253,#8254,#8255,#8256),.UNSPECIFIED.,.F.,.F.,(4,2,4),(0.0,0.0359549880088297,0.062784957668358),.UNSPECIFIED.);
#5594=VERTEX_POINT('',#8257);
#5595=LINE('',#8258,#8259);
#5596=VERTEX_POINT('',#8260);
#5597=B_SPLINE_CURVE_WITH_KNOTS('',3,(#8261,#8262,#8263,#8264,#8265,#8266,#8267,#8268,#8269,#8270,#8271,#8272),.UNSPECIFIED.,.F.,.F.,(4,2,2,2,2,4),(0.0,0.053301188140453,0.0862190556415711,0.126011056587008,0.156668087953784,0.191445599183312),.UNSPECIFIED.);
#5598=LINE('',#8273,#8274);
#5599=VERTEX_POINT('',#8275);
#5600=LINE('',#8276,#8277);
#5601=B_SPLINE_CURVE_WITH_KNOTS('',3,(#8278,#8279,#8280,#8281,#8282,#8283,#8284,#8285,#8286,#8287,#8288,#8289),.UNSPECIFIED.,.F.,.F.,(4,2,2,2,2,4),(0.0,0.0271796799555635,0.0487141668310089,0.0716478954701666,0.109310428987051,0.156430556698981),.UNSPECIFIED.);
#5602=VERTEX_POINT('',#8290);
#5603=LINE('',#8291,#8292);
#5604=B_SPLINE_CURVE_WITH_KNOTS('',3,(#8293,#8294,#8295,#8296,#8297,#8298,#8299,#8300,#8301,#8302),.UNSPECIFIED.,.F.,.F.,(4,2,2,2,4),(0.0,0.0165370524644092,0.032362764787152,0.0493230352119848,0.0682018120244253),.UNSPECIFIED.);
#5605=VERTEX_POINT('',#8303);
#5606=LINE('',#8304,#8305);
#5607=B_SPLINE_CURVE_WITH_KNOTS('',3,(#8306,#8307,#8308,#8309,#8310,#8311,#8312,#8313,#8314,#8315),.UNSPECIFIED.,.F.,.F.,(4,2,2,2,4),(0.0,0.0146629807659458,0.0239484866490969,0.0298327941487472,0.036295985834659),.UNSPECIFIED.);
#5608=VERTEX_POINT('',#8316);
#5609=LINE('',#8317,#8318);
#5610=B_SPLINE_CURVE_WITH_KNOTS('',3,(#8319,#8320,#8321,#8322,#8323,#8324),.UNSPECIFIED.,.F.,.F.,(4,2,4),(0.0,0.0266809797903312,0.0496722162764289),.UNSPECIFIED.);
#5611=B_SPLINE_CURVE_WITH_KNOTS('',3,(#8325,#8326,#8327,#8328,#8329,#8330),.UNSPECIFIED.,.F.,.F.,(4,2,4),(0.0,0.034954135877074,0.0599545053436151),.UNSPECIFIED.);
#5612=VERTEX_POINT('',#8331);
#5613=B_SPLINE_CURVE_WITH_KNOTS('',3,(#8332,#8333,#8334,#8335,#8336,#8337,#8338,#8339,#8340,#8341,#8342,#8343),.UNSPECIFIED.,.F.,.F.,(4,2,2,2,2,4),(0.0,0.0276525732797365,0.0496705214404222,0.0701171205829573,0.101362687326301,0.133622469352713),.UNSPECIFIED.);
#5614=LINE('',#8344,#8345);
#5615=B_SPLINE_CURVE_WITH_KNOTS('',3,(#8346,#8347,#8348,#8349,#8350,#8351,#8352,#8353,#8354,#8355,#8356,#8357),.UNSPECIFIED.,.F.,.F.,(4,2,2,2,2,4),(0.0,0.0588822474912408,0.108574466027795,0.157960006948833,0.196608358281741,0.238982621381779),.UNSPECIFIED.);
#5616=VERTEX_POINT('',#8358);
#5617=VERTEX_POINT('',#8359);
#5618=LINE('',#8360,#8361);
#5619=VERTEX_POINT('',#8362);
#5620=LINE('',#8363,#8364);
#5621=VERTEX_POINT('',#8365);
#5622=LINE('',#8366,#8367);
#5623=LINE('',#8368,#8369);
#5624=VERTEX_POINT('',#8370);
#5625=CIRCLE('',#8371,12.3269230769231);
#5626=VERTEX_POINT('',#8372);
#5627=LINE('',#8373,#8374);
#5628=CIRCLE('',#8375,12.5269230769231);
#5629=VERTEX_POINT('',#8376);
#5630=CIRCLE('',#8377,12.3269230769231);
#5631=VERTEX_POINT('',#8378);
#5632=CIRCLE('',#8379,12.5269230769231);
#5633=LINE('',#8380,#8381);
#5634=LINE('',#8382,#8383);
#5635=LINE('',#8384,#8385);
#5636=VERTEX_POINT('',#8386);
#5637=VERTEX_POINT('',#8387);
#5638=B_SPLINE_CURVE_WITH_KNOTS('',3,(#8388,#8389,#8390,#8391,#8392,#8393),.UNSPECIFIED.,.F.,.F.,(4,2,4),(-0.0252104370171356,-0.0129311399654999,-0.0),.UNSPECIFIED.);
#5639=VERTEX_POINT('',#8394);
#5640=B_SPLINE_CURVE_WITH_KNOTS('',3,(#8395,#8396,#8397,#8398,#8399,#8400,#8401,#8402),.UNSPECIFIED.,.F.,.F.,(4,2,2,4),(-0.0373499083696583,-0.0309184909176388,-0.0232581668921693,-0.0),.UNSPECIFIED.);
#5641=VERTEX_POINT('',#8403);
#5642=B_SPLINE_CURVE_WITH_KNOTS('',3,(#8404,#8405,#8406,#8407,#8408,#8409,#8410,#8411,#8412,#8413),.UNSPECIFIED.,.F.,.F.,(4,2,2,2,4),(-0.0856226920771912,-0.0482663872782264,-0.0302217403540319,-0.0161781762971746,-0.0),.UNSPECIFIED.);
#5643=VERTEX_POINT('',#8414);
#5644=B_SPLINE_CURVE_WITH_KNOTS('',3,(#8415,#8416,#8417,#8418,#8419,#8420,#8421,#8422),.UNSPECIFIED.,.F.,.F.,(4,2,2,4),(-0.0380797775969098,-0.0246607792434348,-0.0148114863697179,-0.0),.UNSPECIFIED.);
#5645=VERTEX_POINT('',#8423);
#5646=B_SPLINE_CURVE_WITH_KNOTS('',3,(#8424,#8425,#8426,#8427,#8428,#8429,#8430,#8431),.UNSPECIFIED.,.F.,.F.,(4,2,2,4),(-0.0544293670865836,-0.0479039396460385,-0.0383378161431893,-0.0),.UNSPECIFIED.);
#5647=VERTEX_POINT('',#8432);
#5648=B_SPLINE_CURVE_WITH_KNOTS('',3,(#8433,#8434,#8435,#8436,#8437,#8438),.UNSPECIFIED.,.F.,.F.,(4,2,4),(-0.00850872027447747,-0.006433380961644,-0.0),.UNSPECIFIED.);
#5649=B_SPLINE_CURVE_WITH_KNOTS('',3,(#8439,#8440,#8441,#8442,#8443,#8444),.UNSPECIFIED.,.F.,.F.,(4,2,4),(-0.0346667399835924,-0.0210200427426271,-0.0),.UNSPECIFIED.);
#5650=VERTEX_POINT('',#8445);
#5651=VERTEX_POINT('',#8446);
#5652=B_SPLINE_CURVE_WITH_KNOTS('',3,(#8447,#8448,#8449,#8450,#8451,#8452,#8453,#8454),.UNSPECIFIED.,.F.,.F.,(4,2,2,4),(-0.0759329909890229,-0.045581858285588,-0.0228331772331981,-0.0),.UNSPECIFIED.);
#5653=VERTEX_POINT('',#8455);
#5654=B_SPLINE_CURVE_WITH_KNOTS('',3,(#8456,#8457,#8458,#8459,#8460,#8461),.UNSPECIFIED.,.F.,.F.,(4,2,4),(-0.0330333068399475,-0.0228502234554328,-0.0),.UNSPECIFIED.);
#5655=VERTEX_POINT('',#8462);
#5656=B_SPLINE_CURVE_WITH_KNOTS('',3,(#8463,#8464,#8465,#8466,#8467,#8468),.UNSPECIFIED.,.F.,.F.,(4,2,4),(-0.0375490572809521,-0.0251194757893655,-0.0),.UNSPECIFIED.);
#5657=VERTEX_POINT('',#8469);
#5658=B_SPLINE_CURVE_WITH_KNOTS('',3,(#8470,#8471,#8472,#8473,#8474,#8475,#8476,#8477,#8478,#8479),.UNSPECIFIED.,.F.,.F.,(4,2,2,2,4),(-0.112672937889006,-0.0725716329865991,-0.0473041513882303,-0.0254388305108402,-0.0),.UNSPECIFIED.);
#5659=VERTEX_POINT('',#8480);
#5660=B_SPLINE_CURVE_WITH_KNOTS('',3,(#8481,#8482,#8483,#8484,#8485,#8486),.UNSPECIFIED.,.F.,.F.,(4,2,4),(-0.0171483721294846,-0.0109326664354194,-0.0),.UNSPECIFIED.);
#5661=VERTEX_POINT('',#8487);
#5662=LINE('',#8488,#8489);
#5663=VERTEX_POINT('',#8490);
#5664=CIRCLE('',#8491,12.3269230769231);
#5665=VERTEX_POINT('',#8492);
#5666=B_SPLINE_CURVE_WITH_KNOTS('',3,(#8493,#8494,#8495,#8496,#8497,#8498),.UNSPECIFIED.,.F.,.F.,(4,2,4),(-0.020990158877208,-0.0140136686436565,-0.0),.UNSPECIFIED.);
#5667=VERTEX_POINT('',#8499);
#5668=B_SPLINE_CURVE_WITH_KNOTS('',3,(#8500,#8501,#8502,#8503,#8504,#8505,#8506,#8507),.UNSPECIFIED.,.F.,.F.,(4,2,2,4),(-0.0729589300588634,-0.0546471929326171,-0.033994414286923,-0.0),.UNSPECIFIED.);
#5669=VERTEX_POINT('',#8508);
#5670=B_SPLINE_CURVE_WITH_KNOTS('',3,(#8509,#8510,#8511,#8512,#8513,#8514),.UNSPECIFIED.,.F.,.F.,(4,2,4),(-0.0843995818485749,-0.0536729133387224,-0.0),.UNSPECIFIED.);
#5671=VERTEX_POINT('',#8515);
#5672=B_SPLINE_CURVE_WITH_KNOTS('',3,(#8516,#8517,#8518,#8519,#8520,#8521,#8522,#8523),.UNSPECIFIED.,.F.,.F.,(4,2,2,4),(-0.0636341199645078,-0.0454220070638242,-0.0253895116383624,-0.0),.UNSPECIFIED.);
#5673=VERTEX_POINT('',#8524);
#5674=B_SPLINE_CURVE_WITH_KNOTS('',3,(#8525,#8526,#8527,#8528,#8529,#8530,#8531,#8532),.UNSPECIFIED.,.F.,.F.,(4,2,2,4),(-0.0457341252793926,-0.0380386472631795,-0.0285073775034219,-0.0),.UNSPECIFIED.);
#5675=VERTEX_POINT('',#8533);
#5676=B_SPLINE_CURVE_WITH_KNOTS('',3,(#8534,#8535,#8536,#8537,#8538,#8539,#8540,#8541),.UNSPECIFIED.,.F.,.F.,(4,2,2,4),(-0.0441118501542058,-0.037031246046346,-0.0281065909533584,-0.0),.UNSPECIFIED.);
#5677=B_SPLINE_CURVE_WITH_KNOTS('',3,(#8542,#8543,#8544,#8545,#8546,#8547,#8548,#8549),.UNSPECIFIED.,.F.,.F.,(4,2,2,4),(-0.0519758589688749,-0.0437636863346697,-0.0330855146430507,-0.0),.UNSPECIFIED.);
#5678=VERTEX_POINT('',#8550);
#5679=LINE('',#8551,#8552);
#5680=VERTEX_POINT('',#8553);
#5681=B_SPLINE_CURVE_WITH_KNOTS('',3,(#8554,#8555,#8556,#8557,#8558,#8559,#8560,#8561),.UNSPECIFIED.,.F.,.F.,(4,2,2,4),(0.0,0.0148236739762468,0.024672144510654,0.0381194446252268),.UNSPECIFIED.);
#5682=LINE('',#8562,#8563);
#5683=VERTEX_POINT('',#8564);
#5684=LINE('',#8565,#8566);
#5685=B_SPLINE_CURVE_WITH_KNOTS('',3,(#8567,#8568,#8569,#8570,#8571,#8572,#8573,#8574,#8575,#8576),.UNSPECIFIED.,.F.,.F.,(4,2,2,2,4),(0.0,0.0161826382945927,0.0301989677659304,0.0482845985850957,0.0860059434120344),.UNSPECIFIED.);
#5686=VERTEX_POINT('',#8577);
#5687=LINE('',#8578,#8579);
#5688=B_SPLINE_CURVE_WITH_KNOTS('',3,(#8580,#8581,#8582,#8583,#8584,#8585,#8586,#8587),.UNSPECIFIED.,.F.,.F.,(4,2,2,4),(0.0,0.0225471233992927,0.0301109389008843,0.03630525225544),.UNSPECIFIED.);
#5689=VERTEX_POINT('',#8588);
#5690=LINE('',#8589,#8590);
#5691=B_SPLINE_CURVE_WITH_KNOTS('',3,(#8591,#8592,#8593,#8594,#8595,#8596),.UNSPECIFIED.,.F.,.F.,(4,2,4),(0.0,0.0129318615383494,0.0252048655876334),.UNSPECIFIED.);
#5692=VERTEX_POINT('',#8597);
#5693=LINE('',#8598,#8599);
#5694=VERTEX_POINT('',#8600);
#5695=CIRCLE('',#8601,12.5269230769231);
#5696=LINE('',#8602,#8603);
#5697=VERTEX_POINT('',#8604);
#5698=LINE('',#8605,#8606);
#5699=LINE('',#8607,#8608);
#5700=VERTEX_POINT('',#8609);
#5701=LINE('',#8610,#8611);
#5702=B_SPLINE_CURVE_WITH_KNOTS('',3,(#8612,#8613,#8614,#8615,#8616,#8617),.UNSPECIFIED.,.F.,.F.,(4,2,4),(0.0,0.010939026995104,0.0171214554383195),.UNSPECIFIED.);
#5703=VERTEX_POINT('',#8618);
#5704=LINE('',#8619,#8620);
#5705=B_SPLINE_CURVE_WITH_KNOTS('',3,(#8621,#8622,#8623,#8624,#8625,#8626,#8627,#8628,#8629,#8630),.UNSPECIFIED.,.F.,.F.,(4,2,2,2,4),(0.0,0.025553603457838,0.0469426335749981,0.0713466238810703,0.112334485076341),.UNSPECIFIED.);
#5706=VERTEX_POINT('',#8631);
#5707=LINE('',#8632,#8633);
#5708=B_SPLINE_CURVE_WITH_KNOTS('',3,(#8634,#8635,#8636,#8637,#8638,#8639),.UNSPECIFIED.,.F.,.F.,(4,2,4),(0.0,0.0244875719848986,0.0381118689661737),.UNSPECIFIED.);
#5709=VERTEX_POINT('',#8640);
#5710=LINE('',#8641,#8642);
#5711=B_SPLINE_CURVE_WITH_KNOTS('',3,(#8643,#8644,#8645,#8646,#8647,#8648),.UNSPECIFIED.,.F.,.F.,(4,2,4),(0.0,0.022838174597478,0.03304337293752),.UNSPECIFIED.);
#5712=VERTEX_POINT('',#8649);
#5713=LINE('',#8650,#8651);
#5714=B_SPLINE_CURVE_WITH_KNOTS('',3,(#8652,#8653,#8654,#8655,#8656,#8657,#8658,#8659),.UNSPECIFIED.,.F.,.F.,(4,2,2,4),(0.0,0.0228292053163105,0.0455980363311059,0.0759011909012772),.UNSPECIFIED.);
#5715=VERTEX_POINT('',#8660);
#5716=LINE('',#8661,#8662);
#5717=B_SPLINE_CURVE_WITH_KNOTS('',3,(#8663,#8664,#8665,#8666,#8667,#8668),.UNSPECIFIED.,.F.,.F.,(4,2,4),(0.0,0.0210055548424242,0.0346685589298067),.UNSPECIFIED.);
#5718=VERTEX_POINT('',#8669);
#5719=LINE('',#8670,#8671);
#5720=B_SPLINE_CURVE_WITH_KNOTS('',3,(#8672,#8673,#8674,#8675,#8676,#8677),.UNSPECIFIED.,.F.,.F.,(4,2,4),(0.0,0.00640269656909375,0.00855448849996646),.UNSPECIFIED.);
#5721=B_SPLINE_CURVE_WITH_KNOTS('',3,(#8678,#8679,#8680,#8681,#8682,#8683,#8684,#8685),.UNSPECIFIED.,.F.,.F.,(4,2,2,4),(0.0,0.033555176606568,0.0493503265348203,0.0632002172482297),.UNSPECIFIED.);
#5722=VERTEX_POINT('',#8686);
#5723=B_SPLINE_CURVE_WITH_KNOTS('',3,(#8687,#8688,#8689,#8690,#8691,#8692),.UNSPECIFIED.,.F.,.F.,(4,2,4),(0.0,0.0140121062655509,0.0209920440011081),.UNSPECIFIED.);
#5724=LINE('',#8693,#8694);
#5725=VERTEX_POINT('',#8695);
#5726=B_SPLINE_CURVE_WITH_KNOTS('',3,(#8696,#8697,#8698,#8699,#8700,#8701,#8702,#8703),.UNSPECIFIED.,.F.,.F.,(4,2,2,4),(0.0,0.0339695055438177,0.0540568120356475,0.072479693972315),.UNSPECIFIED.);
#5727=LINE('',#8704,#8705);
#5728=VERTEX_POINT('',#8706);
#5729=B_SPLINE_CURVE_WITH_KNOTS('',3,(#8707,#8708,#8709,#8710,#8711,#8712,#8713,#8714),.UNSPECIFIED.,.F.,.F.,(4,2,2,4),(0.0,0.0471286595354723,0.0742888947893073,0.099611146115131),.UNSPECIFIED.);
#5730=LINE('',#8715,#8716);
#5731=VERTEX_POINT('',#8717);
#5732=B_SPLINE_CURVE_WITH_KNOTS('',3,(#8718,#8719,#8720,#8721,#8722,#8723,#8724,#8725),.UNSPECIFIED.,.F.,.F.,(4,2,2,4),(0.0,0.0252791609606481,0.0458488089833365,0.0638314787680303),.UNSPECIFIED.);
#5733=LINE('',#8726,#8727);
#5734=VERTEX_POINT('',#8728);
#5735=B_SPLINE_CURVE_WITH_KNOTS('',3,(#8729,#8730,#8731,#8732,#8733,#8734,#8735,#8736),.UNSPECIFIED.,.F.,.F.,(4,2,2,4),(0.0,0.0285040400807568,0.0380428966760414,0.0457346164756266),.UNSPECIFIED.);
#5736=LINE('',#8737,#8738);
#5737=VERTEX_POINT('',#8739);
#5738=B_SPLINE_CURVE_WITH_KNOTS('',3,(#8740,#8741,#8742,#8743,#8744,#8745,#8746,#8747),.UNSPECIFIED.,.F.,.F.,(4,2,2,4),(0.0,0.0279550127390406,0.0371196532797324,0.0444568541887287),.UNSPECIFIED.);
#5739=LINE('',#8748,#8749);
#5740=B_SPLINE_CURVE_WITH_KNOTS('',3,(#8750,#8751,#8752,#8753,#8754,#8755,#8756,#8757),.UNSPECIFIED.,.F.,.F.,(4,2,2,4),(0.0,0.0313845468005989,0.0427016143377263,0.0513910670276255),.UNSPECIFIED.);
#5741=VERTEX_POINT('',#8758);
#5742=VERTEX_POINT('',#8759);
#5743=B_SPLINE_CURVE_WITH_KNOTS('',3,(#8760,#8761,#8762,#8763,#8764,#8765,#8766),.UNSPECIFIED.,.F.,.F.,(4,3,4),(-0.0754522815962961,-0.0409693836459298,-0.0),.UNSPECIFIED.);
#5744=VERTEX_POINT('',#8767);
#5745=LINE('',#8768,#8769);
#5746=VERTEX_POINT('',#8770);
#5747=B_SPLINE_CURVE_WITH_KNOTS('',3,(#8771,#8772,#8773,#8774,#8775,#8776,#8777),.UNSPECIFIED.,.F.,.F.,(4,3,4),(0.0,0.0409697150905269,0.0754525217814033),.UNSPECIFIED.);
#5748=LINE('',#8778,#8779);
#5749=VERTEX_POINT('',#8780);
#5750=CIRCLE('',#8781,12.3269230769231);
#5751=VERTEX_POINT('',#8782);
#5752=LINE('',#8783,#8784);
#5753=CIRCLE('',#8785,12.5269230769231);
#5754=VERTEX_POINT('',#8786);
#5755=LINE('',#8787,#8788);
#5756=VERTEX_POINT('',#8789);
#5757=LINE('',#8790,#8791);
#5758=LINE('',#8792,#8793);
#5759=VERTEX_POINT('',#8794);
#5760=B_SPLINE_CURVE_WITH_KNOTS('',3,(#8795,#8796,#8797,#8798,#8799,#8800),.UNSPECIFIED.,.F.,.F.,(4,2,4),(-0.070378844547839,-0.0404758311596816,-0.0),.UNSPECIFIED.);
#5761=VERTEX_POINT('',#8801);
#5762=LINE('',#8802,#8803);
#5763=B_SPLINE_CURVE_WITH_KNOTS('',3,(#8804,#8805,#8806,#8807,#8808,#8809),.UNSPECIFIED.,.F.,.F.,(4,2,4),(0.0,0.0394969043219167,0.0694449412562839),.UNSPECIFIED.);
#5764=VERTEX_POINT('',#8810);
#5765=B_SPLINE_CURVE_WITH_KNOTS('',3,(#8811,#8812,#8813,#8814,#8815,#8816,#8817,#8818,#8819,#8820,#8821,#8822),.UNSPECIFIED.,.F.,.F.,(4,2,2,2,2,4),(-0.0959824647031993,-0.0818164789772566,-0.0684776013739043,-0.0456804378963956,-0.0251467933962433,-0.0),.UNSPECIFIED.);
#5766=VERTEX_POINT('',#8823);
#5767=LINE('',#8824,#8825);
#5768=B_SPLINE_CURVE_WITH_KNOTS('',3,(#8826,#8827,#8828,#8829,#8830,#8831,#8832,#8833,#8834,#8835,#8836,#8837),.UNSPECIFIED.,.F.,.F.,(4,2,2,2,2,4),(0.0,0.0251774399616765,0.045577155785211,0.0679773403903146,0.0811040352642843,0.0949477820820151),.UNSPECIFIED.);
#5769=VERTEX_POINT('',#8838);
#5770=B_SPLINE_CURVE_WITH_KNOTS('',3,(#8839,#8840,#8841,#8842,#8843,#8844,#8845,#8846,#8847,#8848),.UNSPECIFIED.,.F.,.F.,(4,2,2,2,4),(-0.0681349178679506,-0.0472822863011653,-0.0293942717095637,-0.0150972615755868,-0.0),.UNSPECIFIED.);
#5771=VERTEX_POINT('',#8849);
#5772=LINE('',#8850,#8851);
#5773=B_SPLINE_CURVE_WITH_KNOTS('',3,(#8852,#8853,#8854,#8855,#8856,#8857,#8858,#8859,#8860,#8861),.UNSPECIFIED.,.F.,.F.,(4,2,2,2,4),(0.0,0.0150805711691395,0.0293794184180284,0.0472632610243842,0.0681769844262969),.UNSPECIFIED.);
#5774=VERTEX_POINT('',#8862);
#5775=B_SPLINE_CURVE_WITH_KNOTS('',3,(#8863,#8864,#8865,#8866,#8867,#8868,#8869,#8870),.UNSPECIFIED.,.F.,.F.,(4,2,2,4),(-0.041565779524523,-0.0294546242035259,-0.0194518487932613,-0.0),.UNSPECIFIED.);
#5776=VERTEX_POINT('',#8871);
#5777=LINE('',#8872,#8873);
#5778=B_SPLINE_CURVE_WITH_KNOTS('',3,(#8874,#8875,#8876,#8877,#8878,#8879,#8880,#8881),.UNSPECIFIED.,.F.,.F.,(4,2,2,4),(0.0,0.0194012745190545,0.0294263039150201,0.0415665257775489),.UNSPECIFIED.);
#5779=VERTEX_POINT('',#8882);
#5780=B_SPLINE_CURVE_WITH_KNOTS('',3,(#8883,#8884,#8885,#8886,#8887,#8888),.UNSPECIFIED.,.F.,.F.,(4,2,4),(-0.0327350936624325,-0.0222334546344258,-0.0),.UNSPECIFIED.);
#5781=VERTEX_POINT('',#8889);
#5782=LINE('',#8890,#8891);
#5783=B_SPLINE_CURVE_WITH_KNOTS('',3,(#8892,#8893,#8894,#8895,#8896,#8897),.UNSPECIFIED.,.F.,.F.,(4,2,4),(0.0,0.0221263169512654,0.0328814262934436),.UNSPECIFIED.);
#5784=VERTEX_POINT('',#8898);
#5785=B_SPLINE_CURVE_WITH_KNOTS('',3,(#8899,#8900,#8901,#8902,#8903,#8904),.UNSPECIFIED.,.F.,.F.,(4,2,4),(-0.0332497156142817,-0.0208017580160693,-0.0),.UNSPECIFIED.);
#5786=VERTEX_POINT('',#8905);
#5787=LINE('',#8906,#8907);
#5788=B_SPLINE_CURVE_WITH_KNOTS('',3,(#8908,#8909,#8910,#8911,#8912,#8913),.UNSPECIFIED.,.F.,.F.,(4,2,4),(0.0,0.0204484916823362,0.0335868416773182),.UNSPECIFIED.);
#5789=VERTEX_POINT('',#8914);
#5790=B_SPLINE_CURVE_WITH_KNOTS('',3,(#8915,#8916,#8917,#8918,#8919,#8920,#8921,#8922,#8923,#8924,#8925,#8926),.UNSPECIFIED.,.F.,.F.,(4,2,2,2,2,4),(-0.090302042431996,-0.0788905573389249,-0.0683036643543,-0.0474871600137879,-0.0245559938877957,-0.0),.UNSPECIFIED.);
#5791=VERTEX_POINT('',#8927);
#5792=LINE('',#8928,#8929);
#5793=B_SPLINE_CURVE_WITH_KNOTS('',3,(#8930,#8931,#8932,#8933,#8934,#8935,#8936,#8937,#8938,#8939,#8940,#8941),.UNSPECIFIED.,.F.,.F.,(4,2,2,2,2,4),(0.0,0.0245115204608306,0.047644175812576,0.0691170487314185,0.0793467209966443,0.0906507369019767),.UNSPECIFIED.);
#5794=VERTEX_POINT('',#8942);
#5795=B_SPLINE_CURVE_WITH_KNOTS('',3,(#8943,#8944,#8945,#8946,#8947,#8948),.UNSPECIFIED.,.F.,.F.,(4,2,4),(-0.0441989629002845,-0.0292514786654166,-0.0),.UNSPECIFIED.);
#5796=VERTEX_POINT('',#8949);
#5797=B_SPLINE_CURVE_WITH_KNOTS('',3,(#8950,#8951,#8952,#8953,#8954,#8955),.UNSPECIFIED.,.F.,.F.,(4,2,4),(0.0,0.0291043201728027,0.0443214478989726),.UNSPECIFIED.);
#5798=LINE('',#8956,#8957);
#5799=VERTEX_POINT('',#8958);
#5800=B_SPLINE_CURVE_WITH_KNOTS('',3,(#8959,#8960,#8961,#8962,#8963,#8964,#8965,#8966),.UNSPECIFIED.,.F.,.F.,(4,2,2,4),(-0.0541304309703874,-0.0403744024688757,-0.0262330614176347,-0.0),.UNSPECIFIED.);
#5801=VERTEX_POINT('',#8967);
#5802=B_SPLINE_CURVE_WITH_KNOTS('',3,(#8968,#8969,#8970,#8971,#8972,#8973,#8974,#8975),.UNSPECIFIED.,.F.,.F.,(4,2,2,4),(0.0,0.0263483702931805,0.0404340931550935,0.0542007306781622),.UNSPECIFIED.);
#5803=LINE('',#8976,#8977);
#5804=VERTEX_POINT('',#8978);
#5805=B_SPLINE_CURVE_WITH_KNOTS('',3,(#8979,#8980,#8981,#8982,#8983,#8984,#8985,#8986,#8987,#8988),.UNSPECIFIED.,.F.,.F.,(4,2,2,2,4),(-0.0603170022653858,-0.0509102009844541,-0.042212500049676,-0.0277129657204517,-0.0),.UNSPECIFIED.);
#5806=VERTEX_POINT('',#8989);
#5807=B_SPLINE_CURVE_WITH_KNOTS('',3,(#8990,#8991,#8992,#8993,#8994,#8995,#8996,#8997,#8998,#8999),.UNSPECIFIED.,.F.,.F.,(4,2,2,2,4),(0.0,0.02782418868714,0.0421646796304162,0.0507129143871888,0.0599453339776319),.UNSPECIFIED.);
#5808=LINE('',#9000,#9001);
#5809=VERTEX_POINT('',#9002);
#5810=B_SPLINE_CURVE_WITH_KNOTS('',3,(#9003,#9004,#9005,#9006,#9007,#9008),.UNSPECIFIED.,.F.,.F.,(4,2,4),(-0.032754253511706,-0.0230363389898298,-0.0),.UNSPECIFIED.);
#5811=VERTEX_POINT('',#9009);
#5812=B_SPLINE_CURVE_WITH_KNOTS('',3,(#9010,#9011,#9012,#9013,#9014,#9015),.UNSPECIFIED.,.F.,.F.,(4,2,4),(0.0,0.022915016350039,0.0330842176469132),.UNSPECIFIED.);
#5813=LINE('',#9016,#9017);
#5814=VERTEX_POINT('',#9018);
#5815=B_SPLINE_CURVE_WITH_KNOTS('',3,(#9019,#9020,#9021,#9022,#9023,#9024,#9025,#9026,#9027,#9028),.UNSPECIFIED.,.F.,.F.,(4,2,2,2,4),(-0.065748708050121,-0.0462783188236064,-0.0290281030824366,-0.0150122866681471,-0.0),.UNSPECIFIED.);
#5816=VERTEX_POINT('',#9029);
#5817=B_SPLINE_CURVE_WITH_KNOTS('',3,(#9030,#9031,#9032,#9033,#9034,#9035,#9036,#9037,#9038,#9039),.UNSPECIFIED.,.F.,.F.,(4,2,2,2,4),(0.0,0.0148904217927634,0.0291038374424035,0.0470387359550698,0.067439492483709),.UNSPECIFIED.);
#5818=LINE('',#9040,#9041);
#5819=VERTEX_POINT('',#9042);
#5820=B_SPLINE_CURVE_WITH_KNOTS('',3,(#9043,#9044,#9045,#9046,#9047,#9048,#9049,#9050,#9051,#9052,#9053,#9054),.UNSPECIFIED.,.F.,.F.,(4,2,2,2,2,4),(-0.0936689336042768,-0.0806899858063298,-0.0683475006256281,-0.0449578145718712,-0.0233941217905152,-0.0),.UNSPECIFIED.);
#5821=VERTEX_POINT('',#9055);
#5822=B_SPLINE_CURVE_WITH_KNOTS('',3,(#9056,#9057,#9058,#9059,#9060,#9061,#9062,#9063,#9064,#9065,#9066,#9067),.UNSPECIFIED.,.F.,.F.,(4,2,2,2,2,4),(0.0,0.0235208865201068,0.0430611572482624,0.0605283405203832,0.0696955157922709,0.0792625912479531),.UNSPECIFIED.);
#5823=LINE('',#9068,#9069);
#5824=VERTEX_POINT('',#9070);
#5825=B_SPLINE_CURVE_WITH_KNOTS('',3,(#9071,#9072,#9073,#9074,#9075,#9076,#9077,#9078),.UNSPECIFIED.,.F.,.F.,(4,2,2,4),(-0.0531624870300296,-0.0435165349190726,-0.0310045384020058,-0.0),.UNSPECIFIED.);
#5826=VERTEX_POINT('',#9079);
#5827=B_SPLINE_CURVE_WITH_KNOTS('',3,(#9080,#9081,#9082,#9083,#9084,#9085,#9086,#9087),.UNSPECIFIED.,.F.,.F.,(4,2,2,4),(0.0,0.0301753477879687,0.0448723215205866,0.057162941142359),.UNSPECIFIED.);
#5828=LINE('',#9088,#9089);
#5829=VERTEX_POINT('',#9090);
#5830=LINE('',#9091,#9092);
#5831=VERTEX_POINT('',#9093);
#5832=LINE('',#9094,#9095);
#5833=LINE('',#9096,#9097);
#5834=VERTEX_POINT('',#9098);
#5835=CIRCLE('',#9099,12.3269230769231);
#5836=VERTEX_POINT('',#9100);
#5837=CIRCLE('',#9101,12.5269230769231);
#5838=LINE('',#9102,#9103);
#5839=B_SPLINE_CURVE_WITH_KNOTS('',3,(#9104,#9105,#9106,#9107,#9108,#9109),.UNSPECIFIED.,.F.,.F.,(4,2,4),(-0.062377835032531,-0.036063682055039,-0.0),.UNSPECIFIED.);
#5840=B_SPLINE_CURVE_WITH_KNOTS('',3,(#9110,#9111,#9112,#9113,#9114,#9115),.UNSPECIFIED.,.F.,.F.,(4,2,4),(0.0,0.0359830626627703,0.0623447595036354),.UNSPECIFIED.);
#5841=VERTEX_POINT('',#9116);
#5842=VERTEX_POINT('',#9117);
#5843=CIRCLE('',#9118,12.3269230769231);
#5844=VERTEX_POINT('',#9119);
#5845=LINE('',#9120,#9121);
#5846=VERTEX_POINT('',#9122);
#5847=CIRCLE('',#9123,12.3269230769231);
#5848=LINE('',#9124,#9125);
#5849=VERTEX_POINT('',#9126);
#5850=LINE('',#9127,#9128);
#5851=VERTEX_POINT('',#9129);
#5852=LINE('',#9130,#9131);
#5853=LINE('',#9132,#9133);
#5854=VERTEX_POINT('',#9134);
#5855=LINE('',#9135,#9136);
#5856=CIRCLE('',#9137,12.5269230769231);
#5857=VERTEX_POINT('',#9138);
#5858=CIRCLE('',#9139,12.5269230769231);
#5859=LINE('',#9140,#9141);
#5860=LINE('',#9142,#9143);
#5861=VERTEX_POINT('',#9144);
#5862=VERTEX_POINT('',#9145);
#5863=ELLIPSE('',#9146,14.4144001389794,12.3269230769231);
#5864=VERTEX_POINT('',#9147);
#5865=LINE('',#9148,#9149);
#5866=VERTEX_POINT('',#9150);
#5867=ELLIPSE('',#9151,14.6482687215775,12.5269230769231);
#5868=LINE('',#9152,#9153);
#5869=VERTEX_POINT('',#9154);
#5870=CIRCLE('',#9155,12.3269230769231);
#5871=VERTEX_POINT('',#9156);
#5872=LINE('',#9157,#9158);
#5873=CIRCLE('',#9159,12.5269230769231);
#5874=VERTEX_POINT('',#9160);
#5875=LINE('',#9161,#9162);
#5876=VERTEX_POINT('',#9163);
#5877=LINE('',#9164,#9165);
#5878=LINE('',#9166,#9167);
#5879=VERTEX_POINT('',#9168);
#5880=CIRCLE('',#9169,12.3269230769231);
#5881=VERTEX_POINT('',#9170);
#5882=LINE('',#9171,#9172);
#5883=CIRCLE('',#9173,12.5269230769231);
#5884=VERTEX_POINT('',#9174);
#5885=LINE('',#9175,#9176);
#5886=VERTEX_POINT('',#9177);
#5887=LINE('',#9178,#9179);
#5888=LINE('',#9180,#9181);
#5889=VERTEX_POINT('',#9182);
#5890=ELLIPSE('',#9183,14.3545581600696,12.3269230769231);
#5891=VERTEX_POINT('',#9184);
#5892=ELLIPSE('',#9185,14.5874558275652,12.5269230769231);
#5893=LINE('',#9186,#9187);
#5894=VERTEX_POINT('',#9188);
#5895=ELLIPSE('',#9189,14.2852433580408,12.3269230769231);
#5896=VERTEX_POINT('',#9190);
#5897=ELLIPSE('',#9191,14.5170164172041,12.5269230769231);
#5898=LINE('',#9192,#9193);
#5899=VERTEX_POINT('',#9194);
#5900=LINE('',#9195,#9196);
#5901=VERTEX_POINT('',#9197);
#5902=LINE('',#9198,#9199);
#5903=LINE('',#9200,#9201);
#5904=ELLIPSE('',#9202,14.3218458868653,12.3269230769231);
#5905=ELLIPSE('',#9203,14.5542128092107,12.5269230769231);
#5906=VERTEX_POINT('',#9204);
#5907=VERTEX_POINT('',#9205);
#5908=B_SPLINE_CURVE_WITH_KNOTS('',3,(#9206,#9207,#9208,#9209,#9210,#9211,#9212,#9213,#9214,#9215,#9216,#9217),.UNSPECIFIED.,.F.,.F.,(4,2,2,2,2,4),(-0.22980193646231,-0.165903133144073,-0.128404000774709,-0.0959985922842852,-0.0583395304558802,-0.0),.UNSPECIFIED.);
#5909=VERTEX_POINT('',#9218);
#5910=B_SPLINE_CURVE_WITH_KNOTS('',3,(#9219,#9220,#9221,#9222,#9223,#9224,#9225,#9226,#9227,#9228,#9229,#9230,#9231,#9232,#9233,#9234,#9235,#9236,#9237,#9238,#9239,#9240,#9241,#9242,#9243),.UNSPECIFIED.,.F.,.F.,(4,3,3,3,3,3,3,3,4),(-0.34266510140088,-0.308928632943505,-0.233332717364334,-0.185205107002902,-0.108260564684348,-0.0869945322296581,-0.0623866159461793,-0.0419496404631873,-0.0),.UNSPECIFIED.);
#5911=VERTEX_POINT('',#9244);
#5912=ELLIPSE('',#9245,15.7946186959371,14.1269230769231);
#5913=VERTEX_POINT('',#9246);
#5914=LINE('',#9247,#9248);
#5915=VERTEX_POINT('',#9249);
#5916=ELLIPSE('',#9250,15.8052216139467,14.1269230769231);
#5917=VERTEX_POINT('',#9251);
#5918=LINE('',#9252,#9253);
#5919=VERTEX_POINT('',#9254);
#5920=CIRCLE('',#9255,14.1269230769231);
#5921=VERTEX_POINT('',#9256);
#5922=LINE('',#9257,#9258);
#5923=VERTEX_POINT('',#9259);
#5924=CIRCLE('',#9260,14.1269230769231);
#5925=VERTEX_POINT('',#9261);
#5926=LINE('',#9262,#9263);
#5927=VERTEX_POINT('',#9264);
#5928=B_SPLINE_CURVE_WITH_KNOTS('',3,(#9265,#9266,#9267,#9268,#9269,#9270,#9271,#9272,#9273,#9274,#9275,#9276,#9277,#9278,#9279,#9280,#9281,#9282,#9283,#9284,#9285,#9286),.UNSPECIFIED.,.F.,.F.,(4,3,3,3,3,3,3,4),(-0.115022117442505,-0.0978355506042849,-0.0823541072582408,-0.0685553259631216,-0.0552998589476545,-0.0402530991912949,-0.0216173402996652,-0.0),.UNSPECIFIED.);
#5929=VERTEX_POINT('',#9287);
#5930=B_SPLINE_CURVE_WITH_KNOTS('',3,(#9288,#9289,#9290,#9291,#9292,#9293,#9294,#9295,#9296,#9297),.UNSPECIFIED.,.F.,.F.,(4,2,2,2,4),(-0.0922650784031374,-0.0761905930216102,-0.0644795793960641,-0.0421640447489736,-0.0),.UNSPECIFIED.);
#5931=VERTEX_POINT('',#9298);
#5932=LINE('',#9299,#9300);
#5933=VERTEX_POINT('',#9301);
#5934=CIRCLE('',#9302,14.1269230769231);
#5935=LINE('',#9303,#9304);
#5936=VERTEX_POINT('',#9305);
#5937=VERTEX_POINT('',#9306);
#5938=CIRCLE('',#9307,14.1269230769231);
#5939=VERTEX_POINT('',#9308);
#5940=LINE('',#9309,#9310);
#5941=VERTEX_POINT('',#9311);
#5942=CIRCLE('',#9312,14.1269230769231);
#5943=LINE('',#9313,#9314);
#5944=VERTEX_POINT('',#9315);
#5945=VERTEX_POINT('',#9316);
#5946=CIRCLE('',#9317,14.3269230769231);
#5947=LINE('',#9318,#9319);
#5948=LINE('',#9320,#9321);
#5949=VERTEX_POINT('',#9322);
#5950=LINE('',#9323,#9324);
#5951=LINE('',#9325,#9326);
#5952=VERTEX_POINT('',#9327);
#5953=ELLIPSE('',#9328,16.0289818981626,14.3269230769231);
#5954=LINE('',#9329,#9330);
#5955=VERTEX_POINT('',#9331);
#5956=LINE('',#9332,#9333);
#5957=LINE('',#9334,#9335);
#5958=VERTEX_POINT('',#9336);
#5959=ELLIPSE('',#9337,16.0182288707775,14.3269230769231);
#5960=LINE('',#9338,#9339);
#5961=VERTEX_POINT('',#9340);
#5962=B_SPLINE_CURVE_WITH_KNOTS('',3,(#9341,#9342,#9343,#9344,#9345,#9346,#9347,#9348,#9349,#9350,#9351,#9352,#9353,#9354,#9355,#9356,#9357,#9358,#9359,#9360,#9361,#9362,#9363,#9364,#9365),.UNSPECIFIED.,.F.,.F.,(4,3,3,3,3,3,3,3,4),(0.0,0.008706314401988,0.0450962485664148,0.0667521206892904,0.0853889061300749,0.0946209427360473,0.106557083059466,0.112381645452153,0.127226554514829),.UNSPECIFIED.);
#5963=LINE('',#9366,#9367);
#5964=VERTEX_POINT('',#9368);
#5965=B_SPLINE_CURVE_WITH_KNOTS('',3,(#9369,#9370,#9371,#9372,#9373,#9374,#9375,#9376,#9377,#9378,#9379,#9380),.UNSPECIFIED.,.F.,.F.,(4,2,2,2,2,4),(0.0,0.0244056676283029,0.0513567762857301,0.0664034350579001,0.081211171118229,0.105363658520106),.UNSPECIFIED.);
#5966=LINE('',#9381,#9382);
#5967=VERTEX_POINT('',#9383);
#5968=VERTEX_POINT('',#9384);
#5969=LINE('',#9385,#9386);
#5970=LINE('',#9387,#9388);
#5971=LINE('',#9389,#9390);
#5972=VERTEX_POINT('',#9391);
#5973=CIRCLE('',#9392,14.3269230769231);
#5974=LINE('',#9393,#9394);
#5975=VERTEX_POINT('',#9395);
#5976=LINE('',#9396,#9397);
#5977=LINE('',#9398,#9399);
#5978=VERTEX_POINT('',#9400);
#5979=CIRCLE('',#9401,14.3269230769231);
#5980=LINE('',#9402,#9403);
#5981=VERTEX_POINT('',#9404);
#5982=LINE('',#9405,#9406);
#5983=LINE('',#9407,#9408);
#5984=VERTEX_POINT('',#9409);
#5985=B_SPLINE_CURVE_WITH_KNOTS('',3,(#9410,#9411,#9412,#9413,#9414,#9415,#9416,#9417,#9418,#9419),.UNSPECIFIED.,.F.,.F.,(4,2,2,2,4),(0.0,0.0377642559012777,0.0604307948709398,0.0741665631905276,0.092576896114067),.UNSPECIFIED.);
#5986=LINE('',#9420,#9421);
#5987=VERTEX_POINT('',#9422);
#5988=B_SPLINE_CURVE_WITH_KNOTS('',3,(#9423,#9424,#9425,#9426,#9427,#9428,#9429,#9430,#9431,#9432,#9433,#9434,#9435,#9436,#9437,#9438,#9439,#9440,#9441,#9442,#9443,#9444,#9445,#9446,#9447,#9448,#9449,#9450),.UNSPECIFIED.,.F.,.F.,(4,3,3,3,3,3,3,3,3,4),(0.0,0.0173881682289458,0.029308629550376,0.0386813399685411,0.0462941386555651,0.0508748128505794,0.0523200800931807,0.0557603760270294,0.0564790195609671,0.0603169547737339),.UNSPECIFIED.);
#5989=LINE('',#9451,#9452);
#5990=VERTEX_POINT('',#9453);
#5991=LINE('',#9454,#9455);
#5992=LINE('',#9456,#9457);
#5993=VERTEX_POINT('',#9458);
#5994=CIRCLE('',#9459,14.3269230769231);
#5995=LINE('',#9460,#9461);
#5996=LINE('',#9462,#9463);
#5997=VERTEX_POINT('',#9464);
#5998=CIRCLE('',#9465,14.3269230769231);
#5999=LINE('',#9466,#9467);
#6000=LINE('',#9468,#9469);
#6001=VERTEX_POINT('',#9470);
#6002=VERTEX_POINT('',#9471);
#6003=CIRCLE('',#9472,14.3269230769231);
#6004=VERTEX_POINT('',#9473);
#6005=LINE('',#9474,#9475);
#6006=VERTEX_POINT('',#9476);
#6007=CIRCLE('',#9477,14.3269230769231);
#6008=LINE('',#9478,#9479);
#6009=CIRCLE('',#9480,0.5);
#6010=VERTEX_POINT('',#9481);
#6011=CIRCLE('',#9482,0.5);
#6012=CIRCLE('',#9483,0.5);
#6013=VERTEX_POINT('',#9484);
#6014=CIRCLE('',#9485,0.5);
#6015=CIRCLE('',#9486,0.499999999999998);
#6016=CIRCLE('',#9487,0.5);
#6017=VERTEX_POINT('',#9488);
#6018=B_SPLINE_CURVE_WITH_KNOTS('',3,(#9489,#9490,#9491,#9492,#9493,#9494,#9495,#9496,#9497,#9498,#9499,#9500,#9501,#9502,#9503,#9504),.UNSPECIFIED.,.F.,.F.,(4,3,3,3,3,4),(0.328561684425037,0.344557741990153,0.358724022431688,0.374602297654604,0.388127847046069,0.410351970135555),.UNSPECIFIED.);
#6019=CIRCLE('',#9505,13.8269230769231);
#6020=CIRCLE('',#9506,0.499999999999998);
#6021=LINE('',#9507,#9508);
#6022=LINE('',#9509,#9510);
#6023=VERTEX_POINT('',#9511);
#6024=CIRCLE('',#9512,0.5);
#6025=LINE('',#9513,#9514);
#6026=VERTEX_POINT('',#9515);
#6027=LINE('',#9516,#9517);
#6028=CIRCLE('',#9518,0.5);
#6029=CIRCLE('',#9519,0.499999999999998);
#6030=LINE('',#9520,#9521);
#6031=VERTEX_POINT('',#9522);
#6032=B_SPLINE_CURVE_WITH_KNOTS('',3,(#9523,#9524,#9525,#9526,#9527,#9528,#9529,#9530,#9531,#9532,#9533,#9534,#9535,#9536,#9537,#9538,#9539,#9540,#9541),.UNSPECIFIED.,.F.,.F.,(4,3,3,3,3,3,4),(0.246771398714519,0.265044217925506,0.279939730924086,0.293478136926081,0.310943925509856,0.323308945385926,0.328561684425037),.UNSPECIFIED.);
#6033=CIRCLE('',#9542,13.8269230769231);
#6034=LINE('',#9543,#9544);
#6035=VERTEX_POINT('',#9545);
#6036=LINE('',#9546,#9547);
#6037=VERTEX_POINT('',#9548);
#6038=LINE('',#9549,#9550);
#6039=VERTEX_POINT('',#9551);
#6040=(B_SPLINE_CURVE(2,(#9553,#9554,#9555),.UNSPECIFIED.,.F.,.F.)B_SPLINE_CURVE_WITH_KNOTS((3,3),(0.0,0.081129175195321),.UNSPECIFIED.)RATIONAL_B_SPLINE_CURVE((1.0,1.00032272440521,1.0))BOUNDED_CURVE()REPRESENTATION_ITEM('')GEOMETRIC_REPRESENTATION_ITEM()CURVE());
#6041=VERTEX_POINT('',#9562);
#6042=LINE('',#9563,#9564);
#6043=VERTEX_POINT('',#9565);
#6044=(B_SPLINE_CURVE(2,(#9567,#9568,#9569),.UNSPECIFIED.,.F.,.F.)B_SPLINE_CURVE_WITH_KNOTS((3,3),(0.0,0.08112917519532),.UNSPECIFIED.)RATIONAL_B_SPLINE_CURVE((1.0,1.00032272441259,1.0))BOUNDED_CURVE()REPRESENTATION_ITEM('')GEOMETRIC_REPRESENTATION_ITEM()CURVE());
#6045=VERTEX_POINT('',#9576);
#6046=LINE('',#9577,#9578);
#6047=VERTEX_POINT('',#9579);
#6048=(B_SPLINE_CURVE(2,(#9581,#9582,#9583),.UNSPECIFIED.,.F.,.F.)B_SPLINE_CURVE_WITH_KNOTS((3,3),(0.0,0.08112917519532),.UNSPECIFIED.)RATIONAL_B_SPLINE_CURVE((1.0,1.00032272441259,1.0))BOUNDED_CURVE()REPRESENTATION_ITEM('')GEOMETRIC_REPRESENTATION_ITEM()CURVE());
#6049=VERTEX_POINT('',#9590);
#6050=LINE('',#9591,#9592);
#6051=VERTEX_POINT('',#9593);
#6052=(B_SPLINE_CURVE(2,(#9595,#9596,#9597),.UNSPECIFIED.,.F.,.F.)B_SPLINE_CURVE_WITH_KNOTS((3,3),(0.0,0.0811291751953206),.UNSPECIFIED.)RATIONAL_B_SPLINE_CURVE((1.0,1.00032272441126,1.0))BOUNDED_CURVE()REPRESENTATION_ITEM('')GEOMETRIC_REPRESENTATION_ITEM()CURVE());
#6053=VERTEX_POINT('',#9604);
#6054=LINE('',#9605,#9606);
#6055=LINE('',#9607,#9608);
#6056=LINE('',#9609,#9610);
#6057=VERTEX_POINT('',#9611);
#6058=LINE('',#9612,#9613);
#6059=VERTEX_POINT('',#9614);
#6060=LINE('',#9615,#9616);
#6061=VERTEX_POINT('',#9617);
#6062=LINE('',#9618,#9619);
#6063=VERTEX_POINT('',#9620);
#6064=LINE('',#9621,#9622);
#6065=VERTEX_POINT('',#9623);
#6066=LINE('',#9624,#9625);
#6067=VERTEX_POINT('',#9626);
#6068=LINE('',#9627,#9628);
#6069=VERTEX_POINT('',#9629);
#6070=LINE('',#9630,#9631);
#6071=VERTEX_POINT('',#9632);
#6072=LINE('',#9633,#9634);
#6073=LINE('',#9635,#9636);
#6074=VERTEX_POINT('',#9637);
#6075=VERTEX_POINT('',#9638);
#6076=LINE('',#9639,#9640);
#6077=VERTEX_POINT('',#9641);
#6078=CIRCLE('',#9642,3.0);
#6079=VERTEX_POINT('',#9643);
#6080=B_SPLINE_CURVE_WITH_KNOTS('',2,(#9644,#9645,#9646),.UNSPECIFIED.,.F.,.F.,(3,3),(0.0,0.10805054468612),.UNSPECIFIED.);
#6081=CIRCLE('',#9647,4.0);
#6082=VERTEX_POINT('',#9648);
#6083=LINE('',#9649,#9650);
#6084=VERTEX_POINT('',#9651);
#6085=CIRCLE('',#9652,4.0);
#6086=LINE('',#9653,#9654);
#6087=VERTEX_POINT('',#9655);
#6088=LINE('',#9656,#9657);
#6089=VERTEX_POINT('',#9658);
#6090=LINE('',#9659,#9660);
#6091=LINE('',#9661,#9662);
#6092=VERTEX_POINT('',#9663);
#6093=LINE('',#9664,#9665);
#6094=LINE('',#9666,#9667);
#6095=VERTEX_POINT('',#9668);
#6096=B_SPLINE_CURVE_WITH_KNOTS('',2,(#9669,#9670,#9671),.UNSPECIFIED.,.F.,.F.,(3,3),(0.0,0.225333041494911),.UNSPECIFIED.);
#6097=VERTEX_POINT('',#9672);
#6098=CIRCLE('',#9673,3.0);
#6099=LINE('',#9674,#9675);
#6100=VERTEX_POINT('',#9676);
#6101=LINE('',#9677,#9678);
#6102=VERTEX_POINT('',#9679);
#6103=LINE('',#9680,#9681);
#6104=LINE('',#9682,#9683);
#6105=LINE('',#9684,#9685);
#6106=VERTEX_POINT('',#9686);
#6107=LINE('',#9687,#9688);
#6108=VERTEX_POINT('',#9689);
#6109=ELLIPSE('',#9690,12.9877013957731,12.8269230769231);
#6110=VERTEX_POINT('',#9691);
#6111=LINE('',#9692,#9693);
#6112=VERTEX_POINT('',#9694);
#6113=LINE('',#9695,#9696);
#6114=LINE('',#9697,#9698);
#6115=VERTEX_POINT('',#9699);
#6116=LINE('',#9700,#9701);
#6117=LINE('',#9702,#9703);
#6118=VERTEX_POINT('',#9704);
#6119=CIRCLE('',#9705,3.0);
#6120=LINE('',#9706,#9707);
#6121=VERTEX_POINT('',#9708);
#6122=LINE('',#9709,#9710);
#6123=LINE('',#9711,#9712);
#6124=VERTEX_POINT('',#9713);
#6125=LINE('',#9714,#9715);
#6126=LINE('',#9716,#9717);
#6127=B_SPLINE_CURVE_WITH_KNOTS('',3,(#9718,#9719,#9720,#9721,#9722,#9723,#9724,#9725,#9726,#9727,#9728,#9729,#9730,#9731,#9732,#9733,#9734,#9735,#9736,#9737,#9738,#9739,#9740,#9741,#9742,#9743,#9744,#9745),.UNSPECIFIED.,.F.,.F.,(4,3,3,3,3,3,3,3,3,4),(0.175226259487419,0.227823045883938,0.278495007941978,0.409502120682954,0.488158368808362,0.54148149826426,0.659189664374809,0.725002966193822,0.775223002288181,0.794107432385899),.UNSPECIFIED.);
#6128=VERTEX_POINT('',#9746);
#6129=VERTEX_POINT('',#9747);
#6130=LINE('',#9748,#9749);
#6131=VERTEX_POINT('',#9750);
#6132=CIRCLE('',#9751,4.0);
#6133=VERTEX_POINT('',#9752);
#6134=B_SPLINE_CURVE_WITH_KNOTS('',2,(#9753,#9754,#9755),.UNSPECIFIED.,.F.,.F.,(3,3),(0.0,0.10805054468612),.UNSPECIFIED.);
#6135=CIRCLE('',#9756,3.0);
#6136=VERTEX_POINT('',#9757);
#6137=LINE('',#9758,#9759);
#6138=VERTEX_POINT('',#9760);
#6139=CIRCLE('',#9761,4.0);
#6140=LINE('',#9762,#9763);
#6141=VERTEX_POINT('',#9764);
#6142=LINE('',#9765,#9766);
#6143=VERTEX_POINT('',#9767);
#6144=LINE('',#9768,#9769);
#6145=VERTEX_POINT('',#9770);
#6146=LINE('',#9771,#9772);
#6147=VERTEX_POINT('',#9773);
#6148=LINE('',#9774,#9775);
#6149=LINE('',#9776,#9777);
#6150=VERTEX_POINT('',#9778);
#6151=LINE('',#9779,#9780);
#6152=VERTEX_POINT('',#9781);
#6153=LINE('',#9782,#9783);
#6154=LINE('',#9784,#9785);
#6155=VERTEX_POINT('',#9786);
#6156=LINE('',#9787,#9788);
#6157=VERTEX_POINT('',#9789);
#6158=LINE('',#9790,#9791);
#6159=LINE('',#9792,#9793);
#6160=VERTEX_POINT('',#9794);
#6161=LINE('',#9795,#9796);
#6162=VERTEX_POINT('',#9797);
#6163=LINE('',#9798,#9799);
#6164=VERTEX_POINT('',#9800);
#6165=ELLIPSE('',#9801,12.9877013957731,12.8269230769231);
#6166=LINE('',#9802,#9803);
#6167=LINE('',#9804,#9805);
#6168=VERTEX_POINT('',#9806);
#6169=VERTEX_POINT('',#9807);
#6170=LINE('',#9808,#9809);
#6171=CIRCLE('',#9810,12.3269230769231);
#6172=CIRCLE('',#9811,12.8269230769231);
#6173=LINE('',#9812,#9813);
#6174=LINE('',#9814,#9815);
#6175=VERTEX_POINT('',#9816);
#6176=LINE('',#9817,#9818);
#6177=LINE('',#9819,#9820);
#6178=CIRCLE('',#9821,12.8269230769231);
#6179=VERTEX_POINT('',#9822);
#6180=VERTEX_POINT('',#9823);
#6181=LINE('',#9824,#9825);
#6182=CIRCLE('',#9826,12.8269230769231);
#6183=CIRCLE('',#9827,12.3269230769231);
#6184=LINE('',#9828,#9829);
#6185=LINE('',#9830,#9831);
#6186=VERTEX_POINT('',#9832);
#6187=CIRCLE('',#9833,12.3269230769231);
#6188=LINE('',#9834,#9835);
#6189=LINE('',#9836,#9837);
#6190=VERTEX_POINT('',#9838);
#6191=VERTEX_POINT('',#9839);
#6192=LINE('',#9840,#9841);
#6193=CIRCLE('',#9842,12.3269230769231);
#6194=CIRCLE('',#9843,12.8269230769231);
#6195=LINE('',#9844,#9845);
#6196=LINE('',#9846,#9847);
#6197=LINE('',#9848,#9849);
#6198=VERTEX_POINT('',#9850);
#6199=LINE('',#9851,#9852);
#6200=VERTEX_POINT('',#9853);
#6201=B_SPLINE_CURVE_WITH_KNOTS('',3,(#9854,#9855,#9856,#9857,#9858,#9859,#9860,#9861,#9862,#9863,#9864,#9865,#9866,#9867,#9868,#9869,#9870,#9871,#9872,#9873,#9874,#9875,#9876,#9877,#9878,#9879,#9880,#9881),.UNSPECIFIED.,.F.,.F.,(4,3,3,3,3,3,3,3,3,4),(0.16839826589962,0.224001388434573,0.279303042708049,0.396217425240836,0.457866632266659,0.510851089739571,0.647902179749995,0.716515968563583,0.771267240910663,0.786778335875385),.UNSPECIFIED.);
#6202=LINE('',#9882,#9883);
#6203=VERTEX_POINT('',#9884);
#6204=B_SPLINE_CURVE_WITH_KNOTS('',2,(#9885,#9886,#9887),.UNSPECIFIED.,.F.,.F.,(3,3),(0.0,0.225333041494911),.UNSPECIFIED.);
#6205=CIRCLE('',#9888,3.0);
#6206=LINE('',#9889,#9890);
#6207=LINE('',#9891,#9892);
#6208=LINE('',#9893,#9894);
#6209=VERTEX_POINT('',#9895);
#6210=CIRCLE('',#9896,3.0);
#6211=LINE('',#9897,#9898);
#6212=LINE('',#9899,#9900);
#6213=LINE('',#9901,#9902);
#6214=CARTESIAN_POINT('',(-6.35355339059327,-12.5,22.8535533905933));
#6215=CARTESIAN_POINT('',(-6.35355339059327,-12.0,22.8535533905933));
#6216=CARTESIAN_POINT('',(-6.35355339059327,-12.25,22.8535533905933));
#6217=VECTOR('',#9903,1.0);
#6218=CARTESIAN_POINT('',(-6.0,-12.5,23.0));
#6219=AXIS2_PLACEMENT_3D('',#9904,#9905,#9906);
#6220=CARTESIAN_POINT('',(-6.0,-12.0,23.0));
#6221=CARTESIAN_POINT('',(-6.0,-10.2415273475832,23.0));
#6222=VECTOR('',#9907,10.0);
#6223=AXIS2_PLACEMENT_3D('',#9908,#9909,#9910);
#6224=CARTESIAN_POINT('',(5.85565930598768E-17,-12.8535533905933,22.8535533905933));
#6225=CARTESIAN_POINT('',(-6.0,-12.8535533905933,22.8535533905933));
#6226=CARTESIAN_POINT('',(-1.24956351387616,-12.8535533905933,22.8535533905933));
#6227=VECTOR('',#9911,1.0);
#6228=CARTESIAN_POINT('',(3.5527136788005E-15,-12.5,23.0));
#6229=AXIS2_PLACEMENT_3D('',#9912,#9913,#9914);
#6230=CARTESIAN_POINT('',(-1.24956351387616,-12.5,23.0));
#6231=VECTOR('',#9915,10.0);
#6232=AXIS2_PLACEMENT_3D('',#9916,#9917,#9918);
#6233=CARTESIAN_POINT('',(-6.0,-12.8535533905933,-22.8535533905933));
#6234=CARTESIAN_POINT('',(5.85565930598768E-17,-12.8535533905933,-22.8535533905933));
#6235=CARTESIAN_POINT('',(-1.24956351387616,-12.8535533905933,-22.8535533905933));
#6236=VECTOR('',#9919,1.0);
#6237=CARTESIAN_POINT('',(-6.0,-12.5,-23.0));
#6238=AXIS2_PLACEMENT_3D('',#9920,#9921,#9922);
#6239=CARTESIAN_POINT('',(3.5527136788005E-15,-12.5,-23.0));
#6240=CARTESIAN_POINT('',(-1.24956351387616,-12.5,-23.0));
#6241=VECTOR('',#9923,10.0);
#6242=AXIS2_PLACEMENT_3D('',#9924,#9925,#9926);
#6243=CARTESIAN_POINT('',(-6.35355339059327,-12.8535533905933,22.5));
#6244=CARTESIAN_POINT('',(-6.35355339059327,-12.8535533905933,-22.5));
#6245=CARTESIAN_POINT('',(-6.35355339059327,-12.8535533905933,0.0));
#6246=VECTOR('',#9927,1.0);
#6247=CARTESIAN_POINT('',(-6.5,-12.5,22.5));
#6248=AXIS2_PLACEMENT_3D('',#9928,#9929,#9930);
#6249=CARTESIAN_POINT('',(-6.5,-12.5,-22.5));
#6250=CARTESIAN_POINT('',(-6.5,-12.5,0.0));
#6251=VECTOR('',#9931,10.0);
#6252=AXIS2_PLACEMENT_3D('',#9932,#9933,#9934);
#6253=CARTESIAN_POINT('',(-6.35355339059327,-12.0,-22.8535533905933));
#6254=CARTESIAN_POINT('',(-6.35355339059327,-12.5,-22.8535533905933));
#6255=CARTESIAN_POINT('',(-6.35355339059327,-12.25,-22.8535533905933));
#6256=VECTOR('',#9935,1.0);
#6257=CARTESIAN_POINT('',(-5.99999999999999,-12.0,-23.0));
#6258=AXIS2_PLACEMENT_3D('',#9936,#9937,#9938);
#6259=CARTESIAN_POINT('',(-6.0,-10.2415273475832,-23.0));
#6260=VECTOR('',#9939,10.0);
#6261=AXIS2_PLACEMENT_3D('',#9940,#9941,#9942);
#6262=CARTESIAN_POINT('',(-4.7,-12.0,-8.0));
#6263=CARTESIAN_POINT('',(-4.60986918535854,-10.5,-9.5));
#6264=CARTESIAN_POINT('',(-4.7,-12.0,-8.0));
#6265=CARTESIAN_POINT('',(-4.7,-12.0,-8.20695120495759));
#6266=CARTESIAN_POINT('',(-4.70025379253553,-11.954080935793,-8.42883758620373));
#6267=CARTESIAN_POINT('',(-4.69924062121407,-11.8620696457662,-8.62830428940313));
#6268=CARTESIAN_POINT('',(-4.69848767606043,-11.7936908302215,-8.77653932557549));
#6269=CARTESIAN_POINT('',(-4.69687044087675,-11.7004811116736,-8.91268803009253));
#6270=CARTESIAN_POINT('',(-4.69342452285086,-11.5941702869639,-9.02605622805253));
#6271=CARTESIAN_POINT('',(-4.69044220708649,-11.5021621642889,-9.12417224863493));
#6272=CARTESIAN_POINT('',(-4.68601059180762,-11.3960761747724,-9.21106949515846));
#6273=CARTESIAN_POINT('',(-4.67906902706908,-11.2761469278688,-9.28358714015052));
#6274=CARTESIAN_POINT('',(-4.667224058796,-11.0715016961244,-9.40733001895716));
#6275=CARTESIAN_POINT('',(-4.64749366380297,-10.8311038980683,-9.4810579087916));
#6276=CARTESIAN_POINT('',(-4.62164164582679,-10.601058214701,-9.49659187397281));
#6277=CARTESIAN_POINT('',(-4.61782120030634,-10.5670617583575,-9.49888750395984));
#6278=CARTESIAN_POINT('',(-4.6138883891682,-10.5333240018937,-9.5));
#6279=CARTESIAN_POINT('',(-4.60986918535854,-10.5,-9.5));
#6280=CARTESIAN_POINT('',(-4.5,-12.0,-8.0));
#6281=CARTESIAN_POINT('',(49.1227160834271,-12.0,-8.0));
#6282=VECTOR('',#9943,10.0);
#6283=CARTESIAN_POINT('',(-4.4083959848905,-10.5,-9.5));
#6284=CARTESIAN_POINT('',(-4.5,-12.0,-8.0));
#6285=CARTESIAN_POINT('',(-4.5,-12.0,-8.20696947998111));
#6286=CARTESIAN_POINT('',(-4.50025799473041,-11.9540723132199,-8.42887636794918));
#6287=CARTESIAN_POINT('',(-4.49922803041829,-11.8620455750405,-8.62835646850536));
#6288=CARTESIAN_POINT('',(-4.49846277979259,-11.7936708574472,-8.77656769288274));
#6289=CARTESIAN_POINT('',(-4.49681933750748,-11.7004733782112,-8.9126943438929));
#6290=CARTESIAN_POINT('',(-4.493318068221,-11.5941790174503,-9.02604691791926));
#6291=CARTESIAN_POINT('',(-4.49028707120886,-11.5021615622039,-9.12417456394729));
#6292=CARTESIAN_POINT('',(-4.48578294654594,-11.3960646647679,-9.21107907431423));
#6293=CARTESIAN_POINT('',(-4.47872763943765,-11.2761263982508,-9.28359955357514));
#6294=CARTESIAN_POINT('',(-4.46669182840499,-11.0715209446217,-9.4073139108646));
#6295=CARTESIAN_POINT('',(-4.44664584276779,-10.8311910327086,-9.48102682496651));
#6296=CARTESIAN_POINT('',(-4.42038074846777,-10.6012214067461,-9.49658084539939));
#6297=CARTESIAN_POINT('',(-4.41649159910553,-10.5671691313599,-9.49888397471451));
#6298=CARTESIAN_POINT('',(-4.41248783284882,-10.533376710215,-9.5));
#6299=CARTESIAN_POINT('',(-4.4083959848905,-10.5,-9.5));
#6300=CARTESIAN_POINT('',(-4.12937369692704,-9.0,-8.0));
#6301=CARTESIAN_POINT('',(-4.4083959848905,-10.5,-9.5));
#6302=CARTESIAN_POINT('',(-4.38010696420916,-10.2692498706784,-9.5));
#6303=CARTESIAN_POINT('',(-4.34215686114467,-10.0214687445218,-9.4423008699113));
#6304=CARTESIAN_POINT('',(-4.30313354979702,-9.80574414050173,-9.32966492077979));
#6305=CARTESIAN_POINT('',(-4.28132389109971,-9.68517825760223,-9.26671404544988));
#6306=CARTESIAN_POINT('',(-4.2593702246088,-9.57429775067294,-9.18743819951273));
#6307=CARTESIAN_POINT('',(-4.23945276316934,-9.47896715015201,-9.09885937204508));
#6308=CARTESIAN_POINT('',(-4.22134610235287,-9.39230355327195,-9.0183337092063));
#6309=CARTESIAN_POINT('',(-4.20421581630936,-9.31493973164731,-8.92777570757052));
#6310=CARTESIAN_POINT('',(-4.1887135716104,-9.24727253895381,-8.82502964088617));
#6311=CARTESIAN_POINT('',(-4.15907426701286,-9.11789717593695,-8.6285857048114));
#6312=CARTESIAN_POINT('',(-4.13784621771488,-9.03385806684365,-8.39317896271013));
#6313=CARTESIAN_POINT('',(-4.13156654781707,-9.00875302936032,-8.16180998905503));
#6314=CARTESIAN_POINT('',(-4.13008781339024,-9.00284130409173,-8.10732730569582));
#6315=CARTESIAN_POINT('',(-4.12937369692704,-9.0,-8.05317864444196));
#6316=CARTESIAN_POINT('',(-4.12937369692704,-9.0,-8.0));
#6317=CARTESIAN_POINT('',(-4.33546985272477,-9.0,-8.0));
#6318=CARTESIAN_POINT('',(49.1227160834271,-8.99999999999999,-8.0));
#6319=VECTOR('',#9944,10.0);
#6320=CARTESIAN_POINT('',(-4.60986918535854,-10.5,-9.5));
#6321=CARTESIAN_POINT('',(-4.58204854888536,-10.2693336823857,-9.5));
#6322=CARTESIAN_POINT('',(-4.54472883004887,-10.0216097659478,-9.4423394068999));
#6323=CARTESIAN_POINT('',(-4.50635664830477,-9.80591408681619,-9.329753640762));
#6324=CARTESIAN_POINT('',(-4.48488557146055,-9.6852220049198,-9.26675650256345));
#6325=CARTESIAN_POINT('',(-4.46327353081806,-9.57423099059081,-9.18739883114451));
#6326=CARTESIAN_POINT('',(-4.44367138282181,-9.47882698340118,-9.09872911592006));
#6327=CARTESIAN_POINT('',(-4.42585446499408,-9.39211172358072,-9.01813483460636));
#6328=CARTESIAN_POINT('',(-4.40899809437677,-9.31469771322376,-8.9274781407279));
#6329=CARTESIAN_POINT('',(-4.39375088698488,-9.24701441285828,-8.82463756791401));
#6330=CARTESIAN_POINT('',(-4.36460204943117,-9.11762091300322,-8.6280321782295));
#6331=CARTESIAN_POINT('',(-4.34375016259493,-9.0336593321041,-8.3924700891551));
#6332=CARTESIAN_POINT('',(-4.33760486587928,-9.00866890767197,-8.16103283222894));
#6333=CARTESIAN_POINT('',(-4.3361651302951,-9.00281408812728,-8.10681112907617));
#6334=CARTESIAN_POINT('',(-4.33546985272477,-9.0,-8.05292456215582));
#6335=CARTESIAN_POINT('',(-4.33546985272477,-9.0,-8.0));
#6336=CARTESIAN_POINT('',(-4.7,-12.0,8.0));
#6337=CARTESIAN_POINT('',(-4.7,-12.0,0.0));
#6338=VECTOR('',#9945,10.0);
#6339=CARTESIAN_POINT('',(-4.5,-12.0,8.0));
#6340=CARTESIAN_POINT('',(49.1227160834271,-12.0,8.0));
#6341=VECTOR('',#9946,10.0);
#6342=CARTESIAN_POINT('',(-4.5,-12.0,0.0));
#6343=VECTOR('',#9947,10.0);
#6344=CARTESIAN_POINT('',(-4.4083959848905,-10.5,9.5));
#6345=CARTESIAN_POINT('',(-4.4083959848905,-10.5,9.5));
#6346=CARTESIAN_POINT('',(-4.43604884052839,-10.7255610077999,9.5));
#6347=CARTESIAN_POINT('',(-4.45872899892848,-10.9695763088566,9.44474347085705));
#6348=CARTESIAN_POINT('',(-4.47293242376251,-11.1835520796566,9.33519906920173));
#6349=CARTESIAN_POINT('',(-4.48217934630666,-11.3228577331895,9.26388186162064));
#6350=CARTESIAN_POINT('',(-4.48815952788934,-11.4496525898283,9.17051921950008));
#6351=CARTESIAN_POINT('',(-4.49196460634965,-11.5549845044382,9.0663056294493));
#6352=CARTESIAN_POINT('',(-4.49510109735864,-11.6418086281928,8.98040333029349));
#6353=CARTESIAN_POINT('',(-4.49702352974622,-11.7211873795843,8.88048491170992));
#6354=CARTESIAN_POINT('',(-4.49816372170702,-11.7872373373622,8.77007794235439));
#6355=CARTESIAN_POINT('',(-4.50029606179471,-11.91076125053,8.56359937136645));
#6356=CARTESIAN_POINT('',(-4.49999676895251,-11.983583486099,8.32093459776293));
#6357=CARTESIAN_POINT('',(-4.49999971770454,-11.9973618816033,8.08892353750018));
#6358=CARTESIAN_POINT('',(-4.50000009743468,-11.9991362159457,8.05904595183135));
#6359=CARTESIAN_POINT('',(-4.5,-12.0,8.02936995594435));
#6360=CARTESIAN_POINT('',(-4.5,-12.0,8.0));
#6361=CARTESIAN_POINT('',(-4.60986918535854,-10.5,9.5));
#6362=CARTESIAN_POINT('',(-4.60986918535854,-10.5,9.5));
#6363=CARTESIAN_POINT('',(-4.63708388505787,-10.7256423777606,9.5));
#6364=CARTESIAN_POINT('',(-4.65940207759975,-10.9697195046082,9.44470435149005));
#6365=CARTESIAN_POINT('',(-4.67337654383535,-11.1837211466572,9.33511250223108));
#6366=CARTESIAN_POINT('',(-4.68248305936625,-11.3231761529595,9.26369654540592));
#6367=CARTESIAN_POINT('',(-4.68836796140735,-11.4500803685596,9.17018950390511));
#6368=CARTESIAN_POINT('',(-4.69210999456315,-11.5554634658635,9.06583154026678));
#6369=CARTESIAN_POINT('',(-4.69518652645625,-11.6421047237977,8.98003310127229));
#6370=CARTESIAN_POINT('',(-4.69707434796246,-11.7213608735758,8.88021590725164));
#6371=CARTESIAN_POINT('',(-4.69819414153775,-11.787302000564,8.76996984313933));
#6372=CARTESIAN_POINT('',(-4.70029156940199,-11.910812940613,8.56347359963913));
#6373=CARTESIAN_POINT('',(-4.69999683585194,-11.9836132673366,8.32079641200725));
#6374=CARTESIAN_POINT('',(-4.69999972394333,-11.9973701176444,8.08878474410369));
#6375=CARTESIAN_POINT('',(-4.70000009527723,-11.9991388930006,8.05895404075583));
#6376=CARTESIAN_POINT('',(-4.7,-12.0,8.02932447335414));
#6377=CARTESIAN_POINT('',(-4.7,-12.0,8.0));
#6378=CARTESIAN_POINT('',(-4.33546985272477,-9.0,8.0));
#6379=CARTESIAN_POINT('',(-4.33546985272477,-9.0,8.0));
#6380=CARTESIAN_POINT('',(-4.33546985272477,-9.0,8.20757040312446));
#6381=CARTESIAN_POINT('',(-4.34714103989159,-9.04621209626581,8.42957088772672));
#6382=CARTESIAN_POINT('',(-4.36869226913705,-9.13804819990088,8.62855969820438));
#6383=CARTESIAN_POINT('',(-4.38521177901279,-9.2084426727019,8.78108917030108));
#6384=CARTESIAN_POINT('',(-4.40718148456339,-9.30500441844215,8.92040261034702));
#6385=CARTESIAN_POINT('',(-4.43027030931522,-9.41446097157593,9.03518356718417));
#6386=CARTESIAN_POINT('',(-4.44884515787841,-9.50251824259609,9.12752429539812));
#6387=CARTESIAN_POINT('',(-4.46926933059765,-9.60399408035117,9.2103531916905));
#6388=CARTESIAN_POINT('',(-4.49035122483177,-9.71777399224407,9.27989158634246));
#6389=CARTESIAN_POINT('',(-4.52852502972834,-9.92379969892465,9.40580745902382));
#6390=CARTESIAN_POINT('',(-4.56741700823846,-10.1670057162589,9.48127595447197));
#6391=CARTESIAN_POINT('',(-4.59754822545374,-10.4011520924232,9.49673948674033));
#6392=CARTESIAN_POINT('',(-4.60182213676741,-10.434364187341,9.49893288520275));
#6393=CARTESIAN_POINT('',(-4.60593254725337,-10.4673605664495,9.5));
#6394=CARTESIAN_POINT('',(-4.60986918535854,-10.5,9.5));
#6395=CARTESIAN_POINT('',(-4.12937369692704,-9.0,8.0));
#6396=CARTESIAN_POINT('',(49.1227160834271,-8.99999999999999,8.0));
#6397=VECTOR('',#9948,10.0);
#6398=CARTESIAN_POINT('',(-4.12937369692704,-9.0,8.0));
#6399=CARTESIAN_POINT('',(-4.12937369692704,-9.0,8.20760905367694));
#6400=CARTESIAN_POINT('',(-4.1412510871277,-9.04623025129859,8.42963231290232));
#6401=CARTESIAN_POINT('',(-4.16317352018314,-9.13807475002566,8.6286172233421));
#6402=CARTESIAN_POINT('',(-4.1799876387658,-9.208517856813,8.78123513175743));
#6403=CARTESIAN_POINT('',(-4.2023488149015,-9.30515381513349,8.9206056718052));
#6404=CARTESIAN_POINT('',(-4.22584017122,-9.41467011223129,9.03540283692675));
#6405=CARTESIAN_POINT('',(-4.24470548640094,-9.50261988550904,9.12759354199005));
#6406=CARTESIAN_POINT('',(-4.26544825807355,-9.60397124023957,9.2103158825337));
#6407=CARTESIAN_POINT('',(-4.28685435420377,-9.71758266447598,9.27977463370372));
#6408=CARTESIAN_POINT('',(-4.32567300136838,-9.92361003931695,9.40573383419323));
#6409=CARTESIAN_POINT('',(-4.3652192579232,-10.1668366414326,9.48124722286874));
#6410=CARTESIAN_POINT('',(-4.39585731801817,-10.4010403502844,9.49673210285881));
#6411=CARTESIAN_POINT('',(-4.40020690919566,-10.4342895306372,9.49893044365391));
#6412=CARTESIAN_POINT('',(-4.40438995404875,-10.4673232896532,9.5));
#6413=CARTESIAN_POINT('',(-4.4083959848905,-10.5,9.5));
#6414=CARTESIAN_POINT('',(-4.12937369692704,-9.0,0.0));
#6415=VECTOR('',#9949,10.0);
#6416=CARTESIAN_POINT('',(-4.33546985272477,-9.0,0.0));
#6417=VECTOR('',#9950,10.0);
#6418=CARTESIAN_POINT('',(-4.39939140465618,-10.4282917758363,2.02712861506007));
#6419=CARTESIAN_POINT('',(-4.40921494677572,-10.5066953393995,1.73904110243246));
#6420=CARTESIAN_POINT('',(-4.39939140465619,-10.4282917758363,2.02712861506007));
#6421=CARTESIAN_POINT('',(-4.39939140465619,-10.4282917758363,1.9549114982436));
#6422=CARTESIAN_POINT('',(-4.40066011306301,-10.4381532558523,1.89121209692564));
#6423=CARTESIAN_POINT('',(-4.40352911455999,-10.4607766378798,1.81032887011509));
#6424=CARTESIAN_POINT('',(-4.40596867086688,-10.4800953553966,1.77280262058994));
#6425=CARTESIAN_POINT('',(-4.4092149467757,-10.5066953393995,1.73904110243246));
#6426=CARTESIAN_POINT('',(-4.45070698079932,-10.8987131572155,1.58588065268108));
#6427=CARTESIAN_POINT('',(-4.4092149467757,-10.5066953393995,1.73904110243246));
#6428=CARTESIAN_POINT('',(-4.41182308112405,-10.5280663916119,1.71292092750624));
#6429=CARTESIAN_POINT('',(-4.4147130139348,-10.5521988114395,1.68965066523829));
#6430=CARTESIAN_POINT('',(-4.42162784763599,-10.6118009227426,1.64605598408552));
#6431=CARTESIAN_POINT('',(-4.4250485186172,-10.642504326645,1.6315641796435));
#6432=CARTESIAN_POINT('',(-4.43547429198374,-10.7382959024188,1.59436358084514));
#6433=CARTESIAN_POINT('',(-4.44378070162275,-10.8214959508505,1.58588065268108));
#6434=CARTESIAN_POINT('',(-4.45070698079931,-10.8987131572155,1.58588065268108));
#6435=CARTESIAN_POINT('',(-4.48618410776698,-11.4165413444702,1.99248517999726));
#6436=CARTESIAN_POINT('',(-4.45070698079931,-10.8987131572155,1.58588065268108));
#6437=CARTESIAN_POINT('',(-4.45917648078162,-10.9931348678152,1.58588065268108));
#6438=CARTESIAN_POINT('',(-4.46701504994698,-11.0945756078965,1.59704982689216));
#6439=CARTESIAN_POINT('',(-4.47563705151342,-11.2242179834031,1.65160912023669));
#6440=CARTESIAN_POINT('',(-4.47839404472643,-11.2692611190554,1.67786951251509));
#6441=CARTESIAN_POINT('',(-4.48258098460659,-11.3440898170004,1.75420655336406));
#6442=CARTESIAN_POINT('',(-4.48389165391766,-11.3697695874344,1.79235077343952));
#6443=CARTESIAN_POINT('',(-4.48579578290444,-11.4080475234384,1.88553261549342));
#6444=CARTESIAN_POINT('',(-4.48618410776698,-11.4165413444702,1.93855792567334));
#6445=CARTESIAN_POINT('',(-4.48618410776698,-11.4165413444702,1.99248517999726));
#6446=CARTESIAN_POINT('',(-4.47947282905723,-11.2889076363441,2.2732793378748));
#6447=CARTESIAN_POINT('',(-4.48618410776698,-11.4165413444702,1.99248517999726));
#6448=CARTESIAN_POINT('',(-4.48618410776698,-11.4165413444702,2.02122487437506));
#6449=CARTESIAN_POINT('',(-4.48605032880816,-11.4136932033342,2.04971273092535));
#6450=CARTESIAN_POINT('',(-4.48554204187025,-11.4031287520448,2.0984118953578));
#6451=CARTESIAN_POINT('',(-4.48515330046328,-11.3950063523304,2.12789652830894));
#6452=CARTESIAN_POINT('',(-4.48333218949982,-11.358812370957,2.20176594326985));
#6453=CARTESIAN_POINT('',(-4.48159404875403,-11.3256181548737,2.24033400073282));
#6454=CARTESIAN_POINT('',(-4.47947282905724,-11.2889076363441,2.2732793378748));
#6455=CARTESIAN_POINT('',(-4.43067457795204,-10.6944992242137,2.43373314237625));
#6456=CARTESIAN_POINT('',(-4.47947282905724,-11.2889076363441,2.2732793378748));
#6457=CARTESIAN_POINT('',(-4.47789986209462,-11.2616853580882,2.29850974211195));
#6458=CARTESIAN_POINT('',(-4.47596177197506,-11.2298463338868,2.319353910659));
#6459=CARTESIAN_POINT('',(-4.47068368325953,-11.1489882780788,2.3619819901499));
#6460=CARTESIAN_POINT('',(-4.46705058371056,-11.0988758986564,2.37927795486623));
#6461=CARTESIAN_POINT('',(-4.45650754597914,-10.9593751397667,2.42370489446345));
#6462=CARTESIAN_POINT('',(-4.44420865248806,-10.8215732508023,2.43373314237625));
#6463=CARTESIAN_POINT('',(-4.43067457795204,-10.6944992242137,2.43373314237625));
#6464=CARTESIAN_POINT('',(-4.41469184474974,-10.5522788065874,2.4282631263137));
#6465=CARTESIAN_POINT('',(-4.43067457795204,-10.6944992242137,2.43373314237625));
#6466=CARTESIAN_POINT('',(-4.42596744638983,-10.6503030614321,2.43373314237625));
#6467=CARTESIAN_POINT('',(-4.42284560238813,-10.6229569628497,2.43231340969989));
#6468=CARTESIAN_POINT('',(-4.41966735687494,-10.5948261828337,2.43065865793655));
#6469=CARTESIAN_POINT('',(-4.41720655702437,-10.5735426655713,2.4294444518128));
#6470=CARTESIAN_POINT('',(-4.41469184474975,-10.5522788065874,2.4282631263137));
#6471=CARTESIAN_POINT('',(-4.41469184474975,-10.5522788065874,2.4282631263137));
#6472=CARTESIAN_POINT('',(-4.40846150006623,-10.4995963696707,2.34365193975051));
#6473=CARTESIAN_POINT('',(-4.40520055312972,-10.4740969155347,2.27553255129364));
#6474=CARTESIAN_POINT('',(-4.40075606193539,-10.4387950601815,2.165592487088));
#6475=CARTESIAN_POINT('',(-4.39939140465619,-10.4282917758363,2.09719542420216));
#6476=CARTESIAN_POINT('',(-4.39939140465619,-10.4282917758363,2.02712861506007));
#6477=CARTESIAN_POINT('',(-4.44955543549908,-10.8859497864029,1.27955975317831));
#6478=CARTESIAN_POINT('',(-4.38382348370533,-10.3115980998352,1.52388713730552));
#6479=CARTESIAN_POINT('',(-4.44955543549908,-10.8859497864029,1.27955975317831));
#6480=CARTESIAN_POINT('',(-4.4427449391401,-10.8109002857705,1.27955975317831));
#6481=CARTESIAN_POINT('',(-4.43515681177303,-10.735160203494,1.28636204913589));
#6482=CARTESIAN_POINT('',(-4.42121652191898,-10.6074709753336,1.31615642884668));
#6483=CARTESIAN_POINT('',(-4.4137145993629,-10.5425645378817,1.33701242022843));
#6484=CARTESIAN_POINT('',(-4.39749350464062,-10.4122342541093,1.41339567441208));
#6485=CARTESIAN_POINT('',(-4.39011623375189,-10.3571081030995,1.46320713295311));
#6486=CARTESIAN_POINT('',(-4.38382348370533,-10.3115980998352,1.52388713730552));
#6487=CARTESIAN_POINT('',(-4.36467853257956,-10.1784943756465,1.95966508362196));
#6488=CARTESIAN_POINT('',(-4.38382348370533,-10.3115980998352,1.52388713730552));
#6489=CARTESIAN_POINT('',(-4.37335777923238,-10.2359087364881,1.62537969270283));
#6490=CARTESIAN_POINT('',(-4.36989583939763,-10.2137413015491,1.69712028427745));
#6491=CARTESIAN_POINT('',(-4.36568997020406,-10.1851670111206,1.80353488355994));
#6492=CARTESIAN_POINT('',(-4.36467853257955,-10.1784943756465,1.88349767210385));
#6493=CARTESIAN_POINT('',(-4.36467853257955,-10.1784943756465,1.95966508362196));
#6494=CARTESIAN_POINT('',(-4.3870775558634,-10.3353015027729,2.4282631263137));
#6495=CARTESIAN_POINT('',(-4.36467853257955,-10.1784943756465,1.95966508362196));
#6496=CARTESIAN_POINT('',(-4.36467853257955,-10.1784943756465,2.08583743497721));
#6497=CARTESIAN_POINT('',(-4.3686767086812,-10.2054020048504,2.16873761844948));
#6498=CARTESIAN_POINT('',(-4.37490202031027,-10.2480501765726,2.28625701043717));
#6499=CARTESIAN_POINT('',(-4.38058475337281,-10.2876633906098,2.35971072100583));
#6500=CARTESIAN_POINT('',(-4.3870775558634,-10.3353015027729,2.4282631263137));
#6501=CARTESIAN_POINT('',(-4.26093826876992,-9.58408596351614,1.77003786012024));
#6502=CARTESIAN_POINT('',(-4.3870775558634,-10.3353015027729,2.4282631263137));
#6503=CARTESIAN_POINT('',(-4.36913281700615,-10.2036397921853,2.41664591655596));
#6504=CARTESIAN_POINT('',(-4.34812828505747,-10.0671347428534,2.39001348927894));
#6505=CARTESIAN_POINT('',(-4.31509029940495,-9.87152073260522,2.30084345113328));
#6506=CARTESIAN_POINT('',(-4.30284865292448,-9.80337527950133,2.25565530436412));
#6507=CARTESIAN_POINT('',(-4.2826929245632,-9.69503879367729,2.14364998409125));
#6508=CARTESIAN_POINT('',(-4.27508630008664,-9.65582253683655,2.08423547873996));
#6509=CARTESIAN_POINT('',(-4.26356477860824,-9.59704903624317,1.93834643549298));
#6510=CARTESIAN_POINT('',(-4.26093826876992,-9.58408596351614,1.85483396182307));
#6511=CARTESIAN_POINT('',(-4.26093826876992,-9.58408596351614,1.77003786012024));
#6512=CARTESIAN_POINT('',(-4.27280846602501,-9.64425614020418,1.48742036355519));
#6513=CARTESIAN_POINT('',(-4.26093826876992,-9.58408596351614,1.77003786012024));
#6514=CARTESIAN_POINT('',(-4.26093826876992,-9.58408596351614,1.68465507428819));
#6515=CARTESIAN_POINT('',(-4.26366069691491,-9.59774001378204,1.62774759747125));
#6516=CARTESIAN_POINT('',(-4.26690041631817,-9.61408744008686,1.56279837917038));
#6517=CARTESIAN_POINT('',(-4.26953975293006,-9.62746715409457,1.51959925359861));
#6518=CARTESIAN_POINT('',(-4.27280846602502,-9.64425614020418,1.48742036355519));
#6519=CARTESIAN_POINT('',(-4.27280846602501,-9.64425614020418,1.47465699274257));
#6520=CARTESIAN_POINT('',(-4.27280846602501,-9.64425614020418,0.0));
#6521=VECTOR('',#9951,10.0);
#6522=CARTESIAN_POINT('',(-4.21274235422388,-9.35434528888906,1.47465699274257));
#6523=AXIS2_PLACEMENT_3D('',#9952,#9953,#9954);
#6524=CARTESIAN_POINT('',(-4.20588912384513,-9.32334853120128,1.72992440899488));
#6525=CARTESIAN_POINT('',(-4.21274235422388,-9.35434528888906,1.47465699274257));
#6526=CARTESIAN_POINT('',(-4.20939017541939,-9.33909042169045,1.52042159433841));
#6527=CARTESIAN_POINT('',(-4.2080787336604,-9.33320962928735,1.56641764001778));
#6528=CARTESIAN_POINT('',(-4.20636512526115,-9.32548406257109,1.63594774050713));
#6529=CARTESIAN_POINT('',(-4.20588912384513,-9.32334853120128,1.68321218018269));
#6530=CARTESIAN_POINT('',(-4.20588912384513,-9.32334853120128,1.72992440899488));
#6531=CARTESIAN_POINT('',(-4.28089792387123,-9.68619293001706,2.49207998037678));
#6532=CARTESIAN_POINT('',(-4.20588912384513,-9.32334853120128,1.72992440899488));
#6533=CARTESIAN_POINT('',(-4.20588912384513,-9.32334853120128,1.82521961187176));
#6534=CARTESIAN_POINT('',(-4.20816719399076,-9.33349401981,1.92037369589715));
#6535=CARTESIAN_POINT('',(-4.21951848327218,-9.38522157497998,2.11613643230387));
#6536=CARTESIAN_POINT('',(-4.2279683326507,-9.4243485117843,2.19288839535157));
#6537=CARTESIAN_POINT('',(-4.24803455408234,-9.51965693818959,2.34684076499741));
#6538=CARTESIAN_POINT('',(-4.26347400550572,-9.59501606076168,2.42709221186496));
#6539=CARTESIAN_POINT('',(-4.28089792387123,-9.68619293001706,2.49207998037678));
#6540=CARTESIAN_POINT('',(-4.42330147430317,-10.6270356927756,2.7382307031915));
#6541=CARTESIAN_POINT('',(-4.28089792387123,-9.68619293001706,2.49207998037678));
#6542=CARTESIAN_POINT('',(-4.31042817188444,-9.84072048838242,2.60314666295187));
#6543=CARTESIAN_POINT('',(-4.3369579889075,-9.99927914822509,2.6530680799168));
#6544=CARTESIAN_POINT('',(-4.37904354172573,-10.2686772475438,2.72171762298162));
#6545=CARTESIAN_POINT('',(-4.4033746323765,-10.4492391638243,2.7382307031915));
#6546=CARTESIAN_POINT('',(-4.42330147430317,-10.6270356927756,2.7382307031915));
#6547=CARTESIAN_POINT('',(-4.48809972505862,-11.4584781342831,2.49025664168926));
#6548=CARTESIAN_POINT('',(-4.42330147430317,-10.6270356927756,2.7382307031915));
#6549=CARTESIAN_POINT('',(-4.4362580218206,-10.7426400210614,2.7382307031915));
#6550=CARTESIAN_POINT('',(-4.44794814802287,-10.8626009248007,2.73089448365528));
#6551=CARTESIAN_POINT('',(-4.46790645579421,-11.1021924974441,2.68783730205357));
#6552=CARTESIAN_POINT('',(-4.47330660868818,-11.1869257819925,2.65557816428651));
#6553=CARTESIAN_POINT('',(-4.48173229143106,-11.3247289273904,2.59351221046382));
#6554=CARTESIAN_POINT('',(-4.48541005450851,-11.3973109751131,2.54868497283672));
#6555=CARTESIAN_POINT('',(-4.48809972505861,-11.4584781342831,2.49025664168926));
#6556=CARTESIAN_POINT('',(-4.49538417062217,-11.6626920672849,1.99430851868477));
#6557=CARTESIAN_POINT('',(-4.48809972505861,-11.4584781342831,2.49025664168926));
#6558=CARTESIAN_POINT('',(-4.48956626330527,-11.4918294227368,2.45928758812512));
#6559=CARTESIAN_POINT('',(-4.49074811201073,-11.5217869195513,2.42526931323453));
#6560=CARTESIAN_POINT('',(-4.49288740120776,-11.5800672639835,2.34166477161315));
#6561=CARTESIAN_POINT('',(-4.49350185759192,-11.5996168805939,2.29995456863738));
#6562=CARTESIAN_POINT('',(-4.49501415548328,-11.6475946789699,2.18258031181843));
#6563=CARTESIAN_POINT('',(-4.49538417062216,-11.6626920672849,2.08933311036284));
#6564=CARTESIAN_POINT('',(-4.49538417062216,-11.6626920672849,1.99430851868477));
#6565=CARTESIAN_POINT('',(-4.48777685438513,-11.451184779533,1.49106704093022));
#6566=CARTESIAN_POINT('',(-4.49538417062216,-11.6626920672849,1.99430851868477));
#6567=CARTESIAN_POINT('',(-4.49538417062216,-11.6626920672849,1.94563369373261));
#6568=CARTESIAN_POINT('',(-4.49527271792971,-11.658518797382,1.89713701182521));
#6569=CARTESIAN_POINT('',(-4.49467598806457,-11.6375558359801,1.78912446792284));
#6570=CARTESIAN_POINT('',(-4.49416548451309,-11.620597711797,1.74451342283475));
#6571=CARTESIAN_POINT('',(-4.49262522830244,-11.5720749942976,1.63101961219084));
#6572=CARTESIAN_POINT('',(-4.4907799461727,-11.5185702543721,1.55608811314339));
#6573=CARTESIAN_POINT('',(-4.48777685438513,-11.451184779533,1.49106704093022));
#6574=CARTESIAN_POINT('',(-4.48777685438513,-11.451184779533,1.49106704093022));
#6575=CARTESIAN_POINT('',(-4.48627860227443,-11.4175659503231,1.4580707826316));
#6576=CARTESIAN_POINT('',(-4.48448870101909,-11.3805111296661,1.42927661979469));
#6577=CARTESIAN_POINT('',(-4.47957651690031,-11.2888072433926,1.37166340658596));
#6578=CARTESIAN_POINT('',(-4.47653430688647,-11.2390345677292,1.34994272438634));
#6579=CARTESIAN_POINT('',(-4.46778047284146,-11.1034220319821,1.29687697025708));
#6580=CARTESIAN_POINT('',(-4.45952248740788,-10.995783523785,1.27955975317831));
#6581=CARTESIAN_POINT('',(-4.44955543549908,-10.8859497864029,1.27955975317831));
#6582=CARTESIAN_POINT('',(-4.68640492854514,-11.4165413444702,1.99248517999726));
#6583=CARTESIAN_POINT('',(49.1227160834271,-11.4165413444702,1.99248517999726));
#6584=VECTOR('',#9955,10.0);
#6585=CARTESIAN_POINT('',(-4.67980109151919,-11.2889076363441,2.2732793378748));
#6586=CARTESIAN_POINT('',(-4.6798010915192,-11.2889076363441,2.2732793378748));
#6587=CARTESIAN_POINT('',(-4.68189011303044,-11.3256494397418,2.2403059245691));
#6588=CARTESIAN_POINT('',(-4.68360151279697,-11.3588682425564,2.2017007940067));
#6589=CARTESIAN_POINT('',(-4.68539257124135,-11.3950471352435,2.1277807156542));
#6590=CARTESIAN_POINT('',(-4.68577436519093,-11.4031546230999,2.09830580536626));
#6591=CARTESIAN_POINT('',(-4.68627344487676,-11.4136965841837,2.04967912836771));
#6592=CARTESIAN_POINT('',(-4.68640492854514,-11.4165413444702,2.02120782103821));
#6593=CARTESIAN_POINT('',(-4.68640492854514,-11.4165413444702,1.99248517999726));
#6594=CARTESIAN_POINT('',(49.1227160834271,-11.288907636344,2.2732793378748));
#6595=VECTOR('',#9956,10.0);
#6596=CARTESIAN_POINT('',(-4.65149705805626,-10.8987131572155,1.58588065268108));
#6597=CARTESIAN_POINT('',(49.1227160834271,-10.8987131572155,1.58588065268108));
#6598=VECTOR('',#9957,10.0);
#6599=CARTESIAN_POINT('',(-4.68640492854514,-11.4165413444702,1.99248517999726));
#6600=CARTESIAN_POINT('',(-4.68640492854514,-11.4165413444702,1.93854305234861));
#6601=CARTESIAN_POINT('',(-4.68602261482794,-11.4080428584029,1.8855038418102));
#6602=CARTESIAN_POINT('',(-4.68414975079522,-11.3697821177907,1.79239637559126));
#6603=CARTESIAN_POINT('',(-4.68286298940338,-11.3441610103335,1.75431626969742));
#6604=CARTESIAN_POINT('',(-4.6787444766242,-11.2693406960884,1.67790303564093));
#6605=CARTESIAN_POINT('',(-4.67602635167005,-11.2242267203074,1.65164639199264));
#6606=CARTESIAN_POINT('',(-4.66755973819375,-11.0948000550135,1.59707457296358));
#6607=CARTESIAN_POINT('',(-4.65983932607979,-10.9932374184998,1.58588065268108));
#6608=CARTESIAN_POINT('',(-4.65149705805626,-10.8987131572155,1.58588065268108));
#6609=CARTESIAN_POINT('',(-4.61067488111434,-10.5066953393995,1.73904110243246));
#6610=CARTESIAN_POINT('',(49.1227160834271,-10.5066953393995,1.73904110243246));
#6611=VECTOR('',#9958,10.0);
#6612=CARTESIAN_POINT('',(-4.65149705805626,-10.8987131572155,1.58588065268108));
#6613=CARTESIAN_POINT('',(-4.64488972913497,-10.8238470795991,1.58588065268108));
#6614=CARTESIAN_POINT('',(-4.63703042315866,-10.7435495628557,1.59385576514038));
#6615=CARTESIAN_POINT('',(-4.62702594974455,-10.6496228602997,1.62838316367016));
#6616=CARTESIAN_POINT('',(-4.623493401006,-10.617193750843,1.64266817358094));
#6617=CARTESIAN_POINT('',(-4.61629871086426,-10.5540218722997,1.68790425576202));
#6618=CARTESIAN_POINT('',(-4.61333821401439,-10.5288779955668,1.71192896711681));
#6619=CARTESIAN_POINT('',(-4.61067488111434,-10.5066953393995,1.73904110243246));
#6620=CARTESIAN_POINT('',(-4.60101058210665,-10.4282917758363,2.02712861506007));
#6621=CARTESIAN_POINT('',(49.1227160834271,-10.4282917758363,2.02712861506007));
#6622=VECTOR('',#9959,10.0);
#6623=CARTESIAN_POINT('',(-4.61067488111434,-10.5066953393995,1.73904110243246));
#6624=CARTESIAN_POINT('',(-4.60748071795774,-10.4800914465688,1.77280758179448));
#6625=CARTESIAN_POINT('',(-4.6050806180645,-10.4607720653229,1.81033852234923));
#6626=CARTESIAN_POINT('',(-4.60225912859893,-10.4381566559388,1.89120629746129));
#6627=CARTESIAN_POINT('',(-4.60101058210665,-10.4282917758363,1.95489906117913));
#6628=CARTESIAN_POINT('',(-4.60101058210665,-10.4282917758363,2.02712861506007));
#6629=CARTESIAN_POINT('',(-4.47650216331722,-9.64425614020418,1.47465699274257));
#6630=CARTESIAN_POINT('',(49.1227160834271,-9.64425614020417,1.47465699274257));
#6631=VECTOR('',#9960,10.0);
#6632=CARTESIAN_POINT('',(-4.41743533520797,-9.35434528888906,1.47465699274257));
#6633=AXIS2_PLACEMENT_3D('',#9961,#9962,#9963);
#6634=CARTESIAN_POINT('',(49.1227160834271,-9.35434528888905,1.47465699274257));
#6635=VECTOR('',#9964,10.0);
#6636=CARTESIAN_POINT('',(-4.47650216331722,-9.64425614020418,1.48742036355519));
#6637=CARTESIAN_POINT('',(49.1227160834271,-9.64425614020417,1.48742036355519));
#6638=VECTOR('',#9965,10.0);
#6639=CARTESIAN_POINT('',(-4.47650216331723,-9.64425614020418,0.0));
#6640=VECTOR('',#9966,10.0);
#6641=CARTESIAN_POINT('',(-4.46482867551108,-9.58408596351614,1.77003786012024));
#6642=CARTESIAN_POINT('',(49.1227160834271,-9.58408596351613,1.77003786012024));
#6643=VECTOR('',#9967,10.0);
#6644=CARTESIAN_POINT('',(-4.47650216331724,-9.64425614020418,1.48742036355519));
#6645=CARTESIAN_POINT('',(-4.47328527135954,-9.62745516689681,1.51962222906099));
#6646=CARTESIAN_POINT('',(-4.47068816929685,-9.61406784574536,1.56286097706775));
#6647=CARTESIAN_POINT('',(-4.46750773200452,-9.59774920115373,1.62771974237169));
#6648=CARTESIAN_POINT('',(-4.46482867551108,-9.58408596351614,1.68462355178577));
#6649=CARTESIAN_POINT('',(-4.46482867551108,-9.58408596351614,1.77003786012024));
#6650=CARTESIAN_POINT('',(-4.58889669820566,-10.3353015027729,2.4282631263137));
#6651=CARTESIAN_POINT('',(49.1227160834271,-10.3353015027729,2.4282631263137));
#6652=VECTOR('',#9968,10.0);
#6653=CARTESIAN_POINT('',(-4.46482867551108,-9.58408596351614,1.77003786012024));
#6654=CARTESIAN_POINT('',(-4.46482867551108,-9.58408596351614,1.85521653831304));
#6655=CARTESIAN_POINT('',(-4.46743533043737,-9.59716642992892,1.93909089451242));
#6656=CARTESIAN_POINT('',(-4.47873403121522,-9.65578482511092,2.08375711787788));
#6657=CARTESIAN_POINT('',(-4.48603049637061,-9.69404111373346,2.14202159581267));
#6658=CARTESIAN_POINT('',(-4.50520324525456,-9.79870993261855,2.25148292835676));
#6659=CARTESIAN_POINT('',(-4.51676590546783,-9.86397244483451,2.29606247458973));
#6660=CARTESIAN_POINT('',(-4.54940316815658,-10.0594382810683,2.38852247547884));
#6661=CARTESIAN_POINT('',(-4.57075848252522,-10.2000212599506,2.41632663429996));
#6662=CARTESIAN_POINT('',(-4.58889669820567,-10.3353015027729,2.4282631263137));
#6663=CARTESIAN_POINT('',(-4.56686242370571,-10.1784943756465,1.95966508362196));
#6664=CARTESIAN_POINT('',(49.1227160834271,-10.1784943756465,1.95966508362196));
#6665=VECTOR('',#9969,10.0);
#6666=CARTESIAN_POINT('',(-4.58889669820567,-10.3353015027729,2.4282631263137));
#6667=CARTESIAN_POINT('',(-4.58266951001006,-10.2888572688943,2.36142874097617));
#6668=CARTESIAN_POINT('',(-4.57719779873745,-10.2500262450014,2.28991474862487));
#6669=CARTESIAN_POINT('',(-4.57086678270314,-10.2058811254082,2.17095006634621));
#6670=CARTESIAN_POINT('',(-4.56686242370571,-10.1784943756465,2.08698853906406));
#6671=CARTESIAN_POINT('',(-4.56686242370571,-10.1784943756465,1.95966508362196));
#6672=CARTESIAN_POINT('',(-4.58569553474254,-10.3115980998352,1.52388713730552));
#6673=CARTESIAN_POINT('',(49.1227160834271,-10.3115980998352,1.52388713730552));
#6674=VECTOR('',#9970,10.0);
#6675=CARTESIAN_POINT('',(-4.56686242370571,-10.1784943756465,1.95966508362196));
#6676=CARTESIAN_POINT('',(-4.56686242370571,-10.1784943756465,1.8835378349637));
#6677=CARTESIAN_POINT('',(-4.56785629200273,-10.1851600475673,1.80361953510579));
#6678=CARTESIAN_POINT('',(-4.57199194568157,-10.2137224505018,1.69716431796704));
#6679=CARTESIAN_POINT('',(-4.57539792227885,-10.2358931766708,1.62540055700324));
#6680=CARTESIAN_POINT('',(-4.58569553474255,-10.3115980998352,1.52388713730552));
#6681=CARTESIAN_POINT('',(-4.65036404395108,-10.8859497864029,1.27955975317831));
#6682=CARTESIAN_POINT('',(49.1227160834271,-10.8859497864029,1.27955975317831));
#6683=VECTOR('',#9971,10.0);
#6684=CARTESIAN_POINT('',(-4.58569553474255,-10.3115980998352,1.52388713730552));
#6685=CARTESIAN_POINT('',(-4.59188554870461,-10.3571052048109,1.46321099733789));
#6686=CARTESIAN_POINT('',(-4.59914274279913,-10.4122291664506,1.41339950612489));
#6687=CARTESIAN_POINT('',(-4.61510951646391,-10.5426290557719,1.33697376028281));
#6688=CARTESIAN_POINT('',(-4.62249911499428,-10.6076189325894,1.31610475865701));
#6689=CARTESIAN_POINT('',(-4.63621323828075,-10.7353210030595,1.28634743371695));
#6690=CARTESIAN_POINT('',(-4.64367039308085,-10.8109813489164,1.27955975317831));
#6691=CARTESIAN_POINT('',(-4.65036404395109,-10.8859497864029,1.27955975317831));
#6692=CARTESIAN_POINT('',(-4.61606310491012,-10.5522788065874,2.4282631263137));
#6693=CARTESIAN_POINT('',(49.1227160834271,-10.5522788065874,2.4282631263137));
#6694=VECTOR('',#9972,10.0);
#6695=CARTESIAN_POINT('',(-4.60101058210665,-10.4282917758363,2.02712861506007));
#6696=CARTESIAN_POINT('',(-4.60101058210665,-10.4282917758363,2.09714713120148));
#6697=CARTESIAN_POINT('',(-4.60235123436169,-10.4387806473094,2.1655005252404));
#6698=CARTESIAN_POINT('',(-4.60672133169427,-10.4740626474616,2.27545637440163));
#6699=CARTESIAN_POINT('',(-4.60993123792401,-10.4995761615449,2.34361948427567));
#6700=CARTESIAN_POINT('',(-4.61606310491011,-10.5522788065874,2.4282631263137));
#6701=CARTESIAN_POINT('',(-4.63178751043584,-10.6944992242137,2.43373314237625));
#6702=CARTESIAN_POINT('',(49.1227160834271,-10.6944992242137,2.43373314237625));
#6703=VECTOR('',#9973,10.0);
#6704=CARTESIAN_POINT('',(-4.61606310491012,-10.5522788065874,2.4282631263137));
#6705=CARTESIAN_POINT('',(-4.61852586403059,-10.5734459193192,2.42943907702102));
#6706=CARTESIAN_POINT('',(-4.62093609988404,-10.5946326120324,2.43064761726596));
#6707=CARTESIAN_POINT('',(-4.62408108774152,-10.6229203644528,2.43231114377404));
#6708=CARTESIAN_POINT('',(-4.62713893079316,-10.6501367010465,2.43373314237625));
#6709=CARTESIAN_POINT('',(-4.63178751043585,-10.6944992242137,2.43373314237625));
#6710=CARTESIAN_POINT('',(-4.63178751043584,-10.6944992242137,2.43373314237625));
#6711=CARTESIAN_POINT('',(-4.64344408638896,-10.8057407561477,2.43373314237625));
#6712=CARTESIAN_POINT('',(-4.65490573071479,-10.9325361052598,2.42602733789075));
#6713=CARTESIAN_POINT('',(-4.66710497891402,-11.0913398088789,2.38344386006355));
#6714=CARTESIAN_POINT('',(-4.67071667324971,-11.1429141023593,2.36381012845279));
#6715=CARTESIAN_POINT('',(-4.6758871690522,-11.2222359664421,2.32424858378665));
#6716=CARTESIAN_POINT('',(-4.67807142891467,-11.2584862534056,2.30147476596412));
#6717=CARTESIAN_POINT('',(-4.6798010915192,-11.2889076363441,2.2732793378748));
#6718=CARTESIAN_POINT('',(-4.41069673616662,-9.32334853120128,1.72992440899488));
#6719=CARTESIAN_POINT('',(-4.41069673616662,-9.32334853120128,1.72992440899488));
#6720=CARTESIAN_POINT('',(-4.41069673616662,-9.32334853120128,1.68321738810971));
#6721=CARTESIAN_POINT('',(-4.41116466670996,-9.32548359322178,1.63595793944485));
#6722=CARTESIAN_POINT('',(-4.41284955893419,-9.33320894897874,1.5664207879643));
#6723=CARTESIAN_POINT('',(-4.41413914278201,-9.33909017593373,1.52042233160857));
#6724=CARTESIAN_POINT('',(-4.41743533520797,-9.35434528888906,1.47465699274257));
#6725=CARTESIAN_POINT('',(49.1227160834271,-9.32334853120127,1.72992440899488));
#6726=VECTOR('',#9974,10.0);
#6727=CARTESIAN_POINT('',(-4.48445778056179,-9.68619293001706,2.49207998037678));
#6728=CARTESIAN_POINT('',(-4.48445778056179,-9.68619293001706,2.49207998037678));
#6729=CARTESIAN_POINT('',(-4.46732786753184,-9.5950475246359,2.4271146382434));
#6730=CARTESIAN_POINT('',(-4.45215088437087,-9.51971610080093,2.34690118529039));
#6731=CARTESIAN_POINT('',(-4.43262368028313,-9.42539396785636,2.19459787505057));
#6732=CARTESIAN_POINT('',(-4.42440929216785,-9.38667814154981,2.11931890714723));
#6733=CARTESIAN_POINT('',(-4.41301950538728,-9.33386508638265,1.92380885939853));
#6734=CARTESIAN_POINT('',(-4.41069673616662,-9.32334853120128,1.82694683546168));
#6735=CARTESIAN_POINT('',(-4.41069673616662,-9.32334853120128,1.72992440899488));
#6736=CARTESIAN_POINT('',(49.1227160834271,-9.68619293001705,2.49207998037678));
#6737=VECTOR('',#9975,10.0);
#6738=CARTESIAN_POINT('',(-4.62453349595367,-10.6270356927756,2.7382307031915));
#6739=CARTESIAN_POINT('',(-4.62453349595367,-10.6270356927756,2.7382307031915));
#6740=CARTESIAN_POINT('',(-4.60731565589505,-10.4708865586425,2.7382307031915));
#6741=CARTESIAN_POINT('',(-4.58681420963322,-10.3128338835788,2.7254855011374));
#6742=CARTESIAN_POINT('',(-4.55126148008658,-10.0732962618178,2.67417680143119));
#6743=CARTESIAN_POINT('',(-4.5375982836975,-9.98766925136977,2.64881833678083));
#6744=CARTESIAN_POINT('',(-4.51043926702568,-9.82757497493857,2.58125658275075));
#6745=CARTESIAN_POINT('',(-4.49725970135233,-9.754309811759,2.54103898912879));
#6746=CARTESIAN_POINT('',(-4.48445778056179,-9.68619293001706,2.49207998037678));
#6747=CARTESIAN_POINT('',(49.1227160834271,-10.6270356927756,2.7382307031915));
#6748=VECTOR('',#9976,10.0);
#6749=CARTESIAN_POINT('',(-4.68828989945484,-11.4584781342831,2.49025664168926));
#6750=CARTESIAN_POINT('',(-4.68828989945485,-11.4584781342831,2.49025664168926));
#6751=CARTESIAN_POINT('',(-4.68565471310727,-11.3975758504414,2.54843195759773));
#6752=CARTESIAN_POINT('',(-4.68205592611634,-11.3253565821445,2.59312434586088));
#6753=CARTESIAN_POINT('',(-4.67370229596647,-11.1863219623856,2.65593446805604));
#6754=CARTESIAN_POINT('',(-4.66827597943719,-11.0997542414942,2.68877666935357));
#6755=CARTESIAN_POINT('',(-4.64842001377403,-10.8588013718284,2.73111856590384));
#6756=CARTESIAN_POINT('',(-4.63708320161096,-10.740849368901,2.7382307031915));
#6757=CARTESIAN_POINT('',(-4.62453349595367,-10.6270356927756,2.7382307031915));
#6758=CARTESIAN_POINT('',(49.1227160834271,-11.4584781342831,2.49025664168926));
#6759=VECTOR('',#9977,10.0);
#6760=CARTESIAN_POINT('',(-4.69545789211294,-11.6626920672849,1.99430851868477));
#6761=CARTESIAN_POINT('',(-4.69545789211294,-11.6626920672849,1.99430851868477));
#6762=CARTESIAN_POINT('',(-4.69545789211294,-11.6626920672849,2.08932198562063));
#6763=CARTESIAN_POINT('',(-4.69509386337628,-11.6475982515197,2.18255893415918));
#6764=CARTESIAN_POINT('',(-4.69360579282991,-11.5996208637341,2.29994905051748));
#6765=CARTESIAN_POINT('',(-4.69300077627649,-11.5800576757547,2.34168977657836));
#6766=CARTESIAN_POINT('',(-4.69089475078867,-11.5217565231063,2.42530383332914));
#6767=CARTESIAN_POINT('',(-4.68973224673188,-11.491812491584,2.45930330990989));
#6768=CARTESIAN_POINT('',(-4.68828989945484,-11.4584781342831,2.49025664168926));
#6769=CARTESIAN_POINT('',(49.1227160834271,-11.6626920672849,1.99430851868477));
#6770=VECTOR('',#9978,10.0);
#6771=CARTESIAN_POINT('',(-4.68797219347098,-11.451184779533,1.49106704093022));
#6772=CARTESIAN_POINT('',(-4.68797219347098,-11.451184779533,1.49106704093022));
#6773=CARTESIAN_POINT('',(-4.69091135749365,-11.518207938794,1.55573851039255));
#6774=CARTESIAN_POINT('',(-4.69272382116432,-11.5715141619761,1.63022846109404));
#6775=CARTESIAN_POINT('',(-4.69425306138187,-11.6204005912032,1.74388703054644));
#6776=CARTESIAN_POINT('',(-4.69475611611624,-11.6373855448978,1.78860728657691));
#6777=CARTESIAN_POINT('',(-4.69534708486464,-11.6584743611823,1.8966237003302));
#6778=CARTESIAN_POINT('',(-4.69545789211294,-11.6626920672849,1.94537523059901));
#6779=CARTESIAN_POINT('',(-4.69545789211294,-11.6626920672849,1.99430851868477));
#6780=CARTESIAN_POINT('',(49.1227160834271,-11.451184779533,1.49106704093022));
#6781=VECTOR('',#9979,10.0);
#6782=CARTESIAN_POINT('',(-4.65036404395108,-10.8859497864029,1.27955975317831));
#6783=CARTESIAN_POINT('',(-4.65966772819771,-10.9901504213567,1.27955975317831));
#6784=CARTESIAN_POINT('',(-4.66747562759893,-11.0925579501134,1.29514635311594));
#6785=CARTESIAN_POINT('',(-4.67611105652937,-11.2259239197846,1.34415394579629));
#6786=CARTESIAN_POINT('',(-4.6793329840103,-11.2785960315863,1.36615445959941));
#6787=CARTESIAN_POINT('',(-4.68453537586709,-11.3762895835158,1.42602172395434));
#6788=CARTESIAN_POINT('',(-4.68641384044348,-11.4156489120749,1.45618924509172));
#6789=CARTESIAN_POINT('',(-4.68797219347098,-11.451184779533,1.49106704093022));
#6790=CARTESIAN_POINT('',(-4.4954834539078,-11.66633874466,0.333246974357244));
#6791=CARTESIAN_POINT('',(-4.45839350056222,-10.9880567529038,-0.399735178024385));
#6792=CARTESIAN_POINT('',(-4.49548345390779,-11.66633874466,0.333246974357244));
#6793=CARTESIAN_POINT('',(-4.49548345390779,-11.66633874466,0.276554799342483));
#6794=CARTESIAN_POINT('',(-4.49535778123476,-11.6615571100791,0.219979685143841));
#6795=CARTESIAN_POINT('',(-4.49476374006777,-11.6405977796245,0.111902158348717));
#6796=CARTESIAN_POINT('',(-4.49432011664756,-11.6252354193542,0.0609984394386245));
#6797=CARTESIAN_POINT('',(-4.49220122305082,-11.5593049005037,-0.0914271515166849));
#6798=CARTESIAN_POINT('',(-4.48983215974417,-11.4965624414947,-0.167123130036997));
#6799=CARTESIAN_POINT('',(-4.48477303404299,-11.384716660059,-0.275106538460787));
#6800=CARTESIAN_POINT('',(-4.4813879885821,-11.318739276065,-0.32006388441808));
#6801=CARTESIAN_POINT('',(-4.47177973158081,-11.1623642437905,-0.384980789251729));
#6802=CARTESIAN_POINT('',(-4.46566217414609,-11.0763007886565,-0.399735178024385));
#6803=CARTESIAN_POINT('',(-4.45839350056221,-10.9880567529038,-0.399735178024385));
#6804=CARTESIAN_POINT('',(-4.39915687394791,-10.4264684371488,-0.000424005458272703));
#6805=CARTESIAN_POINT('',(-4.45839350056221,-10.9880567529038,-0.399735178024385));
#6806=CARTESIAN_POINT('',(-4.45213443342713,-10.9120696642456,-0.399735178024385));
#6807=CARTESIAN_POINT('',(-4.44508194366032,-10.8355180411835,-0.389594984550519));
#6808=CARTESIAN_POINT('',(-4.43254761303963,-10.7110880130037,-0.342413799506389));
#6809=CARTESIAN_POINT('',(-4.42691242935593,-10.6585242308025,-0.31179936620081));
#6810=CARTESIAN_POINT('',(-4.41203847759641,-10.5280276982726,-0.187833349982025));
#6811=CARTESIAN_POINT('',(-4.40482964753336,-10.4705449495215,-0.0956292721834531));
#6812=CARTESIAN_POINT('',(-4.39915687394791,-10.4264684371488,-0.000424005458272703));
#6813=CARTESIAN_POINT('',(-4.39798007366444,-10.4173517437112,-0.000424005458272716));
#6814=AXIS2_PLACEMENT_3D('',#9980,#9981,#9982);
#6815=CARTESIAN_POINT('',(-4.31750980532378,-9.88676018564388,-0.343211678711375));
#6816=CARTESIAN_POINT('',(-4.39798007366444,-10.4173517437112,-0.000424005458272703));
#6817=CARTESIAN_POINT('',(-4.39338916247264,-10.3818900139998,-0.0705765577133897));
#6818=CARTESIAN_POINT('',(-4.38735026267345,-10.3362735329777,-0.133496147148386));
#6819=CARTESIAN_POINT('',(-4.36954242818967,-10.2100229482639,-0.248225710101751));
#6820=CARTESIAN_POINT('',(-4.35868416785181,-10.1381672948474,-0.283344440069226));
#6821=CARTESIAN_POINT('',(-4.34083599521724,-10.0243900609314,-0.329018871448616));
#6822=CARTESIAN_POINT('',(-4.32969157003929,-9.95676673339574,-0.343211678711375));
#6823=CARTESIAN_POINT('',(-4.31750980532378,-9.88676018564388,-0.343211678711375));
#6824=CARTESIAN_POINT('',(-4.20385752630864,-9.3142318377637,0.333246974357244));
#6825=CARTESIAN_POINT('',(-4.31750980532378,-9.88676018564388,-0.343211678711375));
#6826=CARTESIAN_POINT('',(-4.30418591312868,-9.81019002385038,-0.343211678711375));
#6827=CARTESIAN_POINT('',(-4.29042111785719,-9.73546276973966,-0.330359066421186));
#6828=CARTESIAN_POINT('',(-4.26443788876826,-9.60076612852276,-0.27242636195208));
#6829=CARTESIAN_POINT('',(-4.25309116802093,-9.54464361585093,-0.232111170449569));
#6830=CARTESIAN_POINT('',(-4.23475915040832,-9.45628529998234,-0.14016601511978));
#6831=CARTESIAN_POINT('',(-4.22390037705874,-9.40535173297944,-0.0764791886844086));
#6832=CARTESIAN_POINT('',(-4.20715488838862,-9.32875288477241,0.119789255158087));
#6833=CARTESIAN_POINT('',(-4.20385752630864,-9.3142318377637,0.226796675924608));
#6834=CARTESIAN_POINT('',(-4.20385752630864,-9.3142318377637,0.333246974357244));
#6835=CARTESIAN_POINT('',(-4.32098279615512,-9.90681691120656,1.01152896611338));
#6836=CARTESIAN_POINT('',(-4.20385752630864,-9.3142318377637,0.333246974357244));
#6837=CARTESIAN_POINT('',(-4.20385752630864,-9.3142318377637,0.388818823170029));
#6838=CARTESIAN_POINT('',(-4.20486604724293,-9.31873252621722,0.444380161743075));
#6839=CARTESIAN_POINT('',(-4.2092985745058,-9.33870366790115,0.549720865460722));
#6840=CARTESIAN_POINT('',(-4.21252731556298,-9.35328516667371,0.599062552371591));
#6841=CARTESIAN_POINT('',(-4.22583638895308,-9.41431674577532,0.741319338274655));
#6842=CARTESIAN_POINT('',(-4.23748722584447,-9.46914935499681,0.80783528411828));
#6843=CARTESIAN_POINT('',(-4.25720060780674,-9.56492092040331,0.902141834199317));
#6844=CARTESIAN_POINT('',(-4.2685945692137,-9.6218064251458,0.941662948879287));
#6845=CARTESIAN_POINT('',(-4.29433587483204,-9.75651704559377,0.998548734541628));
#6846=CARTESIAN_POINT('',(-4.30785233108654,-9.8306135181174,1.01152896611338));
#6847=CARTESIAN_POINT('',(-4.32098279615512,-9.90681691120656,1.01152896611338));
#6848=CARTESIAN_POINT('',(-4.39632093947814,-10.4045883728986,0.685151341047929));
#6849=CARTESIAN_POINT('',(-4.32098279615512,-9.90681691120656,1.01152896611338));
#6850=CARTESIAN_POINT('',(-4.33086662050937,-9.96417824216912,1.01152896611338));
#6851=CARTESIAN_POINT('',(-4.34038130189448,-10.021911412993,1.00479033688765));
#6852=CARTESIAN_POINT('',(-4.35880272543138,-10.138544743626,0.968505262430552));
#6853=CARTESIAN_POINT('',(-4.36519334167128,-10.1816554207569,0.940992721235281));
#6854=CARTESIAN_POINT('',(-4.38132246755714,-10.2917830799768,0.855434263672627));
#6855=CARTESIAN_POINT('',(-4.38980866597626,-10.3546945982997,0.770818010642263));
#6856=CARTESIAN_POINT('',(-4.39632093947815,-10.4045883728986,0.685151341047929));
#6857=CARTESIAN_POINT('',(-4.39750741810658,-10.4137050663361,0.685151341047929));
#6858=AXIS2_PLACEMENT_3D('',#9983,#9984,#9985);
#6859=CARTESIAN_POINT('',(-4.45884284057638,-10.9935267689664,1.06622912673888));
#6860=CARTESIAN_POINT('',(-4.39750741810658,-10.4137050663361,0.685151341047929));
#6861=CARTESIAN_POINT('',(-4.40214610463211,-10.4494520764389,0.758075241657562));
#6862=CARTESIAN_POINT('',(-4.40786990574356,-10.4946152900761,0.825433452885918));
#6863=CARTESIAN_POINT('',(-4.42298344871278,-10.6223646802038,0.954042230042101));
#6864=CARTESIAN_POINT('',(-4.4309338388212,-10.6956337018486,0.994550939085736));
#6865=CARTESIAN_POINT('',(-4.44461101736688,-10.8302083001986,1.05101044528702));
#6866=CARTESIAN_POINT('',(-4.45203018246586,-10.9103663626674,1.06622912673888));
#6867=CARTESIAN_POINT('',(-4.45884284057638,-10.9935267689664,1.06622912673888));
#6868=CARTESIAN_POINT('',(-4.48873248360318,-11.4730648437832,0.872955225862126));
#6869=CARTESIAN_POINT('',(-4.45884284057638,-10.9935267689664,1.06622912673888));
#6870=CARTESIAN_POINT('',(-4.46286494897156,-11.0426236358421,1.06622912673888));
#6871=CARTESIAN_POINT('',(-4.46656286782861,-11.0913917851294,1.06171392003065));
#6872=CARTESIAN_POINT('',(-4.4742652618678,-11.2014714246896,1.03959889538428));
#6873=CARTESIAN_POINT('',(-4.47706479697314,-11.2478607230285,1.02167487875249));
#6874=CARTESIAN_POINT('',(-4.48312157979972,-11.3508163828884,0.977123933366424));
#6875=CARTESIAN_POINT('',(-4.48631478702653,-11.416557856279,0.931722492866519));
#6876=CARTESIAN_POINT('',(-4.48873248360318,-11.4730648437832,0.872955225862126));
#6877=CARTESIAN_POINT('',(-4.48873248360318,-11.4730648437832,0.872955225862126));
#6878=CARTESIAN_POINT('',(-4.49007395864539,-11.504418122015,0.840372407307553));
#6879=CARTESIAN_POINT('',(-4.4911264518949,-11.5317638965802,0.80465963927087));
#6880=CARTESIAN_POINT('',(-4.4930940150563,-11.5862738113481,0.715430033645246));
#6881=CARTESIAN_POINT('',(-4.49368025926677,-11.6051739618592,0.668919264589916));
#6882=CARTESIAN_POINT('',(-4.49513403620544,-11.651843490121,0.540790196008945));
#6883=CARTESIAN_POINT('',(-4.49548345390779,-11.66633874466,0.437387552125401));
#6884=CARTESIAN_POINT('',(-4.49548345390779,-11.66633874466,0.333246974357244));
#6885=CARTESIAN_POINT('',(-4.40720108635266,-10.4902852912118,0.504640810983796));
#6886=CARTESIAN_POINT('',(-4.42370963216433,-10.6306823701506,0.17461650854331));
#6887=CARTESIAN_POINT('',(-4.40720108635266,-10.4902852912118,0.504640810983796));
#6888=CARTESIAN_POINT('',(-4.41042822864604,-10.5164367616055,0.440351779599356));
#6889=CARTESIAN_POINT('',(-4.41354063796748,-10.5423526344977,0.375959012139148));
#6890=CARTESIAN_POINT('',(-4.41852680543405,-10.5849771695323,0.267669653431706));
#6891=CARTESIAN_POINT('',(-4.42108479921274,-10.6071992397856,0.215711986682018));
#6892=CARTESIAN_POINT('',(-4.42370963216434,-10.6306823701506,0.17461650854331));
#6893=CARTESIAN_POINT('',(-4.46076165248641,-11.0172301719041,-0.089767601146582));
#6894=CARTESIAN_POINT('',(-4.42370963216434,-10.6306823701506,0.17461650854331));
#6895=CARTESIAN_POINT('',(-4.42779353629347,-10.6672191154714,0.107102957407015));
#6896=CARTESIAN_POINT('',(-4.43245760216106,-10.7104297102752,0.0409318505712706));
#6897=CARTESIAN_POINT('',(-4.43978698271156,-10.78285720379,-0.0272932087167782));
#6898=CARTESIAN_POINT('',(-4.44270219126984,-10.8120570135465,-0.0486105335836135));
#6899=CARTESIAN_POINT('',(-4.45148341771053,-10.906205026951,-0.0834665167631296));
#6900=CARTESIAN_POINT('',(-4.45641738817195,-10.962913333158,-0.089767601146582));
#6901=CARTESIAN_POINT('',(-4.4607616524864,-11.0172301719041,-0.089767601146582));
#6902=CARTESIAN_POINT('',(-4.48736717967821,-11.4420680860954,0.329600296982211));
#6903=CARTESIAN_POINT('',(-4.4607616524864,-11.0172301719041,-0.089767601146582));
#6904=CARTESIAN_POINT('',(-4.46596921776967,-11.0823409624262,-0.089767601146582));
#6905=CARTESIAN_POINT('',(-4.47064989805452,-11.1477224949947,-0.0803503818139404));
#6906=CARTESIAN_POINT('',(-4.47743417894271,-11.2530936163844,-0.0366127505110093));
#6907=CARTESIAN_POINT('',(-4.47975932396688,-11.2930378075557,-0.0101013530267157));
#6908=CARTESIAN_POINT('',(-4.48293846731109,-11.3512291350986,0.0483078147323827));
#6909=CARTESIAN_POINT('',(-4.48467505822684,-11.3850203171568,0.0877088507825545));
#6910=CARTESIAN_POINT('',(-4.48697447969248,-11.4329920668193,0.206282437149929));
#6911=CARTESIAN_POINT('',(-4.48736717967821,-11.4420680860954,0.267809464148417));
#6912=CARTESIAN_POINT('',(-4.48736717967821,-11.4420680860954,0.329600296982211));
#6913=CARTESIAN_POINT('',(-4.45703076719639,-10.9716467047162,0.76173156592362));
#6914=CARTESIAN_POINT('',(-4.48736717967821,-11.4420680860954,0.329600296982211));
#6915=CARTESIAN_POINT('',(-4.48736717967821,-11.4420680860954,0.387032925335763));
#6916=CARTESIAN_POINT('',(-4.48695210376564,-11.4325474184888,0.443094409378507));
#6917=CARTESIAN_POINT('',(-4.48488985727108,-11.3894811966481,0.546098314124125));
#6918=CARTESIAN_POINT('',(-4.48337406418459,-11.3588239049115,0.589755037155053));
#6919=CARTESIAN_POINT('',(-4.47928173066909,-11.2847208290189,0.662979590128017));
#6920=CARTESIAN_POINT('',(-4.4765309706794,-11.2371372586809,0.698933586910132));
#6921=CARTESIAN_POINT('',(-4.46801189160898,-11.1101701200224,0.750985218373313));
#6922=CARTESIAN_POINT('',(-4.46286420006014,-11.0413286130444,0.76173156592362));
#6923=CARTESIAN_POINT('',(-4.4570307671964,-10.9716467047162,0.76173156592362));
#6924=CARTESIAN_POINT('',(-4.4570307671964,-10.9716467047162,0.76173156592362));
#6925=CARTESIAN_POINT('',(-4.45215457595916,-10.9133993024197,0.76173156592362));
#6926=CARTESIAN_POINT('',(-4.44690204532541,-10.8557085076421,0.754681693277694));
#6927=CARTESIAN_POINT('',(-4.43799580267864,-10.764668149609,0.728252984781127));
#6928=CARTESIAN_POINT('',(-4.4325040912876,-10.7104154559198,0.708675676895895));
#6929=CARTESIAN_POINT('',(-4.41885625776889,-10.5864353891557,0.625490686710921));
#6930=CARTESIAN_POINT('',(-4.41252153369763,-10.5334000684897,0.56979202998143));
#6931=CARTESIAN_POINT('',(-4.40720108635266,-10.4902852912118,0.504640810983796));
#6932=CARTESIAN_POINT('',(-4.31496256035553,-9.87217347614375,0.708854743985643));
#6933=CARTESIAN_POINT('',(-4.25136666012069,-9.53667915764071,0.335070313044761));
#6934=CARTESIAN_POINT('',(-4.31496256035553,-9.87217347614375,0.708854743985643));
#6935=CARTESIAN_POINT('',(-4.30666972125139,-9.82485255835183,0.708854743985643));
#6936=CARTESIAN_POINT('',(-4.29816174749972,-9.7779920862158,0.701524704385664));
#6937=CARTESIAN_POINT('',(-4.28331252774146,-9.69857591874758,0.667924801734897));
#6938=CARTESIAN_POINT('',(-4.27727191708804,-9.66713336978601,0.646204021390797));
#6939=CARTESIAN_POINT('',(-4.26767368221057,-9.6179289953835,0.59558910754023));
#6940=CARTESIAN_POINT('',(-4.26179476390993,-9.58827195976254,0.558853893037151));
#6941=CARTESIAN_POINT('',(-4.25309419957174,-9.54506867744983,0.450290610398668));
#6942=CARTESIAN_POINT('',(-4.2513666601207,-9.53667915764071,0.392852670476421));
#6943=CARTESIAN_POINT('',(-4.2513666601207,-9.53667915764071,0.335070313044761));
#6944=CARTESIAN_POINT('',(-4.31814379571212,-9.89040686301891,-0.0478308113337023));
#6945=CARTESIAN_POINT('',(-4.2513666601207,-9.53667915764071,0.335070313044761));
#6946=CARTESIAN_POINT('',(-4.2513666601207,-9.53667915764071,0.274926286868246));
#6947=CARTESIAN_POINT('',(-4.25310376804186,-9.54510094936014,0.214249442055782));
#6948=CARTESIAN_POINT('',(-4.26231975412773,-9.59089519521627,0.103300601258337));
#6949=CARTESIAN_POINT('',(-4.26834094411817,-9.62135858662916,0.0697703691428085));
#6950=CARTESIAN_POINT('',(-4.27786854205723,-9.67017654828442,0.0212690693552126));
#6951=CARTESIAN_POINT('',(-4.28472850537651,-9.70595628032434,-0.00340662557939619));
#6952=CARTESIAN_POINT('',(-4.30078753344724,-9.79232431398399,-0.0396839164512775));
#6953=CARTESIAN_POINT('',(-4.30953116142263,-9.84082335918503,-0.0478308113337023));
#6954=CARTESIAN_POINT('',(-4.31814379571212,-9.89040686301891,-0.0478308113337023));
#6955=CARTESIAN_POINT('',(-4.38782184025268,-10.3407715188355,0.176439847230827));
#6956=CARTESIAN_POINT('',(-4.31814379571212,-9.89040686301891,-0.0478308113337023));
#6957=CARTESIAN_POINT('',(-4.32678303150783,-9.94014351347916,-0.0478308113337023));
#6958=CARTESIAN_POINT('',(-4.33512853216712,-9.99003438804266,-0.0432183941775728));
#6959=CARTESIAN_POINT('',(-4.3555270523367,-10.1166066390281,-0.0146620198856195));
#6960=CARTESIAN_POINT('',(-4.36252301322057,-10.1640512023612,0.0130851093347691));
#6961=CARTESIAN_POINT('',(-4.37424097195228,-10.2425627801577,0.0616455064530152));
#6962=CARTESIAN_POINT('',(-4.38177411267258,-10.2962499532054,0.118157070405927));
#6963=CARTESIAN_POINT('',(-4.38782184025269,-10.3407715188355,0.176439847230827));
#6964=CARTESIAN_POINT('',(-4.36792749156695,-10.2003744398967,0.493700778858697));
#6965=CARTESIAN_POINT('',(-4.38782184025269,-10.3407715188355,0.176439847230827));
#6966=CARTESIAN_POINT('',(-4.38443541844989,-10.3158416921282,0.253010029260232));
#6967=CARTESIAN_POINT('',(-4.37988623600152,-10.2833158174548,0.323914221784483));
#6968=CARTESIAN_POINT('',(-4.37494358265365,-10.2484342633598,0.399372277333294));
#6969=CARTESIAN_POINT('',(-4.37102392614734,-10.2213568919357,0.456232114503378));
#6970=CARTESIAN_POINT('',(-4.36792749156695,-10.2003744398967,0.493700778858697));
#6971=CARTESIAN_POINT('',(-4.36792749156695,-10.2003744398967,0.493700778858697));
#6972=CARTESIAN_POINT('',(-4.36398447834292,-10.1736552944686,0.540066354748642));
#6973=CARTESIAN_POINT('',(-4.35914119813942,-10.141392311864,0.584809257356265));
#6974=CARTESIAN_POINT('',(-4.34704111275242,-10.0637238408954,0.657607020125534));
#6975=CARTESIAN_POINT('',(-4.34159095340443,-10.0300163854261,0.674862263595887));
#6976=CARTESIAN_POINT('',(-4.33082149147767,-9.96427714856316,0.701902538971754));
#6977=CARTESIAN_POINT('',(-4.32305436923621,-9.91834726753438,0.708854743985643));
#6978=CARTESIAN_POINT('',(-4.31496256035553,-9.87217347614375,0.708854743985643));
#6979=CARTESIAN_POINT('',(-4.52108966082343,-9.89040686301891,-0.0478308113337023));
#6980=CARTESIAN_POINT('',(49.1227160834271,-9.8904068630189,-0.0478308113337023));
#6981=VECTOR('',#9986,10.0);
#6982=CARTESIAN_POINT('',(-4.58962888497199,-10.3407715188355,0.176439847230827));
#6983=CARTESIAN_POINT('',(-4.58962888497199,-10.3407715188355,0.176439847230827));
#6984=CARTESIAN_POINT('',(-4.58360217914513,-10.2956716987035,0.117400082694467));
#6985=CARTESIAN_POINT('',(-4.57607156237477,-10.2411305405872,0.0601305861975559));
#6986=CARTESIAN_POINT('',(-4.5645166164779,-10.1625391505103,0.0123175614676772));
#6987=CARTESIAN_POINT('',(-4.55793710773895,-10.1172845027412,-0.0138153656693497));
#6988=CARTESIAN_POINT('',(-4.53833943919199,-9.9933448498324,-0.042906481480335));
#6989=CARTESIAN_POINT('',(-4.52986952789155,-9.94179777271245,-0.0478308113337023));
#6990=CARTESIAN_POINT('',(-4.52108966082344,-9.89040686301891,-0.0478308113337023));
#6991=CARTESIAN_POINT('',(49.1227160834271,-10.3407715188355,0.176439847230827));
#6992=VECTOR('',#9987,10.0);
#6993=CARTESIAN_POINT('',(-4.45541595938211,-9.53667915764071,0.335070313044761));
#6994=CARTESIAN_POINT('',(49.1227160834271,-9.5366791576407,0.335070313044761));
#6995=VECTOR('',#9988,10.0);
#6996=CARTESIAN_POINT('',(-4.52108966082343,-9.89040686301891,-0.0478308113337023));
#6997=CARTESIAN_POINT('',(-4.51263592782571,-9.84092490324786,-0.0478308113337023));
#6998=CARTESIAN_POINT('',(-4.50405352840356,-9.79251905974348,-0.0397172422616337));
#6999=CARTESIAN_POINT('',(-4.48821778749974,-9.70591191529002,-0.00343119173853067));
#7000=CARTESIAN_POINT('',(-4.48142527963425,-9.66989320963976,0.0214447691612262));
#7001=CARTESIAN_POINT('',(-4.47202299200822,-9.62091602038805,0.0702694610872645));
#7002=CARTESIAN_POINT('',(-4.46615347280831,-9.59072462949993,0.1037080335515));
#7003=CARTESIAN_POINT('',(-4.45712375261582,-9.54509881877194,0.214260454306887));
#7004=CARTESIAN_POINT('',(-4.45541595938211,-9.53667915764071,0.274934343296495));
#7005=CARTESIAN_POINT('',(-4.45541595938211,-9.53667915764071,0.335070313044761));
#7006=CARTESIAN_POINT('',(-4.51796072404976,-9.87217347614375,0.708854743985643));
#7007=CARTESIAN_POINT('',(49.1227160834271,-9.87217347614373,0.708854743985643));
#7008=VECTOR('',#9989,10.0);
#7009=CARTESIAN_POINT('',(-4.45541595938211,-9.53667915764071,0.335070313044761));
#7010=CARTESIAN_POINT('',(-4.45541595938211,-9.53667915764071,0.393035226796725));
#7011=CARTESIAN_POINT('',(-4.45712567207405,-9.54512185542434,0.450651676911286));
#7012=CARTESIAN_POINT('',(-4.46572992513531,-9.5885716980407,0.559371873112175));
#7013=CARTESIAN_POINT('',(-4.47153309896117,-9.61834523868283,0.596112864061763));
#7014=CARTESIAN_POINT('',(-4.48098734654698,-9.66763748796201,0.646601775515933));
#7015=CARTESIAN_POINT('',(-4.4869328671782,-9.69911324046269,0.668238008756412));
#7016=CARTESIAN_POINT('',(-4.50150795872028,-9.77839188593,0.70158818026487));
#7017=CARTESIAN_POINT('',(-4.50983965354136,-9.82505794739095,0.708854743985643));
#7018=CARTESIAN_POINT('',(-4.51796072404976,-9.87217347614375,0.708854743985643));
#7019=CARTESIAN_POINT('',(-4.66139006938024,-11.0172301719041,-0.089767601146582));
#7020=CARTESIAN_POINT('',(49.1227160834271,-11.0172301719041,-0.089767601146582));
#7021=VECTOR('',#9990,10.0);
#7022=CARTESIAN_POINT('',(-4.68756907236507,-11.4420680860954,0.329600296982211));
#7023=CARTESIAN_POINT('',(-4.68756907236507,-11.4420680860954,0.329600296982211));
#7024=CARTESIAN_POINT('',(-4.68756907236507,-11.4420680860954,0.267786882686596));
#7025=CARTESIAN_POINT('',(-4.68718238789328,-11.4329854578301,0.206238063806308));
#7026=CARTESIAN_POINT('',(-4.68492118313937,-11.3850459037731,0.0878020309785474));
#7027=CARTESIAN_POINT('',(-4.68321780517136,-11.3513568134189,0.0484634944044604));
#7028=CARTESIAN_POINT('',(-4.68009923762641,-11.2933321898852,-0.00984564666141097));
#7029=CARTESIAN_POINT('',(-4.67782228275795,-11.253560649912,-0.0363217119609715));
#7030=CARTESIAN_POINT('',(-4.67115324336238,-11.1482039180637,-0.0802796134595824));
#7031=CARTESIAN_POINT('',(-4.66653317903422,-11.0825850109199,-0.089767601146582));
#7032=CARTESIAN_POINT('',(-4.66139006938024,-11.0172301719041,-0.089767601146582));
#7033=CARTESIAN_POINT('',(49.1227160834271,-11.4420680860954,0.329600296982211));
#7034=VECTOR('',#9991,10.0);
#7035=CARTESIAN_POINT('',(-4.62493505765794,-10.6306823701506,0.17461650854331));
#7036=CARTESIAN_POINT('',(49.1227160834271,-10.6306823701506,0.17461650854331));
#7037=VECTOR('',#9992,10.0);
#7038=CARTESIAN_POINT('',(-4.66139006938024,-11.0172301719041,-0.089767601146582));
#7039=CARTESIAN_POINT('',(-4.65709856694297,-10.96269692844,-0.089767601146582));
#7040=CARTESIAN_POINT('',(-4.65222127718504,-10.9057444111901,-0.0834161595707213));
#7041=CARTESIAN_POINT('',(-4.6435948418468,-10.8117942998419,-0.0484113101041176));
#7042=CARTESIAN_POINT('',(-4.64072772402999,-10.7825935177819,-0.0271395418146932));
#7043=CARTESIAN_POINT('',(-4.6335082746363,-10.7101152714433,0.0414197974328698));
#7044=CARTESIAN_POINT('',(-4.62893907146444,-10.6670927769114,0.107336409094101));
#7045=CARTESIAN_POINT('',(-4.62493505765794,-10.6306823701506,0.17461650854331));
#7046=CARTESIAN_POINT('',(-4.60869364574961,-10.4902852912118,0.504640810983796));
#7047=CARTESIAN_POINT('',(49.1227160834271,-10.4902852912118,0.504640810983796));
#7048=VECTOR('',#9993,10.0);
#7049=CARTESIAN_POINT('',(-4.62493505765795,-10.6306823701506,0.17461650854331));
#7050=CARTESIAN_POINT('',(-4.62236378566097,-10.6073005678325,0.215534662600051));
#7051=CARTESIAN_POINT('',(-4.6198587761222,-10.5851780945089,0.267204510724733));
#7052=CARTESIAN_POINT('',(-4.61494829022043,-10.542502401829,0.375511869231835));
#7053=CARTESIAN_POINT('',(-4.61187927010453,-10.5165254829974,0.440133672844191));
#7054=CARTESIAN_POINT('',(-4.60869364574961,-10.4902852912118,0.504640810983796));
#7055=CARTESIAN_POINT('',(-4.40869914484667,-9.3142318377637,0.333246974357244));
#7056=CARTESIAN_POINT('',(49.1227160834271,-9.31423183776369,0.333246974357244));
#7057=VECTOR('',#9994,10.0);
#7058=CARTESIAN_POINT('',(-4.52388201148865,-9.90681691120656,1.01152896611338));
#7059=CARTESIAN_POINT('',(-4.52388201148865,-9.90681691120656,1.01152896611338));
#7060=CARTESIAN_POINT('',(-4.51099032501451,-9.8307496489802,1.01152896611338));
#7061=CARTESIAN_POINT('',(-4.49771987863654,-9.75677488943587,0.998595048758871));
#7062=CARTESIAN_POINT('',(-4.47229888015132,-9.62148215916812,0.941583972557547));
#7063=CARTESIAN_POINT('',(-4.46098865812459,-9.56408420756845,0.901583151640945));
#7064=CARTESIAN_POINT('',(-4.44123965704661,-9.46656704749206,0.805039710025871));
#7065=CARTESIAN_POINT('',(-4.42957860805306,-9.41085259365691,0.736520700795219));
#7066=CARTESIAN_POINT('',(-4.41680390888042,-9.35135340534655,0.592824769541212));
#7067=CARTESIAN_POINT('',(-4.41382315403874,-9.3376663909686,0.545167413743447));
#7068=CARTESIAN_POINT('',(-4.4096579276139,-9.31858405264746,0.442535337307489));
#7069=CARTESIAN_POINT('',(-4.40869914484667,-9.3142318377637,0.387894164240495));
#7070=CARTESIAN_POINT('',(-4.40869914484667,-9.3142318377637,0.333246974357244));
#7071=CARTESIAN_POINT('',(49.1227160834271,-9.90681691120655,1.01152896611338));
#7072=VECTOR('',#9995,10.0);
#7073=CARTESIAN_POINT('',(-4.52046609091998,-9.88676018564388,-0.343211678711375));
#7074=CARTESIAN_POINT('',(49.1227160834271,-9.88676018564387,-0.343211678711375));
#7075=VECTOR('',#9996,10.0);
#7076=CARTESIAN_POINT('',(-4.40869914484667,-9.3142318377637,0.333246974357244));
#7077=CARTESIAN_POINT('',(-4.40869914484667,-9.3142318377637,0.225841426415383));
#7078=CARTESIAN_POINT('',(-4.41200095860023,-9.32901480376824,0.117880860669917));
#7079=CARTESIAN_POINT('',(-4.42878091283596,-9.4071077806834,-0.0797290098761583));
#7080=CARTESIAN_POINT('',(-4.43960370461698,-9.45880027137629,-0.143136750421101));
#7081=CARTESIAN_POINT('',(-4.45751703082392,-9.54666883907166,-0.233753216409729));
#7082=CARTESIAN_POINT('',(-4.46869283518633,-9.60293162572674,-0.273726103016392));
#7083=CARTESIAN_POINT('',(-4.49411604204553,-9.73707585947835,-0.3306411627306));
#7084=CARTESIAN_POINT('',(-4.50750583970728,-9.81103510023283,-0.343211678711375));
#7085=CARTESIAN_POINT('',(-4.52046609091998,-9.88676018564388,-0.343211678711375));
#7086=CARTESIAN_POINT('',(-4.59962214980884,-10.4173517437112,-0.000424005458272716));
#7087=CARTESIAN_POINT('',(49.1227160834271,-10.4173517437112,-0.000424005458272716));
#7088=VECTOR('',#9997,10.0);
#7089=CARTESIAN_POINT('',(-4.52046609091998,-9.88676018564388,-0.343211678711375));
#7090=CARTESIAN_POINT('',(-4.53252752078133,-9.95723357319179,-0.343211678711375));
#7091=CARTESIAN_POINT('',(-4.54355280615679,-10.0252754245013,-0.328828938678692));
#7092=CARTESIAN_POINT('',(-4.56105221411485,-10.1387598169255,-0.282983127228105));
#7093=CARTESIAN_POINT('',(-4.57154847583113,-10.2093787521035,-0.248345711169215));
#7094=CARTESIAN_POINT('',(-4.5890535556209,-10.3354159246086,-0.134671092435533));
#7095=CARTESIAN_POINT('',(-4.59506281514381,-10.3815530258384,-0.0712432082066273));
#7096=CARTESIAN_POINT('',(-4.59962214980884,-10.4173517437112,-0.000424005458272703));
#7097=CARTESIAN_POINT('',(-4.60077985627656,-10.4264684371488,-0.000424005458272703));
#7098=CARTESIAN_POINT('',(49.1227160834271,-10.4264684371487,-0.000424005458272703));
#7099=VECTOR('',#9998,10.0);
#7100=AXIS2_PLACEMENT_3D('',#9999,#10000,#10001);
#7101=CARTESIAN_POINT('',(-4.65905996966978,-10.9880567529038,-0.399735178024385));
#7102=CARTESIAN_POINT('',(49.1227160834271,-10.9880567529038,-0.399735178024385));
#7103=VECTOR('',#10002,10.0);
#7104=CARTESIAN_POINT('',(-4.60077985627656,-10.4264684371488,-0.000424005458272703));
#7105=CARTESIAN_POINT('',(-4.60640788066951,-10.4709183972942,-0.0964359193724107));
#7106=CARTESIAN_POINT('',(-4.61357440778689,-10.5290064834278,-0.189403522894286));
#7107=CARTESIAN_POINT('',(-4.62811904880703,-10.6588946887776,-0.311697051520936));
#7108=CARTESIAN_POINT('',(-4.63362779773466,-10.710970260593,-0.342651052436708));
#7109=CARTESIAN_POINT('',(-4.64609904261034,-10.8370170630624,-0.389794262583381));
#7110=CARTESIAN_POINT('',(-4.65296234593848,-10.9128204916294,-0.399735178024385));
#7111=CARTESIAN_POINT('',(-4.65905996966977,-10.9880567529038,-0.399735178024385));
#7112=CARTESIAN_POINT('',(-4.69555558913313,-11.66633874466,0.333246974357244));
#7113=CARTESIAN_POINT('',(49.1227160834271,-11.66633874466,0.333246974357244));
#7114=VECTOR('',#10003,10.0);
#7115=CARTESIAN_POINT('',(-4.65905996966978,-10.9880567529038,-0.399735178024385));
#7116=CARTESIAN_POINT('',(-4.66618442454825,-11.0759626933645,-0.399735178024385));
#7117=CARTESIAN_POINT('',(-4.67218609929964,-11.1617162251936,-0.385093599892403));
#7118=CARTESIAN_POINT('',(-4.68169233486553,-11.3187605006454,-0.320198603452643));
#7119=CARTESIAN_POINT('',(-4.68505539894065,-11.3854575903435,-0.274667288573713));
#7120=CARTESIAN_POINT('',(-4.6900752494965,-11.4985010115752,-0.164991072149658));
#7121=CARTESIAN_POINT('',(-4.69239234645008,-11.5612361933763,-0.0885516619741543));
#7122=CARTESIAN_POINT('',(-4.69444065001781,-11.6262629863742,0.0641557347044019));
#7123=CARTESIAN_POINT('',(-4.69486538655371,-11.6412330730584,0.114494416629897));
#7124=CARTESIAN_POINT('',(-4.69543473034893,-11.6616693344645,0.221311990171003));
#7125=CARTESIAN_POINT('',(-4.69555558913313,-11.66633874466,0.277223994096389));
#7126=CARTESIAN_POINT('',(-4.69555558913313,-11.66633874466,0.333246974357244));
#7127=CARTESIAN_POINT('',(-4.57005839513579,-10.2003744398967,0.493700778858697));
#7128=CARTESIAN_POINT('',(49.1227160834271,-10.2003744398967,0.493700778858697));
#7129=VECTOR('',#10004,10.0);
#7130=CARTESIAN_POINT('',(-4.51796072404976,-9.87217347614375,0.708854743985643));
#7131=CARTESIAN_POINT('',(-4.5258915954421,-9.91818553806758,0.708854743985643));
#7132=CARTESIAN_POINT('',(-4.53350593970668,-9.96395690014078,0.701951140157105));
#7133=CARTESIAN_POINT('',(-4.54411684784805,-10.0297919832237,0.674998781369749));
#7134=CARTESIAN_POINT('',(-4.54950944084055,-10.0636967575152,0.657671220961832));
#7135=CARTESIAN_POINT('',(-4.56142840050925,-10.1414803513409,0.584687822908925));
#7136=CARTESIAN_POINT('',(-4.5661850690776,-10.1736924720234,0.540001840756481));
#7137=CARTESIAN_POINT('',(-4.57005839513579,-10.2003744398967,0.493700778858697));
#7138=CARTESIAN_POINT('',(-4.57005839513579,-10.2003744398967,0.493700778858697));
#7139=CARTESIAN_POINT('',(-4.5730824792266,-10.2212062814058,0.456501061878229));
#7140=CARTESIAN_POINT('',(-4.57690319386187,-10.2480330047157,0.400210347263787));
#7141=CARTESIAN_POINT('',(-4.58182715795254,-10.2833461387732,0.32386619208342));
#7142=CARTESIAN_POINT('',(-4.5863001894944,-10.3158617967375,0.252948279388788));
#7143=CARTESIAN_POINT('',(-4.58962888497199,-10.3407715188355,0.176439847230827));
#7144=CARTESIAN_POINT('',(-4.65771913962549,-10.9716467047162,0.76173156592362));
#7145=CARTESIAN_POINT('',(49.1227160834271,-10.9716467047162,0.76173156592362));
#7146=VECTOR('',#10005,10.0);
#7147=CARTESIAN_POINT('',(-4.60869364574961,-10.4902852912118,0.504640810983796));
#7148=CARTESIAN_POINT('',(-4.61392963571378,-10.5334144758049,0.569813801035518));
#7149=CARTESIAN_POINT('',(-4.620164390401,-10.5864718577127,0.625529354872615));
#7150=CARTESIAN_POINT('',(-4.63359335020586,-10.7104730678385,0.708701339042629));
#7151=CARTESIAN_POINT('',(-4.63899552251551,-10.7647170929046,0.728272424797074));
#7152=CARTESIAN_POINT('',(-4.64775787150588,-10.8557590955458,0.754688054533512));
#7153=CARTESIAN_POINT('',(-4.65292350106021,-10.9134256322871,0.76173156592362));
#7154=CARTESIAN_POINT('',(-4.6577191396255,-10.9716467047162,0.76173156592362));
#7155=CARTESIAN_POINT('',(-4.6577191396255,-10.9716467047162,0.76173156592362));
#7156=CARTESIAN_POINT('',(-4.66343952670153,-11.0410946136323,0.76173156592362));
#7157=CARTESIAN_POINT('',(-4.6684904718721,-11.109714303707,0.75105723545249));
#7158=CARTESIAN_POINT('',(-4.67690407086902,-11.2370543490839,0.69907867555403));
#7159=CARTESIAN_POINT('',(-4.67962652930188,-11.2849522060216,0.662818923433873));
#7160=CARTESIAN_POINT('',(-4.6836534813314,-11.3590929009756,0.589415210250871));
#7161=CARTESIAN_POINT('',(-4.6851414521834,-11.3896894848988,0.545741843252837));
#7162=CARTESIAN_POINT('',(-4.68716247891797,-11.4325921922033,0.442836472312383));
#7163=CARTESIAN_POINT('',(-4.68756907236507,-11.4420680860954,0.386897800098825));
#7164=CARTESIAN_POINT('',(-4.68756907236507,-11.4420680860954,0.329600296982211));
#7165=CARTESIAN_POINT('',(-4.5979899414951,-10.4045883728986,0.685151341047929));
#7166=CARTESIAN_POINT('',(-4.59798994149511,-10.4045883728986,0.685151341047929));
#7167=CARTESIAN_POINT('',(-4.59151693177163,-10.3541771928524,0.771706386032921));
#7168=CARTESIAN_POINT('',(-4.58305889469484,-10.2904475751874,0.857239491655083));
#7169=CARTESIAN_POINT('',(-4.56719589601898,-10.1805014248088,0.941575377549747));
#7170=CARTESIAN_POINT('',(-4.56085891668246,-10.1369949808568,0.969500946156997));
#7171=CARTESIAN_POINT('',(-4.54257887091517,-10.0195440848745,1.00506429053675));
#7172=CARTESIAN_POINT('',(-4.53340376053863,-9.96299989264125,1.01152896611338));
#7173=CARTESIAN_POINT('',(-4.52388201148865,-9.90681691120656,1.01152896611338));
#7174=CARTESIAN_POINT('',(49.1227160834271,-10.4045883728985,0.685151341047929));
#7175=VECTOR('',#10006,10.0);
#7176=CARTESIAN_POINT('',(-4.59915716418998,-10.4137050663361,0.685151341047929));
#7177=AXIS2_PLACEMENT_3D('',#10007,#10008,#10009);
#7178=CARTESIAN_POINT('',(49.1227160834271,-10.4137050663361,0.685151341047929));
#7179=VECTOR('',#10010,10.0);
#7180=CARTESIAN_POINT('',(-4.65950208844594,-10.9935267689664,1.06622912673888));
#7181=CARTESIAN_POINT('',(-4.65950208844594,-10.9935267689664,1.06622912673888));
#7182=CARTESIAN_POINT('',(-4.65279899492786,-10.9103674031639,1.06622912673888));
#7183=CARTESIAN_POINT('',(-4.64549921164413,-10.8302088084374,1.05101082186162));
#7184=CARTESIAN_POINT('',(-4.63230010097373,-10.6982095020272,0.995631473696944));
#7185=CARTESIAN_POINT('',(-4.6248264390189,-10.6279683693813,0.957194683991533));
#7186=CARTESIAN_POINT('',(-4.60987377215803,-10.4987887922995,0.831592164603576));
#7187=CARTESIAN_POINT('',(-4.60393259051751,-10.4511128834275,0.761463287914216));
#7188=CARTESIAN_POINT('',(-4.59915716418998,-10.4137050663361,0.685151341047929));
#7189=CARTESIAN_POINT('',(49.1227160834271,-10.9935267689664,1.06622912673888));
#7190=VECTOR('',#10011,10.0);
#7191=CARTESIAN_POINT('',(-4.68891253706174,-11.4730648437832,0.872955225862126));
#7192=CARTESIAN_POINT('',(-4.68891253706174,-11.4730648437832,0.872955225862126));
#7193=CARTESIAN_POINT('',(-4.68653877533026,-11.4166829317633,0.931592414362812));
#7194=CARTESIAN_POINT('',(-4.68340507726689,-11.3511020264942,0.976928464504559));
#7195=CARTESIAN_POINT('',(-4.67706754797104,-11.2415482140054,1.02443982449166));
#7196=CARTESIAN_POINT('',(-4.67426901180621,-11.1955380065361,1.04080170504045));
#7197=CARTESIAN_POINT('',(-4.66709175430402,-11.0913065434334,1.06172176596401));
#7198=CARTESIAN_POINT('',(-4.6634561199661,-11.0425809486065,1.06622912673888));
#7199=CARTESIAN_POINT('',(-4.65950208844594,-10.9935267689664,1.06622912673888));
#7200=CARTESIAN_POINT('',(49.1227160834271,-11.4730648437832,0.872955225862126));
#7201=VECTOR('',#10012,10.0);
#7202=CARTESIAN_POINT('',(-4.69555558913313,-11.66633874466,0.333246974357244));
#7203=CARTESIAN_POINT('',(-4.69555558913313,-11.66633874466,0.437376275227887));
#7204=CARTESIAN_POINT('',(-4.69521181797156,-11.6518466664209,0.540768088118584));
#7205=CARTESIAN_POINT('',(-4.69378139681698,-11.6051797925888,0.668907396607204));
#7206=CARTESIAN_POINT('',(-4.6932042232182,-11.5862687630546,0.715447853311134));
#7207=CARTESIAN_POINT('',(-4.69126738658995,-11.5317418814645,0.804688391879804));
#7208=CARTESIAN_POINT('',(-4.69023202523352,-11.5044055065912,0.840385517453826));
#7209=CARTESIAN_POINT('',(-4.68891253706174,-11.4730648437832,0.872955225862126));
#7210=CARTESIAN_POINT('',(-4.27387216156608,-9.64972615626673,-0.95950015509195));
#7211=CARTESIAN_POINT('',(-4.25984372873891,-9.57861594745359,-1.28223110278237));
#7212=CARTESIAN_POINT('',(-4.27387216156607,-9.64972615626673,-0.95950015509195));
#7213=CARTESIAN_POINT('',(-4.2698879197943,-9.62921259186257,-1.01138740623189));
#7214=CARTESIAN_POINT('',(-4.26650738550204,-9.61208060048796,-1.06480112893382));
#7215=CARTESIAN_POINT('',(-4.26121486004824,-9.58543254871334,-1.17260461147142));
#7216=CARTESIAN_POINT('',(-4.25984372873892,-9.57861594745359,-1.22699352143821));
#7217=CARTESIAN_POINT('',(-4.25984372873892,-9.57861594745359,-1.28223110278237));
#7218=CARTESIAN_POINT('',(-4.47754824998127,-9.64972615626673,-0.95950015509195));
#7219=CARTESIAN_POINT('',(49.1227160834271,-9.64972615626672,-0.95950015509195));
#7220=VECTOR('',#10013,10.0);
#7221=CARTESIAN_POINT('',(-4.46375229285306,-9.57861594745359,-1.28223110278237));
#7222=CARTESIAN_POINT('',(-4.46375229285306,-9.57861594745359,-1.28223110278237));
#7223=CARTESIAN_POINT('',(-4.46375229285306,-9.57861594745359,-1.22703112000988));
#7224=CARTESIAN_POINT('',(-4.46509883541951,-9.5854233056213,-1.17267697169117));
#7225=CARTESIAN_POINT('',(-4.46867383120642,-9.60372680211164,-1.09858265457089));
#7226=CARTESIAN_POINT('',(-4.4715921771184,-9.61854411849802,-1.03837236827163));
#7227=CARTESIAN_POINT('',(-4.47754824998127,-9.64972615626673,-0.95950015509195));
#7228=CARTESIAN_POINT('',(49.1227160834271,-9.57861594745358,-1.28223110278237));
#7229=VECTOR('',#10014,10.0);
#7230=CARTESIAN_POINT('',(-4.29763030849726,-9.77553652570537,-0.737052835214937));
#7231=CARTESIAN_POINT('',(-4.29763030849726,-9.77553652570537,-0.737052835214937));
#7232=CARTESIAN_POINT('',(-4.2936488277615,-9.7538352587295,-0.768248406492754));
#7233=CARTESIAN_POINT('',(-4.28983119554467,-9.73334944954729,-0.800317562333001));
#7234=CARTESIAN_POINT('',(-4.28150850329866,-9.68925813215066,-0.872578334324138));
#7235=CARTESIAN_POINT('',(-4.27741738296128,-9.66797934760991,-0.916551469578587));
#7236=CARTESIAN_POINT('',(-4.27387216156607,-9.64972615626673,-0.95950015509195));
#7237=CARTESIAN_POINT('',(-4.50091387960246,-9.77553652570537,-0.737052835214937));
#7238=CARTESIAN_POINT('',(49.1227160834271,-9.77553652570536,-0.737052835214937));
#7239=VECTOR('',#10015,10.0);
#7240=CARTESIAN_POINT('',(-4.47754824998127,-9.64972615626673,-0.95950015509195));
#7241=CARTESIAN_POINT('',(-4.4810019911162,-9.6678076487186,-0.916955466969913));
#7242=CARTESIAN_POINT('',(-4.48498047710968,-9.6888471533931,-0.87343124908581));
#7243=CARTESIAN_POINT('',(-4.49314387784644,-9.732806803022,-0.801062284022586));
#7244=CARTESIAN_POINT('',(-4.4969507157956,-9.75357292063493,-0.768625517503699));
#7245=CARTESIAN_POINT('',(-4.50091387960247,-9.77553652570537,-0.737052835214937));
#7246=CARTESIAN_POINT('',(-4.29763030849726,-9.77553652570537,-0.718819448339771));
#7247=CARTESIAN_POINT('',(-4.29763030849726,-9.77553652570537,0.0));
#7248=VECTOR('',#10016,10.0);
#7249=CARTESIAN_POINT('',(-4.50091387960246,-9.77553652570537,-0.718819448339771));
#7250=CARTESIAN_POINT('',(49.1227160834271,-9.77553652570536,-0.718819448339771));
#7251=VECTOR('',#10017,10.0);
#7252=CARTESIAN_POINT('',(-4.50091387960247,-9.77553652570537,0.0));
#7253=VECTOR('',#10018,10.0);
#7254=CARTESIAN_POINT('',(-4.23472678597992,-9.45645225538999,-0.718819448339771));
#7255=AXIS2_PLACEMENT_3D('',#10019,#10020,#10021);
#7256=CARTESIAN_POINT('',(-4.43905289916774,-9.45645225538999,-0.718819448339771));
#7257=CARTESIAN_POINT('',(49.1227160834271,-9.45645225538997,-0.718819448339771));
#7258=VECTOR('',#10022,10.0);
#7259=AXIS2_PLACEMENT_3D('',#10023,#10024,#10025);
#7260=CARTESIAN_POINT('',(-4.20467103544725,-9.31787851513873,-1.30593450572008));
#7261=CARTESIAN_POINT('',(-4.20467103544724,-9.31787851513873,-1.30593450572008));
#7262=CARTESIAN_POINT('',(-4.20467103544724,-9.31787851513873,-1.16306501398101));
#7263=CARTESIAN_POINT('',(-4.21102472330395,-9.34650091240094,-1.04193476018322));
#7264=CARTESIAN_POINT('',(-4.2194477344653,-9.38492893140165,-0.890675555234727));
#7265=CARTESIAN_POINT('',(-4.22622093093959,-9.41611700101997,-0.793926473718431));
#7266=CARTESIAN_POINT('',(-4.23472678597992,-9.45645225538999,-0.718819448339771));
#7267=CARTESIAN_POINT('',(-4.40949903558977,-9.31787851513873,-1.30593450572008));
#7268=CARTESIAN_POINT('',(49.1227160834271,-9.31787851513872,-1.30593450572008));
#7269=VECTOR('',#10026,10.0);
#7270=CARTESIAN_POINT('',(-4.43905289916774,-9.45645225538999,-0.718819448339771));
#7271=CARTESIAN_POINT('',(-4.43097883760766,-9.41751599192282,-0.791321456175187));
#7272=CARTESIAN_POINT('',(-4.42450499631243,-9.38716606254078,-0.883877219561153));
#7273=CARTESIAN_POINT('',(-4.41563070395821,-9.34594673558023,-1.04282559834865));
#7274=CARTESIAN_POINT('',(-4.40949903558977,-9.31787851513873,-1.16449944681756));
#7275=CARTESIAN_POINT('',(-4.40949903558977,-9.31787851513873,-1.30593450572008));
#7276=CARTESIAN_POINT('',(-4.23241458079633,-9.44551222326489,-1.78000256447437));
#7277=CARTESIAN_POINT('',(-4.23241458079634,-9.44551222326489,-1.78000256447437));
#7278=CARTESIAN_POINT('',(-4.22190259041147,-9.39588675914626,-1.70969982363966));
#7279=CARTESIAN_POINT('',(-4.21542462742072,-9.3665192765625,-1.6379212850772));
#7280=CARTESIAN_POINT('',(-4.20642263697601,-9.32564224054805,-1.48763806248542));
#7281=CARTESIAN_POINT('',(-4.20467103544724,-9.31787851513873,-1.39446991126527));
#7282=CARTESIAN_POINT('',(-4.20467103544724,-9.31787851513873,-1.30593450572008));
#7283=CARTESIAN_POINT('',(-4.43677921780255,-9.44551222326489,-1.78000256447437));
#7284=CARTESIAN_POINT('',(49.1227160834271,-9.44551222326487,-1.78000256447437));
#7285=VECTOR('',#10027,10.0);
#7286=CARTESIAN_POINT('',(-4.40949903558977,-9.31787851513873,-1.30593450572008));
#7287=CARTESIAN_POINT('',(-4.40949903558977,-9.31787851513873,-1.39434181941207));
#7288=CARTESIAN_POINT('',(-4.411216256255,-9.32561995636748,-1.48736574646209));
#7289=CARTESIAN_POINT('',(-4.42005617510225,-9.36644198400846,-1.63778167825356));
#7290=CARTESIAN_POINT('',(-4.42643371823414,-9.39584507357141,-1.70964076907528));
#7291=CARTESIAN_POINT('',(-4.43677921780255,-9.44551222326489,-1.78000256447437));
#7292=CARTESIAN_POINT('',(-4.3130402740675,-9.86123344401865,-1.98056982010119));
#7293=CARTESIAN_POINT('',(-4.3130402740675,-9.86123344401865,-1.98056982010119));
#7294=CARTESIAN_POINT('',(-4.30409544696215,-9.81046124873809,-1.98056982010119));
#7295=CARTESIAN_POINT('',(-4.29478716229313,-9.75953702619186,-1.97543017282745));
#7296=CARTESIAN_POINT('',(-4.27884381291264,-9.67519373200837,-1.95388206124072));
#7297=CARTESIAN_POINT('',(-4.27034068945555,-9.63113047242986,-1.9386392277928));
#7298=CARTESIAN_POINT('',(-4.24997256382084,-9.52921964539745,-1.87639455758774));
#7299=CARTESIAN_POINT('',(-4.24044310674897,-9.48341363983784,-1.83248144896));
#7300=CARTESIAN_POINT('',(-4.23241458079634,-9.44551222326489,-1.78000256447437));
#7301=CARTESIAN_POINT('',(-4.51607005254773,-9.86123344401865,-1.98056982010119));
#7302=CARTESIAN_POINT('',(49.1227160834271,-9.86123344401863,-1.98056982010119));
#7303=VECTOR('',#10028,10.0);
#7304=CARTESIAN_POINT('',(-4.43677921780255,-9.44551222326489,-1.78000256447437));
#7305=CARTESIAN_POINT('',(-4.44467664372225,-9.48342654849907,-1.83249932249094));
#7306=CARTESIAN_POINT('',(-4.45405214052287,-9.52925496352999,-1.87643006776095));
#7307=CARTESIAN_POINT('',(-4.47409848040472,-9.6312507197023,-1.93870070227629));
#7308=CARTESIAN_POINT('',(-4.48249247950437,-9.67547775133076,-1.95400883934759));
#7309=CARTESIAN_POINT('',(-4.49820578119801,-9.76002760209613,-1.97547976944441));
#7310=CARTESIAN_POINT('',(-4.50731492810997,-9.81070691952225,-1.98056982010119));
#7311=CARTESIAN_POINT('',(-4.51607005254773,-9.86123344401865,-1.98056982010119));
#7312=CARTESIAN_POINT('',(-4.39101824978454,-10.3644749217732,-1.56484859934743));
#7313=CARTESIAN_POINT('',(-4.39101824978454,-10.3644749217732,-1.56484859934743));
#7314=CARTESIAN_POINT('',(-4.38953690370433,-10.3534087511999,-1.61685960104177));
#7315=CARTESIAN_POINT('',(-4.38706973979367,-10.3350344423835,-1.66607726792634));
#7316=CARTESIAN_POINT('',(-4.37973637360173,-10.2820861060158,-1.75946827602431));
#7317=CARTESIAN_POINT('',(-4.37497206117183,-10.2483283409395,-1.80142703411232));
#7318=CARTESIAN_POINT('',(-4.36023592120664,-10.1479700487247,-1.89714131189002));
#7319=CARTESIAN_POINT('',(-4.35147641238911,-10.0918263321705,-1.92683973915502));
#7320=CARTESIAN_POINT('',(-4.33551919969811,-9.99204051141658,-1.96890288770681));
#7321=CARTESIAN_POINT('',(-4.32473242727636,-9.92759987894011,-1.98056982010119));
#7322=CARTESIAN_POINT('',(-4.3130402740675,-9.86123344401865,-1.98056982010119));
#7323=CARTESIAN_POINT('',(-4.59277335630906,-10.3644749217732,-1.56484859934743));
#7324=CARTESIAN_POINT('',(49.1227160834271,-10.3644749217732,-1.56484859934743));
#7325=VECTOR('',#10029,10.0);
#7326=CARTESIAN_POINT('',(-4.51607005254773,-9.86123344401865,-1.98056982010119));
#7327=CARTESIAN_POINT('',(-4.52753987884723,-9.92742673043178,-1.98056982010119));
#7328=CARTESIAN_POINT('',(-4.53812476307166,-9.99170627576222,-1.96896367754322));
#7329=CARTESIAN_POINT('',(-4.55344766913033,-10.0890952293917,-1.92803767050159));
#7330=CARTESIAN_POINT('',(-4.56236471380265,-10.1470388230628,-1.89839340184084));
#7331=CARTESIAN_POINT('',(-4.57707744786539,-10.2489769865402,-1.80058172985026));
#7332=CARTESIAN_POINT('',(-4.58168463325872,-10.2821620857973,-1.75921152204456));
#7333=CARTESIAN_POINT('',(-4.58887133895344,-10.3349004048243,-1.6664347032194));
#7334=CARTESIAN_POINT('',(-4.59131073495811,-10.3533682053935,-1.61705016633209));
#7335=CARTESIAN_POINT('',(-4.59277335630907,-10.3644749217732,-1.56484859934743));
#7336=CARTESIAN_POINT('',(-4.39392723364235,-10.3863549860234,-1.56484859934743));
#7337=AXIS2_PLACEMENT_3D('',#10030,#10031,#10032);
#7338=CARTESIAN_POINT('',(-4.59563509537043,-10.3863549860234,-1.56484859934743));
#7339=CARTESIAN_POINT('',(49.1227160834271,-10.3863549860234,-1.56484859934743));
#7340=VECTOR('',#10033,10.0);
#7341=AXIS2_PLACEMENT_3D('',#10034,#10035,#10036);
#7342=CARTESIAN_POINT('',(-4.41230322725756,-10.5322220810247,-1.86752282147516));
#7343=CARTESIAN_POINT('',(-4.41230322725756,-10.5322220810247,-1.86752282147516));
#7344=CARTESIAN_POINT('',(-4.40458828088111,-10.4678901590049,-1.79961690378754));
#7345=CARTESIAN_POINT('',(-4.40127046188146,-10.4429511402421,-1.73981549104391));
#7346=CARTESIAN_POINT('',(-4.39755986078822,-10.4139839114885,-1.66820206406605));
#7347=CARTESIAN_POINT('',(-4.39532865275682,-10.3969685553475,-1.61658974980237));
#7348=CARTESIAN_POINT('',(-4.39392723364235,-10.3863549860234,-1.56484859934743));
#7349=CARTESIAN_POINT('',(-4.61371315100821,-10.5322220810247,-1.86752282147516));
#7350=CARTESIAN_POINT('',(49.1227160834271,-10.5322220810247,-1.86752282147516));
#7351=VECTOR('',#10037,10.0);
#7352=CARTESIAN_POINT('',(-4.59563509537043,-10.3863549860234,-1.56484859934743));
#7353=CARTESIAN_POINT('',(-4.59701061806855,-10.3969443725283,-1.61647185855875));
#7354=CARTESIAN_POINT('',(-4.59919870215621,-10.4139059661969,-1.66796493977872));
#7355=CARTESIAN_POINT('',(-4.60285940256432,-10.4429522532306,-1.73983903207477));
#7356=CARTESIAN_POINT('',(-4.60612576216444,-10.4679126624779,-1.79964065745352));
#7357=CARTESIAN_POINT('',(-4.61371315100821,-10.5322220810247,-1.86752282147516));
#7358=CARTESIAN_POINT('',(-4.45502339943424,-10.9479433017785,-2.02432994860158));
#7359=CARTESIAN_POINT('',(-4.45502339943424,-10.9479433017785,-2.02432994860158));
#7360=CARTESIAN_POINT('',(-4.45045480759974,-10.8946085333402,-2.02432994860158));
#7361=CARTESIAN_POINT('',(-4.44542169658017,-10.8401178207586,-2.02005109003658));
#7362=CARTESIAN_POINT('',(-4.43729944515935,-10.7579072985408,-2.00225086854845));
#7363=CARTESIAN_POINT('',(-4.43279804628129,-10.7134782886793,-1.99012337216956));
#7364=CARTESIAN_POINT('',(-4.42175392785379,-10.6124645965392,-1.93822199516759));
#7365=CARTESIAN_POINT('',(-4.41667448837662,-10.5686723187474,-1.90709736528836));
#7366=CARTESIAN_POINT('',(-4.41230322725756,-10.5322220810247,-1.86752282147516));
#7367=CARTESIAN_POINT('',(-4.65574404508555,-10.9479433017785,-2.02432994860158));
#7368=CARTESIAN_POINT('',(49.1227160834271,-10.9479433017785,-2.02432994860158));
#7369=VECTOR('',#10038,10.0);
#7370=CARTESIAN_POINT('',(-4.61371315100821,-10.5322220810247,-1.86752282147516));
#7371=CARTESIAN_POINT('',(-4.61799947437434,-10.5685522295192,-1.90696698269779));
#7372=CARTESIAN_POINT('',(-4.62297824397197,-10.61217754258,-1.93801841380052));
#7373=CARTESIAN_POINT('',(-4.6338734819455,-10.713429961445,-1.99016117758084));
#7374=CARTESIAN_POINT('',(-4.63833201195559,-10.7581812504323,-2.00230791607964));
#7375=CARTESIAN_POINT('',(-4.64629429083329,-10.8400900039567,-2.02004902951634));
#7376=CARTESIAN_POINT('',(-4.6512478544086,-10.8945959378652,-2.02432994860158));
#7377=CARTESIAN_POINT('',(-4.65574404508555,-10.9479433017785,-2.02432994860158));
#7378=CARTESIAN_POINT('',(-4.48793883070713,-11.4548314569081,-1.82558603166229));
#7379=CARTESIAN_POINT('',(-4.48793883070713,-11.4548314569081,-1.82558603166229));
#7380=CARTESIAN_POINT('',(-4.48426536581955,-11.3718512237558,-1.90549292284593));
#7381=CARTESIAN_POINT('',(-4.47961726981283,-11.2887842662034,-1.94772201448605));
#7382=CARTESIAN_POINT('',(-4.47017457231112,-11.1383379039244,-2.00854074038301));
#7383=CARTESIAN_POINT('',(-4.46327478397533,-11.0442718204418,-2.02432994860158));
#7384=CARTESIAN_POINT('',(-4.45502339943424,-10.9479433017785,-2.02432994860158));
#7385=CARTESIAN_POINT('',(-4.68813157876145,-11.4548314569081,-1.82558603166229));
#7386=CARTESIAN_POINT('',(49.1227160834271,-11.4548314569081,-1.82558603166229));
#7387=VECTOR('',#10039,10.0);
#7388=CARTESIAN_POINT('',(-4.65574404508555,-10.9479433017785,-2.02432994860158));
#7389=CARTESIAN_POINT('',(-4.6635577187181,-11.0406526463605,-2.02432994860158));
#7390=CARTESIAN_POINT('',(-4.67015129983382,-11.1313974435804,-2.00970482547067));
#7391=CARTESIAN_POINT('',(-4.67957409504479,-11.2820556622707,-1.9515019093149));
#7392=CARTESIAN_POINT('',(-4.68439022704564,-11.3689438505837,-1.90829261553019));
#7393=CARTESIAN_POINT('',(-4.68813157876145,-11.4548314569081,-1.82558603166229));
#7394=CARTESIAN_POINT('',(-4.49538417062217,-11.6626920672849,-1.27129107065727));
#7395=CARTESIAN_POINT('',(-4.49538417062216,-11.6626920672849,-1.27129107065727));
#7396=CARTESIAN_POINT('',(-4.49538417062216,-11.6626920672849,-1.33443316689023));
#7397=CARTESIAN_POINT('',(-4.49525055705112,-11.6576373414053,-1.39781146133714));
#7398=CARTESIAN_POINT('',(-4.49459202636553,-11.634735242213,-1.5167386136688));
#7399=CARTESIAN_POINT('',(-4.49410651354665,-11.6181499955779,-1.57158450246928));
#7400=CARTESIAN_POINT('',(-4.49222668890003,-11.5609969442603,-1.70036070517157));
#7401=CARTESIAN_POINT('',(-4.49059101804805,-11.5147419584777,-1.76781519086295));
#7402=CARTESIAN_POINT('',(-4.48793883070713,-11.4548314569081,-1.82558603166229));
#7403=CARTESIAN_POINT('',(-4.69545789211294,-11.6626920672849,-1.27129107065727));
#7404=CARTESIAN_POINT('',(49.1227160834271,-11.6626920672849,-1.27129107065727));
#7405=VECTOR('',#10040,10.0);
#7406=CARTESIAN_POINT('',(-4.68813157876145,-11.4548314569081,-1.82558603166229));
#7407=CARTESIAN_POINT('',(-4.69074699969002,-11.514871854109,-1.76768993436143));
#7408=CARTESIAN_POINT('',(-4.69235778595356,-11.5611930254217,-1.70007246541791));
#7409=CARTESIAN_POINT('',(-4.69420469933821,-11.6182873567077,-1.57116829310263));
#7410=CARTESIAN_POINT('',(-4.69468077903322,-11.6348177049432,-1.51639946538675));
#7411=CARTESIAN_POINT('',(-4.69532674338698,-11.6576505941483,-1.39764516571611));
#7412=CARTESIAN_POINT('',(-4.69545789211294,-11.6626920672849,-1.33435036610605));
#7413=CARTESIAN_POINT('',(-4.69545789211294,-11.6626920672849,-1.27129107065727));
#7414=CARTESIAN_POINT('',(-4.27351788152248,-9.64790281757922,-1.55573190590984));
#7415=CARTESIAN_POINT('',(-4.25984372873892,-9.57861594745359,-1.28223110278237));
#7416=CARTESIAN_POINT('',(-4.25984372873892,-9.57861594745359,-1.35778045488315));
#7417=CARTESIAN_POINT('',(-4.26196537651371,-9.58922557024454,-1.40806592368359));
#7418=CARTESIAN_POINT('',(-4.26495918117021,-9.60426979430603,-1.47532244706446));
#7419=CARTESIAN_POINT('',(-4.26847129954714,-9.62194051139095,-1.51740659677479));
#7420=CARTESIAN_POINT('',(-4.27351788152248,-9.64790281757922,-1.55573190590984));
#7421=CARTESIAN_POINT('',(-4.47719983450771,-9.64790281757922,-1.55573190590984));
#7422=CARTESIAN_POINT('',(-4.47719983450771,-9.64790281757922,-1.55573190590984));
#7423=CARTESIAN_POINT('',(-4.4723070560159,-9.62230806393059,-1.5179491743333));
#7424=CARTESIAN_POINT('',(-4.46887906020984,-9.6047630368402,-1.47650017112592));
#7425=CARTESIAN_POINT('',(-4.46587164213872,-9.58939275922513,-1.40929875730627));
#7426=CARTESIAN_POINT('',(-4.46375229285306,-9.57861594745359,-1.35837132158563));
#7427=CARTESIAN_POINT('',(-4.46375229285306,-9.57861594745359,-1.28223110278237));
#7428=CARTESIAN_POINT('',(49.1227160834271,-9.6479028175792,-1.55573190590984));
#7429=VECTOR('',#10041,10.0);
#7430=CARTESIAN_POINT('',(-4.3184603678999,-9.89223020170643,-1.67424892059842));
#7431=CARTESIAN_POINT('',(-4.27351788152248,-9.64790281757922,-1.55573190590984));
#7432=CARTESIAN_POINT('',(-4.27635222404421,-9.66248418547358,-1.57687488935667));
#7433=CARTESIAN_POINT('',(-4.27970029720315,-9.67984598988773,-1.59536466794779));
#7434=CARTESIAN_POINT('',(-4.28634110278668,-9.71480907855975,-1.62343391285147));
#7435=CARTESIAN_POINT('',(-4.29081572991709,-9.73849665390421,-1.64006914751849));
#7436=CARTESIAN_POINT('',(-4.3035873927813,-9.80789673085689,-1.6683333849858));
#7437=CARTESIAN_POINT('',(-4.31116930398304,-9.85021765979475,-1.67424892059842));
#7438=CARTESIAN_POINT('',(-4.3184603678999,-9.89223020170643,-1.67424892059842));
#7439=CARTESIAN_POINT('',(-4.52140103011871,-9.89223020170643,-1.67424892059842));
#7440=CARTESIAN_POINT('',(-4.52140103011871,-9.89223020170643,-1.67424892059842));
#7441=CARTESIAN_POINT('',(-4.51417523443197,-9.84989803282186,-1.67424892059842));
#7442=CARTESIAN_POINT('',(-4.50666025406033,-9.80725971392896,-1.66824302283116));
#7443=CARTESIAN_POINT('',(-4.49409367266956,-9.737857000149,-1.63967489886723));
#7444=CARTESIAN_POINT('',(-4.48973252486202,-9.71438803691013,-1.62311279052781));
#7445=CARTESIAN_POINT('',(-4.48326287981396,-9.67975601867447,-1.59526948186898));
#7446=CARTESIAN_POINT('',(-4.47997989338826,-9.66244566318227,-1.57681903203427));
#7447=CARTESIAN_POINT('',(-4.47719983450771,-9.64790281757922,-1.55573190590984));
#7448=CARTESIAN_POINT('',(49.1227160834271,-9.89223020170641,-1.67424892059842));
#7449=VECTOR('',#10042,10.0);
#7450=CARTESIAN_POINT('',(-4.37795138217502,-10.2696613100223,-1.21659091003178));
#7451=CARTESIAN_POINT('',(-4.3184603678999,-9.89223020170643,-1.67424892059842));
#7452=CARTESIAN_POINT('',(-4.32339582918437,-9.92066929872051,-1.67424892059842));
#7453=CARTESIAN_POINT('',(-4.32824640166327,-9.94922162951227,-1.67196612445611));
#7454=CARTESIAN_POINT('',(-4.33715925079411,-10.0028001629707,-1.66167155359671));
#7455=CARTESIAN_POINT('',(-4.34122838550657,-10.0277656323243,-1.65419310621088));
#7456=CARTESIAN_POINT('',(-4.35101033530533,-10.088877164991,-1.62714559068));
#7457=CARTESIAN_POINT('',(-4.35606406896747,-10.1215261277604,-1.60403902560414));
#7458=CARTESIAN_POINT('',(-4.36512519622246,-10.1812058264243,-1.54087432555861));
#7459=CARTESIAN_POINT('',(-4.3693888154586,-10.2101786620538,-1.49573633990178));
#7460=CARTESIAN_POINT('',(-4.37650190450919,-10.2592377290552,-1.37080031734738));
#7461=CARTESIAN_POINT('',(-4.37795138217502,-10.2696613100223,-1.29332962986411));
#7462=CARTESIAN_POINT('',(-4.37795138217502,-10.2696613100223,-1.21659091003178));
#7463=CARTESIAN_POINT('',(-4.57991897869745,-10.2696613100223,-1.21659091003178));
#7464=CARTESIAN_POINT('',(-4.57991897869745,-10.2696613100223,-1.21659091003178));
#7465=CARTESIAN_POINT('',(-4.57991897869745,-10.2696613100223,-1.29356835710304));
#7466=CARTESIAN_POINT('',(-4.57848442979528,-10.2591728719543,-1.37127996132046));
#7467=CARTESIAN_POINT('',(-4.57148337417081,-10.2100941142137,-1.49571671818692));
#7468=CARTESIAN_POINT('',(-4.56730141653065,-10.1811905456127,-1.54111549698005));
#7469=CARTESIAN_POINT('',(-4.55827429965362,-10.1207725647056,-1.60463595381599));
#7470=CARTESIAN_POINT('',(-4.55330249081383,-10.0881340439614,-1.62757971234623));
#7471=CARTESIAN_POINT('',(-4.54365292910369,-10.0268687923606,-1.65452014193439));
#7472=CARTESIAN_POINT('',(-4.53961324629907,-10.0016843317831,-1.66197703107079));
#7473=CARTESIAN_POINT('',(-4.5308751367158,-9.94831666839849,-1.67203781138423));
#7474=CARTESIAN_POINT('',(-4.5261785450643,-9.92021917043639,-1.67424892059842));
#7475=CARTESIAN_POINT('',(-4.52140103011871,-9.89223020170643,-1.67424892059842));
#7476=CARTESIAN_POINT('',(49.1227160834271,-10.2696613100223,-1.21659091003178));
#7477=VECTOR('',#10043,10.0);
#7478=CARTESIAN_POINT('',(-4.37795138217502,-10.2696613100223,-1.11630728221837));
#7479=CARTESIAN_POINT('',(-4.37795138217502,-10.2696613100223,0.0));
#7480=VECTOR('',#10044,10.0);
#7481=CARTESIAN_POINT('',(-4.57991897869745,-10.2696613100223,-1.11630728221837));
#7482=CARTESIAN_POINT('',(-4.57991897869745,-10.2696613100223,0.0));
#7483=VECTOR('',#10045,10.0);
#7484=CARTESIAN_POINT('',(49.1227160834271,-10.2696613100223,-1.11630728221837));
#7485=VECTOR('',#10046,10.0);
#7486=CARTESIAN_POINT('',(-4.41076584025454,-10.5194587102121,-1.11630728221837));
#7487=AXIS2_PLACEMENT_3D('',#10047,#10048,#10049);
#7488=CARTESIAN_POINT('',(-4.61220065686063,-10.5194587102121,-1.11630728221837));
#7489=AXIS2_PLACEMENT_3D('',#10050,#10051,#10052);
#7490=CARTESIAN_POINT('',(49.1227160834271,-10.5194587102121,-1.11630728221837));
#7491=VECTOR('',#10053,10.0);
#7492=CARTESIAN_POINT('',(-4.41076584025454,-10.5194587102121,-1.24394099034452));
#7493=CARTESIAN_POINT('',(-4.41076584025454,-10.5194587102121,0.0));
#7494=VECTOR('',#10054,10.0);
#7495=CARTESIAN_POINT('',(-4.61220065686063,-10.5194587102121,-1.24394099034452));
#7496=CARTESIAN_POINT('',(-4.61220065686063,-10.5194587102121,0.0));
#7497=VECTOR('',#10055,10.0);
#7498=CARTESIAN_POINT('',(49.1227160834271,-10.5194587102121,-1.24394099034452));
#7499=VECTOR('',#10056,10.0);
#7500=CARTESIAN_POINT('',(-4.42020524609351,-10.5996856124628,-1.58308198622259));
#7501=CARTESIAN_POINT('',(-4.41076584025453,-10.5194587102121,-1.24394099034452));
#7502=CARTESIAN_POINT('',(-4.41076584025453,-10.5194587102121,-1.3386415587261));
#7503=CARTESIAN_POINT('',(-4.41211861393844,-10.5306308539117,-1.41251797370527));
#7504=CARTESIAN_POINT('',(-4.41497945771776,-10.5546649669587,-1.50402040164271));
#7505=CARTESIAN_POINT('',(-4.41715360186576,-10.5729959784877,-1.5457164986574));
#7506=CARTESIAN_POINT('',(-4.42020524609351,-10.5996856124628,-1.58308198622259));
#7507=CARTESIAN_POINT('',(-4.62148731923611,-10.5996856124628,-1.58308198622259));
#7508=CARTESIAN_POINT('',(-4.62148731923612,-10.5996856124628,-1.58308198622259));
#7509=CARTESIAN_POINT('',(-4.61847840616622,-10.5729372014818,-1.5456342108492));
#7510=CARTESIAN_POINT('',(-4.61633686462394,-10.5545858322078,-1.50383884956164));
#7511=CARTESIAN_POINT('',(-4.61354071324965,-10.5307099611904,-1.41269336724208));
#7512=CARTESIAN_POINT('',(-4.61220065686063,-10.5194587102121,-1.33897767216053));
#7513=CARTESIAN_POINT('',(-4.61220065686063,-10.5194587102121,-1.24394099034452));
#7514=CARTESIAN_POINT('',(49.1227160834271,-10.5996856124628,-1.58308198622259));
#7515=VECTOR('',#10057,10.0);
#7516=CARTESIAN_POINT('',(-4.45312954407942,-10.9260632375283,-1.71800904909881));
#7517=CARTESIAN_POINT('',(-4.42020524609351,-10.5996856124628,-1.58308198622259));
#7518=CARTESIAN_POINT('',(-4.42206105188312,-10.6159164616565,-1.60580517509378));
#7519=CARTESIAN_POINT('',(-4.42423142558991,-10.6351779350501,-1.62559340146545));
#7520=CARTESIAN_POINT('',(-4.42980414608541,-10.6860333686506,-1.66480637622159));
#7521=CARTESIAN_POINT('',(-4.43285331400959,-10.7149829292414,-1.67868304171074));
#7522=CARTESIAN_POINT('',(-4.44068173121171,-10.7907853442554,-1.70979367326408));
#7523=CARTESIAN_POINT('',(-4.44718827180842,-10.8581270808819,-1.71800904909881));
#7524=CARTESIAN_POINT('',(-4.45312954407942,-10.9260632375283,-1.71800904909881));
#7525=CARTESIAN_POINT('',(-4.65388064741133,-10.9260632375283,-1.71800904909881));
#7526=CARTESIAN_POINT('',(-4.65388064741133,-10.9260632375283,-1.71800904909881));
#7527=CARTESIAN_POINT('',(-4.64798014267093,-10.8574902599445,-1.71800904909881));
#7528=CARTESIAN_POINT('',(-4.64151273172482,-10.7895275280645,-1.70963970176691));
#7529=CARTESIAN_POINT('',(-4.63383012928468,-10.7140134476756,-1.67816445878896));
#7530=CARTESIAN_POINT('',(-4.63086417099518,-10.6854013883045,-1.66441804673645));
#7531=CARTESIAN_POINT('',(-4.62541478087733,-10.6348745672691,-1.62528238334479));
#7532=CARTESIAN_POINT('',(-4.62329859978642,-10.6157873991997,-1.60562448765423));
#7533=CARTESIAN_POINT('',(-4.62148731923612,-10.5996856124628,-1.58308198622259));
#7534=CARTESIAN_POINT('',(49.1227160834271,-10.9260632375283,-1.71800904909881));
#7535=VECTOR('',#10058,10.0);
#7536=CARTESIAN_POINT('',(-4.47872869045827,-11.2761442655314,-1.59402201834769));
#7537=CARTESIAN_POINT('',(-4.45312954407942,-10.9260632375283,-1.71800904909881));
#7538=CARTESIAN_POINT('',(-4.46320168838823,-11.041234322494,-1.71800904909881));
#7539=CARTESIAN_POINT('',(-4.46725940750247,-11.1017653779102,-1.69671534841992));
#7540=CARTESIAN_POINT('',(-4.47302634709707,-11.1831273527104,-1.66435547099116));
#7541=CARTESIAN_POINT('',(-4.47614261161584,-11.2321805526497,-1.63323289740435));
#7542=CARTESIAN_POINT('',(-4.47872869045827,-11.2761442655314,-1.59402201834769));
#7543=CARTESIAN_POINT('',(-4.67906887297137,-11.2761442655314,-1.59402201834769));
#7544=CARTESIAN_POINT('',(-4.67906887297137,-11.2761442655314,-1.59402201834769));
#7545=CARTESIAN_POINT('',(-4.67653928082879,-11.2324407242521,-1.6330008524617));
#7546=CARTESIAN_POINT('',(-4.67349360296413,-11.1836984813124,-1.6639951188182));
#7547=CARTESIAN_POINT('',(-4.66781048061345,-11.1021234750382,-1.69663809196376));
#7548=CARTESIAN_POINT('',(-4.66380861241221,-11.0414415231854,-1.71800904909881));
#7549=CARTESIAN_POINT('',(-4.65388064741133,-10.9260632375283,-1.71800904909881));
#7550=CARTESIAN_POINT('',(49.1227160834271,-11.2761442655314,-1.59402201834769));
#7551=VECTOR('',#10059,10.0);
#7552=CARTESIAN_POINT('',(-4.485484254129,-11.4019546349701,-1.2530576837821));
#7553=CARTESIAN_POINT('',(-4.47872869045827,-11.2761442655314,-1.59402201834769));
#7554=CARTESIAN_POINT('',(-4.48004897001705,-11.2985892082352,-1.57339693586317));
#7555=CARTESIAN_POINT('',(-4.48112434328299,-11.317898539353,-1.55015897405296));
#7556=CARTESIAN_POINT('',(-4.48325483404695,-11.3572760621846,-1.4870063431638));
#7557=CARTESIAN_POINT('',(-4.48380494420324,-11.3683132510798,-1.45327986800241));
#7558=CARTESIAN_POINT('',(-4.48500000034388,-11.3917696326933,-1.37851265157487));
#7559=CARTESIAN_POINT('',(-4.48548425412899,-11.4019546349701,-1.31650007963646));
#7560=CARTESIAN_POINT('',(-4.48548425412899,-11.4019546349701,-1.2530576837821));
#7561=CARTESIAN_POINT('',(-4.68571627361021,-11.4019546349701,-1.2530576837821));
#7562=CARTESIAN_POINT('',(-4.68571627361021,-11.4019546349701,-1.2530576837821));
#7563=CARTESIAN_POINT('',(-4.68571627361021,-11.4019546349701,-1.31649337219307));
#7564=CARTESIAN_POINT('',(-4.68523986809839,-11.3917718034912,-1.37849967867958));
#7565=CARTESIAN_POINT('',(-4.68406374911196,-11.368311393343,-1.45328721549676));
#7566=CARTESIAN_POINT('',(-4.68352217296566,-11.3572686268891,-1.48702689302643));
#7567=CARTESIAN_POINT('',(-4.6814253350722,-11.3178835964558,-1.55017694870361));
#7568=CARTESIAN_POINT('',(-4.68036750082711,-11.2985805449396,-1.57340489672936));
#7569=CARTESIAN_POINT('',(-4.67906887297137,-11.2761442655314,-1.59402201834769));
#7570=CARTESIAN_POINT('',(49.1227160834271,-11.4019546349701,-1.2530576837821));
#7571=VECTOR('',#10060,10.0);
#7572=CARTESIAN_POINT('',(-4.47433952873659,-11.2050340567183,-0.678705997214408));
#7573=CARTESIAN_POINT('',(-4.48548425412899,-11.4019546349701,-1.2530576837821));
#7574=CARTESIAN_POINT('',(-4.48548425412899,-11.4019546349701,-1.09934242104167));
#7575=CARTESIAN_POINT('',(-4.48323386422998,-11.357017796304,-0.981443165772916));
#7576=CARTESIAN_POINT('',(-4.48023417730966,-11.3012303978515,-0.841177708851005));
#7577=CARTESIAN_POINT('',(-4.47770083730206,-11.2570467746366,-0.749881295418374));
#7578=CARTESIAN_POINT('',(-4.47433952873658,-11.2050340567183,-0.678705997214408));
#7579=CARTESIAN_POINT('',(-4.67475004806984,-11.2050340567183,-0.678705997214408));
#7580=CARTESIAN_POINT('',(-4.67475004806984,-11.2050340567183,-0.678705997214408));
#7581=CARTESIAN_POINT('',(-4.6780352881167,-11.2566979016291,-0.749403890250184));
#7582=CARTESIAN_POINT('',(-4.68051584056564,-11.3006242261777,-0.839936457912606));
#7583=CARTESIAN_POINT('',(-4.68350755717618,-11.357101770344,-0.981506833835572));
#7584=CARTESIAN_POINT('',(-4.68571627361021,-11.4019546349701,-1.09949036032257));
#7585=CARTESIAN_POINT('',(-4.68571627361021,-11.4019546349701,-1.2530576837821));
#7586=CARTESIAN_POINT('',(49.1227160834271,-11.2050340567183,-0.678705997214408));
#7587=VECTOR('',#10061,10.0);
#7588=CARTESIAN_POINT('',(-4.47433952873659,-11.2050340567183,-0.656825932964211));
#7589=CARTESIAN_POINT('',(-4.47433952873659,-11.2050340567183,0.0));
#7590=VECTOR('',#10062,10.0);
#7591=CARTESIAN_POINT('',(-4.67475004806984,-11.2050340567183,-0.656825932964211));
#7592=CARTESIAN_POINT('',(-4.67475004806984,-11.2050340567183,0.0));
#7593=VECTOR('',#10063,10.0);
#7594=CARTESIAN_POINT('',(49.1227160834271,-11.2050340567183,-0.656825932964211));
#7595=VECTOR('',#10064,10.0);
#7596=CARTESIAN_POINT('',(-4.49081085337893,-11.5241183270337,-0.656825932964211));
#7597=AXIS2_PLACEMENT_3D('',#10065,#10066,#10067);
#7598=CARTESIAN_POINT('',(-4.69095767057099,-11.5241183270337,-0.656825932964211));
#7599=AXIS2_PLACEMENT_3D('',#10068,#10069,#10070);
#7600=CARTESIAN_POINT('',(49.1227160834271,-11.5241183270337,-0.656825932964211));
#7601=VECTOR('',#10071,10.0);
#7602=CARTESIAN_POINT('',(-4.49081085337893,-11.5241183270337,-0.656825932964211));
#7603=CARTESIAN_POINT('',(-4.49271969155152,-11.5735267452639,-0.755642769424613));
#7604=CARTESIAN_POINT('',(-4.49366263053712,-11.6044007426695,-0.865964548694349));
#7605=CARTESIAN_POINT('',(-4.49502926007508,-11.6489075621721,-1.04596990763253));
#7606=CARTESIAN_POINT('',(-4.49538417062216,-11.6626920672849,-1.15779587660866));
#7607=CARTESIAN_POINT('',(-4.49538417062216,-11.6626920672849,-1.27129107065727));
#7608=CARTESIAN_POINT('',(-4.69545789211294,-11.6626920672849,-1.27129107065727));
#7609=CARTESIAN_POINT('',(-4.69545789211294,-11.6626920672849,-1.15780446816634));
#7610=CARTESIAN_POINT('',(-4.69510870193166,-11.6489096750288,-1.04598680871275));
#7611=CARTESIAN_POINT('',(-4.69376402466605,-11.6044058822179,-0.865980039562342));
#7612=CARTESIAN_POINT('',(-4.69283614079259,-11.5735307494016,-0.755650777699934));
#7613=CARTESIAN_POINT('',(-4.69095767057099,-11.5241183270337,-0.656825932964211));
#7614=CARTESIAN_POINT('',(-4.25727978738424,-9.56585257664098,4.67643972802154));
#7615=CARTESIAN_POINT('',(-4.28228940885903,-9.69348628476713,4.39382223145648));
#7616=CARTESIAN_POINT('',(-4.25727978738424,-9.56585257664097,4.67643972802154));
#7617=CARTESIAN_POINT('',(-4.25727978738424,-9.56585257664097,4.64699371832131));
#7618=CARTESIAN_POINT('',(-4.25783763302577,-9.56861566030037,4.61773306883306));
#7619=CARTESIAN_POINT('',(-4.25999375488387,-9.5793603100233,4.56701634828108));
#7620=CARTESIAN_POINT('',(-4.26159373086579,-9.58732366386821,4.53789870663964));
#7621=CARTESIAN_POINT('',(-4.26875397093503,-9.62342216602723,4.46497155689431));
#7622=CARTESIAN_POINT('',(-4.27539272871597,-9.65727866772708,4.42640908679252));
#7623=CARTESIAN_POINT('',(-4.28228940885903,-9.69348628476713,4.39382223145648));
#7624=CARTESIAN_POINT('',(-4.38052251891993,-10.2878946968975,4.23519176564254));
#7625=CARTESIAN_POINT('',(-4.28228940885903,-9.69348628476713,4.39382223145648));
#7626=CARTESIAN_POINT('',(-4.28763607999468,-9.72155634411493,4.36705775626439));
#7627=CARTESIAN_POINT('',(-4.29372445290428,-9.75408241562849,4.34522050630414));
#7628=CARTESIAN_POINT('',(-4.30986140740074,-9.84256234017161,4.2988048520571));
#7629=CARTESIAN_POINT('',(-4.31905376599849,-9.89555071784884,4.28306279903376));
#7630=CARTESIAN_POINT('',(-4.34220506970024,-10.0305158070002,4.24376926217313));
#7631=CARTESIAN_POINT('',(-4.36374539238091,-10.1682724639025,4.23519176564254));
#7632=CARTESIAN_POINT('',(-4.38052251891993,-10.2878946968975,4.23519176564254));
#7633=CARTESIAN_POINT('',(-4.39962565895214,-10.4301151145238,4.24066178170509));
#7634=CARTESIAN_POINT('',(-4.38052251891993,-10.2878946968975,4.23519176564254));
#7635=CARTESIAN_POINT('',(-4.3866219584909,-10.3313841812141,4.23519176564254));
#7636=CARTESIAN_POINT('',(-4.38955282899048,-10.3534713470378,4.23616704285303));
#7637=CARTESIAN_POINT('',(-4.39429633782209,-10.389048299367,4.23790250395598));
#7638=CARTESIAN_POINT('',(-4.39729767186844,-10.4119843281211,4.2391508828382));
#7639=CARTESIAN_POINT('',(-4.39962565895215,-10.4301151145238,4.24066178170509));
#7640=CARTESIAN_POINT('',(-4.41490733923937,-10.5541021452749,4.64361963164624));
#7641=CARTESIAN_POINT('',(-4.39962565895215,-10.4301151145238,4.24066178170509));
#7642=CARTESIAN_POINT('',(-4.40585525522371,-10.4786323422032,4.31265508729393));
#7643=CARTESIAN_POINT('',(-4.40905213119724,-10.5052845894346,4.38601668612578));
#7644=CARTESIAN_POINT('',(-4.41333770221155,-10.5407299175908,4.50289047120717));
#7645=CARTESIAN_POINT('',(-4.41490733923937,-10.5541021452749,4.57338804870769));
#7646=CARTESIAN_POINT('',(-4.41490733923937,-10.5541021452749,4.64361963164624));
#7647=CARTESIAN_POINT('',(-4.40539222847119,-10.4756985817117,4.92988380558633));
#7648=CARTESIAN_POINT('',(-4.41490733923937,-10.5541021452749,4.64361963164624));
#7649=CARTESIAN_POINT('',(-4.41490733923937,-10.5541021452749,4.71573336729209));
#7650=CARTESIAN_POINT('',(-4.41389781370453,-10.5455231217658,4.7793939736952));
#7651=CARTESIAN_POINT('',(-4.41095332335974,-10.5209618764592,4.86223216138074));
#7652=CARTESIAN_POINT('',(-4.40863184105269,-10.5016960400154,4.89788693382799));
#7653=CARTESIAN_POINT('',(-4.4053922284712,-10.4756985817117,4.92988380558633));
#7654=CARTESIAN_POINT('',(-4.35013539915049,-10.0836807638957,5.08304425533771));
#7655=CARTESIAN_POINT('',(-4.4053922284712,-10.4756985817117,4.92988380558633));
#7656=CARTESIAN_POINT('',(-4.40273811843448,-10.4543997031338,4.9559157682927));
#7657=CARTESIAN_POINT('',(-4.39969553000986,-10.4304236102385,4.97921243175817));
#7658=CARTESIAN_POINT('',(-4.39174953576105,-10.3695895823809,5.02422256297498));
#7659=CARTESIAN_POINT('',(-4.38758412523503,-10.3388883778512,5.03829685927751));
#7660=CARTESIAN_POINT('',(-4.37520528512263,-10.2490168239722,5.07388951766296));
#7661=CARTESIAN_POINT('',(-4.36312156466413,-10.1662000507975,5.08304425533771));
#7662=CARTESIAN_POINT('',(-4.35013539915049,-10.0836807638957,5.08304425533771));
#7663=CARTESIAN_POINT('',(-4.35013539915049,-10.0836807638957,5.08304425533771));
#7664=CARTESIAN_POINT('',(-4.3417678759616,-10.0305101766306,5.08304425533771));
#7665=CARTESIAN_POINT('',(-4.33288755880266,-9.97642712993903,5.07935110113724));
#7666=CARTESIAN_POINT('',(-4.31627381970759,-9.87917797449622,5.06178994774951));
#7667=CARTESIAN_POINT('',(-4.3083999806659,-9.8346436848658,5.04924315823037));
#7668=CARTESIAN_POINT('',(-4.28962482721319,-9.73147716830681,5.00301499435481));
#7669=CARTESIAN_POINT('',(-4.28217615526083,-9.69274124914378,4.96984205800005));
#7670=CARTESIAN_POINT('',(-4.27112022695637,-9.63538408126769,4.91045109630107));
#7671=CARTESIAN_POINT('',(-4.26625846850532,-9.61079630742659,4.87319171525719));
#7672=CARTESIAN_POINT('',(-4.25893138173966,-9.57398241671073,4.78178858288878));
#7673=CARTESIAN_POINT('',(-4.25727978738424,-9.56585257664097,4.72952268048657));
#7674=CARTESIAN_POINT('',(-4.25727978738424,-9.56585257664097,4.67643972802154));
#7675=CARTESIAN_POINT('',(-4.3521371336224,-10.0964441347083,5.38936515484049));
#7676=CARTESIAN_POINT('',(-4.42812685343792,-10.670795821276,5.14503777071328));
#7677=CARTESIAN_POINT('',(-4.3521371336224,-10.0964441347083,5.38936515484049));
#7678=CARTESIAN_POINT('',(-4.36362091813345,-10.1699180503181,5.38936515484049));
#7679=CARTESIAN_POINT('',(-4.37461329175073,-10.244777972875,5.38301340059718));
#7680=CARTESIAN_POINT('',(-4.39105134898259,-10.3640227005461,5.35561960670686));
#7681=CARTESIAN_POINT('',(-4.39948948162955,-10.4275923506945,5.33638682651399));
#7682=CARTESIAN_POINT('',(-4.41622897972533,-10.5636637352728,5.258962837682));
#7683=CARTESIAN_POINT('',(-4.42286080459825,-10.6222436932441,5.20786993640163));
#7684=CARTESIAN_POINT('',(-4.42812685343792,-10.670795821276,5.14503777071328));
#7685=CARTESIAN_POINT('',(-4.44183302331133,-10.8038995454647,4.71108316308435));
#7686=CARTESIAN_POINT('',(-4.42812685343792,-10.670795821276,5.14503777071328));
#7687=CARTESIAN_POINT('',(-4.43619222920663,-10.7451572958596,5.0464655834745));
#7688=CARTESIAN_POINT('',(-4.43825049304385,-10.7676731702123,4.9715228740147));
#7689=CARTESIAN_POINT('',(-4.44108874822254,-10.7961289224079,4.86433954054557));
#7690=CARTESIAN_POINT('',(-4.44183302331132,-10.8038995454647,4.78738910595183));
#7691=CARTESIAN_POINT('',(-4.44183302331132,-10.8038995454647,4.71108316308435));
#7692=CARTESIAN_POINT('',(-4.42553274302832,-10.6470924183383,4.24248512039261));
#7693=CARTESIAN_POINT('',(-4.44183302331132,-10.8038995454647,4.71108316308435));
#7694=CARTESIAN_POINT('',(-4.44183302331132,-10.8038995454647,4.59826383381822));
#7695=CARTESIAN_POINT('',(-4.43974944107581,-10.7826096192721,4.51931413202003));
#7696=CARTESIAN_POINT('',(-4.43534401695755,-10.7388044380378,4.39110385950389));
#7697=CARTESIAN_POINT('',(-4.43085269571366,-10.6952719733389,4.31314846772691));
#7698=CARTESIAN_POINT('',(-4.42553274302831,-10.6470924183383,4.24248512039261));
#7699=CARTESIAN_POINT('',(-4.48530658429122,-11.3983079575951,4.89888704789855));
#7700=CARTESIAN_POINT('',(-4.42553274302831,-10.6470924183383,4.24248512039261));
#7701=CARTESIAN_POINT('',(-4.44053743800403,-10.7829807559998,4.25140708195625));
#7702=CARTESIAN_POINT('',(-4.45355795385497,-10.9237762057353,4.27717716059069));
#7703=CARTESIAN_POINT('',(-4.47039773349803,-11.1410960152374,4.37891013812048));
#7704=CARTESIAN_POINT('',(-4.47403294861209,-11.1995156318319,4.42880063228694));
#7705=CARTESIAN_POINT('',(-4.4794106568142,-11.2859994894155,4.5157290763535));
#7706=CARTESIAN_POINT('',(-4.48154487784434,-11.3251743617137,4.57489208013195));
#7707=CARTESIAN_POINT('',(-4.484710603753,-11.3853452665723,4.72350599160094));
#7708=CARTESIAN_POINT('',(-4.48530658429122,-11.3983079575951,4.81097606727752));
#7709=CARTESIAN_POINT('',(-4.48530658429122,-11.3983079575951,4.89888704789855));
#7710=CARTESIAN_POINT('',(-4.48221868630786,-11.338137780907,5.17968120577609));
#7711=CARTESIAN_POINT('',(-4.48530658429122,-11.3983079575951,4.89888704789855));
#7712=CARTESIAN_POINT('',(-4.48530658429122,-11.3983079575951,4.97982540901674));
#7713=CARTESIAN_POINT('',(-4.48459862848305,-11.383814157665,5.04839879413642));
#7714=CARTESIAN_POINT('',(-4.48342435787025,-11.3609031406863,5.12839832076094));
#7715=CARTESIAN_POINT('',(-4.48289207215032,-11.3506612360265,5.15776515931694));
#7716=CARTESIAN_POINT('',(-4.48221868630786,-11.338137780907,5.17968120577609));
#7717=CARTESIAN_POINT('',(-4.48221868630786,-11.338137780907,5.19426791527622));
#7718=CARTESIAN_POINT('',(-4.48221868630786,-11.338137780907,0.0));
#7719=VECTOR('',#10072,10.0);
#7720=CARTESIAN_POINT('',(-4.49438711008166,-11.6280486322221,5.19426791527622));
#7721=AXIS2_PLACEMENT_3D('',#10073,#10074,#10075);
#7722=CARTESIAN_POINT('',(-4.49528380732606,-11.6590453899099,4.93900049902391));
#7723=CARTESIAN_POINT('',(-4.49438711008166,-11.6280486322221,5.19426791527622));
#7724=CARTESIAN_POINT('',(-4.49477506149199,-11.6408999619343,5.15314366019742));
#7725=CARTESIAN_POINT('',(-4.49499272098517,-11.648660200925,5.11044055769394));
#7726=CARTESIAN_POINT('',(-4.49513907484384,-11.6538522193315,5.05481178905183));
#7727=CARTESIAN_POINT('',(-4.49528380732606,-11.6590453899099,5.00205443121413));
#7728=CARTESIAN_POINT('',(-4.49528380732606,-11.6590453899099,4.93900049902391));
#7729=CARTESIAN_POINT('',(-4.48010009105018,-11.2998476684692,4.17866826632953));
#7730=CARTESIAN_POINT('',(-4.49528380732606,-11.6590453899099,4.93900049902391));
#7731=CARTESIAN_POINT('',(-4.49528380732606,-11.6590453899099,4.8458727520752));
#7732=CARTESIAN_POINT('',(-4.49506667612173,-11.6505933497329,4.75113861210764));
#7733=CARTESIAN_POINT('',(-4.49381435714661,-11.6090466893869,4.58007743809535));
#7734=CARTESIAN_POINT('',(-4.4929167783278,-11.5800126321193,4.50792679990189));
#7735=CARTESIAN_POINT('',(-4.48901990879255,-11.4762259752835,4.33474261560096));
#7736=CARTESIAN_POINT('',(-4.48554637600618,-11.395580485621,4.2494706623481));
#7737=CARTESIAN_POINT('',(-4.48010009105018,-11.2998476684692,4.17866826632953));
#7738=CARTESIAN_POINT('',(-4.38979440312349,-10.3553582283356,3.93069420482729));
#7739=CARTESIAN_POINT('',(-4.48010009105018,-11.2998476684692,4.17866826632953));
#7740=CARTESIAN_POINT('',(-4.47154946967023,-11.1495479541291,4.06800803709015));
#7741=CARTESIAN_POINT('',(-4.45814602478162,-10.9804578011133,4.01785796363882));
#7742=CARTESIAN_POINT('',(-4.43361687865144,-10.7105999709892,3.94990120879644));
#7743=CARTESIAN_POINT('',(-4.41376175812215,-10.5333923813089,3.93069420482729));
#7744=CARTESIAN_POINT('',(-4.38979440312348,-10.3553582283356,3.93069420482729));
#7745=CARTESIAN_POINT('',(-4.24838258002891,-9.52209244814058,4.1750215889545));
#7746=CARTESIAN_POINT('',(-4.38979440312348,-10.3553582283356,3.93069420482729));
#7747=CARTESIAN_POINT('',(-4.37432660204253,-10.2404604073637,3.93069420482729));
#7748=CARTESIAN_POINT('',(-4.35644506106564,-10.1207358854672,3.93732096687352));
#7749=CARTESIAN_POINT('',(-4.32879954346165,-9.95191177928917,3.96577879386805));
#7750=CARTESIAN_POINT('',(-4.31196233615203,-9.85233507335937,3.98588474703049));
#7751=CARTESIAN_POINT('',(-4.27679235011804,-9.66334316446907,4.06771698897257));
#7752=CARTESIAN_POINT('',(-4.26168772135289,-9.58693088336606,4.11399717933052));
#7753=CARTESIAN_POINT('',(-4.24838258002891,-9.52209244814058,4.1750215889545));
#7754=CARTESIAN_POINT('',(-4.20507735492516,-9.31970185382625,4.67461638933402));
#7755=CARTESIAN_POINT('',(-4.24838258002891,-9.52209244814058,4.1750215889545));
#7756=CARTESIAN_POINT('',(-4.24172783027541,-9.48966261140846,4.2056497680904));
#7757=CARTESIAN_POINT('',(-4.23563352577057,-9.46062342734657,4.23931872777048));
#7758=CARTESIAN_POINT('',(-4.22381573732286,-9.40506662729218,4.32012861767751));
#7759=CARTESIAN_POINT('',(-4.21948005123107,-9.38515872101402,4.36115807926249));
#7760=CARTESIAN_POINT('',(-4.20850480772392,-9.33486833070797,4.48291376505483));
#7761=CARTESIAN_POINT('',(-4.20507735492516,-9.31970185382625,4.57790214387303));
#7762=CARTESIAN_POINT('',(-4.20507735492516,-9.31970185382625,4.67461638933402));
#7763=CARTESIAN_POINT('',(-4.25024978106614,-9.53120914157816,5.17785786708857));
#7764=CARTESIAN_POINT('',(-4.20507735492516,-9.31970185382625,4.67461638933402));
#7765=CARTESIAN_POINT('',(-4.20507735492516,-9.31970185382625,4.72739750651635));
#7766=CARTESIAN_POINT('',(-4.20642958218547,-9.32575190909408,4.77946466442431));
#7767=CARTESIAN_POINT('',(-4.21224380499405,-9.35203610070677,4.89371411115103));
#7768=CARTESIAN_POINT('',(-4.21687302168779,-9.37314998479476,4.94691061494264));
#7769=CARTESIAN_POINT('',(-4.22826625370409,-9.42576050873936,5.05806126348278));
#7770=CARTESIAN_POINT('',(-4.23814891955549,-9.4720124722062,5.12296641003457));
#7771=CARTESIAN_POINT('',(-4.25024978106612,-9.53120914157816,5.17785786708857));
#7772=CARTESIAN_POINT('',(-4.25024978106612,-9.53120914157816,5.17785786708857));
#7773=CARTESIAN_POINT('',(-4.26999129390193,-9.62778340674238,5.26934927619152));
#7774=CARTESIAN_POINT('',(-4.28929773817104,-9.73003923195978,5.31355734045693));
#7775=CARTESIAN_POINT('',(-4.31684469928862,-9.88044023301062,5.37257536901806));
#7776=CARTESIAN_POINT('',(-4.33509765486305,-9.98742456688249,5.38936515484049));
#7777=CARTESIAN_POINT('',(-4.3521371336224,-10.0964441347083,5.38936515484049));
#7778=CARTESIAN_POINT('',(-4.60124103615095,-10.4301151145238,4.24066178170509));
#7779=CARTESIAN_POINT('',(49.1227160834271,-10.4301151145238,4.24066178170509));
#7780=VECTOR('',#10076,10.0);
#7781=CARTESIAN_POINT('',(-4.61627511200123,-10.5541021452749,4.64361963164624));
#7782=CARTESIAN_POINT('',(-4.61627511200123,-10.5541021452749,4.64361963164624));
#7783=CARTESIAN_POINT('',(-4.61627511200123,-10.5541021452749,4.57344087073026));
#7784=CARTESIAN_POINT('',(-4.61473319226736,-10.540750069883,4.50299681801347));
#7785=CARTESIAN_POINT('',(-4.61051503344412,-10.505286927867,4.38599478807724));
#7786=CARTESIAN_POINT('',(-4.60736737173891,-10.4786149152437,4.31262922793468));
#7787=CARTESIAN_POINT('',(-4.60124103615096,-10.4301151145238,4.24066178170509));
#7788=CARTESIAN_POINT('',(49.1227160834271,-10.5541021452749,4.64361963164624));
#7789=VECTOR('',#10077,10.0);
#7790=CARTESIAN_POINT('',(-4.5824482692103,-10.2878946968975,4.23519176564254));
#7791=CARTESIAN_POINT('',(49.1227160834271,-10.2878946968975,4.23519176564254));
#7792=VECTOR('',#10078,10.0);
#7793=CARTESIAN_POINT('',(-4.60124103615096,-10.4301151145238,4.24066178170509));
#7794=CARTESIAN_POINT('',(-4.59896029463705,-10.4120593767455,4.23915713689023));
#7795=CARTESIAN_POINT('',(-4.59602218670116,-10.3892342751808,4.23791291941442));
#7796=CARTESIAN_POINT('',(-4.59141042947815,-10.3540684278559,4.23619492232433));
#7797=CARTESIAN_POINT('',(-4.58846861617035,-10.331530284571,4.23519176564254));
#7798=CARTESIAN_POINT('',(-4.5824482692103,-10.2878946968975,4.23519176564254));
#7799=CARTESIAN_POINT('',(-4.48582626092144,-9.69348628476713,4.39382223145648));
#7800=CARTESIAN_POINT('',(49.1227160834271,-9.69348628476712,4.39382223145648));
#7801=VECTOR('',#10079,10.0);
#7802=CARTESIAN_POINT('',(-4.5824482692103,-10.2878946968975,4.23519176564254));
#7803=CARTESIAN_POINT('',(-4.56766600997084,-10.1807526046997,4.23519176564254));
#7804=CARTESIAN_POINT('',(-4.54965504229413,-10.0621544074587,4.24209562178722));
#7805=CARTESIAN_POINT('',(-4.52203133844725,-9.89495398538462,4.28077035474797));
#7806=CARTESIAN_POINT('',(-4.51328838318643,-9.84487125544902,4.29970448958575));
#7807=CARTESIAN_POINT('',(-4.49907169426433,-9.76497171241668,4.33811593580345));
#7808=CARTESIAN_POINT('',(-4.49195153606592,-9.72618454143961,4.36264482393155));
#7809=CARTESIAN_POINT('',(-4.48582626092144,-9.69348628476713,4.39382223145648));
#7810=CARTESIAN_POINT('',(-4.4612308973931,-9.56585257664098,4.67643972802154));
#7811=CARTESIAN_POINT('',(49.1227160834271,-9.56585257664096,4.67643972802154));
#7812=VECTOR('',#10080,10.0);
#7813=CARTESIAN_POINT('',(-4.48582626092144,-9.69348628476713,4.39382223145648));
#7814=CARTESIAN_POINT('',(-4.47897154607444,-9.65689409581282,4.42675520151535));
#7815=CARTESIAN_POINT('',(-4.47237538162875,-9.62270105419095,4.465793307093));
#7816=CARTESIAN_POINT('',(-4.46536841558859,-9.58679056212012,4.5394060278203));
#7817=CARTESIAN_POINT('',(-4.46383153308237,-9.57901397819863,4.56847971709942));
#7818=CARTESIAN_POINT('',(-4.46177137454667,-9.5685749201571,4.61816361464729));
#7819=CARTESIAN_POINT('',(-4.4612308973931,-9.56585257664098,4.6472116698752));
#7820=CARTESIAN_POINT('',(-4.4612308973931,-9.56585257664098,4.67643972802154));
#7821=CARTESIAN_POINT('',(-4.68250297618124,-11.338137780907,5.19426791527622));
#7822=CARTESIAN_POINT('',(49.1227160834271,-11.338137780907,5.19426791527622));
#7823=VECTOR('',#10081,10.0);
#7824=CARTESIAN_POINT('',(-4.69447676315695,-11.6280486322221,5.19426791527622));
#7825=AXIS2_PLACEMENT_3D('',#10082,#10083,#10084);
#7826=CARTESIAN_POINT('',(49.1227160834271,-11.6280486322221,5.19426791527622));
#7827=VECTOR('',#10085,10.0);
#7828=CARTESIAN_POINT('',(-4.68250297618124,-11.338137780907,5.17968120577609));
#7829=CARTESIAN_POINT('',(49.1227160834271,-11.338137780907,5.17968120577609));
#7830=VECTOR('',#10086,10.0);
#7831=CARTESIAN_POINT('',(-4.68250297618124,-11.338137780907,0.0));
#7832=VECTOR('',#10087,10.0);
#7833=CARTESIAN_POINT('',(-4.68554144695288,-11.3983079575951,4.89888704789855));
#7834=CARTESIAN_POINT('',(49.1227160834271,-11.398307957595,4.89888704789855));
#7835=VECTOR('',#10088,10.0);
#7836=CARTESIAN_POINT('',(-4.68250297618124,-11.338137780907,5.17968120577609));
#7837=CARTESIAN_POINT('',(-4.68316562880257,-11.3506621458371,5.1577635671485));
#7838=CARTESIAN_POINT('',(-4.68368942333462,-11.3609046550406,5.12839401196562));
#7839=CARTESIAN_POINT('',(-4.68484489672104,-11.3838157153172,5.0483915740619));
#7840=CARTESIAN_POINT('',(-4.68554144695288,-11.3983079575951,4.97982197161931));
#7841=CARTESIAN_POINT('',(-4.68554144695288,-11.3983079575951,4.89888704789855));
#7842=CARTESIAN_POINT('',(-4.62672871083099,-10.6470924183383,4.24248512039261));
#7843=CARTESIAN_POINT('',(49.1227160834271,-10.6470924183382,4.24248512039261));
#7844=VECTOR('',#10089,10.0);
#7845=CARTESIAN_POINT('',(-4.68554144695288,-11.3983079575951,4.89888704789855));
#7846=CARTESIAN_POINT('',(-4.68554144695288,-11.3983079575951,4.81090691282973));
#7847=CARTESIAN_POINT('',(-4.68495414873984,-11.3853249194312,4.72337044208976));
#7848=CARTESIAN_POINT('',(-4.68184113439001,-11.3252003650292,4.57502634623297));
#7849=CARTESIAN_POINT('',(-4.67975207614685,-11.28623465798,4.51610556055775));
#7850=CARTESIAN_POINT('',(-4.67451011573413,-11.2005000247114,4.42969463808312));
#7851=CARTESIAN_POINT('',(-4.67098336942118,-11.14289994741,4.38031157904281));
#7852=CARTESIAN_POINT('',(-4.65453135178299,-10.9263427379643,4.27764610931401));
#7853=CARTESIAN_POINT('',(-4.64162436188511,-10.7842084001647,4.25148768485596));
#7854=CARTESIAN_POINT('',(-4.62672871083099,-10.6470924183383,4.24248512039261));
#7855=CARTESIAN_POINT('',(-4.64276599208775,-10.8038995454647,4.71108316308435));
#7856=CARTESIAN_POINT('',(49.1227160834271,-10.8038995454647,4.71108316308435));
#7857=VECTOR('',#10090,10.0);
#7858=CARTESIAN_POINT('',(-4.62672871083099,-10.6470924183383,4.24248512039261));
#7859=CARTESIAN_POINT('',(-4.63187360541147,-10.694451695837,4.31194539405738));
#7860=CARTESIAN_POINT('',(-4.63622789096706,-10.7372854981443,4.38840016222859));
#7861=CARTESIAN_POINT('',(-4.64063683388747,-10.7817903368589,4.51593858930885));
#7862=CARTESIAN_POINT('',(-4.64276599208775,-10.8038995454647,4.59611425648038));
#7863=CARTESIAN_POINT('',(-4.64276599208775,-10.8038995454647,4.71108316308435));
#7864=CARTESIAN_POINT('',(-4.62928092053981,-10.670795821276,5.14503777071328));
#7865=CARTESIAN_POINT('',(49.1227160834271,-10.670795821276,5.14503777071328));
#7866=VECTOR('',#10091,10.0);
#7867=CARTESIAN_POINT('',(-4.64276599208775,-10.8038995454647,4.71108316308435));
#7868=CARTESIAN_POINT('',(-4.64276599208775,-10.8038995454647,4.78736656416579));
#7869=CARTESIAN_POINT('',(-4.6420341333635,-10.7961335547291,4.8642943659694));
#7870=CARTESIAN_POINT('',(-4.63924200531995,-10.7676811990704,4.97150520480488));
#7871=CARTESIAN_POINT('',(-4.63721681839508,-10.745164503056,5.04645602974903));
#7872=CARTESIAN_POINT('',(-4.62928092053981,-10.670795821276,5.14503777071328));
#7873=CARTESIAN_POINT('',(-4.5545258222511,-10.0964441347083,5.38936515484049));
#7874=CARTESIAN_POINT('',(49.1227160834271,-10.0964441347083,5.38936515484049));
#7875=VECTOR('',#10092,10.0);
#7876=CARTESIAN_POINT('',(-4.62928092053982,-10.670795821276,5.14503777071328));
#7877=CARTESIAN_POINT('',(-4.62410017459888,-10.6222461482217,5.20786675937171));
#7878=CARTESIAN_POINT('',(-4.61757568220853,-10.5636670632808,5.25896110309219));
#7879=CARTESIAN_POINT('',(-4.60105685895622,-10.4271782666418,5.33662228186637));
#7880=CARTESIAN_POINT('',(-4.5926511434928,-10.362799493136,5.35609016975337));
#7881=CARTESIAN_POINT('',(-4.57635084750131,-10.2428069418912,5.38317782140209));
#7882=CARTESIAN_POINT('',(-4.56567457917058,-10.1689598756985,5.38936515484049));
#7883=CARTESIAN_POINT('',(-4.55452582225109,-10.0964441347083,5.38936515484049));
#7884=CARTESIAN_POINT('',(-4.552556813625,-10.0836807638957,5.08304425533771));
#7885=CARTESIAN_POINT('',(49.1227160834271,-10.0836807638956,5.08304425533771));
#7886=VECTOR('',#10093,10.0);
#7887=CARTESIAN_POINT('',(-4.4612308973931,-9.56585257664098,4.67643972802154));
#7888=CARTESIAN_POINT('',(-4.4612308973931,-9.56585257664098,4.72967106591242));
#7889=CARTESIAN_POINT('',(-4.46286425962216,-9.57402800410273,4.78207850206835));
#7890=CARTESIAN_POINT('',(-4.47005890970224,-9.61078862185943,4.87302152078129));
#7891=CARTESIAN_POINT('',(-4.47476938401423,-9.63501425072817,4.90984620532599));
#7892=CARTESIAN_POINT('',(-4.48536365440446,-9.69087904348233,4.96808668813324));
#7893=CARTESIAN_POINT('',(-4.49251215446337,-9.72864595067321,5.00101253441307));
#7894=CARTESIAN_POINT('',(-4.51094717324113,-9.83144321406144,5.04828843171639));
#7895=CARTESIAN_POINT('',(-4.51890046056397,-9.87711619497776,5.06135622493107));
#7896=CARTESIAN_POINT('',(-4.53549316533422,-9.97582032370943,5.07931012723073));
#7897=CARTESIAN_POINT('',(-4.54428060534564,-10.0302162095385,5.08304425533771));
#7898=CARTESIAN_POINT('',(-4.552556813625,-10.0836807638957,5.08304425533771));
#7899=CARTESIAN_POINT('',(-4.60691410076878,-10.4756985817117,4.92988380558633));
#7900=CARTESIAN_POINT('',(49.1227160834271,-10.4756985817117,4.92988380558633));
#7901=VECTOR('',#10094,10.0);
#7902=CARTESIAN_POINT('',(-4.552556813625,-10.0836807638957,5.08304425533771));
#7903=CARTESIAN_POINT('',(-4.5636289812602,-10.1552072997683,5.08304425533771));
#7904=CARTESIAN_POINT('',(-4.57502049689792,-10.2335585790071,5.07613560972739));
#7905=CARTESIAN_POINT('',(-4.58759901732292,-10.3254782080231,5.04439357674756));
#7906=CARTESIAN_POINT('',(-4.59217955355092,-10.359553882189,5.03020977197776));
#7907=CARTESIAN_POINT('',(-4.60077770404376,-10.4261631266397,4.98330108449164));
#7908=CARTESIAN_POINT('',(-4.60407028989828,-10.4525014102705,4.9582359040145));
#7909=CARTESIAN_POINT('',(-4.60691410076879,-10.4756985817117,4.92988380558633));
#7910=CARTESIAN_POINT('',(-4.60691410076878,-10.4756985817117,4.92988380558633));
#7911=CARTESIAN_POINT('',(-4.6101015701136,-10.5016990002423,4.89788329047169));
#7912=CARTESIAN_POINT('',(-4.61238547664989,-10.5209650380701,4.86222557590761));
#7913=CARTESIAN_POINT('',(-4.6152816176484,-10.5455205642528,4.77939815303515));
#7914=CARTESIAN_POINT('',(-4.61627511200123,-10.5541021452749,4.71574461912174));
#7915=CARTESIAN_POINT('',(-4.61627511200123,-10.5541021452749,4.64361963164624));
#7916=CARTESIAN_POINT('',(-4.69535913236314,-11.6590453899099,4.93900049902391));
#7917=CARTESIAN_POINT('',(-4.69535913236314,-11.6590453899099,4.93900049902391));
#7918=CARTESIAN_POINT('',(-4.69535913236314,-11.6590453899099,4.98171684944342));
#7919=CARTESIAN_POINT('',(-4.6952938312984,-11.656632497347,5.02502303794985));
#7920=CARTESIAN_POINT('',(-4.69513366025262,-11.6508580387439,5.08689232177174));
#7921=CARTESIAN_POINT('',(-4.69500644039519,-11.6458797280613,5.137208408591));
#7922=CARTESIAN_POINT('',(-4.69447676315694,-11.6280486322221,5.19426791527622));
#7923=CARTESIAN_POINT('',(49.1227160834271,-11.6590453899099,4.93900049902391));
#7924=VECTOR('',#10095,10.0);
#7925=CARTESIAN_POINT('',(-4.68041830675234,-11.2998476684692,4.17866826632953));
#7926=CARTESIAN_POINT('',(-4.68041830675235,-11.2998476684692,4.17866826632953));
#7927=CARTESIAN_POINT('',(-4.6857740067339,-11.3955205170782,4.24942631061331));
#7928=CARTESIAN_POINT('',(-4.68919110875875,-11.4761259867204,4.33463654213704));
#7929=CARTESIAN_POINT('',(-4.69302606960545,-11.5798978244865,4.50769312762758));
#7930=CARTESIAN_POINT('',(-4.69391026467386,-11.6089526040484,4.57980080313212));
#7931=CARTESIAN_POINT('',(-4.69514507624015,-11.6505760179373,4.75094302860154));
#7932=CARTESIAN_POINT('',(-4.69535913236314,-11.6590453899099,4.8457772426131));
#7933=CARTESIAN_POINT('',(-4.69535913236314,-11.6590453899099,4.93900049902391));
#7934=CARTESIAN_POINT('',(49.1227160834271,-11.2998476684691,4.17866826632953));
#7935=VECTOR('',#10096,10.0);
#7936=CARTESIAN_POINT('',(-4.59156939269837,-10.3553582283356,3.93069420482729));
#7937=CARTESIAN_POINT('',(-4.59156939269836,-10.3553582283356,3.93069420482729));
#7938=CARTESIAN_POINT('',(-4.61105197623954,-10.50246887648,3.93069420482729));
#7939=CARTESIAN_POINT('',(-4.62781434111926,-10.6492678704504,3.94380993850267));
#7940=CARTESIAN_POINT('',(-4.65050279529256,-10.8838529146896,3.99135302910105));
#7941=CARTESIAN_POINT('',(-4.65867191001813,-10.9790371228893,4.01664398807931));
#7942=CARTESIAN_POINT('',(-4.67155231010297,-11.1523853529355,4.08628104105142));
#7943=CARTESIAN_POINT('',(-4.67649602816127,-11.2297810913383,4.12708078646393));
#7944=CARTESIAN_POINT('',(-4.68041830675236,-11.2998476684692,4.17866826632953));
#7945=CARTESIAN_POINT('',(49.1227160834271,-10.3553582283356,3.93069420482729));
#7946=VECTOR('',#10097,10.0);
#7947=CARTESIAN_POINT('',(-4.45248146644082,-9.52209244814058,4.1750215889545));
#7948=CARTESIAN_POINT('',(-4.45248146644082,-9.52209244814058,4.1750215889545));
#7949=CARTESIAN_POINT('',(-4.46536914768282,-9.58595804775815,4.11491278931444));
#7950=CARTESIAN_POINT('',(-4.4799762136312,-9.66105615127582,4.06910555071122));
#7951=CARTESIAN_POINT('',(-4.51496962577746,-9.85193626346635,3.98552729010363));
#7952=CARTESIAN_POINT('',(-4.531994053509,-9.9545289020606,3.96531880387755));
#7953=CARTESIAN_POINT('',(-4.55881454306953,-10.1210851433761,3.93730170559448));
#7954=CARTESIAN_POINT('',(-4.57637611004917,-10.2406355760118,3.93069420482729));
#7955=CARTESIAN_POINT('',(-4.59156939269836,-10.3553582283356,3.93069420482729));
#7956=CARTESIAN_POINT('',(49.1227160834271,-9.52209244814057,4.1750215889545));
#7957=VECTOR('',#10098,10.0);
#7958=CARTESIAN_POINT('',(-4.40989855382587,-9.31970185382625,4.67461638933402));
#7959=CARTESIAN_POINT('',(-4.40989855382587,-9.31970185382625,4.67461638933402));
#7960=CARTESIAN_POINT('',(-4.40989855382587,-9.31970185382625,4.57828415168758));
#7961=CARTESIAN_POINT('',(-4.41324170283053,-9.33474917807371,4.48363971465707));
#7962=CARTESIAN_POINT('',(-4.42399883771502,-9.38486942397292,4.36169868870836));
#7963=CARTESIAN_POINT('',(-4.42830777048247,-9.40498657989096,4.32016147705272));
#7964=CARTESIAN_POINT('',(-4.43999320287949,-9.46085949430933,4.2390452632335));
#7965=CARTESIAN_POINT('',(-4.44596385715965,-9.48979408375685,4.20552559976135));
#7966=CARTESIAN_POINT('',(-4.45248146644082,-9.52209244814058,4.1750215889545));
#7967=CARTESIAN_POINT('',(49.1227160834271,-9.31970185382623,4.67461638933402));
#7968=VECTOR('',#10099,10.0);
#7969=CARTESIAN_POINT('',(-4.45431763696738,-9.53120914157816,5.17785786708857));
#7970=CARTESIAN_POINT('',(-4.45431763696738,-9.53120914157816,5.17785786708857));
#7971=CARTESIAN_POINT('',(-4.44223168790176,-9.47108641015098,5.12210769794701));
#7972=CARTESIAN_POINT('',(-4.4324038913437,-9.42434872364092,5.05605793312895));
#7973=CARTESIAN_POINT('',(-4.42137192571606,-9.37257388982866,4.94518809814855));
#7974=CARTESIAN_POINT('',(-4.41689583673335,-9.35180880721655,4.89296840010324));
#7975=CARTESIAN_POINT('',(-4.4112176665944,-9.32570438940579,4.77905832253853));
#7976=CARTESIAN_POINT('',(-4.40989855382587,-9.31970185382625,4.72718966161372));
#7977=CARTESIAN_POINT('',(-4.40989855382587,-9.31970185382625,4.67461638933402));
#7978=CARTESIAN_POINT('',(49.1227160834271,-9.53120914157815,5.17785786708857));
#7979=VECTOR('',#10100,10.0);
#7980=CARTESIAN_POINT('',(-4.55452582225109,-10.0964441347083,5.38936515484049));
#7981=CARTESIAN_POINT('',(-4.53954462957405,-9.99900077884908,5.38936515484049));
#7982=CARTESIAN_POINT('',(-4.5235667504799,-9.90287531238474,5.37595133676895));
#7983=CARTESIAN_POINT('',(-4.49809050682954,-9.75933426960349,5.32683801020687));
#7984=CARTESIAN_POINT('',(-4.48844687089249,-9.70701041872613,5.30281969912803));
#7985=CARTESIAN_POINT('',(-4.47061932235376,-9.61327223213375,5.24708657361307));
#7986=CARTESIAN_POINT('',(-4.46219123258351,-9.57037711026842,5.2149643637425));
#7987=CARTESIAN_POINT('',(-4.45431763696738,-9.53120914157816,5.17785786708857));
#7988=CARTESIAN_POINT('',(-4.49399519706486,-11.6152852614095,-2.54033479716875));
#7989=CARTESIAN_POINT('',(-4.49399519706486,-11.6152852614095,-3.63798468705368));
#7990=CARTESIAN_POINT('',(-4.49399519706486,-11.6152852614095,0.0));
#7991=VECTOR('',#10101,10.0);
#7992=CARTESIAN_POINT('',(-4.69409111303211,-11.6152852614095,-2.54033479716875));
#7993=CARTESIAN_POINT('',(49.1227160834271,-11.6152852614095,-2.54033479716875));
#7994=VECTOR('',#10102,10.0);
#7995=CARTESIAN_POINT('',(-4.69409111303211,-11.6152852614095,-3.63798468705368));
#7996=CARTESIAN_POINT('',(-4.69409111303211,-11.6152852614095,0.0));
#7997=VECTOR('',#10103,10.0);
#7998=CARTESIAN_POINT('',(49.1227160834271,-11.6152852614095,-3.63798468705368));
#7999=VECTOR('',#10104,10.0);
#8000=CARTESIAN_POINT('',(-4.48467621356499,-11.3855445867824,-2.54033479716875));
#8001=AXIS2_PLACEMENT_3D('',#10105,#10106,#10107);
#8002=CARTESIAN_POINT('',(-4.6849211644474,-11.3855445867824,-2.54033479716875));
#8003=CARTESIAN_POINT('',(49.1227160834271,-11.3855445867824,-2.54033479716875));
#8004=VECTOR('',#10108,10.0);
#8005=AXIS2_PLACEMENT_3D('',#10109,#10110,#10111);
#8006=CARTESIAN_POINT('',(-4.48467621356499,-11.3855445867824,-2.94876266317244));
#8007=CARTESIAN_POINT('',(-4.48467621356499,-11.3855445867824,0.0));
#8008=VECTOR('',#10112,10.0);
#8009=CARTESIAN_POINT('',(-4.6849211644474,-11.3855445867824,-2.94876266317244));
#8010=CARTESIAN_POINT('',(49.1227160834271,-11.3855445867824,-2.94876266317244));
#8011=VECTOR('',#10113,10.0);
#8012=CARTESIAN_POINT('',(-4.6849211644474,-11.3855445867824,0.0));
#8013=VECTOR('',#10114,10.0);
#8014=CARTESIAN_POINT('',(-4.31591989324681,-9.8776434922063,-2.94876266317244));
#8015=AXIS2_PLACEMENT_3D('',#10115,#10116,#10117);
#8016=CARTESIAN_POINT('',(-4.51890231585539,-9.8776434922063,-2.94876266317244));
#8017=CARTESIAN_POINT('',(49.1227160834271,-9.87764349220628,-2.94876266317244));
#8018=VECTOR('',#10118,10.0);
#8019=AXIS2_PLACEMENT_3D('',#10119,#10120,#10121);
#8020=CARTESIAN_POINT('',(-4.31591989324681,-9.8776434922063,-2.54033479716875));
#8021=CARTESIAN_POINT('',(-4.31591989324681,-9.8776434922063,0.0));
#8022=VECTOR('',#10122,10.0);
#8023=CARTESIAN_POINT('',(-4.51890231585539,-9.8776434922063,-2.54033479716875));
#8024=CARTESIAN_POINT('',(49.1227160834271,-9.87764349220628,-2.54033479716875));
#8025=VECTOR('',#10123,10.0);
#8026=CARTESIAN_POINT('',(-4.51890231585539,-9.8776434922063,0.0));
#8027=VECTOR('',#10124,10.0);
#8028=CARTESIAN_POINT('',(-4.48467621356499,-11.3855445867824,-3.63798468705368));
#8029=AXIS2_PLACEMENT_3D('',#10125,#10126,#10127);
#8030=CARTESIAN_POINT('',(-4.6849211644474,-11.3855445867824,-3.63798468705368));
#8031=AXIS2_PLACEMENT_3D('',#10128,#10129,#10130);
#8032=CARTESIAN_POINT('',(49.1227160834271,-11.3855445867824,-3.63798468705368));
#8033=VECTOR('',#10131,10.0);
#8034=CARTESIAN_POINT('',(-4.48467621356499,-11.3855445867824,-3.23867351448757));
#8035=CARTESIAN_POINT('',(-4.48467621356499,-11.3855445867824,0.0));
#8036=VECTOR('',#10132,10.0);
#8037=CARTESIAN_POINT('',(-4.6849211644474,-11.3855445867824,-3.23867351448757));
#8038=CARTESIAN_POINT('',(-4.6849211644474,-11.3855445867824,0.0));
#8039=VECTOR('',#10133,10.0);
#8040=CARTESIAN_POINT('',(49.1227160834271,-11.3855445867824,-3.23867351448757));
#8041=VECTOR('',#10134,10.0);
#8042=CARTESIAN_POINT('',(-4.21354311397059,-9.35799196626409,-3.23867351448757));
#8043=AXIS2_PLACEMENT_3D('',#10135,#10136,#10137);
#8044=CARTESIAN_POINT('',(-4.41822270925778,-9.35799196626409,-3.23867351448757));
#8045=AXIS2_PLACEMENT_3D('',#10138,#10139,#10140);
#8046=CARTESIAN_POINT('',(49.1227160834271,-9.35799196626408,-3.23867351448757));
#8047=VECTOR('',#10141,10.0);
#8048=CARTESIAN_POINT('',(-4.21354311397059,-9.35799196626409,-3.00528616248546));
#8049=CARTESIAN_POINT('',(-4.21354311397059,-9.35799196626409,0.0));
#8050=VECTOR('',#10142,10.0);
#8051=CARTESIAN_POINT('',(-4.41822270925778,-9.35799196626409,-3.00528616248546));
#8052=CARTESIAN_POINT('',(-4.41822270925778,-9.35799196626409,0.0));
#8053=VECTOR('',#10143,10.0);
#8054=CARTESIAN_POINT('',(49.1227160834271,-9.35799196626408,-3.00528616248546));
#8055=VECTOR('',#10144,10.0);
#8056=CARTESIAN_POINT('',(-4.27810129116653,-9.67160622051693,-2.54033479716875));
#8057=CARTESIAN_POINT('',(-4.21354311397059,-9.35799196626409,-3.00528616248546));
#8058=CARTESIAN_POINT('',(-4.22034032188788,-9.38896899247882,-3.00280800038828));
#8059=CARTESIAN_POINT('',(-4.22710931557737,-9.42041075683255,-2.99803844303804));
#8060=CARTESIAN_POINT('',(-4.23892049799123,-9.47628319304317,-2.9827547721704));
#8061=CARTESIAN_POINT('',(-4.24417813288464,-9.50157764316579,-2.97301879353595));
#8062=CARTESIAN_POINT('',(-4.25397239362055,-9.54936305746292,-2.94557656523211));
#8063=CARTESIAN_POINT('',(-4.25833660645236,-9.57103660858571,-2.92784953432102));
#8064=CARTESIAN_POINT('',(-4.26393916680698,-9.59912698134011,-2.89307527114776));
#8065=CARTESIAN_POINT('',(-4.26801244900885,-9.61968602148136,-2.86465603599188));
#8066=CARTESIAN_POINT('',(-4.27654311669581,-9.66337073314089,-2.73232955358742));
#8067=CARTESIAN_POINT('',(-4.27810129116653,-9.67160622051693,-2.6354005128941));
#8068=CARTESIAN_POINT('',(-4.27810129116653,-9.67160622051693,-2.54033479716875));
#8069=CARTESIAN_POINT('',(-4.48170739859338,-9.67160622051693,-2.54033479716875));
#8070=CARTESIAN_POINT('',(-4.48170739859338,-9.67160622051693,-2.54033479716875));
#8071=CARTESIAN_POINT('',(-4.48170739859338,-9.67160622051693,-2.63595037646508));
#8072=CARTESIAN_POINT('',(-4.48015795734987,-9.66327652240087,-2.73352391139542));
#8073=CARTESIAN_POINT('',(-4.47165430791811,-9.61900648973138,-2.86608014730208));
#8074=CARTESIAN_POINT('',(-4.46761158032153,-9.59826463862455,-2.894345974506));
#8075=CARTESIAN_POINT('',(-4.46206620455885,-9.5700054334391,-2.92874922091953));
#8076=CARTESIAN_POINT('',(-4.45780962775432,-9.54852028218048,-2.94613769541704));
#8077=CARTESIAN_POINT('',(-4.44813796947514,-9.5005466575041,-2.97353322269939));
#8078=CARTESIAN_POINT('',(-4.44285263126235,-9.4747021489116,-2.98333704555684));
#8079=CARTESIAN_POINT('',(-4.43125271242355,-9.4189476477387,-2.99825798223437));
#8080=CARTESIAN_POINT('',(-4.42475255329388,-9.38825640572151,-3.00286500732886));
#8081=CARTESIAN_POINT('',(-4.41822270925778,-9.35799196626409,-3.00528616248546));
#8082=CARTESIAN_POINT('',(49.1227160834271,-9.67160622051692,-2.54033479716875));
#8083=VECTOR('',#10145,10.0);
#8084=AXIS2_PLACEMENT_3D('',#10146,#10147,#10148);
#8085=AXIS2_PLACEMENT_3D('',#10149,#10150,#10151);
#8086=CARTESIAN_POINT('',(-4.40720108635266,-10.4902852912118,7.30387077673281));
#8087=CARTESIAN_POINT('',(-4.20507735492516,-9.31970185382625,8.0222662196143));
#8088=CARTESIAN_POINT('',(-4.40720108635266,-10.4902852912118,7.30387077673281));
#8089=CARTESIAN_POINT('',(-4.38806073011699,-10.3351794997975,7.30387077673281));
#8090=CARTESIAN_POINT('',(-4.36494431822784,-10.1737888653455,7.31291882703322));
#8091=CARTESIAN_POINT('',(-4.32098048139794,-9.90335426380878,7.35952800167836));
#8092=CARTESIAN_POINT('',(-4.29917194982907,-9.78122630903664,7.3920684667119));
#8093=CARTESIAN_POINT('',(-4.26230691310107,-9.5894350097678,7.4854921794512));
#8094=CARTESIAN_POINT('',(-4.24987247141444,-9.52891586144868,7.53108195772443));
#8095=CARTESIAN_POINT('',(-4.22961473428149,-9.43180076478016,7.63060103116072));
#8096=CARTESIAN_POINT('',(-4.22114321297244,-9.39272158413225,7.6909659438448));
#8097=CARTESIAN_POINT('',(-4.20799361802247,-9.3326128027159,7.84280312717492));
#8098=CARTESIAN_POINT('',(-4.20507735492516,-9.31970185382625,7.93232443566204));
#8099=CARTESIAN_POINT('',(-4.20507735492516,-9.31970185382625,8.02226621961431));
#8100=CARTESIAN_POINT('',(-4.40742595195274,-10.4921086298994,8.74248500118332));
#8101=CARTESIAN_POINT('',(-4.20507735492516,-9.31970185382625,8.02226621961431));
#8102=CARTESIAN_POINT('',(-4.20507735492516,-9.31970185382625,8.07971051533657));
#8103=CARTESIAN_POINT('',(-4.20622735374944,-9.32484012535902,8.13728121699817));
#8104=CARTESIAN_POINT('',(-4.21141532329381,-9.34828867769797,8.24471048484407));
#8105=CARTESIAN_POINT('',(-4.21516943998553,-9.36530102831077,8.29410172902129));
#8106=CARTESIAN_POINT('',(-4.22773537381263,-9.42328540738137,8.40713188736722));
#8107=CARTESIAN_POINT('',(-4.2375661786707,-9.46929453070804,8.46383441014598));
#8108=CARTESIAN_POINT('',(-4.26286930763017,-9.59279912653067,8.56823868725329));
#8109=CARTESIAN_POINT('',(-4.27984750024982,-9.67797159139137,8.61544996975759));
#8110=CARTESIAN_POINT('',(-4.34231012950155,-10.0205281948765,8.73031611239729));
#8111=CARTESIAN_POINT('',(-4.38381021574285,-10.300501220311,8.74248500118332));
#8112=CARTESIAN_POINT('',(-4.40742595195274,-10.4921086298994,8.74248500118332));
#8113=CARTESIAN_POINT('',(-4.49538417062217,-11.6626920672849,8.02226621961431));
#8114=CARTESIAN_POINT('',(-4.40742595195274,-10.4921086298994,8.74248500118332));
#8115=CARTESIAN_POINT('',(-4.42638325561396,-10.6459196233413,8.74248500118332));
#8116=CARTESIAN_POINT('',(-4.44311156076417,-10.8072907009488,8.73375782327582));
#8117=CARTESIAN_POINT('',(-4.46594594231444,-11.0767948338767,8.68812372704711));
#8118=CARTESIAN_POINT('',(-4.47439548390661,-11.1986065267684,8.65637175188414));
#8119=CARTESIAN_POINT('',(-4.4850587258686,-11.3877933669767,8.56546682991988));
#8120=CARTESIAN_POINT('',(-4.48776918462674,-11.4489456776567,8.52081765199298));
#8121=CARTESIAN_POINT('',(-4.49182367029417,-11.5481445125267,8.42031309152873));
#8122=CARTESIAN_POINT('',(-4.49312714909314,-11.5875094217201,8.36005513868315));
#8123=CARTESIAN_POINT('',(-4.49506108145985,-11.6493911470609,8.20646679659357));
#8124=CARTESIAN_POINT('',(-4.49538417062216,-11.6626920672849,8.11440471314932));
#8125=CARTESIAN_POINT('',(-4.49538417062216,-11.6626920672849,8.02226621961431));
#8126=CARTESIAN_POINT('',(-4.49538417062216,-11.6626920672849,8.02226621961431));
#8127=CARTESIAN_POINT('',(-4.49538417062216,-11.6626920672849,7.96461059195283));
#8128=CARTESIAN_POINT('',(-4.49524537375528,-11.6574291384478,7.90680494037342));
#8129=CARTESIAN_POINT('',(-4.49455274200659,-11.6333963970684,7.79901108421202));
#8130=CARTESIAN_POINT('',(-4.49404070209318,-11.615961445987,7.74945705898609));
#8131=CARTESIAN_POINT('',(-4.49207676756427,-11.5567375491675,7.63653882198147));
#8132=CARTESIAN_POINT('',(-4.49038981491349,-11.5099499550587,7.58004238140521));
#8133=CARTESIAN_POINT('',(-4.48491758154679,-11.3868770267462,7.47801014041037));
#8134=CARTESIAN_POINT('',(-4.48073651169239,-11.3015293171925,7.43017584735443));
#8135=CARTESIAN_POINT('',(-4.45813964343417,-10.9599097647373,7.31735588594637));
#8136=CARTESIAN_POINT('',(-4.4317282027886,-10.6890432327605,7.30387077673281));
#8137=CARTESIAN_POINT('',(-4.40720108635266,-10.4902852912118,7.30387077673281));
#8138=CARTESIAN_POINT('',(-4.30261629101518,-9.80288660601812,7.69224191717382));
#8139=CARTESIAN_POINT('',(-4.40720108635266,-10.4902852912118,7.61019167623558));
#8140=CARTESIAN_POINT('',(-4.30261629101518,-9.80288660601812,7.69224191717382));
#8141=CARTESIAN_POINT('',(-4.32212367798674,-9.91058046418912,7.64950625916945));
#8142=CARTESIAN_POINT('',(-4.34173454375537,-10.0301623557765,7.63463646945011));
#8143=CARTESIAN_POINT('',(-4.37123041709457,-10.2180489254056,7.6145416856947));
#8144=CARTESIAN_POINT('',(-4.39090299418632,-10.3582120710022,7.61019167623558));
#8145=CARTESIAN_POINT('',(-4.40720108635266,-10.4902852912118,7.61019167623558));
#8146=CARTESIAN_POINT('',(-4.47241946062405,-11.175860637718,7.6904185784863));
#8147=CARTESIAN_POINT('',(-4.40720108635266,-10.4902852912118,7.61019167623558));
#8148=CARTESIAN_POINT('',(-4.43342035503656,-10.7027557577721,7.61019167623558));
#8149=CARTESIAN_POINT('',(-4.44469913167598,-10.8320550850407,7.62191569369518));
#8150=CARTESIAN_POINT('',(-4.45855860094459,-10.9857967366328,7.6382711929275));
#8151=CARTESIAN_POINT('',(-4.46658899597843,-11.0888475849366,7.65618393476902));
#8152=CARTESIAN_POINT('',(-4.47241946062405,-11.175860637718,7.6904185784863));
#8153=CARTESIAN_POINT('',(-4.48601076812187,-11.4128946670952,8.02226621961431));
#8154=CARTESIAN_POINT('',(-4.47241946062405,-11.175860637718,7.6904185784863));
#8155=CARTESIAN_POINT('',(-4.4743627661458,-11.2048622621532,7.7015730494229));
#8156=CARTESIAN_POINT('',(-4.47615516342029,-11.2331905268104,7.71508870712882));
#8157=CARTESIAN_POINT('',(-4.47917260602856,-11.2833352224377,7.74639100355741));
#8158=CARTESIAN_POINT('',(-4.48043457698535,-11.3054734110806,7.76359258639785));
#8159=CARTESIAN_POINT('',(-4.48331251615011,-11.3579609755109,7.81702556164349));
#8160=CARTESIAN_POINT('',(-4.48422735260223,-11.3765110376264,7.85080940514338));
#8161=CARTESIAN_POINT('',(-4.48569491773639,-11.4060312070728,7.92463501081757));
#8162=CARTESIAN_POINT('',(-4.48601076812187,-11.4128946670952,7.97354427104083));
#8163=CARTESIAN_POINT('',(-4.48601076812187,-11.4128946670952,8.02226621961431));
#8164=CARTESIAN_POINT('',(-4.47205171058427,-11.1703906216555,8.35958387680486));
#8165=CARTESIAN_POINT('',(-4.48601076812187,-11.4128946670952,8.02226621961431));
#8166=CARTESIAN_POINT('',(-4.48601076812187,-11.4128946670952,8.05128597634327));
#8167=CARTESIAN_POINT('',(-4.48590189890717,-11.4105892738169,8.08052323956317));
#8168=CARTESIAN_POINT('',(-4.48538891441774,-11.3999739476738,8.13458533832885));
#8169=CARTESIAN_POINT('',(-4.48501678456976,-11.3923070241481,8.1595177955089));
#8170=CARTESIAN_POINT('',(-4.48403043790462,-11.3726797677611,8.20167452214742));
#8171=CARTESIAN_POINT('',(-4.48309713345987,-11.3533450399717,8.23800523367489));
#8172=CARTESIAN_POINT('',(-4.47849606060428,-11.2710545844754,8.31336175256943));
#8173=CARTESIAN_POINT('',(-4.47553954960231,-11.2220979013288,8.34019364692735));
#8174=CARTESIAN_POINT('',(-4.47205171058427,-11.1703906216555,8.35958387680486));
#8175=CARTESIAN_POINT('',(-4.40742595195274,-10.4921086298994,8.43616410168055));
#8176=CARTESIAN_POINT('',(-4.47205171058427,-11.1703906216555,8.35958387680486));
#8177=CARTESIAN_POINT('',(-4.46404785643388,-11.0517333318898,8.40495284053881));
#8178=CARTESIAN_POINT('',(-4.45423104934812,-10.9375572006485,8.41699955342854));
#8179=CARTESIAN_POINT('',(-4.43832653229256,-10.7620048596846,8.43314227176656));
#8180=CARTESIAN_POINT('',(-4.42326588293064,-10.6206266704025,8.43616410168055));
#8181=CARTESIAN_POINT('',(-4.40742595195274,-10.4921086298994,8.43616410168055));
#8182=CARTESIAN_POINT('',(-4.30327627459282,-9.80653328339315,8.35776053811734));
#8183=CARTESIAN_POINT('',(-4.40742595195274,-10.4921086298994,8.43616410168055));
#8184=CARTESIAN_POINT('',(-4.38049445979805,-10.2735986752553,8.43616410168055));
#8185=CARTESIAN_POINT('',(-4.35887500280289,-10.1394645136476,8.42388157334207));
#8186=CARTESIAN_POINT('',(-4.33676621758891,-9.99829097842846,8.41034963822344));
#8187=CARTESIAN_POINT('',(-4.31922481961078,-9.89473112517933,8.39275968168329));
#8188=CARTESIAN_POINT('',(-4.30327627459281,-9.80653328339315,8.35776053811734));
#8189=CARTESIAN_POINT('',(-4.25801377306294,-9.56949925401601,8.02226621961431));
#8190=CARTESIAN_POINT('',(-4.30327627459281,-9.80653328339315,8.35776053811734));
#8191=CARTESIAN_POINT('',(-4.29794362847295,-9.77704295193964,8.34596440553594));
#8192=CARTESIAN_POINT('',(-4.29261896047749,-9.74822826800532,8.33177137247321));
#8193=CARTESIAN_POINT('',(-4.28306394611357,-9.69742660080416,8.29919099524938));
#8194=CARTESIAN_POINT('',(-4.2787749844542,-9.67502372731885,8.28137567631879));
#8195=CARTESIAN_POINT('',(-4.2687583166226,-9.62332620282584,8.2274725046515));
#8196=CARTESIAN_POINT('',(-4.26515178346095,-9.6052366506955,8.19428923881317));
#8197=CARTESIAN_POINT('',(-4.25936729685267,-9.57617148956824,8.12005486294645));
#8198=CARTESIAN_POINT('',(-4.25801377306294,-9.56949925401601,8.07102122385979));
#8199=CARTESIAN_POINT('',(-4.25801377306294,-9.56949925401601,8.02226621961431));
#8200=CARTESIAN_POINT('',(-4.25801377306294,-9.56949925401601,8.02226621961431));
#8201=CARTESIAN_POINT('',(-4.25801377306294,-9.56949925401601,7.99464082695225));
#8202=CARTESIAN_POINT('',(-4.25844565035741,-9.57164194255277,7.96684541948582));
#8203=CARTESIAN_POINT('',(-4.26041064669607,-9.58144288837578,7.91521897123914));
#8204=CARTESIAN_POINT('',(-4.26183075493986,-9.58853361856605,7.89133343172059));
#8205=CARTESIAN_POINT('',(-4.26571120531089,-9.6080717890765,7.84753978243346));
#8206=CARTESIAN_POINT('',(-4.26940646843088,-9.62653305908119,7.81302235701518));
#8207=CARTESIAN_POINT('',(-4.2843880817522,-9.70417746246363,7.73948602514633));
#8208=CARTESIAN_POINT('',(-4.29347741969464,-9.75243390759814,7.71226282924524));
#8209=CARTESIAN_POINT('',(-4.30261629101518,-9.80288660601812,7.69224191717382));
#8210=CARTESIAN_POINT('',(-4.68623436247736,-11.4128946670952,8.02226621961431));
#8211=CARTESIAN_POINT('',(49.1227160834271,-11.4128946670952,8.02226621961431));
#8212=VECTOR('',#10152,10.0);
#8213=CARTESIAN_POINT('',(-4.67249891189347,-11.1703906216555,8.35958387680486));
#8214=CARTESIAN_POINT('',(-4.67249891189347,-11.1703906216555,8.35958387680486));
#8215=CARTESIAN_POINT('',(-4.67592632914859,-11.2220302676403,8.34021900956054));
#8216=CARTESIAN_POINT('',(-4.67883243519548,-11.2709272192112,8.3134316237216));
#8217=CARTESIAN_POINT('',(-4.68336237017682,-11.3532448588592,8.23814447044679));
#8218=CARTESIAN_POINT('',(-4.68428200505409,-11.3726057459575,8.20179928675699));
#8219=CARTESIAN_POINT('',(-4.68525348070115,-11.3922488096992,8.15968627088934));
#8220=CARTESIAN_POINT('',(-4.68562060462255,-11.3999351548931,8.13473545307741));
#8221=CARTESIAN_POINT('',(-4.68612691803606,-11.4105823655949,8.08061102706447));
#8222=CARTESIAN_POINT('',(-4.68623436247736,-11.4128946670952,8.05132943229823));
#8223=CARTESIAN_POINT('',(-4.68623436247736,-11.4128946670952,8.02226621961431));
#8224=CARTESIAN_POINT('',(49.1227160834271,-11.1703906216555,8.35958387680486));
#8225=VECTOR('',#10153,10.0);
#8226=CARTESIAN_POINT('',(-4.67286076467536,-11.175860637718,7.6904185784863));
#8227=CARTESIAN_POINT('',(49.1227160834271,-11.175860637718,7.6904185784863));
#8228=VECTOR('',#10154,10.0);
#8229=CARTESIAN_POINT('',(-4.68623436247736,-11.4128946670952,8.02226621961431));
#8230=CARTESIAN_POINT('',(-4.68623436247736,-11.4128946670952,7.97353364929586));
#8231=CARTESIAN_POINT('',(-4.68592343660419,-11.4060282311348,7.92461382502904));
#8232=CARTESIAN_POINT('',(-4.6844790920511,-11.3765031821453,7.85079843650928));
#8233=CARTESIAN_POINT('',(-4.68357949052428,-11.3579669596785,7.81704577729854));
#8234=CARTESIAN_POINT('',(-4.68074792465749,-11.3054811379862,7.76359199358038));
#8235=CARTESIAN_POINT('',(-4.67950332176956,-11.2832922647589,7.74635471764239));
#8236=CARTESIAN_POINT('',(-4.67653215635212,-11.2331194247679,7.71505483981679));
#8237=CARTESIAN_POINT('',(-4.6747705250408,-11.2048261171621,7.70155914750326));
#8238=CARTESIAN_POINT('',(-4.67286076467536,-11.175860637718,7.6904185784863));
#8239=CARTESIAN_POINT('',(-4.60869364574961,-10.4902852912118,7.61019167623558));
#8240=CARTESIAN_POINT('',(49.1227160834271,-10.4902852912118,7.61019167623558));
#8241=VECTOR('',#10155,10.0);
#8242=CARTESIAN_POINT('',(-4.67286076467536,-11.175860637718,7.6904185784863));
#8243=CARTESIAN_POINT('',(-4.66724975217017,-11.090757988024,7.65693556877062));
#8244=CARTESIAN_POINT('',(-4.65958157886953,-10.9904173213572,7.63910656904758));
#8245=CARTESIAN_POINT('',(-4.64426871636369,-10.8167195282569,7.61999155931086));
#8246=CARTESIAN_POINT('',(-4.63252628166425,-10.6865962392342,7.61019167623558));
#8247=CARTESIAN_POINT('',(-4.60869364574961,-10.4902852912118,7.61019167623558));
#8248=CARTESIAN_POINT('',(-4.50581767722939,-9.80288660601812,7.69224191717382));
#8249=CARTESIAN_POINT('',(49.1227160834271,-9.80288660601811,7.69224191717382));
#8250=VECTOR('',#10156,10.0);
#8251=CARTESIAN_POINT('',(-4.60869364574961,-10.4902852912118,7.61019167623558));
#8252=CARTESIAN_POINT('',(-4.59424961616685,-10.3713088946936,7.61019167623558));
#8253=CARTESIAN_POINT('',(-4.5772817270308,-10.2468274422796,7.61374354261157));
#8254=CARTESIAN_POINT('',(-4.5463084467177,-10.0417355195126,7.63230123213533));
#8255=CARTESIAN_POINT('',(-4.52565940818043,-9.91426134188887,7.64804559341559));
#8256=CARTESIAN_POINT('',(-4.50581767722939,-9.80288660601812,7.69224191717382));
#8257=CARTESIAN_POINT('',(-4.40989855382587,-9.31970185382625,8.0222662196143));
#8258=CARTESIAN_POINT('',(49.1227160834271,-9.31970185382623,8.0222662196143));
#8259=VECTOR('',#10157,10.0);
#8260=CARTESIAN_POINT('',(-4.60891486794915,-10.4921086298994,8.74248500118332));
#8261=CARTESIAN_POINT('',(-4.60891486794915,-10.4921086298994,8.74248500118332));
#8262=CARTESIAN_POINT('',(-4.58752829091568,-10.3157298724786,8.74248500118332));
#8263=CARTESIAN_POINT('',(-4.5511261503501,-10.0613892215594,8.73216989899102));
#8264=CARTESIAN_POINT('',(-4.48843955104285,-9.70328255191647,8.62921538541712));
#8265=CARTESIAN_POINT('',(-4.47221882569824,-9.62141516996055,8.58192074406246));
#8266=CARTESIAN_POINT('',(-4.44972605766947,-9.50766888311696,8.50179485917903));
#8267=CARTESIAN_POINT('',(-4.4387534067231,-9.45466382895744,8.44834337616122));
#8268=CARTESIAN_POINT('',(-4.42344474462495,-9.38211322713242,8.33366014141308));
#8269=CARTESIAN_POINT('',(-4.41851542424974,-9.35930295959939,8.27960169944778));
#8270=CARTESIAN_POINT('',(-4.41145866551693,-9.3267759107741,8.15719831981214));
#8271=CARTESIAN_POINT('',(-4.40989855382587,-9.31970185382625,8.08967131263184));
#8272=CARTESIAN_POINT('',(-4.40989855382587,-9.31970185382625,8.02226621961431));
#8273=CARTESIAN_POINT('',(49.1227160834271,-10.4921086298993,8.74248500118332));
#8274=VECTOR('',#10158,10.0);
#8275=CARTESIAN_POINT('',(-4.60869364574961,-10.4902852912118,7.30387077673281));
#8276=CARTESIAN_POINT('',(49.1227160834271,-10.4902852912118,7.30387077673281));
#8277=VECTOR('',#10159,10.0);
#8278=CARTESIAN_POINT('',(-4.40989855382587,-9.31970185382625,8.02226621961431));
#8279=CARTESIAN_POINT('',(-4.40989855382587,-9.31970185382625,7.93166728642909));
#8280=CARTESIAN_POINT('',(-4.41280873296133,-9.3328022960936,7.84150810972975));
#8281=CARTESIAN_POINT('',(-4.42573401528688,-9.39290687692291,7.69116050711896));
#8282=CARTESIAN_POINT('',(-4.43381474063376,-9.43082855358401,7.6323240985734));
#8283=CARTESIAN_POINT('',(-4.45471639690291,-9.53261164055935,7.52656088483906));
#8284=CARTESIAN_POINT('',(-4.46706454804093,-9.59451875441095,7.48434076454829));
#8285=CARTESIAN_POINT('',(-4.50076940180674,-9.77190787668374,7.39470638386425));
#8286=CARTESIAN_POINT('',(-4.52294598371206,-9.89767315380466,7.3606707907509));
#8287=CARTESIAN_POINT('',(-4.56688338540239,-10.1720991348766,7.31300893502213));
#8288=CARTESIAN_POINT('',(-4.58977097913056,-10.3344180746605,7.30387077673281));
#8289=CARTESIAN_POINT('',(-4.60869364574961,-10.4902852912118,7.30387077673281));
#8290=CARTESIAN_POINT('',(-4.4619527015572,-9.56949925401601,8.02226621961431));
#8291=CARTESIAN_POINT('',(49.1227160834271,-9.56949925401599,8.02226621961431));
#8292=VECTOR('',#10160,10.0);
#8293=CARTESIAN_POINT('',(-4.50581767722939,-9.80288660601812,7.69224191717382));
#8294=CARTESIAN_POINT('',(-4.4968123260612,-9.75233816292837,7.71230082316182));
#8295=CARTESIAN_POINT('',(-4.48785740969742,-9.70400107639743,7.73958667527945));
#8296=CARTESIAN_POINT('',(-4.47313639969591,-9.62643109599514,7.81318282355536));
#8297=CARTESIAN_POINT('',(-4.46950984182792,-9.60800686941599,7.84765128809835));
#8298=CARTESIAN_POINT('',(-4.46570293565272,-9.58851642671794,7.89140867443941));
#8299=CARTESIAN_POINT('',(-4.46431202179462,-9.58145417741913,7.91520171600768));
#8300=CARTESIAN_POINT('',(-4.46237860469977,-9.57164795103569,7.96676699567139));
#8301=CARTESIAN_POINT('',(-4.4619527015572,-9.56949925401601,7.99460215555559));
#8302=CARTESIAN_POINT('',(-4.4619527015572,-9.56949925401601,8.02226621961431));
#8303=CARTESIAN_POINT('',(-4.50646678711211,-9.80653328339315,8.35776053811734));
#8304=CARTESIAN_POINT('',(49.1227160834271,-9.80653328339314,8.35776053811734));
#8305=VECTOR('',#10161,10.0);
#8306=CARTESIAN_POINT('',(-4.4619527015572,-9.56949925401601,8.02226621961431));
#8307=CARTESIAN_POINT('',(-4.4619527015572,-9.56949925401601,8.07114282216746));
#8308=CARTESIAN_POINT('',(-4.46329048296794,-9.57620487310725,8.1203002211591));
#8309=CARTESIAN_POINT('',(-4.46899229014158,-9.60533936555009,8.19444921432735));
#8310=CARTESIAN_POINT('',(-4.47251732914694,-9.62332173875695,8.2273716784471));
#8311=CARTESIAN_POINT('',(-4.48234279261262,-9.67487849779801,8.28128439996755));
#8312=CARTESIAN_POINT('',(-4.48660554887489,-9.69751771387492,8.29928384413878));
#8313=CARTESIAN_POINT('',(-4.49603177570437,-9.74848461125622,8.33189743226281));
#8314=CARTESIAN_POINT('',(-4.50124517148276,-9.77717326585137,8.34601653110063));
#8315=CARTESIAN_POINT('',(-4.50646678711211,-9.80653328339315,8.35776053811734));
#8316=CARTESIAN_POINT('',(-4.60891486794915,-10.4921086298994,8.43616410168055));
#8317=CARTESIAN_POINT('',(49.1227160834271,-10.4921086298993,8.43616410168055));
#8318=VECTOR('',#10162,10.0);
#8319=CARTESIAN_POINT('',(-4.50646678711211,-9.80653328339315,8.35776053811734));
#8320=CARTESIAN_POINT('',(-4.52097185858347,-9.88809216920053,8.39012517534249));
#8321=CARTESIAN_POINT('',(-4.53678038949526,-9.9824689617507,8.40747980532816));
#8322=CARTESIAN_POINT('',(-4.56210538458962,-10.1448551874145,8.42527317966346));
#8323=CARTESIAN_POINT('',(-4.58378247870742,-10.2848375187471,8.43616410168055));
#8324=CARTESIAN_POINT('',(-4.60891486794915,-10.4921086298994,8.43616410168055));
#8325=CARTESIAN_POINT('',(-4.60891486794915,-10.4921086298994,8.43616410168055));
#8326=CARTESIAN_POINT('',(-4.62293987087411,-10.6077752269829,8.43616410168055));
#8327=CARTESIAN_POINT('',(-4.63618266583549,-10.7319628381979,8.43366930492592));
#8328=CARTESIAN_POINT('',(-4.65428201290708,-10.927603822908,8.4189052500582));
#8329=CARTESIAN_POINT('',(-4.66439079388445,-11.0482285642155,8.40629289876719));
#8330=CARTESIAN_POINT('',(-4.67249891189348,-11.1703906216555,8.35958387680486));
#8331=CARTESIAN_POINT('',(-4.69545789211294,-11.6626920672849,8.02226621961431));
#8332=CARTESIAN_POINT('',(-4.69545789211294,-11.6626920672849,8.02226621961431));
#8333=CARTESIAN_POINT('',(-4.69545789211294,-11.6626920672849,8.11444146388009));
#8334=CARTESIAN_POINT('',(-4.69513974974055,-11.6493805689788,8.20653920564563));
#8335=CARTESIAN_POINT('',(-4.69323518981789,-11.5874554880277,8.36015220171511));
#8336=CARTESIAN_POINT('',(-4.69195188155175,-11.5480763601661,8.42040341194203));
#8337=CARTESIAN_POINT('',(-4.68795135842916,-11.4486231100577,8.52112468034084));
#8338=CARTESIAN_POINT('',(-4.68528744515416,-11.3878302444636,8.56521542958381));
#8339=CARTESIAN_POINT('',(-4.67415091253711,-11.1864840400433,8.6625468774419));
#8340=CARTESIAN_POINT('',(-4.66434334928884,-11.0460703117129,8.69594637373245));
#8341=CARTESIAN_POINT('',(-4.64073034809688,-10.77504331262,8.73536360812925));
#8342=CARTESIAN_POINT('',(-4.62574465405837,-10.6309067534586,8.74248500118332));
#8343=CARTESIAN_POINT('',(-4.60891486794915,-10.4921086298994,8.74248500118332));
#8344=CARTESIAN_POINT('',(49.1227160834271,-11.6626920672849,8.02226621961431));
#8345=VECTOR('',#10163,10.0);
#8346=CARTESIAN_POINT('',(-4.60869364574961,-10.4902852912118,7.30387077673281));
#8347=CARTESIAN_POINT('',(-4.63234813631583,-10.6851288445926,7.30387077673281));
#8348=CARTESIAN_POINT('',(-4.65294584513516,-10.8987504431139,7.31731128516911));
#8349=CARTESIAN_POINT('',(-4.67843884410881,-11.2480561962359,7.40345941252142));
#8350=CARTESIAN_POINT('',(-4.68303814605093,-11.3452211135207,7.45513599511682));
#8351=CARTESIAN_POINT('',(-4.68903541600411,-11.4721759824468,7.54326758710899));
#8352=CARTESIAN_POINT('',(-4.69109924717914,-11.5260263651755,7.59681786982039));
#8353=CARTESIAN_POINT('',(-4.69365996662091,-11.6001714711247,7.71249950845071));
#8354=CARTESIAN_POINT('',(-4.69435003296767,-11.6234914268591,7.76754304502865));
#8355=CARTESIAN_POINT('',(-4.69528082419425,-11.6557669381185,7.88983354590547));
#8356=CARTESIAN_POINT('',(-4.69545789211294,-11.6626920672849,7.95612992664207));
#8357=CARTESIAN_POINT('',(-4.69545789211294,-11.6626920672849,8.02226621961431));
#8358=CARTESIAN_POINT('',(-4.49399519706486,-11.6152852614095,-4.17404626118353));
#8359=CARTESIAN_POINT('',(-4.49399519706486,-11.6152852614095,-4.53506732131179));
#8360=CARTESIAN_POINT('',(-4.49399519706486,-11.6152852614095,0.0));
#8361=VECTOR('',#10164,10.0);
#8362=CARTESIAN_POINT('',(-4.69409111303211,-11.6152852614095,-4.17404626118353));
#8363=CARTESIAN_POINT('',(49.1227160834271,-11.6152852614095,-4.17404626118353));
#8364=VECTOR('',#10165,10.0);
#8365=CARTESIAN_POINT('',(-4.69409111303211,-11.6152852614095,-4.53506732131179));
#8366=CARTESIAN_POINT('',(-4.69409111303211,-11.6152852614095,0.0));
#8367=VECTOR('',#10166,10.0);
#8368=CARTESIAN_POINT('',(49.1227160834271,-11.6152852614095,-4.53506732131179));
#8369=VECTOR('',#10167,10.0);
#8370=CARTESIAN_POINT('',(-4.47302694710744,-11.1849773311556,-4.17404626118353));
#8371=AXIS2_PLACEMENT_3D('',#10168,#10169,#10170);
#8372=CARTESIAN_POINT('',(-4.67345851022928,-11.1849773311556,-4.17404626118353));
#8373=CARTESIAN_POINT('',(49.1227160834271,-11.1849773311556,-4.17404626118353));
#8374=VECTOR('',#10171,10.0);
#8375=AXIS2_PLACEMENT_3D('',#10172,#10173,#10174);
#8376=CARTESIAN_POINT('',(-4.47302694710744,-11.1849773311556,-4.53506732131179));
#8377=AXIS2_PLACEMENT_3D('',#10175,#10176,#10177);
#8378=CARTESIAN_POINT('',(-4.67345851022928,-11.1849773311556,-4.53506732131179));
#8379=AXIS2_PLACEMENT_3D('',#10178,#10179,#10180);
#8380=CARTESIAN_POINT('',(49.1227160834271,-11.1849773311556,-4.53506732131179));
#8381=VECTOR('',#10181,10.0);
#8382=CARTESIAN_POINT('',(-4.47302694710744,-11.1849773311556,0.0));
#8383=VECTOR('',#10182,10.0);
#8384=CARTESIAN_POINT('',(-4.67345851022928,-11.1849773311556,0.0));
#8385=VECTOR('',#10183,10.0);
#8386=CARTESIAN_POINT('',(-4.39939140465618,-10.4282917758363,6.3411479497241));
#8387=CARTESIAN_POINT('',(-4.40921494677572,-10.5066953393995,6.05306043709649));
#8388=CARTESIAN_POINT('',(-4.39939140465619,-10.4282917758363,6.3411479497241));
#8389=CARTESIAN_POINT('',(-4.39939140465619,-10.4282917758363,6.26893083290762));
#8390=CARTESIAN_POINT('',(-4.40066011306301,-10.4381532558523,6.20523143158967));
#8391=CARTESIAN_POINT('',(-4.40352911455999,-10.4607766378798,6.12434820477912));
#8392=CARTESIAN_POINT('',(-4.40596867086688,-10.4800953553966,6.08682195525397));
#8393=CARTESIAN_POINT('',(-4.4092149467757,-10.5066953393995,6.05306043709649));
#8394=CARTESIAN_POINT('',(-4.45070698079932,-10.8987131572155,5.8998999873451));
#8395=CARTESIAN_POINT('',(-4.4092149467757,-10.5066953393995,6.05306043709649));
#8396=CARTESIAN_POINT('',(-4.41182308112405,-10.5280663916119,6.02694026217027));
#8397=CARTESIAN_POINT('',(-4.4147130139348,-10.5521988114395,6.00366999990232));
#8398=CARTESIAN_POINT('',(-4.42162784763599,-10.6118009227426,5.96007531874952));
#8399=CARTESIAN_POINT('',(-4.4250485186172,-10.642504326645,5.94558351430751));
#8400=CARTESIAN_POINT('',(-4.43547429198374,-10.7382959024188,5.90838291550917));
#8401=CARTESIAN_POINT('',(-4.44378070162275,-10.8214959508505,5.8998999873451));
#8402=CARTESIAN_POINT('',(-4.45070698079931,-10.8987131572155,5.8998999873451));
#8403=CARTESIAN_POINT('',(-4.48618410776698,-11.4165413444702,6.30650451466128));
#8404=CARTESIAN_POINT('',(-4.45070698079931,-10.8987131572155,5.8998999873451));
#8405=CARTESIAN_POINT('',(-4.45917648078162,-10.9931348678152,5.8998999873451));
#8406=CARTESIAN_POINT('',(-4.46701504994698,-11.0945756078965,5.91106916155618));
#8407=CARTESIAN_POINT('',(-4.47563705151341,-11.2242179834029,5.96562845490065));
#8408=CARTESIAN_POINT('',(-4.47839404472643,-11.2692611190553,5.991888847179));
#8409=CARTESIAN_POINT('',(-4.48258098460659,-11.3440898170004,6.06822588802809));
#8410=CARTESIAN_POINT('',(-4.48389165391766,-11.3697695874344,6.10637010810355));
#8411=CARTESIAN_POINT('',(-4.48579578290444,-11.4080475234384,6.19955195015744));
#8412=CARTESIAN_POINT('',(-4.48618410776698,-11.4165413444702,6.25257726033737));
#8413=CARTESIAN_POINT('',(-4.48618410776698,-11.4165413444702,6.30650451466128));
#8414=CARTESIAN_POINT('',(-4.47947282905723,-11.2889076363441,6.58729867253882));
#8415=CARTESIAN_POINT('',(-4.48618410776698,-11.4165413444702,6.30650451466128));
#8416=CARTESIAN_POINT('',(-4.48618410776698,-11.4165413444702,6.33524420903909));
#8417=CARTESIAN_POINT('',(-4.48605032880816,-11.4136932033342,6.36373206558937));
#8418=CARTESIAN_POINT('',(-4.48554204187025,-11.4031287520448,6.41243123002184));
#8419=CARTESIAN_POINT('',(-4.48515330046328,-11.3950063523304,6.44191586297298));
#8420=CARTESIAN_POINT('',(-4.48333218949982,-11.358812370957,6.51578527793387));
#8421=CARTESIAN_POINT('',(-4.48159404875403,-11.3256181548737,6.55435333539685));
#8422=CARTESIAN_POINT('',(-4.47947282905724,-11.2889076363441,6.58729867253882));
#8423=CARTESIAN_POINT('',(-4.43067457795204,-10.6944992242137,6.74775247704028));
#8424=CARTESIAN_POINT('',(-4.47947282905724,-11.2889076363441,6.58729867253882));
#8425=CARTESIAN_POINT('',(-4.47789986209462,-11.2616853580882,6.61252907677598));
#8426=CARTESIAN_POINT('',(-4.47596177197506,-11.2298463338868,6.63337324532303));
#8427=CARTESIAN_POINT('',(-4.47068368325953,-11.1489882780788,6.67600132481393));
#8428=CARTESIAN_POINT('',(-4.46705058371056,-11.0988758986564,6.69329728953026));
#8429=CARTESIAN_POINT('',(-4.45650754597914,-10.9593751397667,6.73772422912747));
#8430=CARTESIAN_POINT('',(-4.44420865248806,-10.8215732508023,6.74775247704028));
#8431=CARTESIAN_POINT('',(-4.43067457795204,-10.6944992242137,6.74775247704028));
#8432=CARTESIAN_POINT('',(-4.41469184474974,-10.5522788065874,6.74228246097773));
#8433=CARTESIAN_POINT('',(-4.43067457795204,-10.6944992242137,6.74775247704028));
#8434=CARTESIAN_POINT('',(-4.42596744638981,-10.650303061432,6.74775247704028));
#8435=CARTESIAN_POINT('',(-4.42284560238812,-10.6229569628497,6.74633274436391));
#8436=CARTESIAN_POINT('',(-4.41966735687493,-10.5948261828336,6.74467799260057));
#8437=CARTESIAN_POINT('',(-4.41720655702435,-10.5735426655712,6.74346378647682));
#8438=CARTESIAN_POINT('',(-4.41469184474975,-10.5522788065874,6.74228246097773));
#8439=CARTESIAN_POINT('',(-4.41469184474975,-10.5522788065874,6.74228246097773));
#8440=CARTESIAN_POINT('',(-4.40846150006623,-10.4995963696707,6.65767127441453));
#8441=CARTESIAN_POINT('',(-4.40520055312972,-10.4740969155347,6.58955188595767));
#8442=CARTESIAN_POINT('',(-4.40075606193539,-10.4387950601815,6.47961182175203));
#8443=CARTESIAN_POINT('',(-4.39939140465619,-10.4282917758363,6.41121475886619));
#8444=CARTESIAN_POINT('',(-4.39939140465619,-10.4282917758363,6.3411479497241));
#8445=CARTESIAN_POINT('',(-4.44955543549908,-10.8859497864029,5.59357908784233));
#8446=CARTESIAN_POINT('',(-4.38382348370533,-10.3115980998352,5.83790647196954));
#8447=CARTESIAN_POINT('',(-4.44955543549908,-10.8859497864029,5.59357908784233));
#8448=CARTESIAN_POINT('',(-4.4427449391401,-10.8109002857705,5.59357908784233));
#8449=CARTESIAN_POINT('',(-4.43515681177303,-10.735160203494,5.60038138379992));
#8450=CARTESIAN_POINT('',(-4.42121652191901,-10.6074709753338,5.63017576351066));
#8451=CARTESIAN_POINT('',(-4.41371459936291,-10.5425645378818,5.65103175489238));
#8452=CARTESIAN_POINT('',(-4.39749350464062,-10.4122342541093,5.72741500907611));
#8453=CARTESIAN_POINT('',(-4.3901162337519,-10.3571081030995,5.77722646761714));
#8454=CARTESIAN_POINT('',(-4.38382348370533,-10.3115980998352,5.83790647196954));
#8455=CARTESIAN_POINT('',(-4.36467853257956,-10.1784943756465,6.27368441828599));
#8456=CARTESIAN_POINT('',(-4.38382348370533,-10.3115980998352,5.83790647196954));
#8457=CARTESIAN_POINT('',(-4.37335777923239,-10.2359087364881,5.93939902736685));
#8458=CARTESIAN_POINT('',(-4.36989583939763,-10.2137413015491,6.01113961894147));
#8459=CARTESIAN_POINT('',(-4.36568997020406,-10.1851670111206,6.11755421822396));
#8460=CARTESIAN_POINT('',(-4.36467853257955,-10.1784943756465,6.19751700676788));
#8461=CARTESIAN_POINT('',(-4.36467853257955,-10.1784943756465,6.27368441828599));
#8462=CARTESIAN_POINT('',(-4.3870775558634,-10.3353015027729,6.74228246097773));
#8463=CARTESIAN_POINT('',(-4.36467853257955,-10.1784943756465,6.27368441828599));
#8464=CARTESIAN_POINT('',(-4.36467853257955,-10.1784943756465,6.39985676964125));
#8465=CARTESIAN_POINT('',(-4.3686767086812,-10.2054020048504,6.48275695311352));
#8466=CARTESIAN_POINT('',(-4.37490202031027,-10.2480501765726,6.6002763451012));
#8467=CARTESIAN_POINT('',(-4.38058475337281,-10.2876633906098,6.67373005566986));
#8468=CARTESIAN_POINT('',(-4.3870775558634,-10.3353015027729,6.74228246097773));
#8469=CARTESIAN_POINT('',(-4.26093826876992,-9.58408596351614,6.08405719478427));
#8470=CARTESIAN_POINT('',(-4.3870775558634,-10.3353015027729,6.74228246097773));
#8471=CARTESIAN_POINT('',(-4.36913281700615,-10.2036397921853,6.73066525121999));
#8472=CARTESIAN_POINT('',(-4.34812828505747,-10.0671347428534,6.70403282394297));
#8473=CARTESIAN_POINT('',(-4.31509029940495,-9.87152073260522,6.61486278579731));
#8474=CARTESIAN_POINT('',(-4.30284865292448,-9.80337527950133,6.56967463902815));
#8475=CARTESIAN_POINT('',(-4.2826929245632,-9.6950387936773,6.45766931875529));
#8476=CARTESIAN_POINT('',(-4.27508630008663,-9.65582253683655,6.398254813404));
#8477=CARTESIAN_POINT('',(-4.26356477860822,-9.59704903624317,6.252365770157));
#8478=CARTESIAN_POINT('',(-4.26093826876992,-9.58408596351614,6.16885329648707));
#8479=CARTESIAN_POINT('',(-4.26093826876992,-9.58408596351614,6.08405719478427));
#8480=CARTESIAN_POINT('',(-4.27280846602501,-9.64425614020418,5.80143969821921));
#8481=CARTESIAN_POINT('',(-4.26093826876992,-9.58408596351614,6.08405719478427));
#8482=CARTESIAN_POINT('',(-4.26093826876992,-9.58408596351614,5.99867440895222));
#8483=CARTESIAN_POINT('',(-4.26366069691491,-9.59774001378204,5.94176693213527));
#8484=CARTESIAN_POINT('',(-4.26690041631817,-9.61408744008686,5.8768177138344));
#8485=CARTESIAN_POINT('',(-4.26953975293006,-9.62746715409457,5.83361858826264));
#8486=CARTESIAN_POINT('',(-4.27280846602502,-9.64425614020418,5.80143969821921));
#8487=CARTESIAN_POINT('',(-4.27280846602501,-9.64425614020418,5.7886763274066));
#8488=CARTESIAN_POINT('',(-4.27280846602501,-9.64425614020418,0.0));
#8489=VECTOR('',#10184,10.0);
#8490=CARTESIAN_POINT('',(-4.21274235422388,-9.35434528888906,5.7886763274066));
#8491=AXIS2_PLACEMENT_3D('',#10185,#10186,#10187);
#8492=CARTESIAN_POINT('',(-4.20588912384513,-9.32334853120128,6.04394374365891));
#8493=CARTESIAN_POINT('',(-4.21274235422388,-9.35434528888906,5.7886763274066));
#8494=CARTESIAN_POINT('',(-4.20939017541939,-9.33909042169045,5.83444092900244));
#8495=CARTESIAN_POINT('',(-4.2080787336604,-9.33320962928735,5.88043697468181));
#8496=CARTESIAN_POINT('',(-4.20636512526115,-9.32548406257109,5.94996707517116));
#8497=CARTESIAN_POINT('',(-4.20588912384513,-9.32334853120128,5.99723151484672));
#8498=CARTESIAN_POINT('',(-4.20588912384513,-9.32334853120128,6.04394374365891));
#8499=CARTESIAN_POINT('',(-4.28089792387123,-9.68619293001706,6.8060993150408));
#8500=CARTESIAN_POINT('',(-4.20588912384513,-9.32334853120128,6.04394374365891));
#8501=CARTESIAN_POINT('',(-4.20588912384513,-9.32334853120128,6.13923894653578));
#8502=CARTESIAN_POINT('',(-4.20816719399076,-9.33349401981,6.23439303056117));
#8503=CARTESIAN_POINT('',(-4.21951848327218,-9.38522157497998,6.43015576696791));
#8504=CARTESIAN_POINT('',(-4.2279683326507,-9.4243485117843,6.50690773001561));
#8505=CARTESIAN_POINT('',(-4.24803455408234,-9.51965693818958,6.66086009966144));
#8506=CARTESIAN_POINT('',(-4.26347400550572,-9.59501606076168,6.74111154652899));
#8507=CARTESIAN_POINT('',(-4.28089792387123,-9.68619293001706,6.8060993150408));
#8508=CARTESIAN_POINT('',(-4.42330147430317,-10.6270356927756,7.05225003785553));
#8509=CARTESIAN_POINT('',(-4.28089792387123,-9.68619293001706,6.8060993150408));
#8510=CARTESIAN_POINT('',(-4.31042817188444,-9.84072048838241,6.9171659976159));
#8511=CARTESIAN_POINT('',(-4.3369579889075,-9.99927914822509,6.96708741458083));
#8512=CARTESIAN_POINT('',(-4.37904354172573,-10.2686772475438,7.03573695764564));
#8513=CARTESIAN_POINT('',(-4.4033746323765,-10.4492391638243,7.05225003785553));
#8514=CARTESIAN_POINT('',(-4.42330147430317,-10.6270356927756,7.05225003785553));
#8515=CARTESIAN_POINT('',(-4.48809972505862,-11.4584781342831,6.80427597635329));
#8516=CARTESIAN_POINT('',(-4.42330147430317,-10.6270356927756,7.05225003785553));
#8517=CARTESIAN_POINT('',(-4.4362580218206,-10.7426400210614,7.05225003785553));
#8518=CARTESIAN_POINT('',(-4.44794814802287,-10.8626009248007,7.04491381831931));
#8519=CARTESIAN_POINT('',(-4.46790645579421,-11.1021924974441,7.0018566367176));
#8520=CARTESIAN_POINT('',(-4.47330660868817,-11.1869257819926,6.96959749895053));
#8521=CARTESIAN_POINT('',(-4.48173229143105,-11.3247289273904,6.90753154512785));
#8522=CARTESIAN_POINT('',(-4.48541005450851,-11.3973109751131,6.86270430750074));
#8523=CARTESIAN_POINT('',(-4.48809972505861,-11.4584781342831,6.80427597635329));
#8524=CARTESIAN_POINT('',(-4.49538417062217,-11.6626920672849,6.3083278533488));
#8525=CARTESIAN_POINT('',(-4.48809972505861,-11.4584781342831,6.80427597635329));
#8526=CARTESIAN_POINT('',(-4.48956626330527,-11.4918294227368,6.77330692278915));
#8527=CARTESIAN_POINT('',(-4.49074811201073,-11.5217869195513,6.73928864789856));
#8528=CARTESIAN_POINT('',(-4.49288740120776,-11.5800672639835,6.65568410627718));
#8529=CARTESIAN_POINT('',(-4.49350185759192,-11.5996168805938,6.61397390330141));
#8530=CARTESIAN_POINT('',(-4.49501415548328,-11.6475946789699,6.49659964648245));
#8531=CARTESIAN_POINT('',(-4.49538417062216,-11.6626920672849,6.40335244502687));
#8532=CARTESIAN_POINT('',(-4.49538417062216,-11.6626920672849,6.3083278533488));
#8533=CARTESIAN_POINT('',(-4.48777685438513,-11.451184779533,5.80508637559425));
#8534=CARTESIAN_POINT('',(-4.49538417062216,-11.6626920672849,6.3083278533488));
#8535=CARTESIAN_POINT('',(-4.49538417062216,-11.6626920672849,6.25965302839664));
#8536=CARTESIAN_POINT('',(-4.49527271792971,-11.658518797382,6.21115634648924));
#8537=CARTESIAN_POINT('',(-4.49467598806457,-11.6375558359801,6.10314380258685));
#8538=CARTESIAN_POINT('',(-4.49416548451309,-11.620597711797,6.05853275749876));
#8539=CARTESIAN_POINT('',(-4.49262522830244,-11.5720749942976,5.94503894685487));
#8540=CARTESIAN_POINT('',(-4.4907799461727,-11.5185702543721,5.87010744780742));
#8541=CARTESIAN_POINT('',(-4.48777685438513,-11.451184779533,5.80508637559425));
#8542=CARTESIAN_POINT('',(-4.48777685438513,-11.451184779533,5.80508637559425));
#8543=CARTESIAN_POINT('',(-4.48627860227443,-11.4175659503231,5.77209011729563));
#8544=CARTESIAN_POINT('',(-4.48448870101909,-11.3805111296661,5.74329595445871));
#8545=CARTESIAN_POINT('',(-4.47957651690031,-11.2888072433926,5.68568274124999));
#8546=CARTESIAN_POINT('',(-4.47653430688647,-11.2390345677292,5.66396205905037));
#8547=CARTESIAN_POINT('',(-4.46778047284146,-11.1034220319821,5.61089630492111));
#8548=CARTESIAN_POINT('',(-4.45952248740788,-10.995783523785,5.59357908784233));
#8549=CARTESIAN_POINT('',(-4.44955543549908,-10.8859497864029,5.59357908784233));
#8550=CARTESIAN_POINT('',(-4.68640492854514,-11.4165413444702,6.30650451466128));
#8551=CARTESIAN_POINT('',(49.1227160834271,-11.4165413444702,6.30650451466128));
#8552=VECTOR('',#10188,10.0);
#8553=CARTESIAN_POINT('',(-4.67980109151919,-11.2889076363441,6.58729867253882));
#8554=CARTESIAN_POINT('',(-4.6798010915192,-11.2889076363441,6.58729867253882));
#8555=CARTESIAN_POINT('',(-4.68189011303044,-11.3256494397418,6.55432525923313));
#8556=CARTESIAN_POINT('',(-4.68360151279697,-11.3588682425564,6.51572012867073));
#8557=CARTESIAN_POINT('',(-4.68539257124135,-11.3950471352434,6.44180005031824));
#8558=CARTESIAN_POINT('',(-4.68577436519093,-11.4031546230999,6.41232514003031));
#8559=CARTESIAN_POINT('',(-4.68627344487676,-11.4136965841837,6.36369846303174));
#8560=CARTESIAN_POINT('',(-4.68640492854514,-11.4165413444702,6.33522715570223));
#8561=CARTESIAN_POINT('',(-4.68640492854514,-11.4165413444702,6.30650451466128));
#8562=CARTESIAN_POINT('',(49.1227160834271,-11.288907636344,6.58729867253882));
#8563=VECTOR('',#10189,10.0);
#8564=CARTESIAN_POINT('',(-4.65149705805626,-10.8987131572155,5.8998999873451));
#8565=CARTESIAN_POINT('',(49.1227160834271,-10.8987131572155,5.8998999873451));
#8566=VECTOR('',#10190,10.0);
#8567=CARTESIAN_POINT('',(-4.68640492854514,-11.4165413444702,6.30650451466128));
#8568=CARTESIAN_POINT('',(-4.68640492854514,-11.4165413444702,6.25256238701264));
#8569=CARTESIAN_POINT('',(-4.68602261482794,-11.4080428584029,6.19952317647422));
#8570=CARTESIAN_POINT('',(-4.68414975079522,-11.3697821177907,6.10641571025529));
#8571=CARTESIAN_POINT('',(-4.68286298940338,-11.3441610103335,6.06833560436145));
#8572=CARTESIAN_POINT('',(-4.6787444766242,-11.2693406960883,5.99192237030491));
#8573=CARTESIAN_POINT('',(-4.67602635167005,-11.2242267203074,5.96566572665664));
#8574=CARTESIAN_POINT('',(-4.66755973819375,-11.0948000550135,5.9110939076276));
#8575=CARTESIAN_POINT('',(-4.65983932607979,-10.9932374184998,5.8998999873451));
#8576=CARTESIAN_POINT('',(-4.65149705805626,-10.8987131572155,5.8998999873451));
#8577=CARTESIAN_POINT('',(-4.61067488111434,-10.5066953393995,6.05306043709649));
#8578=CARTESIAN_POINT('',(49.1227160834271,-10.5066953393995,6.05306043709649));
#8579=VECTOR('',#10191,10.0);
#8580=CARTESIAN_POINT('',(-4.65149705805626,-10.8987131572155,5.8998999873451));
#8581=CARTESIAN_POINT('',(-4.64488972913497,-10.8238470795991,5.8998999873451));
#8582=CARTESIAN_POINT('',(-4.63703042315866,-10.7435495628557,5.90787509980441));
#8583=CARTESIAN_POINT('',(-4.62702594974456,-10.6496228602998,5.94240249833416));
#8584=CARTESIAN_POINT('',(-4.62349340100601,-10.617193750843,5.95668750824493));
#8585=CARTESIAN_POINT('',(-4.61629871086426,-10.5540218722997,6.00192359042605));
#8586=CARTESIAN_POINT('',(-4.61333821401439,-10.5288779955668,6.02594830178084));
#8587=CARTESIAN_POINT('',(-4.61067488111434,-10.5066953393995,6.05306043709649));
#8588=CARTESIAN_POINT('',(-4.60101058210665,-10.4282917758363,6.3411479497241));
#8589=CARTESIAN_POINT('',(49.1227160834271,-10.4282917758363,6.3411479497241));
#8590=VECTOR('',#10192,10.0);
#8591=CARTESIAN_POINT('',(-4.61067488111434,-10.5066953393995,6.05306043709649));
#8592=CARTESIAN_POINT('',(-4.60748071795774,-10.4800914465688,6.08682691645851));
#8593=CARTESIAN_POINT('',(-4.6050806180645,-10.4607720653229,6.12435785701326));
#8594=CARTESIAN_POINT('',(-4.60225912859893,-10.4381566559388,6.20522563212531));
#8595=CARTESIAN_POINT('',(-4.60101058210665,-10.4282917758363,6.26891839584315));
#8596=CARTESIAN_POINT('',(-4.60101058210665,-10.4282917758363,6.3411479497241));
#8597=CARTESIAN_POINT('',(-4.47650216331722,-9.64425614020418,5.7886763274066));
#8598=CARTESIAN_POINT('',(49.1227160834271,-9.64425614020417,5.7886763274066));
#8599=VECTOR('',#10193,10.0);
#8600=CARTESIAN_POINT('',(-4.41743533520797,-9.35434528888906,5.7886763274066));
#8601=AXIS2_PLACEMENT_3D('',#10194,#10195,#10196);
#8602=CARTESIAN_POINT('',(49.1227160834271,-9.35434528888905,5.7886763274066));
#8603=VECTOR('',#10197,10.0);
#8604=CARTESIAN_POINT('',(-4.47650216331722,-9.64425614020418,5.80143969821921));
#8605=CARTESIAN_POINT('',(49.1227160834271,-9.64425614020417,5.80143969821921));
#8606=VECTOR('',#10198,10.0);
#8607=CARTESIAN_POINT('',(-4.47650216331723,-9.64425614020418,0.0));
#8608=VECTOR('',#10199,10.0);
#8609=CARTESIAN_POINT('',(-4.46482867551108,-9.58408596351614,6.08405719478427));
#8610=CARTESIAN_POINT('',(49.1227160834271,-9.58408596351613,6.08405719478427));
#8611=VECTOR('',#10200,10.0);
#8612=CARTESIAN_POINT('',(-4.47650216331724,-9.64425614020418,5.80143969821921));
#8613=CARTESIAN_POINT('',(-4.47328527135954,-9.62745516689681,5.83364156372501));
#8614=CARTESIAN_POINT('',(-4.47068816929685,-9.61406784574537,5.87688031173176));
#8615=CARTESIAN_POINT('',(-4.46750773200452,-9.59774920115373,5.94173907703572));
#8616=CARTESIAN_POINT('',(-4.46482867551108,-9.58408596351614,5.9986428864498));
#8617=CARTESIAN_POINT('',(-4.46482867551108,-9.58408596351614,6.08405719478427));
#8618=CARTESIAN_POINT('',(-4.58889669820566,-10.3353015027729,6.74228246097773));
#8619=CARTESIAN_POINT('',(49.1227160834271,-10.3353015027729,6.74228246097773));
#8620=VECTOR('',#10201,10.0);
#8621=CARTESIAN_POINT('',(-4.46482867551108,-9.58408596351614,6.08405719478427));
#8622=CARTESIAN_POINT('',(-4.46482867551108,-9.58408596351614,6.16923587297706));
#8623=CARTESIAN_POINT('',(-4.46743533043737,-9.59716642992892,6.25311022917645));
#8624=CARTESIAN_POINT('',(-4.47873403121522,-9.65578482511092,6.39777645254191));
#8625=CARTESIAN_POINT('',(-4.48603049637061,-9.69404111373346,6.4560409304767));
#8626=CARTESIAN_POINT('',(-4.50520324525456,-9.79870993261855,6.56550226302078));
#8627=CARTESIAN_POINT('',(-4.51676590546782,-9.8639724448345,6.61008180925376));
#8628=CARTESIAN_POINT('',(-4.54940316815657,-10.0594382810683,6.70254181014286));
#8629=CARTESIAN_POINT('',(-4.57075848252522,-10.2000212599506,6.73034596896399));
#8630=CARTESIAN_POINT('',(-4.58889669820567,-10.3353015027729,6.74228246097773));
#8631=CARTESIAN_POINT('',(-4.56686242370571,-10.1784943756465,6.27368441828599));
#8632=CARTESIAN_POINT('',(49.1227160834271,-10.1784943756465,6.27368441828599));
#8633=VECTOR('',#10202,10.0);
#8634=CARTESIAN_POINT('',(-4.58889669820567,-10.3353015027729,6.74228246097773));
#8635=CARTESIAN_POINT('',(-4.58266951001006,-10.2888572688943,6.6754480756402));
#8636=CARTESIAN_POINT('',(-4.57719779873745,-10.2500262450014,6.6039340832889));
#8637=CARTESIAN_POINT('',(-4.57086678270314,-10.2058811254082,6.48496940101024));
#8638=CARTESIAN_POINT('',(-4.56686242370571,-10.1784943756465,6.40100787372809));
#8639=CARTESIAN_POINT('',(-4.56686242370571,-10.1784943756465,6.27368441828599));
#8640=CARTESIAN_POINT('',(-4.58569553474254,-10.3115980998352,5.83790647196954));
#8641=CARTESIAN_POINT('',(49.1227160834271,-10.3115980998352,5.83790647196954));
#8642=VECTOR('',#10203,10.0);
#8643=CARTESIAN_POINT('',(-4.56686242370571,-10.1784943756465,6.27368441828599));
#8644=CARTESIAN_POINT('',(-4.56686242370571,-10.1784943756465,6.19755716962773));
#8645=CARTESIAN_POINT('',(-4.56785629200273,-10.1851600475673,6.11763886976981));
#8646=CARTESIAN_POINT('',(-4.57199194568157,-10.2137224505018,6.01118365263107));
#8647=CARTESIAN_POINT('',(-4.57539792227885,-10.2358931766708,5.93941989166727));
#8648=CARTESIAN_POINT('',(-4.58569553474255,-10.3115980998352,5.83790647196954));
#8649=CARTESIAN_POINT('',(-4.65036404395108,-10.8859497864029,5.59357908784233));
#8650=CARTESIAN_POINT('',(49.1227160834271,-10.8859497864029,5.59357908784233));
#8651=VECTOR('',#10204,10.0);
#8652=CARTESIAN_POINT('',(-4.58569553474255,-10.3115980998352,5.83790647196954));
#8653=CARTESIAN_POINT('',(-4.59188554870461,-10.3571052048109,5.77723033200192));
#8654=CARTESIAN_POINT('',(-4.59914274279913,-10.4122291664506,5.72741884078892));
#8655=CARTESIAN_POINT('',(-4.61510951646391,-10.542629055772,5.6509930949468));
#8656=CARTESIAN_POINT('',(-4.62249911499429,-10.6076189325895,5.63012409332101));
#8657=CARTESIAN_POINT('',(-4.63621323828075,-10.7353210030595,5.60036676838098));
#8658=CARTESIAN_POINT('',(-4.64367039308085,-10.8109813489164,5.59357908784233));
#8659=CARTESIAN_POINT('',(-4.65036404395109,-10.8859497864029,5.59357908784233));
#8660=CARTESIAN_POINT('',(-4.61606310491012,-10.5522788065874,6.74228246097773));
#8661=CARTESIAN_POINT('',(49.1227160834271,-10.5522788065874,6.74228246097773));
#8662=VECTOR('',#10205,10.0);
#8663=CARTESIAN_POINT('',(-4.60101058210665,-10.4282917758363,6.3411479497241));
#8664=CARTESIAN_POINT('',(-4.60101058210665,-10.4282917758363,6.41116646586551));
#8665=CARTESIAN_POINT('',(-4.60235123436169,-10.4387806473094,6.47951985990443));
#8666=CARTESIAN_POINT('',(-4.60672133169427,-10.4740626474616,6.58947570906565));
#8667=CARTESIAN_POINT('',(-4.60993123792401,-10.4995761615449,6.65763881893969));
#8668=CARTESIAN_POINT('',(-4.61606310491011,-10.5522788065874,6.74228246097773));
#8669=CARTESIAN_POINT('',(-4.63178751043584,-10.6944992242137,6.74775247704027));
#8670=CARTESIAN_POINT('',(49.1227160834271,-10.6944992242137,6.74775247704028));
#8671=VECTOR('',#10206,10.0);
#8672=CARTESIAN_POINT('',(-4.61606310491012,-10.5522788065874,6.74228246097773));
#8673=CARTESIAN_POINT('',(-4.6185258640306,-10.5734459193192,6.74345841168505));
#8674=CARTESIAN_POINT('',(-4.62093609988404,-10.5946326120324,6.74466695192999));
#8675=CARTESIAN_POINT('',(-4.62408108774152,-10.6229203644528,6.74633047843807));
#8676=CARTESIAN_POINT('',(-4.62713893079316,-10.6501367010466,6.74775247704028));
#8677=CARTESIAN_POINT('',(-4.63178751043585,-10.6944992242137,6.74775247704028));
#8678=CARTESIAN_POINT('',(-4.63178751043584,-10.6944992242137,6.74775247704028));
#8679=CARTESIAN_POINT('',(-4.64344408638896,-10.8057407561477,6.74775247704028));
#8680=CARTESIAN_POINT('',(-4.65490573071479,-10.9325361052598,6.74004667255478));
#8681=CARTESIAN_POINT('',(-4.66710497891401,-11.0913398088788,6.69746319472762));
#8682=CARTESIAN_POINT('',(-4.6707166732497,-11.1429141023591,6.67782946311689));
#8683=CARTESIAN_POINT('',(-4.6758871690522,-11.222235966442,6.63826791845068));
#8684=CARTESIAN_POINT('',(-4.67807142891467,-11.2584862534056,6.61549410062815));
#8685=CARTESIAN_POINT('',(-4.6798010915192,-11.2889076363441,6.58729867253882));
#8686=CARTESIAN_POINT('',(-4.41069673616662,-9.32334853120128,6.04394374365891));
#8687=CARTESIAN_POINT('',(-4.41069673616662,-9.32334853120128,6.04394374365891));
#8688=CARTESIAN_POINT('',(-4.41069673616662,-9.32334853120128,5.99723672277374));
#8689=CARTESIAN_POINT('',(-4.41116466670996,-9.32548359322178,5.94997727410887));
#8690=CARTESIAN_POINT('',(-4.41284955893419,-9.33320894897874,5.88044012262834));
#8691=CARTESIAN_POINT('',(-4.41413914278201,-9.33909017593373,5.83444166627261));
#8692=CARTESIAN_POINT('',(-4.41743533520797,-9.35434528888906,5.7886763274066));
#8693=CARTESIAN_POINT('',(49.1227160834271,-9.32334853120127,6.04394374365891));
#8694=VECTOR('',#10207,10.0);
#8695=CARTESIAN_POINT('',(-4.48445778056179,-9.68619293001706,6.8060993150408));
#8696=CARTESIAN_POINT('',(-4.48445778056179,-9.68619293001706,6.8060993150408));
#8697=CARTESIAN_POINT('',(-4.46732786753184,-9.59504752463591,6.74113397290743));
#8698=CARTESIAN_POINT('',(-4.45215088437087,-9.51971610080094,6.66092051995442));
#8699=CARTESIAN_POINT('',(-4.43262368028313,-9.42539396785637,6.50861720971462));
#8700=CARTESIAN_POINT('',(-4.42440929216785,-9.38667814154982,6.43333824181128));
#8701=CARTESIAN_POINT('',(-4.41301950538728,-9.33386508638265,6.23782819406256));
#8702=CARTESIAN_POINT('',(-4.41069673616662,-9.32334853120128,6.14096617012571));
#8703=CARTESIAN_POINT('',(-4.41069673616662,-9.32334853120128,6.04394374365891));
#8704=CARTESIAN_POINT('',(49.1227160834271,-9.68619293001705,6.8060993150408));
#8705=VECTOR('',#10208,10.0);
#8706=CARTESIAN_POINT('',(-4.62453349595367,-10.6270356927756,7.05225003785553));
#8707=CARTESIAN_POINT('',(-4.62453349595367,-10.6270356927756,7.05225003785553));
#8708=CARTESIAN_POINT('',(-4.60731565589505,-10.4708865586425,7.05225003785553));
#8709=CARTESIAN_POINT('',(-4.58681420963322,-10.3128338835788,7.03950483580142));
#8710=CARTESIAN_POINT('',(-4.55126148008657,-10.0732962618178,6.9881961360952));
#8711=CARTESIAN_POINT('',(-4.5375982836975,-9.98766925136976,6.96283767144485));
#8712=CARTESIAN_POINT('',(-4.51043926702568,-9.82757497493857,6.89527591741478));
#8713=CARTESIAN_POINT('',(-4.49725970135233,-9.754309811759,6.85505832379282));
#8714=CARTESIAN_POINT('',(-4.48445778056179,-9.68619293001706,6.8060993150408));
#8715=CARTESIAN_POINT('',(49.1227160834271,-10.6270356927756,7.05225003785553));
#8716=VECTOR('',#10209,10.0);
#8717=CARTESIAN_POINT('',(-4.68828989945484,-11.4584781342831,6.80427597635329));
#8718=CARTESIAN_POINT('',(-4.68828989945485,-11.4584781342831,6.80427597635329));
#8719=CARTESIAN_POINT('',(-4.68565471310727,-11.3975758504414,6.86245129226176));
#8720=CARTESIAN_POINT('',(-4.68205592611634,-11.3253565821445,6.9071436805249));
#8721=CARTESIAN_POINT('',(-4.67370229596647,-11.1863219623856,6.96995380272008));
#8722=CARTESIAN_POINT('',(-4.66827597943719,-11.0997542414942,7.00279600401761));
#8723=CARTESIAN_POINT('',(-4.64842001377403,-10.8588013718284,7.04513790056787));
#8724=CARTESIAN_POINT('',(-4.63708320161096,-10.740849368901,7.05225003785553));
#8725=CARTESIAN_POINT('',(-4.62453349595367,-10.6270356927756,7.05225003785553));
#8726=CARTESIAN_POINT('',(49.1227160834271,-11.4584781342831,6.80427597635329));
#8727=VECTOR('',#10210,10.0);
#8728=CARTESIAN_POINT('',(-4.69545789211294,-11.6626920672849,6.3083278533488));
#8729=CARTESIAN_POINT('',(-4.69545789211294,-11.6626920672849,6.3083278533488));
#8730=CARTESIAN_POINT('',(-4.69545789211294,-11.6626920672849,6.40334132028466));
#8731=CARTESIAN_POINT('',(-4.69509386337628,-11.6475982515197,6.4965782688232));
#8732=CARTESIAN_POINT('',(-4.69360579282991,-11.5996208637341,6.61396838518155));
#8733=CARTESIAN_POINT('',(-4.69300077627649,-11.5800576757547,6.6557091112424));
#8734=CARTESIAN_POINT('',(-4.69089475078867,-11.5217565231063,6.73932316799317));
#8735=CARTESIAN_POINT('',(-4.68973224673188,-11.491812491584,6.77332264457392));
#8736=CARTESIAN_POINT('',(-4.68828989945484,-11.4584781342831,6.80427597635329));
#8737=CARTESIAN_POINT('',(49.1227160834271,-11.6626920672849,6.3083278533488));
#8738=VECTOR('',#10211,10.0);
#8739=CARTESIAN_POINT('',(-4.68797219347098,-11.451184779533,5.80508637559425));
#8740=CARTESIAN_POINT('',(-4.68797219347098,-11.451184779533,5.80508637559425));
#8741=CARTESIAN_POINT('',(-4.69091135749365,-11.518207938794,5.86975784505657));
#8742=CARTESIAN_POINT('',(-4.69272382116432,-11.5715141619761,5.94424779575807));
#8743=CARTESIAN_POINT('',(-4.69425306138187,-11.6204005912032,6.05790636521049));
#8744=CARTESIAN_POINT('',(-4.69475611611624,-11.6373855448978,6.10262662124096));
#8745=CARTESIAN_POINT('',(-4.69534708486464,-11.6584743611823,6.21064303499423));
#8746=CARTESIAN_POINT('',(-4.69545789211294,-11.6626920672849,6.25939456526303));
#8747=CARTESIAN_POINT('',(-4.69545789211294,-11.6626920672849,6.3083278533488));
#8748=CARTESIAN_POINT('',(49.1227160834271,-11.451184779533,5.80508637559425));
#8749=VECTOR('',#10212,10.0);
#8750=CARTESIAN_POINT('',(-4.65036404395108,-10.8859497864029,5.59357908784233));
#8751=CARTESIAN_POINT('',(-4.65966772819771,-10.9901504213567,5.59357908784233));
#8752=CARTESIAN_POINT('',(-4.66747562759893,-11.0925579501134,5.60916568777997));
#8753=CARTESIAN_POINT('',(-4.67611105652937,-11.2259239197846,5.65817328046031));
#8754=CARTESIAN_POINT('',(-4.6793329840103,-11.2785960315863,5.68017379426344));
#8755=CARTESIAN_POINT('',(-4.68453537586709,-11.3762895835158,5.74004105861837));
#8756=CARTESIAN_POINT('',(-4.68641384044348,-11.4156489120749,5.77020857975574));
#8757=CARTESIAN_POINT('',(-4.68797219347098,-11.451184779533,5.80508637559425));
#8758=CARTESIAN_POINT('',(-4.48904237214128,-11.4803581985333,-4.94167184862797));
#8759=CARTESIAN_POINT('',(-4.4951823639931,-11.6553987125349,-5.68012401707215));
#8760=CARTESIAN_POINT('',(-4.48904237214128,-11.4803581985333,-4.94167184862797));
#8761=CARTESIAN_POINT('',(-4.49115317026131,-11.5303859612013,-5.04547945616405));
#8762=CARTESIAN_POINT('',(-4.49259218815562,-11.5714445814139,-5.15395062132457));
#8763=CARTESIAN_POINT('',(-4.49364873800454,-11.6043452292844,-5.26440279631839));
#8764=CARTESIAN_POINT('',(-4.4949040326193,-11.6434347300178,-5.39563183449476));
#8765=CARTESIAN_POINT('',(-4.4951823639931,-11.6553987125349,-5.54355940491905));
#8766=CARTESIAN_POINT('',(-4.4951823639931,-11.6553987125349,-5.68012401707215));
#8767=CARTESIAN_POINT('',(-4.68921746932025,-11.4803581985333,-4.94167184862797));
#8768=CARTESIAN_POINT('',(49.1227160834271,-11.4803581985333,-4.94167184862797));
#8769=VECTOR('',#10213,10.0);
#8770=CARTESIAN_POINT('',(-4.6952593098586,-11.6553987125349,-5.68012401707215));
#8771=CARTESIAN_POINT('',(-4.6952593098586,-11.6553987125349,-5.68012401707215));
#8772=CARTESIAN_POINT('',(-4.6952593098586,-11.6553987125349,-5.54355830010373));
#8773=CARTESIAN_POINT('',(-4.69498543586191,-11.6434351145309,-5.39563312536028));
#8774=CARTESIAN_POINT('',(-4.69375019081927,-11.6043452292844,-5.26440279631839));
#8775=CARTESIAN_POINT('',(-4.69271052735256,-11.5714446110217,-5.15395072072225));
#8776=CARTESIAN_POINT('',(-4.69129451309996,-11.5303860673346,-5.04547967639067));
#8777=CARTESIAN_POINT('',(-4.68921746932025,-11.4803581985333,-4.94167184862797));
#8778=CARTESIAN_POINT('',(49.1227160834271,-11.6553987125349,-5.68012401707215));
#8779=VECTOR('',#10214,10.0);
#8780=CARTESIAN_POINT('',(-4.46744802329318,-11.1047504289049,-4.94167184862797));
#8781=AXIS2_PLACEMENT_3D('',#10215,#10216,#10217);
#8782=CARTESIAN_POINT('',(-4.66796907869803,-11.1047504289049,-4.94167184862797));
#8783=CARTESIAN_POINT('',(49.1227160834271,-11.1047504289049,-4.94167184862797));
#8784=VECTOR('',#10218,10.0);
#8785=AXIS2_PLACEMENT_3D('',#10219,#10220,#10221);
#8786=CARTESIAN_POINT('',(-4.46744802329318,-11.1047504289049,-4.96355191287817));
#8787=CARTESIAN_POINT('',(-4.46744802329318,-11.1047504289049,0.0));
#8788=VECTOR('',#10222,10.0);
#8789=CARTESIAN_POINT('',(-4.66796907869803,-11.1047504289049,-4.96355191287817));
#8790=CARTESIAN_POINT('',(49.1227160834271,-11.1047504289049,-4.96355191287817));
#8791=VECTOR('',#10223,10.0);
#8792=CARTESIAN_POINT('',(-4.66796907869803,-11.1047504289049,0.0));
#8793=VECTOR('',#10224,10.0);
#8794=CARTESIAN_POINT('',(-4.48521734337605,-11.3964846189075,-5.65824395282196));
#8795=CARTESIAN_POINT('',(-4.48521734337605,-11.3964846189075,-5.65824395282196));
#8796=CARTESIAN_POINT('',(-4.48521734337605,-11.3964846189075,-5.51645789856201));
#8797=CARTESIAN_POINT('',(-4.48331268245775,-11.3576914191394,-5.39035288572036));
#8798=CARTESIAN_POINT('',(-4.47839854420501,-11.2687569549475,-5.17331047018027));
#8799=CARTESIAN_POINT('',(-4.47416204482266,-11.1969534021578,-5.06182087121348));
#8800=CARTESIAN_POINT('',(-4.46744802329318,-11.1047504289049,-4.96355191287817));
#8801=CARTESIAN_POINT('',(-4.68545363415514,-11.3964846189075,-5.65824395282196));
#8802=CARTESIAN_POINT('',(49.1227160834271,-11.3964846189075,-5.65824395282196));
#8803=VECTOR('',#10225,10.0);
#8804=CARTESIAN_POINT('',(-4.66796907869803,-11.1047504289049,-4.96355191287817));
#8805=CARTESIAN_POINT('',(-4.67441583033868,-11.1947269774616,-5.05944797120836));
#8806=CARTESIAN_POINT('',(-4.67854311767474,-11.2653444161419,-5.16800472201209));
#8807=CARTESIAN_POINT('',(-4.6834380925988,-11.3548945676959,-5.38141991911621));
#8808=CARTESIAN_POINT('',(-4.68545363415515,-11.3964846189075,-5.51144612125278));
#8809=CARTESIAN_POINT('',(-4.68545363415515,-11.3964846189075,-5.65824395282196));
#8810=CARTESIAN_POINT('',(-4.46105276941146,-11.0208768492791,-6.15966209188899));
#8811=CARTESIAN_POINT('',(-4.46105276941147,-11.0208768492791,-6.15966209188899));
#8812=CARTESIAN_POINT('',(-4.46325305839168,-11.0484904317216,-6.15966209188899));
#8813=CARTESIAN_POINT('',(-4.46535300011748,-11.0760324548912,-6.15714179252285));
#8814=CARTESIAN_POINT('',(-4.46918217037082,-11.1285187067886,-6.14602197230092));
#8815=CARTESIAN_POINT('',(-4.47089483299381,-11.1530867378112,-6.13787811422088));
#8816=CARTESIAN_POINT('',(-4.47515748884626,-11.2167586226791,-6.10752118442584));
#8817=CARTESIAN_POINT('',(-4.47728130016232,-11.2513514104223,-6.08060145922286));
#8818=CARTESIAN_POINT('',(-4.48058365356828,-11.3078795989956,-6.01756483457557));
#8819=CARTESIAN_POINT('',(-4.48220111281455,-11.3374251794776,-5.97518952999588));
#8820=CARTESIAN_POINT('',(-4.48481248229808,-11.3876547446123,-5.83113216166953));
#8821=CARTESIAN_POINT('',(-4.48521734337605,-11.3964846189075,-5.7420665974761));
#8822=CARTESIAN_POINT('',(-4.48521734337605,-11.3964846189075,-5.65824395282196));
#8823=CARTESIAN_POINT('',(-4.66167650953458,-11.0208768492791,-6.15966209188899));
#8824=CARTESIAN_POINT('',(49.1227160834271,-11.0208768492791,-6.15966209188899));
#8825=VECTOR('',#10226,10.0);
#8826=CARTESIAN_POINT('',(-4.68545363415515,-11.3964846189075,-5.65824395282196));
#8827=CARTESIAN_POINT('',(-4.68545363415515,-11.3964846189075,-5.74216875269421));
#8828=CARTESIAN_POINT('',(-4.68505438555395,-11.3876332478935,-5.83135642039628));
#8829=CARTESIAN_POINT('',(-4.68248547881828,-11.3374249488752,-5.97505787639975));
#8830=CARTESIAN_POINT('',(-4.68090116963829,-11.307994382575,-6.01748604077621));
#8831=CARTESIAN_POINT('',(-4.67763063089403,-11.2511158718435,-6.0808096891225));
#8832=CARTESIAN_POINT('',(-4.67553855069678,-11.2164967729293,-6.10769490417329));
#8833=CARTESIAN_POINT('',(-4.67133815791315,-11.1527544736844,-6.1380076112588));
#8834=CARTESIAN_POINT('',(-4.66964887654102,-11.128137115697,-6.14613563235317));
#8835=CARTESIAN_POINT('',(-4.6658857641716,-11.0757402393433,-6.15716852081737));
#8836=CARTESIAN_POINT('',(-4.66382994079634,-11.0483436094567,-6.15966209188899));
#8837=CARTESIAN_POINT('',(-4.66167650953458,-11.0208768492791,-6.15966209188899));
#8838=CARTESIAN_POINT('',(-4.42871890589371,-10.6762658373385,-5.88251461138649));
#8839=CARTESIAN_POINT('',(-4.42871890589371,-10.6762658373385,-5.88251461138649));
#8840=CARTESIAN_POINT('',(-4.42991061018254,-10.6872990957715,-5.92041145556939));
#8841=CARTESIAN_POINT('',(-4.43144813708473,-10.701644339271,-5.95818471552914));
#8842=CARTESIAN_POINT('',(-4.43510541443566,-10.7366890671048,-6.02257063692354));
#8843=CARTESIAN_POINT('',(-4.4371315547186,-10.756382482611,-6.05035554269313));
#8844=CARTESIAN_POINT('',(-4.44144774537268,-10.7997977161808,-6.09297170033649));
#8845=CARTESIAN_POINT('',(-4.44436765237444,-10.8293502175303,-6.11661580533227));
#8846=CARTESIAN_POINT('',(-4.45269541284341,-10.9200958840483,-6.15276321308661));
#8847=CARTESIAN_POINT('',(-4.45705553554408,-10.9707116446483,-6.15966209188899));
#8848=CARTESIAN_POINT('',(-4.46105276941147,-11.0208768492791,-6.15966209188899));
#8849=CARTESIAN_POINT('',(-4.62986341244691,-10.6762658373385,-5.88251461138649));
#8850=CARTESIAN_POINT('',(49.1227160834271,-10.6762658373385,-5.88251461138649));
#8851=VECTOR('',#10227,10.0);
#8852=CARTESIAN_POINT('',(-4.66167650953457,-11.0208768492791,-6.15966209188899));
#8853=CARTESIAN_POINT('',(-4.6577474424452,-10.9707620648504,-6.15966209188899));
#8854=CARTESIAN_POINT('',(-4.6534619931492,-10.9201959407773,-6.15277704738889));
#8855=CARTESIAN_POINT('',(-4.64527090586822,-10.8294681761957,-6.11668739126281));
#8856=CARTESIAN_POINT('',(-4.64239741982423,-10.7999068537064,-6.09305813767592));
#8857=CARTESIAN_POINT('',(-4.63815237268471,-10.7565036777284,-6.05050025316084));
#8858=CARTESIAN_POINT('',(-4.63615945694158,-10.7368134830873,-6.0227565580224));
#8859=CARTESIAN_POINT('',(-4.63255509061569,-10.7017059330197,-5.95834741818201));
#8860=CARTESIAN_POINT('',(-4.63103836041154,-10.6873224953476,-5.9204918280263));
#8861=CARTESIAN_POINT('',(-4.62986341244691,-10.6762658373385,-5.88251461138649));
#8862=CARTESIAN_POINT('',(-4.41725960787739,-10.5741588708376,-5.47591008407031));
#8863=CARTESIAN_POINT('',(-4.41725960787738,-10.5741588708376,-5.47591008407031));
#8864=CARTESIAN_POINT('',(-4.41841483938164,-10.5840792366428,-5.51504041585751));
#8865=CARTESIAN_POINT('',(-4.41957931704308,-10.5941888453155,-5.55543037522699));
#8866=CARTESIAN_POINT('',(-4.42157742735205,-10.6117163063432,-5.62705120739809));
#8867=CARTESIAN_POINT('',(-4.42245810942821,-10.6195108000694,-5.65948186379189));
#8868=CARTESIAN_POINT('',(-4.42494151991547,-10.6416689406523,-5.75516474323266));
#8869=CARTESIAN_POINT('',(-4.42682701814521,-10.658750010089,-5.82011447681023));
#8870=CARTESIAN_POINT('',(-4.42871890589371,-10.6762658373385,-5.88251461138649));
#8871=CARTESIAN_POINT('',(-4.61858932110766,-10.5741588708376,-5.47591008407031));
#8872=CARTESIAN_POINT('',(49.1227160834271,-10.5741588708376,-5.47591008407031));
#8873=VECTOR('',#10228,10.0);
#8874=CARTESIAN_POINT('',(-4.62986341244691,-10.6762658373385,-5.88251461138649));
#8875=CARTESIAN_POINT('',(-4.62800688784869,-10.6587953125272,-5.82027586674629));
#8876=CARTESIAN_POINT('',(-4.62615692595989,-10.6417599124624,-5.75551002812855));
#8877=CARTESIAN_POINT('',(-4.62371446481683,-10.6196072191119,-5.65992249599534));
#8878=CARTESIAN_POINT('',(-4.62284721040814,-10.6118049544362,-5.62741726228046));
#8879=CARTESIAN_POINT('',(-4.62087715369949,-10.5942386662502,-5.55562936537172));
#8880=CARTESIAN_POINT('',(-4.61972858769812,-10.5841030056968,-5.5151341715705));
#8881=CARTESIAN_POINT('',(-4.61858932110766,-10.5741588708376,-5.47591008407031));
#8882=CARTESIAN_POINT('',(-4.39247772558608,-10.3754149538983,-5.10394899181694));
#8883=CARTESIAN_POINT('',(-4.39247772558606,-10.3754149538983,-5.10394899181694));
#8884=CARTESIAN_POINT('',(-4.40180490094285,-10.4455697877824,-5.1706816386823));
#8885=CARTESIAN_POINT('',(-4.4060504506062,-10.4809070654156,-5.23592699927321));
#8886=CARTESIAN_POINT('',(-4.4120866664321,-10.5300329452242,-5.33321550802213));
#8887=CARTESIAN_POINT('',(-4.41504499833255,-10.5551412655183,-5.40431439345632));
#8888=CARTESIAN_POINT('',(-4.41725960787738,-10.5741588708376,-5.47591008407031));
#8889=CARTESIAN_POINT('',(-4.59420912602568,-10.3754149538983,-5.10394899181694));
#8890=CARTESIAN_POINT('',(49.1227160834271,-10.3754149538983,-5.10394899181694));
#8891=VECTOR('',#10229,10.0);
#8892=CARTESIAN_POINT('',(-4.61858932110766,-10.5741588708376,-5.47591008407031));
#8893=CARTESIAN_POINT('',(-4.61642100503212,-10.5552326356148,-5.4046583749961));
#8894=CARTESIAN_POINT('',(-4.6135280096485,-10.5302749327412,-5.33390174944794));
#8895=CARTESIAN_POINT('',(-4.60757952877856,-10.4810497869182,-5.23611124841973));
#8896=CARTESIAN_POINT('',(-4.60339195823658,-10.4456243733207,-5.17073356151144));
#8897=CARTESIAN_POINT('',(-4.59420912602568,-10.3754149538983,-5.10394899181694));
#8898=CARTESIAN_POINT('',(-4.33150204565004,-9.96881042658212,-4.95808189681562));
#8899=CARTESIAN_POINT('',(-4.33150204565005,-9.96881042658212,-4.95808189681562));
#8900=CARTESIAN_POINT('',(-4.35169115060425,-10.0896596688635,-4.95808189681562));
#8901=CARTESIAN_POINT('',(-4.36261389988907,-10.1643194988644,-4.98243245679488));
#8902=CARTESIAN_POINT('',(-4.37770808221658,-10.2667356119187,-5.02201340858853));
#8903=CARTESIAN_POINT('',(-4.38574834290895,-10.3247995525794,-5.05703715644823));
#8904=CARTESIAN_POINT('',(-4.39247772558606,-10.3754149538983,-5.10394899181694));
#8905=CARTESIAN_POINT('',(-4.53422859644403,-9.96881042658212,-4.95808189681562));
#8906=CARTESIAN_POINT('',(49.1227160834271,-9.96881042658211,-4.95808189681562));
#8907=VECTOR('',#10230,10.0);
#8908=CARTESIAN_POINT('',(-4.59420912602568,-10.3754149538983,-5.10394899181694));
#8909=CARTESIAN_POINT('',(-4.58770047336967,-10.3256515787538,-5.05782683924395));
#8910=CARTESIAN_POINT('',(-4.57994245887877,-10.2686637991379,-5.02317318528164));
#8911=CARTESIAN_POINT('',(-4.56499748476366,-10.1653957988851,-4.98259854653674));
#8912=CARTESIAN_POINT('',(-4.55415858668129,-10.0900977920726,-4.95808189681562));
#8913=CARTESIAN_POINT('',(-4.53422859644403,-9.96881042658212,-4.95808189681562));
#8914=CARTESIAN_POINT('',(-4.20629457334588,-9.3251718698888,-5.71476745213497));
#8915=CARTESIAN_POINT('',(-4.20629457334588,-9.3251718698888,-5.71476745213497));
#8916=CARTESIAN_POINT('',(-4.20629457334588,-9.3251718698888,-5.65090220932377));
#8917=CARTESIAN_POINT('',(-4.20745487952354,-9.33036873557105,-5.58701520018809));
#8918=CARTESIAN_POINT('',(-4.21256777043184,-9.35352631953774,-5.46619600638897));
#8919=CARTESIAN_POINT('',(-4.21628649114646,-9.37041473720802,-5.40973158796508));
#8920=CARTESIAN_POINT('',(-4.23142523231001,-9.4404059248476,-5.24921654445814));
#8921=CARTESIAN_POINT('',(-4.24429370294261,-9.50174785530453,-5.17630547570916));
#8922=CARTESIAN_POINT('',(-4.2651956558193,-9.60485118610832,-5.07531585163743));
#8923=CARTESIAN_POINT('',(-4.27723484765874,-9.66603848811937,-5.03274591009338));
#8924=CARTESIAN_POINT('',(-4.30408959344354,-9.80973103271766,-4.97202299698195));
#8925=CARTESIAN_POINT('',(-4.31801452773538,-9.88807597481017,-4.95808189681562));
#8926=CARTESIAN_POINT('',(-4.33150204565005,-9.96881042658212,-4.95808189681562));
#8927=CARTESIAN_POINT('',(-4.41109540032697,-9.3251718698888,-5.71476745213497));
#8928=CARTESIAN_POINT('',(49.1227160834271,-9.32517186988878,-5.71476745213497));
#8929=VECTOR('',#10231,10.0);
#8930=CARTESIAN_POINT('',(-4.53422859644402,-9.96881042658212,-4.95808189681562));
#8931=CARTESIAN_POINT('',(-4.52098045229802,-9.8881865787038,-4.95808189681562));
#8932=CARTESIAN_POINT('',(-4.50730295952041,-9.80993951243521,-4.97198484500705));
#8933=CARTESIAN_POINT('',(-4.48078891997927,-9.66566935909817,-5.03285495009421));
#8934=CARTESIAN_POINT('',(-4.46884880898241,-9.60398803764601,-5.07589935266579));
#8935=CARTESIAN_POINT('',(-4.44792308262744,-9.49907906410939,-5.17916846273589));
#8936=CARTESIAN_POINT('',(-4.43501541882298,-9.43662237009263,-5.25428689190535));
#8937=CARTESIAN_POINT('',(-4.4204625837064,-9.36829820090394,-5.41652027621443));
#8938=CARTESIAN_POINT('',(-4.4170279641181,-9.3524386151822,-5.47098401063648));
#8939=CARTESIAN_POINT('',(-4.41220462798084,-9.33022525602374,-5.58878828829567));
#8940=CARTESIAN_POINT('',(-4.41109540032697,-9.3251718698888,-5.65179042205484));
#8941=CARTESIAN_POINT('',(-4.41109540032697,-9.3251718698888,-5.71476745213497));
#8942=CARTESIAN_POINT('',(-4.48777685438513,-11.451184779533,-6.26723907445246));
#8943=CARTESIAN_POINT('',(-4.49518236399309,-11.6553987125349,-5.68012401707215));
#8944=CARTESIAN_POINT('',(-4.49518236399309,-11.6553987125349,-5.87344446482973));
#8945=CARTESIAN_POINT('',(-4.49416973825158,-11.6204903356038,-5.97644157504783));
#8946=CARTESIAN_POINT('',(-4.4924556272224,-11.5673585358657,-6.11385139864601));
#8947=CARTESIAN_POINT('',(-4.49070935399271,-11.5169862576432,-6.19534486688761));
#8948=CARTESIAN_POINT('',(-4.48777685438513,-11.451184779533,-6.26723907445246));
#8949=CARTESIAN_POINT('',(-4.68797219347098,-11.451184779533,-6.26723907445246));
#8950=CARTESIAN_POINT('',(-4.68797219347098,-11.451184779533,-6.26723907445246));
#8951=CARTESIAN_POINT('',(-4.69084330752865,-11.5166561629805,-6.19570552587096));
#8952=CARTESIAN_POINT('',(-4.69255896014841,-11.5668629222589,-6.11465775214769));
#8953=CARTESIAN_POINT('',(-4.69426022142764,-11.620383632231,-5.97696083223272));
#8954=CARTESIAN_POINT('',(-4.69525930985859,-11.6553987125349,-5.87373693970413));
#8955=CARTESIAN_POINT('',(-4.69525930985859,-11.6553987125349,-5.68012401707215));
#8956=CARTESIAN_POINT('',(49.1227160834271,-11.451184779533,-6.26723907445246));
#8957=VECTOR('',#10232,10.0);
#8958=CARTESIAN_POINT('',(-4.45718327203813,-10.9734700434037,-6.47145300745431));
#8959=CARTESIAN_POINT('',(-4.48777685438513,-11.451184779533,-6.26723907445246));
#8960=CARTESIAN_POINT('',(-4.48640090847751,-11.4203103424873,-6.30063387370604));
#8961=CARTESIAN_POINT('',(-4.48476009974196,-11.3860751031536,-6.33011667869027));
#8962=CARTESIAN_POINT('',(-4.4807299761192,-11.3099253203727,-6.38207703087517));
#8963=CARTESIAN_POINT('',(-4.47838493821804,-11.2690175541474,-6.4035861995393));
#8964=CARTESIAN_POINT('',(-4.47054827418695,-11.144548478679,-6.45416240332656));
#8965=CARTESIAN_POINT('',(-4.46446517124103,-11.0606098522871,-6.47145300745431));
#8966=CARTESIAN_POINT('',(-4.45718327203813,-10.9734700434037,-6.47145300745431));
#8967=CARTESIAN_POINT('',(-4.6578691930091,-10.9734700434037,-6.47145300745431));
#8968=CARTESIAN_POINT('',(-4.6578691930091,-10.9734700434037,-6.47145300745431));
#8969=CARTESIAN_POINT('',(-4.66506632919526,-11.0610025597664,-6.47145300745431));
#8970=CARTESIAN_POINT('',(-4.67107234912481,-11.1452907446368,-6.45400620676353));
#8971=CARTESIAN_POINT('',(-4.67877989838743,-11.2698728769683,-6.40315946021038));
#8972=CARTESIAN_POINT('',(-4.6810643657577,-11.3104166513448,-6.38176635707559));
#8973=CARTESIAN_POINT('',(-4.68501012819963,-11.3862113241577,-6.32999956182345));
#8974=CARTESIAN_POINT('',(-4.68662097140075,-11.4203722181,-6.30056694702286));
#8975=CARTESIAN_POINT('',(-4.68797219347098,-11.451184779533,-6.26723907445246));
#8976=CARTESIAN_POINT('',(49.1227160834271,-10.9734700434037,-6.47145300745431));
#8977=VECTOR('',#10233,10.0);
#8978=CARTESIAN_POINT('',(-4.39655878838063,-10.4064117115861,-6.02473502901277));
#8979=CARTESIAN_POINT('',(-4.45718327203813,-10.9734700434037,-6.47145300745431));
#8980=CARTESIAN_POINT('',(-4.4527069682333,-10.9199037625218,-6.47145300745431));
#8981=CARTESIAN_POINT('',(-4.44787489163751,-10.866376328717,-6.46618799733601));
#8982=CARTESIAN_POINT('',(-4.43819308389101,-10.7661861867402,-6.44225820023588));
#8983=CARTESIAN_POINT('',(-4.4334650634026,-10.7202342557294,-6.42485471668431));
#8984=CARTESIAN_POINT('',(-4.42103738440045,-10.6051035557448,-6.36032304635281));
#8985=CARTESIAN_POINT('',(-4.41548798327835,-10.558716825598,-6.31112003319564));
#8986=CARTESIAN_POINT('',(-4.4051053092646,-10.4723295293634,-6.20036127500377));
#8987=CARTESIAN_POINT('',(-4.40009157475992,-10.4335096455727,-6.11297701917418));
#8988=CARTESIAN_POINT('',(-4.39655878838063,-10.4064117115861,-6.02473502901277));
#8989=CARTESIAN_POINT('',(-4.59822392994078,-10.4064117115861,-6.02473502901277));
#8990=CARTESIAN_POINT('',(-4.59822392994077,-10.4064117115861,-6.02473502901277));
#8991=CARTESIAN_POINT('',(-4.60171340826621,-10.4336190407852,-6.11333325486632));
#8992=CARTESIAN_POINT('',(-4.60667239916772,-10.4726457702128,-6.20107493571453));
#8993=CARTESIAN_POINT('',(-4.61689831765229,-10.5591707381301,-6.31154027613581));
#8994=CARTESIAN_POINT('',(-4.62236731265546,-10.6056333091326,-6.36080834516497));
#8995=CARTESIAN_POINT('',(-4.63461641255531,-10.7210495531464,-6.42519757419199));
#8996=CARTESIAN_POINT('',(-4.63925627696268,-10.7669140491254,-6.44248637768875));
#8997=CARTESIAN_POINT('',(-4.64874821775992,-10.8668002049728,-6.46622982695638));
#8998=CARTESIAN_POINT('',(-4.65348238068138,-10.9201170552256,-6.47145300745431));
#8999=CARTESIAN_POINT('',(-4.6578691930091,-10.9734700434037,-6.47145300745431));
#9000=CARTESIAN_POINT('',(49.1227160834271,-10.4064117115861,-6.02473502901277));
#9001=VECTOR('',#10234,10.0);
#9002=CARTESIAN_POINT('',(-4.38052251891993,-10.2878946968975,-5.5634303410711));
#9003=CARTESIAN_POINT('',(-4.39655878838063,-10.4064117115861,-6.02473502901277));
#9004=CARTESIAN_POINT('',(-4.39292330816501,-10.378526073363,-5.93178290160235));
#9005=CARTESIAN_POINT('',(-4.3895761630652,-10.353720611325,-5.82727659423107));
#9006=CARTESIAN_POINT('',(-4.38616341680609,-10.3285123615105,-5.72154199106833));
#9007=CARTESIAN_POINT('',(-4.38332045909834,-10.3078442306361,-5.63752860924307));
#9008=CARTESIAN_POINT('',(-4.38052251891993,-10.2878946968975,-5.5634303410711));
#9009=CARTESIAN_POINT('',(-4.5824482692103,-10.2878946968975,-5.5634303410711));
#9010=CARTESIAN_POINT('',(-4.5824482692103,-10.2878946968975,-5.5634303410711));
#9011=CARTESIAN_POINT('',(-4.58518624408497,-10.3077395901378,-5.63713994453487));
#9012=CARTESIAN_POINT('',(-4.58796722601544,-10.3282890911485,-5.72063681497038));
#9013=CARTESIAN_POINT('',(-4.59136048386615,-10.3537626010366,-5.82743921109156));
#9014=CARTESIAN_POINT('',(-4.59464957553693,-10.378542606846,-5.93183801321244));
#9015=CARTESIAN_POINT('',(-4.59822392994077,-10.4064117115861,-6.02473502901277));
#9016=CARTESIAN_POINT('',(49.1227160834271,-10.2878946968975,-5.5634303410711));
#9017=VECTOR('',#10235,10.0);
#9018=CARTESIAN_POINT('',(-4.32628308771428,-9.93781366889434,-5.26987281238094));
#9019=CARTESIAN_POINT('',(-4.38052251891993,-10.2878946968975,-5.5634303410711));
#9020=CARTESIAN_POINT('',(-4.37898977116811,-10.2769660847621,-5.52283835313965));
#9021=CARTESIAN_POINT('',(-4.37691478160594,-10.2622493425522,-5.48279555237732));
#9022=CARTESIAN_POINT('',(-4.37151456933633,-10.2247625263063,-5.41305693855363));
#9023=CARTESIAN_POINT('',(-4.36837516842072,-10.203212859798,-5.3829040554628));
#9024=CARTESIAN_POINT('',(-4.36122834142266,-10.1554223323597,-5.3356634104605));
#9025=CARTESIAN_POINT('',(-4.35679036132849,-10.1259539889308,-5.31236896955708));
#9026=CARTESIAN_POINT('',(-4.34279173915679,-10.0370325908226,-5.27670132330826));
#9027=CARTESIAN_POINT('',(-4.33465450156252,-9.98714942330824,-5.26987281238094));
#9028=CARTESIAN_POINT('',(-4.32628308771428,-9.93781366889434,-5.26987281238094));
#9029=CARTESIAN_POINT('',(-4.52909526682135,-9.93781366889434,-5.26987281238094));
#9030=CARTESIAN_POINT('',(-4.52909526682135,-9.93781366889434,-5.26987281238094));
#9031=CARTESIAN_POINT('',(-4.53726615446255,-9.98677124176564,-5.26987281238094));
#9032=CARTESIAN_POINT('',(-4.54521115062923,-10.0362702321401,-5.27659707356615));
#9033=CARTESIAN_POINT('',(-4.55904925022831,-10.125582904181,-5.3120322399237));
#9034=CARTESIAN_POINT('',(-4.56342072968426,-10.1551066275922,-5.33548947823886));
#9035=CARTESIAN_POINT('',(-4.57040225455378,-10.2025456938358,-5.38207586248111));
#9036=CARTESIAN_POINT('',(-4.57350478782885,-10.2241875329206,-5.41217452070039));
#9037=CARTESIAN_POINT('',(-4.57886591471477,-10.2620084868397,-5.48213994424388));
#9038=CARTESIAN_POINT('',(-4.58092818599454,-10.2768771052416,-5.52250785777789));
#9039=CARTESIAN_POINT('',(-4.5824482692103,-10.2878946968975,-5.5634303410711));
#9040=CARTESIAN_POINT('',(49.1227160834271,-9.93781366889433,-5.26987281238094));
#9041=VECTOR('',#10236,10.0);
#9042=CARTESIAN_POINT('',(-4.26093826876992,-9.58408596351614,-5.73482417769765));
#9043=CARTESIAN_POINT('',(-4.32628308771428,-9.93781366889434,-5.26987281238094));
#9044=CARTESIAN_POINT('',(-4.32240456679332,-9.9149561493505,-5.26987281238094));
#9045=CARTESIAN_POINT('',(-4.31847516537029,-9.89219266130593,-5.27187451368698));
#9046=CARTESIAN_POINT('',(-4.31080409796802,-9.8484703720143,-5.28056440877085));
#9047=CARTESIAN_POINT('',(-4.30712011673577,-9.82780341866036,-5.28695318015901));
#9048=CARTESIAN_POINT('',(-4.29669977549982,-9.77014065600804,-5.31226486483555));
#9049=CARTESIAN_POINT('',(-4.29059168448466,-9.73732209644368,-5.33630658526675));
#9050=CARTESIAN_POINT('',(-4.28022130997713,-9.6825005639707,-5.39406093435145));
#9051=CARTESIAN_POINT('',(-4.27363724748928,-9.64836887897444,-5.43834189294822));
#9052=CARTESIAN_POINT('',(-4.2630244706658,-9.59437728175817,-5.5778424896584));
#9053=CARTESIAN_POINT('',(-4.26093826876992,-9.58408596351614,-5.65684377172926));
#9054=CARTESIAN_POINT('',(-4.26093826876992,-9.58408596351614,-5.73482417769765));
#9055=CARTESIAN_POINT('',(-4.46482867551108,-9.58408596351614,-5.73482417769765));
#9056=CARTESIAN_POINT('',(-4.46482867551108,-9.58408596351614,-5.73482417769765));
#9057=CARTESIAN_POINT('',(-4.46482867551108,-9.58408596351614,-5.65642122263062));
#9058=CARTESIAN_POINT('',(-4.46690296655096,-9.59448922313154,-5.57698650327729));
#9059=CARTESIAN_POINT('',(-4.47696623141302,-9.64655809746674,-5.44349978427765));
#9060=CARTESIAN_POINT('',(-4.48290549596359,-9.67772032217755,-5.3988417705256));
#9061=CARTESIAN_POINT('',(-4.49418212607767,-9.73835991777897,-5.33544852480309));
#9062=CARTESIAN_POINT('',(-4.50020154100933,-9.77126169117997,-5.31157587653734));
#9063=CARTESIAN_POINT('',(-4.51044051799194,-9.82890182061622,-5.28657911511616));
#9064=CARTESIAN_POINT('',(-4.51404532719334,-9.84947368756685,-5.28030318029339));
#9065=CARTESIAN_POINT('',(-4.52151830704255,-9.89279777512137,-5.27182147470202));
#9066=CARTESIAN_POINT('',(-4.52533128930483,-9.91526101468548,-5.26987281238094));
#9067=CARTESIAN_POINT('',(-4.52909526682135,-9.93781366889434,-5.26987281238094));
#9068=CARTESIAN_POINT('',(49.1227160834271,-9.58408596351613,-5.73482417769765));
#9069=VECTOR('',#10237,10.0);
#9070=CARTESIAN_POINT('',(-4.30721240755562,-9.82841334764335,-6.36205268620332));
#9071=CARTESIAN_POINT('',(-4.26093826876992,-9.58408596351614,-5.73482417769765));
#9072=CARTESIAN_POINT('',(-4.26093826876992,-9.58408596351614,-5.7980880845628));
#9073=CARTESIAN_POINT('',(-4.26223414032282,-9.59054022916419,-5.8606594675218));
#9074=CARTESIAN_POINT('',(-4.26832480545432,-9.62127675625402,-6.0025656964374));
#9075=CARTESIAN_POINT('',(-4.27322693594685,-9.64634289246767,-6.06312577116579));
#9076=CARTESIAN_POINT('',(-4.28463778059461,-9.70544871101128,-6.19498900720232));
#9077=CARTESIAN_POINT('',(-4.29481500992812,-9.75914063301151,-6.28636583132779));
#9078=CARTESIAN_POINT('',(-4.30721240755561,-9.82841334764335,-6.36205268620332));
#9079=CARTESIAN_POINT('',(-4.5103380934686,-9.82841334764335,-6.36205268620332));
#9080=CARTESIAN_POINT('',(-4.51033809346861,-9.82841334764335,-6.36205268620332));
#9081=CARTESIAN_POINT('',(-4.49846812143385,-9.76097742703705,-6.28837269887422));
#9082=CARTESIAN_POINT('',(-4.48867172167806,-9.70833790007457,-6.19985883883381));
#9083=CARTESIAN_POINT('',(-4.47695788962572,-9.64654737900033,-6.06425577957045));
#9084=CARTESIAN_POINT('',(-4.47229863772528,-9.62234362223124,-6.00472342159802));
#9085=CARTESIAN_POINT('',(-4.46618961172532,-9.59097654550817,-5.86479356039227));
#9086=CARTESIAN_POINT('',(-4.46482867551108,-9.58408596351614,-5.80019166359854));
#9087=CARTESIAN_POINT('',(-4.46482867551108,-9.58408596351614,-5.73482417769765));
#9088=CARTESIAN_POINT('',(49.1227160834271,-9.82841334764334,-6.36205268620332));
#9089=VECTOR('',#10238,10.0);
#9090=CARTESIAN_POINT('',(-4.30721240755562,-9.82841334764335,-6.38393275045352));
#9091=CARTESIAN_POINT('',(-4.30721240755562,-9.82841334764335,0.0));
#9092=VECTOR('',#10239,10.0);
#9093=CARTESIAN_POINT('',(-4.5103380934686,-9.82841334764335,-6.38393275045352));
#9094=CARTESIAN_POINT('',(-4.5103380934686,-9.82841334764335,0.0));
#9095=VECTOR('',#10240,10.0);
#9096=CARTESIAN_POINT('',(49.1227160834271,-9.82841334764334,-6.38393275045352));
#9097=VECTOR('',#10241,10.0);
#9098=CARTESIAN_POINT('',(-4.23779360550567,-9.47103896489012,-6.38393275045352));
#9099=AXIS2_PLACEMENT_3D('',#10242,#10243,#10244);
#9100=CARTESIAN_POINT('',(-4.4420686444061,-9.47103896489012,-6.38393275045352));
#9101=AXIS2_PLACEMENT_3D('',#10245,#10246,#10247);
#9102=CARTESIAN_POINT('',(49.1227160834271,-9.4710389648901,-6.38393275045352));
#9103=VECTOR('',#10248,10.0);
#9104=CARTESIAN_POINT('',(-4.23779360550567,-9.47103896489012,-6.38393275045352));
#9105=CARTESIAN_POINT('',(-4.22579878386893,-9.41381620712738,-6.268019984729));
#9106=CARTESIAN_POINT('',(-4.21871644008535,-9.38160702883689,-6.15766465860039));
#9107=CARTESIAN_POINT('',(-4.20882194078566,-9.33643298338697,-5.95493235388546));
#9108=CARTESIAN_POINT('',(-4.20629457334588,-9.3251718698888,-5.83497972565176));
#9109=CARTESIAN_POINT('',(-4.20629457334588,-9.3251718698888,-5.71476745213497));
#9110=CARTESIAN_POINT('',(-4.41109540032697,-9.3251718698888,-5.71476745213497));
#9111=CARTESIAN_POINT('',(-4.41109540032697,-9.3251718698888,-5.8347109943442));
#9112=CARTESIAN_POINT('',(-4.41356926415089,-9.33638288511015,-5.95440204656867));
#9113=CARTESIAN_POINT('',(-4.4232702052059,-9.3814229343295,-6.15706053122899));
#9114=CARTESIAN_POINT('',(-4.43023557093189,-9.41363203829957,-6.26764692479575));
#9115=CARTESIAN_POINT('',(-4.44206864440609,-9.47103896489012,-6.38393275045352));
#9116=CARTESIAN_POINT('',(-4.49399519706486,-11.6152852614095,3.15577526263278));
#9117=CARTESIAN_POINT('',(-4.47302694710744,-11.1849773311556,3.15577526263278));
#9118=AXIS2_PLACEMENT_3D('',#10249,#10250,#10251);
#9119=CARTESIAN_POINT('',(-4.47302694710744,-11.1849773311556,3.51679632276104));
#9120=CARTESIAN_POINT('',(-4.47302694710744,-11.1849773311556,0.0));
#9121=VECTOR('',#10252,10.0);
#9122=CARTESIAN_POINT('',(-4.49399519706486,-11.6152852614095,3.51679632276104));
#9123=AXIS2_PLACEMENT_3D('',#10253,#10254,#10255);
#9124=CARTESIAN_POINT('',(-4.49399519706486,-11.6152852614095,0.0));
#9125=VECTOR('',#10256,10.0);
#9126=CARTESIAN_POINT('',(-4.67345851022928,-11.1849773311556,3.15577526263278));
#9127=CARTESIAN_POINT('',(49.1227160834271,-11.1849773311556,3.15577526263278));
#9128=VECTOR('',#10257,10.0);
#9129=CARTESIAN_POINT('',(-4.67345851022928,-11.1849773311556,3.51679632276105));
#9130=CARTESIAN_POINT('',(-4.67345851022928,-11.1849773311556,0.0));
#9131=VECTOR('',#10258,10.0);
#9132=CARTESIAN_POINT('',(49.1227160834271,-11.1849773311556,3.51679632276105));
#9133=VECTOR('',#10259,10.0);
#9134=CARTESIAN_POINT('',(-4.69409111303211,-11.6152852614095,3.15577526263278));
#9135=CARTESIAN_POINT('',(49.1227160834271,-11.6152852614095,3.15577526263278));
#9136=VECTOR('',#10260,10.0);
#9137=AXIS2_PLACEMENT_3D('',#10261,#10262,#10263);
#9138=CARTESIAN_POINT('',(-4.69409111303211,-11.6152852614095,3.51679632276105));
#9139=AXIS2_PLACEMENT_3D('',#10264,#10265,#10266);
#9140=CARTESIAN_POINT('',(49.1227160834271,-11.6152852614095,3.51679632276105));
#9141=VECTOR('',#10267,10.0);
#9142=CARTESIAN_POINT('',(-4.69409111303211,-11.6152852614095,0.0));
#9143=VECTOR('',#10268,10.0);
#9144=CARTESIAN_POINT('',(-4.42248186090714,-10.6197423380255,-7.59098296158944));
#9145=CARTESIAN_POINT('',(-4.21514116076953,-9.36528532101416,-8.35131519428382));
#9146=AXIS2_PLACEMENT_3D('',#10269,#10270,#10271);
#9147=CARTESIAN_POINT('',(-4.62372712946006,-10.6197423380255,-7.59098296158944));
#9148=CARTESIAN_POINT('',(49.1227160834271,-10.6197423380255,-7.59098296158944));
#9149=VECTOR('',#10272,10.0);
#9150=CARTESIAN_POINT('',(-4.41979404790202,-9.36528532101416,-8.35131519428382));
#9151=AXIS2_PLACEMENT_3D('',#10273,#10274,#10275);
#9152=CARTESIAN_POINT('',(49.1227160834271,-9.36528532101415,-8.35131519428382));
#9153=VECTOR('',#10276,10.0);
#9154=CARTESIAN_POINT('',(-4.49399519706486,-11.6152852614095,-7.59098296158944));
#9155=AXIS2_PLACEMENT_3D('',#10277,#10278,#10279);
#9156=CARTESIAN_POINT('',(-4.69409111303211,-11.6152852614095,-7.59098296158944));
#9157=CARTESIAN_POINT('',(49.1227160834271,-11.6152852614095,-7.59098296158944));
#9158=VECTOR('',#10280,10.0);
#9159=AXIS2_PLACEMENT_3D('',#10281,#10282,#10283);
#9160=CARTESIAN_POINT('',(-4.49399519706486,-11.6152852614095,-7.29195541683674));
#9161=CARTESIAN_POINT('',(-4.49399519706486,-11.6152852614095,0.0));
#9162=VECTOR('',#10284,10.0);
#9163=CARTESIAN_POINT('',(-4.69409111303211,-11.6152852614095,-7.29195541683674));
#9164=CARTESIAN_POINT('',(49.1227160834271,-11.6152852614095,-7.29195541683674));
#9165=VECTOR('',#10285,10.0);
#9166=CARTESIAN_POINT('',(-4.69409111303211,-11.6152852614095,0.0));
#9167=VECTOR('',#10286,10.0);
#9168=CARTESIAN_POINT('',(-4.42593485731178,-10.6507390957133,-7.29195541683674));
#9169=AXIS2_PLACEMENT_3D('',#10287,#10288,#10289);
#9170=CARTESIAN_POINT('',(-4.62712432893303,-10.6507390957133,-7.29195541683674));
#9171=CARTESIAN_POINT('',(49.1227160834271,-10.6507390957133,-7.29195541683674));
#9172=VECTOR('',#10290,10.0);
#9173=AXIS2_PLACEMENT_3D('',#10291,#10292,#10293);
#9174=CARTESIAN_POINT('',(-4.21514116076953,-9.36528532101416,-8.03405426265595));
#9175=CARTESIAN_POINT('',(-4.21514116076953,-9.36528532101416,0.0));
#9176=VECTOR('',#10294,10.0);
#9177=CARTESIAN_POINT('',(-4.41979404790202,-9.36528532101416,-8.03405426265595));
#9178=CARTESIAN_POINT('',(-4.41979404790203,-9.36528532101416,0.0));
#9179=VECTOR('',#10295,10.0);
#9180=CARTESIAN_POINT('',(49.1227160834271,-9.36528532101415,-8.03405426265595));
#9181=VECTOR('',#10296,10.0);
#9182=CARTESIAN_POINT('',(-4.38979440312349,-10.3553582283356,-7.4432925279006));
#9183=AXIS2_PLACEMENT_3D('',#10297,#10298,#10299);
#9184=CARTESIAN_POINT('',(-4.59156939269837,-10.3553582283356,-7.4432925279006));
#9185=AXIS2_PLACEMENT_3D('',#10300,#10301,#10302);
#9186=CARTESIAN_POINT('',(49.1227160834271,-10.3553582283356,-7.4432925279006));
#9187=VECTOR('',#10303,10.0);
#9188=CARTESIAN_POINT('',(-4.21514116076953,-9.36528532101416,-6.86347082527036));
#9189=AXIS2_PLACEMENT_3D('',#10304,#10305,#10306);
#9190=CARTESIAN_POINT('',(-4.41979404790202,-9.36528532101416,-6.86347082527036));
#9191=AXIS2_PLACEMENT_3D('',#10307,#10308,#10309);
#9192=CARTESIAN_POINT('',(49.1227160834271,-9.36528532101415,-6.86347082527036));
#9193=VECTOR('',#10310,10.0);
#9194=CARTESIAN_POINT('',(-4.21514116076953,-9.36528532101416,-6.53162318414236));
#9195=CARTESIAN_POINT('',(-4.21514116076953,-9.36528532101416,0.0));
#9196=VECTOR('',#10311,10.0);
#9197=CARTESIAN_POINT('',(-4.41979404790202,-9.36528532101416,-6.53162318414236));
#9198=CARTESIAN_POINT('',(-4.41979404790203,-9.36528532101416,0.0));
#9199=VECTOR('',#10312,10.0);
#9200=CARTESIAN_POINT('',(49.1227160834271,-9.36528532101415,-6.53162318414236));
#9201=VECTOR('',#10313,10.0);
#9202=AXIS2_PLACEMENT_3D('',#10314,#10315,#10316);
#9203=AXIS2_PLACEMENT_3D('',#10317,#10318,#10319);
#9204=CARTESIAN_POINT('',(-4.66827327107489,-5.40909536965677,-14.9291156728176));
#9205=CARTESIAN_POINT('',(-3.6700468082257,-3.79088073656596,-16.6712158889033));
#9206=CARTESIAN_POINT('',(-4.66827327107489,-5.40909536965677,-14.9291156728176));
#9207=CARTESIAN_POINT('',(-4.60500792330865,-5.28915539378091,-14.9308522747005));
#9208=CARTESIAN_POINT('',(-4.5212864488218,-5.13465412964838,-14.9355836548393));
#9209=CARTESIAN_POINT('',(-4.36055042034764,-4.8550949768429,-15.0016531166444));
#9210=CARTESIAN_POINT('',(-4.27099815716841,-4.70280537608305,-15.0485662243527));
#9211=CARTESIAN_POINT('',(-4.0769976546632,-4.39108444762716,-15.236222739944));
#9212=CARTESIAN_POINT('',(-3.98943721351586,-4.25656788219172,-15.3506410570086));
#9213=CARTESIAN_POINT('',(-3.83202571828373,-4.02115057850876,-15.6495566260349));
#9214=CARTESIAN_POINT('',(-3.77593787627212,-3.94097565610875,-15.8285048673123));
#9215=CARTESIAN_POINT('',(-3.67994244681282,-3.80412780793418,-16.2634000604816));
#9216=CARTESIAN_POINT('',(-3.67476569743548,-3.79748959744314,-16.4769204161008));
#9217=CARTESIAN_POINT('',(-3.6700468082257,-3.79088073656596,-16.6712158889033));
#9218=CARTESIAN_POINT('',(-5.38419553134167,-6.99637124282162,-16.121498091231));
#9219=CARTESIAN_POINT('',(-5.38419553134167,-6.99637124282161,-16.121498091231));
#9220=CARTESIAN_POINT('',(-5.38140962624368,-6.98901559665618,-16.0940695283223));
#9221=CARTESIAN_POINT('',(-5.37852672128347,-6.98142077146533,-16.0656344178175));
#9222=CARTESIAN_POINT('',(-5.37522226934596,-6.97274290718203,-16.0359922357392));
#9223=CARTESIAN_POINT('',(-5.36781772817359,-6.95329774514331,-15.9695707044873));
#9224=CARTESIAN_POINT('',(-5.3584194103078,-6.92868693765358,-15.897063513276));
#9225=CARTESIAN_POINT('',(-5.3443371257994,-6.89237234193009,-15.8151082213308));
#9226=CARTESIAN_POINT('',(-5.33537173796559,-6.86925290882285,-15.7629319585317));
#9227=CARTESIAN_POINT('',(-5.32546441926932,-6.84373615270792,-15.7094364313219));
#9228=CARTESIAN_POINT('',(-5.30743264725159,-6.79820652734638,-15.6353548761914));
#9229=CARTESIAN_POINT('',(-5.27860415494382,-6.72541554190019,-15.5169161814183));
#9230=CARTESIAN_POINT('',(-5.23210154691737,-6.60772827809524,-15.3610112197213));
#9231=CARTESIAN_POINT('',(-5.14843370617986,-6.41340246907958,-15.2191759239382));
#9232=CARTESIAN_POINT('',(-5.12530947978351,-6.35969444981289,-15.1799753008342));
#9233=CARTESIAN_POINT('',(-5.09930916912,-6.30020236039228,-15.1421798509861));
#9234=CARTESIAN_POINT('',(-5.06982815098343,-6.23425951097399,-15.1078294379595));
#9235=CARTESIAN_POINT('',(-5.03571429228402,-6.15795396966362,-15.0680809757177));
#9236=CARTESIAN_POINT('',(-4.99645198450707,-6.07218856568203,-15.033578040795));
#9237=CARTESIAN_POINT('',(-4.95855136750959,-5.9915393941492,-15.0088981280319));
#9238=CARTESIAN_POINT('',(-4.92707474952028,-5.92455992614579,-14.9884013591771));
#9239=CARTESIAN_POINT('',(-4.8954928342284,-5.85872245500812,-14.9732980312026));
#9240=CARTESIAN_POINT('',(-4.86381124185478,-5.79393699101472,-14.9624042119785));
#9241=CARTESIAN_POINT('',(-4.79878051309159,-5.66095611407304,-14.9400431830629));
#9242=CARTESIAN_POINT('',(-4.73345724940265,-5.53267273173835,-14.93483498175));
#9243=CARTESIAN_POINT('',(-4.66827327107489,-5.40909536965677,-14.9291156728176));
#9244=CARTESIAN_POINT('',(-6.02198167544487,-9.21113055502018,-15.014034814949));
#9245=AXIS2_PLACEMENT_3D('',#10320,#10321,#10322);
#9246=CARTESIAN_POINT('',(-6.02198167544487,-9.21113055502018,-15.9513972525225));
#9247=CARTESIAN_POINT('',(-6.02198167544487,-9.21113055502018,0.0));
#9248=VECTOR('',#10323,10.0);
#9249=CARTESIAN_POINT('',(-5.41052440531368,-7.06644755928155,-17.0272722336456));
#9250=AXIS2_PLACEMENT_3D('',#10324,#10325,#10326);
#9251=CARTESIAN_POINT('',(-5.41041905192161,-7.06616488062124,-18.2507054754481));
#9252=CARTESIAN_POINT('',(-5.41041905192161,-7.06616488062124,0.0));
#9253=VECTOR('',#10327,10.0);
#9254=CARTESIAN_POINT('',(-6.02198167544487,-9.21113055502018,-18.2507054754481));
#9255=AXIS2_PLACEMENT_3D('',#10328,#10329,#10330);
#9256=CARTESIAN_POINT('',(-6.02198167544487,-9.21113055502018,-19.0484246548305));
#9257=CARTESIAN_POINT('',(-6.02198167544487,-9.21113055502018,0.0));
#9258=VECTOR('',#10331,10.0);
#9259=CARTESIAN_POINT('',(-5.09881135421479,-6.29953115638734,-19.0484246548305));
#9260=AXIS2_PLACEMENT_3D('',#10332,#10333,#10334);
#9261=CARTESIAN_POINT('',(-5.09881135421485,-6.29953115638748,-16.6712158889033));
#9262=CARTESIAN_POINT('',(-5.09881135421529,-6.29953115638848,0.0));
#9263=VECTOR('',#10335,10.0);
#9264=CARTESIAN_POINT('',(-4.67847952712513,-5.42848104834461,-15.7498346458056));
#9265=CARTESIAN_POINT('',(-4.67847952712513,-5.42848104834461,-15.7498346458056));
#9266=CARTESIAN_POINT('',(-4.71495773680402,-5.49789798249108,-15.7531829536116));
#9267=CARTESIAN_POINT('',(-4.75074797191734,-5.56739806961695,-15.7563312636463));
#9268=CARTESIAN_POINT('',(-4.78626920258603,-5.63781985940091,-15.7691449776676));
#9269=CARTESIAN_POINT('',(-4.81826628061537,-5.70125492232709,-15.7806874101697));
#9270=CARTESIAN_POINT('',(-4.84993055342531,-5.76520513502649,-15.7999255653601));
#9271=CARTESIAN_POINT('',(-4.88181015827116,-5.83087889744649,-15.8298034235518));
#9272=CARTESIAN_POINT('',(-4.91022480186801,-5.88941464661439,-15.8564338882662));
#9273=CARTESIAN_POINT('',(-4.93809312145905,-5.94792711935225,-15.8915743956201));
#9274=CARTESIAN_POINT('',(-4.9623781543477,-5.99968920495636,-15.9340966118033));
#9275=CARTESIAN_POINT('',(-4.98570698647717,-6.04941320620709,-15.9749445549647));
#9276=CARTESIAN_POINT('',(-5.00709094568514,-6.09579053831233,-16.0254049204947));
#9277=CARTESIAN_POINT('',(-5.02395987739539,-6.13273803928027,-16.0778153373435));
#9278=CARTESIAN_POINT('',(-5.04310841154318,-6.17467848317513,-16.1373082959947));
#9279=CARTESIAN_POINT('',(-5.0568121002541,-6.20517929920032,-16.1987072295517));
#9280=CARTESIAN_POINT('',(-5.06701400945743,-6.22796898537759,-16.2566458293288));
#9281=CARTESIAN_POINT('',(-5.07964930923134,-6.2561945371703,-16.3284041210439));
#9282=CARTESIAN_POINT('',(-5.08692717226913,-6.27264938240656,-16.3938067028755));
#9283=CARTESIAN_POINT('',(-5.09131858549886,-6.28257155947119,-16.4567072863441));
#9284=CARTESIAN_POINT('',(-5.09641259185168,-6.29408121031862,-16.5296714905816));
#9285=CARTESIAN_POINT('',(-5.09753218440435,-6.29663065649587,-16.5992278516348));
#9286=CARTESIAN_POINT('',(-5.09881135421486,-6.29953115638748,-16.6712158889033));
#9287=CARTESIAN_POINT('',(-4.18049635494999,-4.55743094030168,-16.6712158889033));
#9288=CARTESIAN_POINT('',(-4.18049635494999,-4.55743094030168,-16.6712158889033));
#9289=CARTESIAN_POINT('',(-4.18363877380609,-4.56250074092202,-16.5453875801145));
#9290=CARTESIAN_POINT('',(-4.18710737009316,-4.56770394318045,-16.406306003971));
#9291=CARTESIAN_POINT('',(-4.25690361082089,-4.68192162527646,-16.1269757998916));
#9292=CARTESIAN_POINT('',(-4.29190660772125,-4.74005622557895,-16.0510857956609));
#9293=CARTESIAN_POINT('',(-4.37126657986174,-4.87367467254445,-15.9065760514043));
#9294=CARTESIAN_POINT('',(-4.42566252214114,-4.96783118166601,-15.8546330910506));
#9295=CARTESIAN_POINT('',(-4.5472247487839,-5.18263468216641,-15.7623291353663));
#9296=CARTESIAN_POINT('',(-4.61315990468812,-5.3041797745404,-15.7558302854933));
#9297=CARTESIAN_POINT('',(-4.67847952712513,-5.42848104834461,-15.7498346458056));
#9298=CARTESIAN_POINT('',(-4.18029685731539,-4.55710909174882,-19.0484246548305));
#9299=CARTESIAN_POINT('',(-4.18039660613269,-4.55727001602525,-17.8598202718669));
#9300=VECTOR('',#10336,10.0);
#9301=CARTESIAN_POINT('',(-3.67016760913615,-3.79104992232064,-19.0484246548305));
#9302=AXIS2_PLACEMENT_3D('',#10337,#10338,#10339);
#9303=CARTESIAN_POINT('',(-3.67010720868092,-3.7909653294433,-17.8598202718669));
#9304=VECTOR('',#10340,10.0);
#9305=CARTESIAN_POINT('',(-6.22018448020878,-10.500425093678,-21.0003909085483));
#9306=CARTESIAN_POINT('',(-2.62908152428475,-2.50042509367801,-21.0003909085483));
#9307=AXIS2_PLACEMENT_3D('',#10341,#10342,#10343);
#9308=CARTESIAN_POINT('',(-6.22018448020878,-10.500425093678,-13.0003909085483));
#9309=CARTESIAN_POINT('',(-6.22018448020878,-10.500425093678,0.0));
#9310=VECTOR('',#10344,10.0);
#9311=CARTESIAN_POINT('',(-2.62908152428475,-2.50042509367801,-13.0003909085483));
#9312=AXIS2_PLACEMENT_3D('',#10345,#10346,#10347);
#9313=CARTESIAN_POINT('',(-2.62908152428475,-2.50042509367801,0.0));
#9314=VECTOR('',#10348,10.0);
#9315=CARTESIAN_POINT('',(-6.22593898284713,-9.21113055502018,-18.2507054754481));
#9316=CARTESIAN_POINT('',(-5.62365296527138,-7.06616488062124,-18.2507054754481));
#9317=AXIS2_PLACEMENT_3D('',#10349,#10350,#10351);
#9318=CARTESIAN_POINT('',(-55.6227160834271,-9.2111305550202,-18.2507054754481));
#9319=VECTOR('',#10352,10.0);
#9320=CARTESIAN_POINT('',(-55.6227160834271,-7.06616488062125,-18.2507054754481));
#9321=VECTOR('',#10353,10.0);
#9322=CARTESIAN_POINT('',(-5.62375664850695,-7.06644755928155,-17.0272722336456));
#9323=CARTESIAN_POINT('',(-5.62365296527138,-7.06616488062124,0.0));
#9324=VECTOR('',#10354,10.0);
#9325=CARTESIAN_POINT('',(-55.6227160834271,-7.06673023794189,-17.0272722336456));
#9326=VECTOR('',#10355,10.0);
#9327=CARTESIAN_POINT('',(-6.22593898284713,-9.21113055502018,-15.9513972525225));
#9328=AXIS2_PLACEMENT_3D('',#10356,#10357,#10358);
#9329=CARTESIAN_POINT('',(-55.6227160834271,-9.2111305550202,-15.9513972525225));
#9330=VECTOR('',#10359,10.0);
#9331=CARTESIAN_POINT('',(-6.22593898284713,-9.21113055502018,-15.014034814949));
#9332=CARTESIAN_POINT('',(-6.22593898284713,-9.21113055502018,0.0));
#9333=VECTOR('',#10360,10.0);
#9334=CARTESIAN_POINT('',(-55.6227160834271,-9.2111305550202,-15.014034814949));
#9335=VECTOR('',#10361,10.0);
#9336=CARTESIAN_POINT('',(-5.59784597555631,-6.99637124282162,-16.121498091231));
#9337=AXIS2_PLACEMENT_3D('',#10362,#10363,#10364);
#9338=CARTESIAN_POINT('',(-55.6227160834271,-6.99637124282163,-16.121498091231));
#9339=VECTOR('',#10365,10.0);
#9340=CARTESIAN_POINT('',(-4.89395350473556,-5.40909536965677,-14.9291156728176));
#9341=CARTESIAN_POINT('',(-5.59784597555631,-6.99637124282161,-16.121498091231));
#9342=CARTESIAN_POINT('',(-5.59505719781378,-6.98888893369177,-16.0935972131769));
#9343=CARTESIAN_POINT('',(-5.59220626024054,-6.98125759132708,-16.0650770208345));
#9344=CARTESIAN_POINT('',(-5.58901561460287,-6.97274290718203,-16.0359922357392));
#9345=CARTESIAN_POINT('',(-5.57567961737882,-6.937153933345,-15.9144260521696));
#9346=CARTESIAN_POINT('',(-5.55757850450992,-6.88871082379092,-15.7826150166682));
#9347=CARTESIAN_POINT('',(-5.52231171462693,-6.79820652734638,-15.6353548761915));
#9348=CARTESIAN_POINT('',(-5.50132423252709,-6.74434686765264,-15.5477194669997));
#9349=CARTESIAN_POINT('',(-5.47272919407135,-6.67203830473852,-15.4542317941576));
#9350=CARTESIAN_POINT('',(-5.44070495679652,-6.59345108124151,-15.3745193944678));
#9351=CARTESIAN_POINT('',(-5.4131452798826,-6.52581985335142,-15.3059198533568));
#9352=CARTESIAN_POINT('',(-5.38247492690684,-6.45205038531892,-15.2444570124213));
#9353=CARTESIAN_POINT('',(-5.34911758106045,-6.37392877478111,-15.1913676096417));
#9354=CARTESIAN_POINT('',(-5.33259347399754,-6.33522995676369,-15.1650689053181));
#9355=CARTESIAN_POINT('',(-5.313533480189,-6.2909751589536,-15.1373732922266));
#9356=CARTESIAN_POINT('',(-5.28860060554103,-6.23425951097399,-15.1078294379595));
#9357=CARTESIAN_POINT('',(-5.25636478335291,-6.16093160276572,-15.0696320601461));
#9358=CARTESIAN_POINT('',(-5.2157438502215,-6.07007966754491,-15.0308161617087));
#9359=CARTESIAN_POINT('',(-5.16518066234259,-5.96129440358034,-14.9999863763676));
#9360=CARTESIAN_POINT('',(-5.14050698772132,-5.90820969276111,-14.984942149054));
#9361=CARTESIAN_POINT('',(-5.11272174214241,-5.84938206039472,-14.9717274231661));
#9362=CARTESIAN_POINT('',(-5.08607451389895,-5.79393699101472,-14.9624042119785));
#9363=CARTESIAN_POINT('',(-5.01815942373814,-5.65262560014466,-14.9386423886997));
#9364=CARTESIAN_POINT('',(-4.95319860424292,-5.52344228273931,-14.9344077854697));
#9365=CARTESIAN_POINT('',(-4.89395350473556,-5.40909536965677,-14.9291156728176));
#9366=CARTESIAN_POINT('',(-55.6227160834271,-5.40909536965679,-14.9291156728176));
#9367=VECTOR('',#10366,10.0);
#9368=CARTESIAN_POINT('',(-3.9149288115478,-3.79088073656596,-16.6712158889033));
#9369=CARTESIAN_POINT('',(-4.89395350473557,-5.40909536965677,-14.9291156728176));
#9370=CARTESIAN_POINT('',(-4.85653162052847,-5.33686868801733,-14.9301614375046));
#9371=CARTESIAN_POINT('',(-4.79689767712028,-5.22318608020766,-14.9308664390127));
#9372=CARTESIAN_POINT('',(-4.63521605214061,-4.92987231829073,-14.9768324713105));
#9373=CARTESIAN_POINT('',(-4.50714915819185,-4.70557965304102,-15.0317358061066));
#9374=CARTESIAN_POINT('',(-4.27959155364885,-4.33729256746707,-15.2808497669114));
#9375=CARTESIAN_POINT('',(-4.18868910357243,-4.19579794763036,-15.4057561287743));
#9376=CARTESIAN_POINT('',(-4.03439837783622,-3.96327579872537,-15.761692131182));
#9377=CARTESIAN_POINT('',(-3.98965990240449,-3.89870074753522,-15.9481693107696));
#9378=CARTESIAN_POINT('',(-3.92353081807095,-3.80288055114062,-16.3091817211764));
#9379=CARTESIAN_POINT('',(-3.91925858848934,-3.79707380039243,-16.4891445324892));
#9380=CARTESIAN_POINT('',(-3.91492881154781,-3.79088073656596,-16.6712158889033));
#9381=CARTESIAN_POINT('',(-55.6227160834271,-3.79088073656597,-16.6712158889033));
#9382=VECTOR('',#10367,10.0);
#9383=CARTESIAN_POINT('',(-6.42130488140213,-10.500425093678,-13.0003909085483));
#9384=CARTESIAN_POINT('',(-6.42130488140213,-10.500425093678,-21.0003909085483));
#9385=CARTESIAN_POINT('',(-6.42130488140213,-10.500425093678,0.0));
#9386=VECTOR('',#10368,10.0);
#9387=CARTESIAN_POINT('',(-55.6227160834271,-10.500425093678,-13.0003909085483));
#9388=VECTOR('',#10369,10.0);
#9389=CARTESIAN_POINT('',(-55.6227160834271,-10.500425093678,-21.0003909085483));
#9390=VECTOR('',#10370,10.0);
#9391=CARTESIAN_POINT('',(-2.89775880419808,-2.50042509367801,-21.0003909085483));
#9392=AXIS2_PLACEMENT_3D('',#10371,#10372,#10373);
#9393=CARTESIAN_POINT('',(-55.6227160834271,-2.50042509367803,-21.0003909085483));
#9394=VECTOR('',#10374,10.0);
#9395=CARTESIAN_POINT('',(-3.91504709312245,-3.79104992232064,-19.0484246548305));
#9396=CARTESIAN_POINT('',(-3.91498795233512,-3.7909653294433,-17.8598202718669));
#9397=VECTOR('',#10375,10.0);
#9398=CARTESIAN_POINT('',(-55.6227160834271,-3.79104992232066,-19.0484246548305));
#9399=VECTOR('',#10376,10.0);
#9400=CARTESIAN_POINT('',(-4.41497627652461,-4.55710909174882,-19.0484246548305));
#9401=AXIS2_PLACEMENT_3D('',#10377,#10378,#10379);
#9402=CARTESIAN_POINT('',(-55.6227160834271,-4.55710909174883,-19.0484246548305));
#9403=VECTOR('',#10380,10.0);
#9404=CARTESIAN_POINT('',(-4.41517194981529,-4.55743094030168,-16.6712158889033));
#9405=CARTESIAN_POINT('',(-4.41507411316995,-4.55727001602525,-17.8598202718669));
#9406=VECTOR('',#10381,10.0);
#9407=CARTESIAN_POINT('',(-55.6227160834271,-4.55743094030169,-16.6712158889033));
#9408=VECTOR('',#10382,10.0);
#9409=CARTESIAN_POINT('',(-4.90397883614282,-5.42848104834461,-15.7498346458056));
#9410=CARTESIAN_POINT('',(-4.41517194981529,-4.55743094030168,-16.6712158889033));
#9411=CARTESIAN_POINT('',(-4.41825199475759,-4.56249722891354,-16.545474745295));
#9412=CARTESIAN_POINT('',(-4.42167851001947,-4.56773726199565,-16.4053984845098));
#9413=CARTESIAN_POINT('',(-4.48564361854237,-4.674455372018,-16.1457374733782));
#9414=CARTESIAN_POINT('',(-4.51778535275752,-4.72845121706752,-16.0603631013125));
#9415=CARTESIAN_POINT('',(-4.58298621523712,-4.84058161139276,-15.9448612921929));
#9416=CARTESIAN_POINT('',(-4.62377237225783,-4.91081389637706,-15.8833269024914));
#9417=CARTESIAN_POINT('',(-4.76641765482496,-5.16650805832245,-15.7645348743891));
#9418=CARTESIAN_POINT('',(-4.83573106915391,-5.29626570609063,-15.7562120185314));
#9419=CARTESIAN_POINT('',(-4.90397883614283,-5.42848104834461,-15.7498346458056));
#9420=CARTESIAN_POINT('',(-55.6227160834271,-5.42848104834463,-15.7498346458056));
#9421=VECTOR('',#10383,10.0);
#9422=CARTESIAN_POINT('',(-5.31710141388923,-6.29953115638748,-16.6712158889033));
#9423=CARTESIAN_POINT('',(-4.90397883614282,-5.42848104834461,-15.7498346458056));
#9424=CARTESIAN_POINT('',(-4.93053998521805,-5.47993755118098,-15.7523166368678));
#9425=CARTESIAN_POINT('',(-4.96738365910405,-5.55208593189871,-15.7535451181311));
#9426=CARTESIAN_POINT('',(-5.00987514968458,-5.63781985940091,-15.7691449776676));
#9427=CARTESIAN_POINT('',(-5.03900519738632,-5.69659476618051,-15.7798394636983));
#9428=CARTESIAN_POINT('',(-5.07048519847554,-5.76112528751667,-15.7980694648285));
#9429=CARTESIAN_POINT('',(-5.10376405385616,-5.83087889744648,-15.8298034235518));
#9430=CARTESIAN_POINT('',(-5.12993024542543,-5.88572412271628,-15.8547549080217));
#9431=CARTESIAN_POINT('',(-5.15715404646895,-5.9437419119707,-15.8881362750156));
#9432=CARTESIAN_POINT('',(-5.18295759950718,-5.99968920495636,-15.9340966118033));
#9433=CARTESIAN_POINT('',(-5.20391602518406,-6.0451312872977,-15.97142698647));
#9434=CARTESIAN_POINT('',(-5.22415984264275,-6.08965400691653,-16.0167001864794));
#9435=CARTESIAN_POINT('',(-5.24350009665329,-6.13273803928028,-16.0778153373435));
#9436=CARTESIAN_POINT('',(-5.2551372627092,-6.1586620027764,-16.1145887509062));
#9437=CARTESIAN_POINT('',(-5.26623826456296,-6.1836032956964,-16.1569248763812));
#9438=CARTESIAN_POINT('',(-5.27630486682544,-6.20637054116862,-16.2061010775221));
#9439=CARTESIAN_POINT('',(-5.27948102166092,-6.21355392786769,-16.2216168617929));
#9440=CARTESIAN_POINT('',(-5.28261942660866,-6.22066752633215,-16.2380832080565));
#9441=CARTESIAN_POINT('',(-5.28583341507005,-6.22796898537759,-16.2566458293288));
#9442=CARTESIAN_POINT('',(-5.29348395270713,-6.24534928649062,-16.3008320591154));
#9443=CARTESIAN_POINT('',(-5.30113814711522,-6.26284720926038,-16.3548571652065));
#9444=CARTESIAN_POINT('',(-5.30662828710746,-6.2754429498482,-16.4171063669875));
#9445=CARTESIAN_POINT('',(-5.30777512263607,-6.27807407452545,-16.4301096048521));
#9446=CARTESIAN_POINT('',(-5.30882926938697,-6.2804947522873,-16.4435415886582));
#9447=CARTESIAN_POINT('',(-5.30973315209895,-6.28257155947119,-16.4567072863441));
#9448=CARTESIAN_POINT('',(-5.31456036214775,-6.29366280435793,-16.5270190506097));
#9449=CARTESIAN_POINT('',(-5.31575805821036,-6.2964336743334,-16.5943389153192));
#9450=CARTESIAN_POINT('',(-5.31710141388923,-6.29953115638748,-16.6712158889033));
#9451=CARTESIAN_POINT('',(-55.6227160834271,-6.29953115638749,-16.6712158889033));
#9452=VECTOR('',#10384,10.0);
#9453=CARTESIAN_POINT('',(-5.31710141388917,-6.29953115638734,-19.0484246548305));
#9454=CARTESIAN_POINT('',(-5.31710141388966,-6.29953115638848,0.0));
#9455=VECTOR('',#10385,10.0);
#9456=CARTESIAN_POINT('',(-55.6227160834271,-6.29953115638735,-19.0484246548305));
#9457=VECTOR('',#10386,10.0);
#9458=CARTESIAN_POINT('',(-6.22593898284713,-9.21113055502018,-19.0484246548305));
#9459=AXIS2_PLACEMENT_3D('',#10387,#10388,#10389);
#9460=CARTESIAN_POINT('',(-55.6227160834271,-9.2111305550202,-19.0484246548305));
#9461=VECTOR('',#10390,10.0);
#9462=CARTESIAN_POINT('',(-6.22593898284713,-9.21113055502018,0.0));
#9463=VECTOR('',#10391,10.0);
#9464=CARTESIAN_POINT('',(-2.89775880419808,-2.50042509367801,-13.0003909085483));
#9465=AXIS2_PLACEMENT_3D('',#10392,#10393,#10394);
#9466=CARTESIAN_POINT('',(-55.6227160834271,-2.50042509367803,-13.0003909085483));
#9467=VECTOR('',#10395,10.0);
#9468=CARTESIAN_POINT('',(-2.89775880419808,-2.50042509367801,0.0));
#9469=VECTOR('',#10396,10.0);
#9470=CARTESIAN_POINT('',(0.0,0.0,22.5));
#9471=CARTESIAN_POINT('',(-6.5,-12.0,22.5));
#9472=AXIS2_PLACEMENT_3D('',#10397,#10398,#10399);
#9473=CARTESIAN_POINT('',(0.0,0.0,-22.5));
#9474=CARTESIAN_POINT('',(0.0,0.0,0.0));
#9475=VECTOR('',#10400,10.0);
#9476=CARTESIAN_POINT('',(-6.5,-12.0,-22.5));
#9477=AXIS2_PLACEMENT_3D('',#10401,#10402,#10403);
#9478=CARTESIAN_POINT('',(-6.5,-12.0,0.0));
#9479=VECTOR('',#10404,10.0);
#9480=AXIS2_PLACEMENT_3D('',#10405,#10406,#10407);
#9481=CARTESIAN_POINT('',(-6.0,-13.0,22.5));
#9482=AXIS2_PLACEMENT_3D('',#10408,#10409,#10410);
#9483=AXIS2_PLACEMENT_3D('',#10411,#10412,#10413);
#9484=CARTESIAN_POINT('',(-6.0,-13.0,-22.5));
#9485=AXIS2_PLACEMENT_3D('',#10414,#10415,#10416);
#9486=AXIS2_PLACEMENT_3D('',#10417,#10418,#10419);
#9487=AXIS2_PLACEMENT_3D('',#10420,#10421,#10422);
#9488=CARTESIAN_POINT('',(0.0,-0.60161954823946,-23.0));
#9489=CARTESIAN_POINT('',(3.93892559750298E-31,-1.53740980060673E-15,-22.5));
#9490=CARTESIAN_POINT('',(3.93892559750298E-31,-1.53740980060673E-15,-22.5533201918837));
#9491=CARTESIAN_POINT('',(5.08622977611577E-18,-0.0125348009163674,-22.615131476949));
#9492=CARTESIAN_POINT('',(8.63806805852008E-18,-0.0337154134109451,-22.6656225380669));
#9493=CARTESIAN_POINT('',(1.17836142024178E-17,-0.0524731914009418,-22.7103379642697));
#9494=CARTESIAN_POINT('',(2.26696419486216E-17,-0.0796591256961433,-22.7539522891109));
#9495=CARTESIAN_POINT('',(2.89607342364171E-17,-0.113037211660103,-22.7925843035269));
#9496=CARTESIAN_POINT('',(3.60121049339438E-17,-0.150449038818066,-22.8358849963124));
#9497=CARTESIAN_POINT('',(5.20945846529383E-17,-0.191031015089725,-22.8698034214082));
#9498=CARTESIAN_POINT('',(6.14964122496406E-17,-0.240027856719823,-22.9003257674849));
#9499=CARTESIAN_POINT('',(6.95051463056988E-17,-0.281764707365744,-22.9263255372085));
#9500=CARTESIAN_POINT('',(7.85573783841639E-17,-0.325597457144288,-22.9465081216067));
#9501=CARTESIAN_POINT('',(9.45748464962803E-17,-0.369136944314034,-22.9615552680828));
#9502=CARTESIAN_POINT('',(1.20893495196067E-16,-0.440677618493532,-22.9862795602911));
#9503=CARTESIAN_POINT('',(1.34399138364398E-16,-0.527539137941175,-23.0));
#9504=CARTESIAN_POINT('',(1.54138124889239E-16,-0.60161954823946,-23.0));
#9505=AXIS2_PLACEMENT_3D('',#10423,#10424,#10425);
#9506=AXIS2_PLACEMENT_3D('',#10426,#10427,#10428);
#9507=CARTESIAN_POINT('',(-6.5,-10.2415273475832,-22.5));
#9508=VECTOR('',#10429,10.0);
#9509=CARTESIAN_POINT('',(-6.0,-13.0,0.0));
#9510=VECTOR('',#10430,10.0);
#9511=CARTESIAN_POINT('',(3.5527136788005E-15,-13.0,-22.5));
#9512=AXIS2_PLACEMENT_3D('',#10431,#10432,#10433);
#9513=CARTESIAN_POINT('',(-1.24956351387616,-13.0,-22.5));
#9514=VECTOR('',#10434,10.0);
#9515=CARTESIAN_POINT('',(3.5527136788005E-15,-13.0,22.5));
#9516=CARTESIAN_POINT('',(-1.24956351387616,-13.0,22.5));
#9517=VECTOR('',#10435,10.0);
#9518=AXIS2_PLACEMENT_3D('',#10436,#10437,#10438);
#9519=AXIS2_PLACEMENT_3D('',#10439,#10440,#10441);
#9520=CARTESIAN_POINT('',(-6.5,-10.2415273475832,22.5));
#9521=VECTOR('',#10442,10.0);
#9522=CARTESIAN_POINT('',(0.0,-0.60161954823946,23.0));
#9523=CARTESIAN_POINT('',(1.54138124889239E-16,-0.60161954823946,23.0));
#9524=CARTESIAN_POINT('',(1.37908601198959E-16,-0.540710150869505,23.0));
#9525=CARTESIAN_POINT('',(1.20903227397686E-16,-0.47105098510685,22.9912929716873));
#9526=CARTESIAN_POINT('',(1.04673703707406E-16,-0.408553992610543,22.9738494953218));
#9527=CARTESIAN_POINT('',(9.14438305117048E-17,-0.357608117573308,22.9596300404067));
#9528=CARTESIAN_POINT('',(7.65310237987446E-17,-0.311535677883137,22.9411509653623));
#9529=CARTESIAN_POINT('',(6.77111083349436E-17,-0.264284559297283,22.914665771078));
#9530=CARTESIAN_POINT('',(5.96947616362029E-17,-0.221338416554518,22.8905936016067));
#9531=CARTESIAN_POINT('',(4.81888370608377E-17,-0.182567024499829,22.8620749228365));
#9532=CARTESIAN_POINT('',(3.81684036874118E-17,-0.148975847474094,22.8302040661474));
#9533=CARTESIAN_POINT('',(2.52411232681167E-17,-0.105640140439958,22.7890877305291));
#9534=CARTESIAN_POINT('',(1.67995339152477E-17,-0.0648805110137041,22.7336360886165));
#9535=CARTESIAN_POINT('',(1.03358937056002E-17,-0.040342230102271,22.6806443858413));
#9536=CARTESIAN_POINT('',(5.75991711681329E-18,-0.0229701927768958,22.6431285614089));
#9537=CARTESIAN_POINT('',(2.28743383866224E-18,-0.00933239952743169,22.5985306288091));
#9538=CARTESIAN_POINT('',(9.14640862026178E-19,-0.0035699527460124,22.5545991028488));
#9539=CARTESIAN_POINT('',(3.31469679669401E-19,-0.00112202872543432,22.535936711379));
#9540=CARTESIAN_POINT('',(3.93892559750298E-31,-1.53740980060673E-15,22.5175091301304));
#9541=CARTESIAN_POINT('',(3.93892559750298E-31,-1.53740980060673E-15,22.5));
#9542=AXIS2_PLACEMENT_3D('',#10443,#10444,#10445);
#9543=CARTESIAN_POINT('',(3.5527136788005E-15,-13.0,23.0));
#9544=VECTOR('',#10446,10.0);
#9545=CARTESIAN_POINT('',(3.5527136788005E-15,-13.0,22.0));
#9546=CARTESIAN_POINT('',(3.5527136788005E-15,-13.0,0.0));
#9547=VECTOR('',#10447,10.0);
#9548=CARTESIAN_POINT('',(1.77635683940025E-15,-2.47674910063231,22.0));
#9549=CARTESIAN_POINT('',(1.77635683940025E-15,-3.74152734758317,22.0));
#9550=VECTOR('',#10448,10.0);
#9551=CARTESIAN_POINT('',(1.77635683940025E-15,-1.83785304331655,21.5));
#9553=CARTESIAN_POINT('',(1.77635683940025E-15,-1.83785304331654,21.5));
#9554=CARTESIAN_POINT('',(1.77635683940025E-15,-2.16365095633553,21.7581138321657));
#9555=CARTESIAN_POINT('',(1.77635683940025E-15,-2.47674910063231,22.0));
#9562=CARTESIAN_POINT('',(1.77635683940025E-15,-1.83785304331655,11.5));
#9563=CARTESIAN_POINT('',(1.77635683940025E-15,-1.83785304331655,-0.499999999999998));
#9564=VECTOR('',#10449,10.0);
#9565=CARTESIAN_POINT('',(1.77635683940025E-15,-2.4767491006323,11.0));
#9567=CARTESIAN_POINT('',(1.77635683940025E-15,-2.4767491006323,11.0));
#9568=CARTESIAN_POINT('',(1.77635683940025E-15,-2.16365095633626,11.2418861678337));
#9569=CARTESIAN_POINT('',(1.77635683940025E-15,-1.83785304331655,11.5));
#9576=CARTESIAN_POINT('',(1.77635683940025E-15,-2.4767491006323,-11.0));
#9577=CARTESIAN_POINT('',(1.77635683940025E-15,-2.4767491006323,0.0));
#9578=VECTOR('',#10450,10.0);
#9579=CARTESIAN_POINT('',(1.77635683940025E-15,-1.83785304331655,-11.5));
#9581=CARTESIAN_POINT('',(1.77635683940025E-15,-1.83785304331655,-11.5));
#9582=CARTESIAN_POINT('',(1.77635683940025E-15,-2.16365095633626,-11.2418861678337));
#9583=CARTESIAN_POINT('',(1.77635683940025E-15,-2.4767491006323,-11.0));
#9590=CARTESIAN_POINT('',(1.77635683940025E-15,-1.83785304331655,-21.5));
#9591=CARTESIAN_POINT('',(1.77635683940025E-15,-1.83785304331655,-0.499999999999998));
#9592=VECTOR('',#10451,10.0);
#9593=CARTESIAN_POINT('',(1.77635683940025E-15,-2.4767491006323,-22.0));
#9595=CARTESIAN_POINT('',(2.66453525910038E-15,-2.47674910063231,-22.0));
#9596=CARTESIAN_POINT('',(2.66453525910038E-15,-2.16365095633543,-21.7581138321657));
#9597=CARTESIAN_POINT('',(1.77635683940025E-15,-1.83785304331655,-21.5));
#9604=CARTESIAN_POINT('',(3.5527136788005E-15,-13.0,-22.0));
#9605=CARTESIAN_POINT('',(1.77635683940025E-15,-3.74152734758317,-22.0));
#9606=VECTOR('',#10452,10.0);
#9607=CARTESIAN_POINT('',(3.5527136788005E-15,-13.0,0.0));
#9608=VECTOR('',#10453,10.0);
#9609=CARTESIAN_POINT('',(3.5527136788005E-15,-13.0,-23.0));
#9610=VECTOR('',#10454,10.0);
#9611=CARTESIAN_POINT('',(-4.5,-13.0,-22.0));
#9612=CARTESIAN_POINT('',(-1.24956351387616,-13.0,-22.0));
#9613=VECTOR('',#10455,10.0);
#9614=CARTESIAN_POINT('',(-5.0,-13.0,-21.5));
#9615=CARTESIAN_POINT('',(-8.99999999999999,-13.0,-17.5));
#9616=VECTOR('',#10456,10.0);
#9617=CARTESIAN_POINT('',(-5.0,-13.0,-11.5));
#9618=CARTESIAN_POINT('',(-5.0,-13.0,-0.499999999999998));
#9619=VECTOR('',#10457,10.0);
#9620=CARTESIAN_POINT('',(-4.5,-13.0,-11.0));
#9621=CARTESIAN_POINT('',(-0.749999999999996,-13.0,-7.25));
#9622=VECTOR('',#10458,10.0);
#9623=CARTESIAN_POINT('',(-4.5,-13.0,11.0));
#9624=CARTESIAN_POINT('',(-4.5,-13.0,0.0));
#9625=VECTOR('',#10459,10.0);
#9626=CARTESIAN_POINT('',(-5.0,-13.0,11.5));
#9627=CARTESIAN_POINT('',(-0.749999999999996,-13.0,7.25));
#9628=VECTOR('',#10460,10.0);
#9629=CARTESIAN_POINT('',(-5.0,-13.0,21.5));
#9630=CARTESIAN_POINT('',(-5.0,-13.0,-0.499999999999998));
#9631=VECTOR('',#10461,10.0);
#9632=CARTESIAN_POINT('',(-4.5,-13.0,22.0));
#9633=CARTESIAN_POINT('',(-8.99999999999999,-13.0,17.5));
#9634=VECTOR('',#10462,10.0);
#9635=CARTESIAN_POINT('',(-1.24956351387616,-13.0,22.0));
#9636=VECTOR('',#10463,10.0);
#9637=CARTESIAN_POINT('',(2.1,-6.5,-18.0));
#9638=CARTESIAN_POINT('',(1.80000000000001,-6.5,-17.0));
#9639=CARTESIAN_POINT('',(1.95000000000001,-6.5,-17.5));
#9640=VECTOR('',#10464,10.0);
#9641=CARTESIAN_POINT('',(1.8,-4.0,-15.6583123951777));
#9642=AXIS2_PLACEMENT_3D('',#10465,#10466,#10467);
#9643=CARTESIAN_POINT('',(2.1,-3.0,-15.9364916731037));
#9644=CARTESIAN_POINT('',(1.8,-4.0,-15.6583123951777));
#9645=CARTESIAN_POINT('',(1.93839244339992,-3.53869185533362,-15.7974020341407));
#9646=CARTESIAN_POINT('',(2.1,-3.0,-15.9364916731037));
#9647=AXIS2_PLACEMENT_3D('',#10468,#10469,#10470);
#9648=CARTESIAN_POINT('',(2.8,-3.0,-15.9364916731037));
#9649=CARTESIAN_POINT('',(1.8,-3.0,-15.9364916731037));
#9650=VECTOR('',#10471,10.0);
#9651=CARTESIAN_POINT('',(2.80000000000001,-6.5,-18.0));
#9652=AXIS2_PLACEMENT_3D('',#10472,#10473,#10474);
#9653=CARTESIAN_POINT('',(1.8,-6.5,-18.0));
#9654=VECTOR('',#10475,10.0);
#9655=CARTESIAN_POINT('',(1.8,-4.0,-14.5235191926868));
#9656=CARTESIAN_POINT('',(1.8,-4.0,-15.6583123951777));
#9657=VECTOR('',#10476,10.0);
#9658=CARTESIAN_POINT('',(2.1,-3.0,-14.5711672734181));
#9659=CARTESIAN_POINT('',(1.18395299726205,-6.05349000912651,-14.425674334951));
#9660=VECTOR('',#10477,10.0);
#9661=CARTESIAN_POINT('',(2.1,-3.0,-15.4965729664742));
#9662=VECTOR('',#10478,10.0);
#9663=CARTESIAN_POINT('',(2.8,-3.0,-14.6823461284579));
#9664=CARTESIAN_POINT('',(3.40944810723329,-3.0,-14.7791429038412));
#9665=VECTOR('',#10479,10.0);
#9666=CARTESIAN_POINT('',(2.8,-3.0,-15.4965729664742));
#9667=VECTOR('',#10480,10.0);
#9668=CARTESIAN_POINT('',(4.80000000000001,-4.0,-15.6583123951777));
#9669=CARTESIAN_POINT('',(2.8,-3.0,-15.9364916731037));
#9670=CARTESIAN_POINT('',(3.87738371066758,-3.53869185533379,-15.7974020341407));
#9671=CARTESIAN_POINT('',(4.80000000000001,-4.0,-15.6583123951777));
#9672=CARTESIAN_POINT('',(4.80000000000001,-6.5,-17.0));
#9673=AXIS2_PLACEMENT_3D('',#10481,#10482,#10483);
#9674=CARTESIAN_POINT('',(3.80000000000001,-6.5,-17.5));
#9675=VECTOR('',#10484,10.0);
#9676=CARTESIAN_POINT('',(4.8,-4.0,-15.0));
#9677=CARTESIAN_POINT('',(4.80000000000001,-4.0,-15.4965729664742));
#9678=VECTOR('',#10485,10.0);
#9679=CARTESIAN_POINT('',(4.8,-6.5,-15.0));
#9680=CARTESIAN_POINT('',(4.80000000000001,-8.25,-15.0));
#9681=VECTOR('',#10486,10.0);
#9682=CARTESIAN_POINT('',(4.80000000000001,-6.5,-14.7900867262657));
#9683=VECTOR('',#10487,10.0);
#9684=CARTESIAN_POINT('',(5.5170764903898,-4.35853824519489,-15.1138910616821));
#9685=VECTOR('',#10488,10.0);
#9686=CARTESIAN_POINT('',(-2.19953969023971,-4.0,-13.8882845591913));
#9687=CARTESIAN_POINT('',(3.1819890024157,-4.0,-14.7430162712098));
#9688=VECTOR('',#10489,10.0);
#9689=CARTESIAN_POINT('',(-4.64424188956268,-8.99999999999999,-13.5));
#9690=AXIS2_PLACEMENT_3D('',#10490,#10491,#10492);
#9691=CARTESIAN_POINT('',(2.80000000000001,-9.0,-14.6823461284579));
#9692=CARTESIAN_POINT('',(3.38790048626934,-9.0,-14.7757205612303));
#9693=VECTOR('',#10493,10.0);
#9694=CARTESIAN_POINT('',(2.80000000000001,-6.5,-14.6823461284579));
#9695=CARTESIAN_POINT('',(2.80000000000001,-9.125,-14.6823461284579));
#9696=VECTOR('',#10494,10.0);
#9697=CARTESIAN_POINT('',(4.76309204657827,-6.5,-14.9941380228524));
#9698=VECTOR('',#10495,10.0);
#9699=CARTESIAN_POINT('',(2.80000000000001,-6.5,-17.0));
#9700=CARTESIAN_POINT('',(2.80000000000001,-6.5,-14.5235191926868));
#9701=VECTOR('',#10496,10.0);
#9702=CARTESIAN_POINT('',(1.80000000000001,-6.5,-17.0));
#9703=VECTOR('',#10497,10.0);
#9704=CARTESIAN_POINT('',(2.80000000000001,-9.0,-15.6583123951777));
#9705=AXIS2_PLACEMENT_3D('',#10498,#10499,#10500);
#9706=CARTESIAN_POINT('',(2.80000000000001,-9.0,-18.3808797981717));
#9707=VECTOR('',#10501,10.0);
#9708=CARTESIAN_POINT('',(-2.19953969023971,-4.0,-15.6583123951777));
#9709=CARTESIAN_POINT('',(1.8,-4.0,-15.6583123951777));
#9710=VECTOR('',#10502,10.0);
#9711=CARTESIAN_POINT('',(-2.19953969023971,-4.0,-0.499999999999998));
#9712=VECTOR('',#10503,10.0);
#9713=CARTESIAN_POINT('',(-4.64424188956268,-9.0,-15.6583123951777));
#9714=CARTESIAN_POINT('',(-4.64424188956268,-9.0,-0.499999999999998));
#9715=VECTOR('',#10504,10.0);
#9716=CARTESIAN_POINT('',(1.80000000000001,-9.0,-15.6583123951777));
#9717=VECTOR('',#10505,10.0);
#9718=CARTESIAN_POINT('',(-2.19953969023971,-4.0,-15.6583123951777));
#9719=CARTESIAN_POINT('',(-2.27370567831378,-4.09295281475181,-15.7984440359682));
#9720=CARTESIAN_POINT('',(-2.3531560805408,-4.19528023961694,-15.9268449812447));
#9721=CARTESIAN_POINT('',(-2.43301779315533,-4.30171649237336,-16.0414577193997));
#9722=CARTESIAN_POINT('',(-2.50995689816046,-4.40425761951778,-16.1518761064733));
#9723=CARTESIAN_POINT('',(-2.59154636087151,-4.51620125656004,-16.2557318496855));
#9724=CARTESIAN_POINT('',(-2.67628671079239,-4.6370834734774,-16.351497823773));
#9725=CARTESIAN_POINT('',(-2.89537411386314,-4.94961193254775,-16.599090836841));
#9726=CARTESIAN_POINT('',(-3.13301581482079,-5.32077055800636,-16.7882913146435));
#9727=CARTESIAN_POINT('',(-3.35353339741216,-5.71292208996922,-16.8949107695301));
#9728=CARTESIAN_POINT('',(-3.4859314430558,-5.94836860547113,-16.9589247465051));
#9729=CARTESIAN_POINT('',(-3.61224504388341,-6.19094227187567,-16.9935126641543));
#9730=CARTESIAN_POINT('',(-3.72696411085626,-6.42885590983591,-16.9991563011011));
#9731=CARTESIAN_POINT('',(-3.8047351691643,-6.5901437924724,-17.0029822703114));
#9732=CARTESIAN_POINT('',(-3.87959802646636,-6.75394886981875,-16.9940830874074));
#9733=CARTESIAN_POINT('',(-3.95230003954665,-6.92261303486459,-16.9700838747016));
#9734=CARTESIAN_POINT('',(-4.11278613103352,-7.29493082188669,-16.9171068018157));
#9735=CARTESIAN_POINT('',(-4.2555392312113,-7.67864690960406,-16.7872940401054));
#9736=CARTESIAN_POINT('',(-4.36738682965428,-8.02146238881032,-16.5855661274536));
#9737=CARTESIAN_POINT('',(-4.42992335534568,-8.2131382881701,-16.4727754822557));
#9738=CARTESIAN_POINT('',(-4.48321395155202,-8.39200118207276,-16.3383014235774));
#9739=CARTESIAN_POINT('',(-4.52754133596158,-8.55077331970363,-16.1895955770854));
#9740=CARTESIAN_POINT('',(-4.56136615227513,-8.67192728496933,-16.0761228782256));
#9741=CARTESIAN_POINT('',(-4.59055562614116,-8.78322491748456,-15.9535329981482));
#9742=CARTESIAN_POINT('',(-4.61653957787648,-8.8870925519845,-15.8170825925808));
#9743=CARTESIAN_POINT('',(-4.62631042151519,-8.92615029139838,-15.7657726305389));
#9744=CARTESIAN_POINT('',(-4.63554866084877,-8.96386177020581,-15.7127928264572));
#9745=CARTESIAN_POINT('',(-4.64424188956268,-9.0,-15.6583123951777));
#9746=CARTESIAN_POINT('',(1.80000000000001,-6.5,17.0));
#9747=CARTESIAN_POINT('',(2.1,-6.5,18.0));
#9748=CARTESIAN_POINT('',(1.95000000000001,-6.5,17.5));
#9749=VECTOR('',#10506,10.0);
#9750=CARTESIAN_POINT('',(2.1,-3.0,15.9364916731037));
#9751=AXIS2_PLACEMENT_3D('',#10507,#10508,#10509);
#9752=CARTESIAN_POINT('',(1.8,-4.0,15.6583123951777));
#9753=CARTESIAN_POINT('',(2.1,-3.0,15.9364916731037));
#9754=CARTESIAN_POINT('',(1.93839244339992,-3.53869185533362,15.7974020341407));
#9755=CARTESIAN_POINT('',(1.8,-4.0,15.6583123951777));
#9756=AXIS2_PLACEMENT_3D('',#10510,#10511,#10512);
#9757=CARTESIAN_POINT('',(2.80000000000001,-6.5,18.0));
#9758=CARTESIAN_POINT('',(1.8,-6.5,18.0));
#9759=VECTOR('',#10513,10.0);
#9760=CARTESIAN_POINT('',(2.8,-3.0,15.9364916731037));
#9761=AXIS2_PLACEMENT_3D('',#10514,#10515,#10516);
#9762=CARTESIAN_POINT('',(1.8,-3.0,15.9364916731037));
#9763=VECTOR('',#10517,10.0);
#9764=CARTESIAN_POINT('',(2.80000000000001,-6.5,17.0));
#9765=CARTESIAN_POINT('',(1.80000000000001,-6.5,17.0));
#9766=VECTOR('',#10518,10.0);
#9767=CARTESIAN_POINT('',(2.80000000000001,-6.5,14.6823461284579));
#9768=CARTESIAN_POINT('',(2.80000000000001,-6.5,14.5235191926868));
#9769=VECTOR('',#10519,10.0);
#9770=CARTESIAN_POINT('',(4.80000000000001,-6.5,15.0));
#9771=CARTESIAN_POINT('',(4.76309204657827,-6.5,14.9941380228524));
#9772=VECTOR('',#10520,10.0);
#9773=CARTESIAN_POINT('',(4.80000000000001,-6.5,17.0));
#9774=CARTESIAN_POINT('',(4.80000000000001,-6.5,14.7900867262657));
#9775=VECTOR('',#10521,10.0);
#9776=CARTESIAN_POINT('',(3.80000000000001,-6.5,17.5));
#9777=VECTOR('',#10522,10.0);
#9778=CARTESIAN_POINT('',(2.1,-3.0,14.5711672734181));
#9779=CARTESIAN_POINT('',(2.1,-3.0,15.4965729664742));
#9780=VECTOR('',#10523,10.0);
#9781=CARTESIAN_POINT('',(1.8,-4.0,14.5235191926868));
#9782=CARTESIAN_POINT('',(1.18395299726205,-6.05349000912651,14.425674334951));
#9783=VECTOR('',#10524,10.0);
#9784=CARTESIAN_POINT('',(1.8,-4.0,15.6583123951777));
#9785=VECTOR('',#10525,10.0);
#9786=CARTESIAN_POINT('',(2.8,-3.0,14.6823461284579));
#9787=CARTESIAN_POINT('',(3.40944810723329,-3.0,14.7791429038412));
#9788=VECTOR('',#10526,10.0);
#9789=CARTESIAN_POINT('',(4.8,-4.0,15.0));
#9790=CARTESIAN_POINT('',(5.5170764903898,-4.35853824519489,15.1138910616821));
#9791=VECTOR('',#10527,10.0);
#9792=CARTESIAN_POINT('',(4.80000000000001,-8.25,15.0));
#9793=VECTOR('',#10528,10.0);
#9794=CARTESIAN_POINT('',(2.80000000000001,-9.0,14.6823461284579));
#9795=CARTESIAN_POINT('',(2.80000000000001,-9.125,14.6823461284579));
#9796=VECTOR('',#10529,10.0);
#9797=CARTESIAN_POINT('',(-4.64424188956268,-8.99999999999999,13.5));
#9798=CARTESIAN_POINT('',(3.56928637993078,-9.0,14.8045295269127));
#9799=VECTOR('',#10530,10.0);
#9800=CARTESIAN_POINT('',(-2.19953969023971,-4.0,13.8882845591913));
#9801=AXIS2_PLACEMENT_3D('',#10531,#10532,#10533);
#9802=CARTESIAN_POINT('',(3.1819890024157,-4.0,14.7430162712098));
#9803=VECTOR('',#10534,10.0);
#9804=CARTESIAN_POINT('',(2.8,-3.0,15.4965729664742));
#9805=VECTOR('',#10535,10.0);
#9806=CARTESIAN_POINT('',(-5.0,-12.0,-21.5));
#9807=CARTESIAN_POINT('',(-4.5,-12.0,-22.0));
#9808=CARTESIAN_POINT('',(-5.0,-12.0,-21.5));
#9809=VECTOR('',#10536,10.0);
#9810=AXIS2_PLACEMENT_3D('',#10537,#10538,#10539);
#9811=AXIS2_PLACEMENT_3D('',#10540,#10541,#10542);
#9812=CARTESIAN_POINT('',(-4.5,-10.2415273475832,-22.0));
#9813=VECTOR('',#10543,10.0);
#9814=CARTESIAN_POINT('',(-5.0,-10.2415273475832,-21.5));
#9815=VECTOR('',#10544,10.0);
#9816=CARTESIAN_POINT('',(-5.0,-12.0,-11.5));
#9817=CARTESIAN_POINT('',(-5.0,-12.0,-0.499999999999998));
#9818=VECTOR('',#10545,10.0);
#9819=CARTESIAN_POINT('',(-5.0,-10.1006280274331,-11.5));
#9820=VECTOR('',#10546,10.0);
#9821=AXIS2_PLACEMENT_3D('',#10547,#10548,#10549);
#9822=CARTESIAN_POINT('',(-4.49999999999999,-12.0,22.0));
#9823=CARTESIAN_POINT('',(-5.0,-12.0,21.5));
#9824=CARTESIAN_POINT('',(-4.49999999999999,-12.0,22.0));
#9825=VECTOR('',#10550,10.0);
#9826=AXIS2_PLACEMENT_3D('',#10551,#10552,#10553);
#9827=AXIS2_PLACEMENT_3D('',#10554,#10555,#10556);
#9828=CARTESIAN_POINT('',(-5.0,-10.2415273475832,21.5));
#9829=VECTOR('',#10557,10.0);
#9830=CARTESIAN_POINT('',(-4.5,-10.2415273475832,22.0));
#9831=VECTOR('',#10558,10.0);
#9832=CARTESIAN_POINT('',(-4.5,-12.0,-11.0));
#9833=AXIS2_PLACEMENT_3D('',#10559,#10560,#10561);
#9834=CARTESIAN_POINT('',(-4.5,-12.0,-11.0));
#9835=VECTOR('',#10562,10.0);
#9836=CARTESIAN_POINT('',(-4.5,-13.0,-11.0));
#9837=VECTOR('',#10563,10.0);
#9838=CARTESIAN_POINT('',(-5.0,-12.0,11.5));
#9839=CARTESIAN_POINT('',(-4.5,-12.0,11.0));
#9840=CARTESIAN_POINT('',(-5.0,-12.0,11.5));
#9841=VECTOR('',#10564,10.0);
#9842=AXIS2_PLACEMENT_3D('',#10565,#10566,#10567);
#9843=AXIS2_PLACEMENT_3D('',#10568,#10569,#10570);
#9844=CARTESIAN_POINT('',(-5.0,-10.1006280274331,11.5));
#9845=VECTOR('',#10571,10.0);
#9846=CARTESIAN_POINT('',(-4.5,-13.0,11.0));
#9847=VECTOR('',#10572,10.0);
#9848=CARTESIAN_POINT('',(-5.0,-12.0,-0.499999999999998));
#9849=VECTOR('',#10573,10.0);
#9850=CARTESIAN_POINT('',(-4.64424188956268,-9.0,15.6583123951777));
#9851=CARTESIAN_POINT('',(-4.64424188956268,-9.0,-0.499999999999998));
#9852=VECTOR('',#10574,10.0);
#9853=CARTESIAN_POINT('',(-2.19953969023971,-4.0,15.6583123951777));
#9854=CARTESIAN_POINT('',(-4.64424188956268,-9.0,15.6583123951777));
#9855=CARTESIAN_POINT('',(-4.61863813515011,-8.8935637849865,15.8187710266801));
#9856=CARTESIAN_POINT('',(-4.58819805647705,-8.77319729544464,15.9662157561356));
#9857=CARTESIAN_POINT('',(-4.55356865276022,-8.64539418820254,16.0969701421877));
#9858=CARTESIAN_POINT('',(-4.51912700227842,-8.51828400212736,16.2270156058692));
#9859=CARTESIAN_POINT('',(-4.47906632643073,-8.37812292378641,16.346773941971));
#9860=CARTESIAN_POINT('',(-4.43215955937732,-8.22576517189778,16.4539222830939));
#9861=CARTESIAN_POINT('',(-4.33299298328289,-7.90366246592709,16.6804468293551));
#9862=CARTESIAN_POINT('',(-4.20316877548856,-7.53133512749937,16.8429575528609));
#9863=CARTESIAN_POINT('',(-4.05119175458376,-7.15847713308726,16.926842644421));
#9864=CARTESIAN_POINT('',(-3.97105394243478,-6.9618683054069,16.9710754348094));
#9865=CARTESIAN_POINT('',(-3.8851572862749,-6.76548119457274,16.9941452993184));
#9866=CARTESIAN_POINT('',(-3.79743515343978,-6.57743129564069,16.9990005659312));
#9867=CARTESIAN_POINT('',(-3.7220423002164,-6.41581166818016,17.0031734284832));
#9868=CARTESIAN_POINT('',(-3.64348646782072,-6.25605326557203,16.9945267779933));
#9869=CARTESIAN_POINT('',(-3.559512566696,-6.09415213919096,16.9724211535172));
#9870=CARTESIAN_POINT('',(-3.34230330891595,-5.67537412573702,16.915242122641));
#9871=CARTESIAN_POINT('',(-3.09547191245024,-5.26094193235805,16.7645077271364));
#9872=CARTESIAN_POINT('',(-2.85838774744297,-4.90393854254436,16.5401944461054));
#9873=CARTESIAN_POINT('',(-2.73969301230721,-4.72520698198145,16.4278933758142));
#9874=CARTESIAN_POINT('',(-2.62378320927936,-4.56053606918914,16.297809453653));
#9875=CARTESIAN_POINT('',(-2.5164650105197,-4.41420548038318,16.1562609354938));
#9876=CARTESIAN_POINT('',(-2.43082904682075,-4.2974390685736,16.0433104396522));
#9877=CARTESIAN_POINT('',(-2.34688901465151,-4.18716161926443,15.9184870812167));
#9878=CARTESIAN_POINT('',(-2.26657254590265,-4.08474247207966,15.7794749432976));
#9879=CARTESIAN_POINT('',(-2.24381880301066,-4.05572701636352,15.7400926535338));
#9880=CARTESIAN_POINT('',(-2.22143670876972,-4.02744370512537,15.6996853373404));
#9881=CARTESIAN_POINT('',(-2.19953969023971,-4.0,15.6583123951777));
#9882=CARTESIAN_POINT('',(-2.19953969023971,-4.0,-0.499999999999998));
#9883=VECTOR('',#10575,10.0);
#9884=CARTESIAN_POINT('',(4.80000000000001,-4.0,15.6583123951777));
#9885=CARTESIAN_POINT('',(4.80000000000001,-4.0,15.6583123951777));
#9886=CARTESIAN_POINT('',(3.87738371066743,-3.53869185533371,15.7974020341407));
#9887=CARTESIAN_POINT('',(2.8,-3.0,15.9364916731037));
#9888=AXIS2_PLACEMENT_3D('',#10576,#10577,#10578);
#9889=CARTESIAN_POINT('',(4.80000000000001,-4.0,15.4965729664742));
#9890=VECTOR('',#10579,10.0);
#9891=CARTESIAN_POINT('',(-4.5,-12.0,0.0));
#9892=VECTOR('',#10580,10.0);
#9893=CARTESIAN_POINT('',(-4.5,-12.0,0.0));
#9894=VECTOR('',#10581,10.0);
#9895=CARTESIAN_POINT('',(2.80000000000001,-9.0,15.6583123951777));
#9896=AXIS2_PLACEMENT_3D('',#10582,#10583,#10584);
#9897=CARTESIAN_POINT('',(2.80000000000001,-9.0,18.3808797981717));
#9898=VECTOR('',#10585,10.0);
#9899=CARTESIAN_POINT('',(1.8,-9.0,15.6583123951777));
#9900=VECTOR('',#10586,10.0);
#9901=CARTESIAN_POINT('',(1.8,-4.0,15.6583123951777));
#9902=VECTOR('',#10587,10.0);
#9903=DIRECTION('',(-3.06161699786838E-16,1.0,0.0));
#9904=CARTESIAN_POINT('',(-6.0,-12.5,22.5));
#9905=DIRECTION('',(5.55111512312578E-16,-1.0,5.5511151231258E-16));
#9906=DIRECTION('',(-0.707106781186549,1.4791141972894E-31,0.707106781186547));
#9907=DIRECTION('',(-3.06161699786838E-16,1.0,0.0));
#9908=CARTESIAN_POINT('',(-6.0,-12.0,22.5));
#9909=DIRECTION('',(0.0,-1.0,0.0));
#9910=DIRECTION('',(0.0,0.0,1.0));
#9911=DIRECTION('',(-1.0,0.0,0.0));
#9912=CARTESIAN_POINT('',(0.0,-12.5,22.5));
#9913=DIRECTION('',(-1.0,-2.56205313375036E-16,-2.46519032881566E-32));
#9914=DIRECTION('',(1.81164514463513E-16,-0.707106781186549,0.707106781186546));
#9915=DIRECTION('',(-1.0,0.0,0.0));
#9916=CARTESIAN_POINT('',(-6.0,-12.5,22.5));
#9917=DIRECTION('',(-1.0,0.0,0.0));
#9918=DIRECTION('',(0.0,-0.707106781186549,0.707106781186546));
#9919=DIRECTION('',(1.0,0.0,0.0));
#9920=CARTESIAN_POINT('',(-6.0,-12.5,-22.5));
#9921=DIRECTION('',(-1.0,2.46519032881566E-32,2.7755575615629E-16));
#9922=DIRECTION('',(-1.96261557335472E-16,-0.707106781186549,-0.707106781186546));
#9923=DIRECTION('',(1.0,0.0,0.0));
#9924=CARTESIAN_POINT('',(0.0,-12.5,-22.5));
#9925=DIRECTION('',(-1.0,-2.56205313375036E-16,2.46519032881566E-32));
#9926=DIRECTION('',(1.81164514463513E-16,-0.707106781186549,-0.707106781186546));
#9927=DIRECTION('',(0.0,0.0,-1.0));
#9928=CARTESIAN_POINT('',(-6.0,-12.5,22.5));
#9929=DIRECTION('',(0.0,0.0,1.0));
#9930=DIRECTION('',(0.0,-1.0,0.0));
#9931=DIRECTION('',(0.0,0.0,-1.0));
#9932=CARTESIAN_POINT('',(-6.0,-12.5,-22.5));
#9933=DIRECTION('',(-0.0,0.0,-1.0));
#9934=DIRECTION('',(-0.707106781186547,-0.707106781186548,0.0));
#9935=DIRECTION('',(3.06161699786838E-16,-1.0,0.0));
#9936=CARTESIAN_POINT('',(-5.99999999999999,-12.0,-22.5));
#9937=DIRECTION('',(5.55111512312575E-16,1.0,0.0));
#9938=DIRECTION('',(0.0,0.0,-1.0));
#9939=DIRECTION('',(3.06161699786838E-16,-1.0,0.0));
#9940=CARTESIAN_POINT('',(-6.0,-12.5,-22.5));
#9941=DIRECTION('',(1.11022302462516E-15,-1.0,0.0));
#9942=DIRECTION('',(0.0,0.0,-1.0));
#9943=DIRECTION('',(1.0,2.55673931888089E-16,0.0));
#9944=DIRECTION('',(-1.0,-2.55673931888089E-16,0.0));
#9945=DIRECTION('',(0.0,0.0,1.0));
#9946=DIRECTION('',(-1.0,-2.55673931888089E-16,2.46519032881566E-32));
#9947=DIRECTION('',(0.0,0.0,1.0));
#9948=DIRECTION('',(1.0,2.55673931888089E-16,-2.46519032881566E-32));
#9949=DIRECTION('',(0.0,0.0,-1.0));
#9950=DIRECTION('',(0.0,0.0,-1.0));
#9951=DIRECTION('',(0.0,0.0,-1.0));
#9952=CARTESIAN_POINT('',(7.82692307692307,-12.0,1.47465699274257));
#9953=DIRECTION('',(0.0,0.0,-1.0));
#9954=DIRECTION('',(0.634945397815913,-0.772557015237317,0.0));
#9955=DIRECTION('',(-1.0,-2.57086495047692E-16,0.0));
#9956=DIRECTION('',(-1.0,-2.57086495047692E-16,0.0));
#9957=DIRECTION('',(-1.0,-2.57086495047692E-16,0.0));
#9958=DIRECTION('',(-1.0,-2.57086495047692E-16,0.0));
#9959=DIRECTION('',(-1.0,-2.57086495047692E-16,0.0));
#9960=DIRECTION('',(-1.0,-2.57086495047692E-16,0.0));
#9961=CARTESIAN_POINT('',(7.82692307692307,-12.0,1.47465699274257));
#9962=DIRECTION('',(0.0,0.0,1.0));
#9963=DIRECTION('',(0.634945397815913,-0.772557015237317,0.0));
#9964=DIRECTION('',(-1.0,-2.57086495047692E-16,0.0));
#9965=DIRECTION('',(-1.0,-2.57086495047692E-16,0.0));
#9966=DIRECTION('',(0.0,0.0,1.0));
#9967=DIRECTION('',(-1.0,-2.57086495047692E-16,0.0));
#9968=DIRECTION('',(-1.0,-2.57086495047692E-16,0.0));
#9969=DIRECTION('',(-1.0,-2.57086495047692E-16,0.0));
#9970=DIRECTION('',(-1.0,-2.57086495047692E-16,0.0));
#9971=DIRECTION('',(-1.0,-2.57086495047692E-16,0.0));
#9972=DIRECTION('',(-1.0,-2.57086495047692E-16,0.0));
#9973=DIRECTION('',(-1.0,-2.57086495047692E-16,0.0));
#9974=DIRECTION('',(-1.0,-2.57086495047692E-16,0.0));
#9975=DIRECTION('',(-1.0,-2.57086495047692E-16,0.0));
#9976=DIRECTION('',(-1.0,-2.57086495047692E-16,0.0));
#9977=DIRECTION('',(-1.0,-2.57086495047692E-16,0.0));
#9978=DIRECTION('',(-1.0,-2.57086495047692E-16,0.0));
#9979=DIRECTION('',(-1.0,-2.57086495047692E-16,0.0));
#9980=CARTESIAN_POINT('',(7.82692307692307,-12.0,-0.000424005458272703));
#9981=DIRECTION('',(0.0,0.0,-1.0));
#9982=DIRECTION('',(0.634945397815913,-0.772557015237317,0.0));
#9983=CARTESIAN_POINT('',(7.82692307692307,-12.0,0.685151341047929));
#9984=DIRECTION('',(0.0,0.0,1.0));
#9985=DIRECTION('',(0.634945397815913,-0.772557015237317,0.0));
#9986=DIRECTION('',(-1.0,-2.54261368728487E-16,0.0));
#9987=DIRECTION('',(-1.0,-2.54261368728487E-16,0.0));
#9988=DIRECTION('',(-1.0,-2.54261368728487E-16,0.0));
#9989=DIRECTION('',(-1.0,-2.54261368728487E-16,0.0));
#9990=DIRECTION('',(-1.0,-2.57086495047692E-16,0.0));
#9991=DIRECTION('',(-1.0,-2.57086495047692E-16,0.0));
#9992=DIRECTION('',(-1.0,-2.57086495047692E-16,0.0));
#9993=DIRECTION('',(-1.0,-2.57086495047692E-16,0.0));
#9994=DIRECTION('',(-1.0,-2.57086495047692E-16,0.0));
#9995=DIRECTION('',(-1.0,-2.57086495047692E-16,0.0));
#9996=DIRECTION('',(-1.0,-2.57086495047692E-16,0.0));
#9997=DIRECTION('',(-1.0,-2.57086495047692E-16,0.0));
#9998=DIRECTION('',(-1.0,-2.57086495047692E-16,0.0));
#9999=CARTESIAN_POINT('',(7.82692307692307,-12.0,-0.000424005458272703));
#10000=DIRECTION('',(0.0,0.0,1.0));
#10001=DIRECTION('',(0.634945397815913,-0.772557015237317,0.0));
#10002=DIRECTION('',(-1.0,-2.57086495047692E-16,0.0));
#10003=DIRECTION('',(-1.0,-2.57086495047692E-16,0.0));
#10004=DIRECTION('',(-1.0,-2.54261368728487E-16,0.0));
#10005=DIRECTION('',(-1.0,-2.57086495047692E-16,0.0));
#10006=DIRECTION('',(-1.0,-2.57086495047692E-16,0.0));
#10007=CARTESIAN_POINT('',(7.82692307692307,-12.0,0.685151341047929));
#10008=DIRECTION('',(0.0,0.0,-1.0));
#10009=DIRECTION('',(0.634945397815913,-0.772557015237317,0.0));
#10010=DIRECTION('',(-1.0,-2.57086495047692E-16,0.0));
#10011=DIRECTION('',(-1.0,-2.57086495047692E-16,0.0));
#10012=DIRECTION('',(-1.0,-2.57086495047692E-16,0.0));
#10013=DIRECTION('',(-1.0,-2.54261368728487E-16,0.0));
#10014=DIRECTION('',(-1.0,-2.54261368728487E-16,0.0));
#10015=DIRECTION('',(-1.0,-2.54261368728487E-16,0.0));
#10016=DIRECTION('',(0.0,0.0,-1.0));
#10017=DIRECTION('',(-1.0,-2.54261368728487E-16,0.0));
#10018=DIRECTION('',(0.0,0.0,1.0));
#10019=CARTESIAN_POINT('',(7.82692307692307,-12.0,-0.718819448339771));
#10020=DIRECTION('',(0.0,0.0,1.0));
#10021=DIRECTION('',(0.634945397815913,-0.772557015237317,0.0));
#10022=DIRECTION('',(-1.0,-2.54261368728487E-16,0.0));
#10023=CARTESIAN_POINT('',(7.82692307692307,-12.0,-0.718819448339771));
#10024=DIRECTION('',(0.0,0.0,-1.0));
#10025=DIRECTION('',(0.634945397815913,-0.772557015237317,0.0));
#10026=DIRECTION('',(-1.0,-2.54261368728487E-16,0.0));
#10027=DIRECTION('',(-1.0,-2.54261368728487E-16,0.0));
#10028=DIRECTION('',(-1.0,-2.54261368728487E-16,0.0));
#10029=DIRECTION('',(-1.0,-2.54261368728487E-16,0.0));
#10030=CARTESIAN_POINT('',(7.82692307692307,-12.0,-1.56484859934743));
#10031=DIRECTION('',(0.0,0.0,-1.0));
#10032=DIRECTION('',(0.634945397815913,-0.772557015237317,0.0));
#10033=DIRECTION('',(-1.0,-2.54261368728487E-16,0.0));
#10034=CARTESIAN_POINT('',(7.82692307692307,-12.0,-1.56484859934743));
#10035=DIRECTION('',(0.0,0.0,1.0));
#10036=DIRECTION('',(0.634945397815913,-0.772557015237317,0.0));
#10037=DIRECTION('',(-1.0,-2.54261368728487E-16,0.0));
#10038=DIRECTION('',(-1.0,-2.54261368728487E-16,0.0));
#10039=DIRECTION('',(-1.0,-2.54261368728487E-16,0.0));
#10040=DIRECTION('',(-1.0,-2.54261368728487E-16,0.0));
#10041=DIRECTION('',(-1.0,-2.54261368728487E-16,0.0));
#10042=DIRECTION('',(-1.0,-2.54261368728487E-16,0.0));
#10043=DIRECTION('',(-1.0,-2.54261368728487E-16,0.0));
#10044=DIRECTION('',(0.0,0.0,1.0));
#10045=DIRECTION('',(0.0,0.0,-1.0));
#10046=DIRECTION('',(-1.0,-2.54261368728487E-16,0.0));
#10047=CARTESIAN_POINT('',(7.82692307692307,-12.0,-1.11630728221837));
#10048=DIRECTION('',(0.0,0.0,1.0));
#10049=DIRECTION('',(0.634945397815913,-0.772557015237317,0.0));
#10050=CARTESIAN_POINT('',(7.82692307692307,-12.0,-1.11630728221837));
#10051=DIRECTION('',(0.0,0.0,-1.0));
#10052=DIRECTION('',(0.634945397815913,-0.772557015237317,0.0));
#10053=DIRECTION('',(-1.0,-2.54261368728487E-16,0.0));
#10054=DIRECTION('',(0.0,0.0,-1.0));
#10055=DIRECTION('',(0.0,0.0,1.0));
#10056=DIRECTION('',(-1.0,-2.54261368728487E-16,0.0));
#10057=DIRECTION('',(-1.0,-2.54261368728487E-16,0.0));
#10058=DIRECTION('',(-1.0,-2.54261368728487E-16,0.0));
#10059=DIRECTION('',(-1.0,-2.54261368728487E-16,0.0));
#10060=DIRECTION('',(-1.0,-2.54261368728487E-16,0.0));
#10061=DIRECTION('',(-1.0,-2.54261368728487E-16,0.0));
#10062=DIRECTION('',(0.0,0.0,1.0));
#10063=DIRECTION('',(0.0,0.0,-1.0));
#10064=DIRECTION('',(-1.0,-2.54261368728487E-16,0.0));
#10065=CARTESIAN_POINT('',(7.82692307692307,-12.0,-0.656825932964211));
#10066=DIRECTION('',(0.0,0.0,1.0));
#10067=DIRECTION('',(0.634945397815913,-0.772557015237317,0.0));
#10068=CARTESIAN_POINT('',(7.82692307692307,-12.0,-0.656825932964211));
#10069=DIRECTION('',(0.0,0.0,-1.0));
#10070=DIRECTION('',(0.634945397815913,-0.772557015237317,0.0));
#10071=DIRECTION('',(-1.0,-2.54261368728487E-16,0.0));
#10072=DIRECTION('',(0.0,0.0,1.0));
#10073=CARTESIAN_POINT('',(7.82692307692307,-12.0,5.19426791527622));
#10074=DIRECTION('',(0.0,0.0,1.0));
#10075=DIRECTION('',(0.634945397815913,-0.772557015237317,0.0));
#10076=DIRECTION('',(-1.0,-2.54261368728487E-16,0.0));
#10077=DIRECTION('',(-1.0,-2.54261368728487E-16,0.0));
#10078=DIRECTION('',(-1.0,-2.54261368728487E-16,0.0));
#10079=DIRECTION('',(-1.0,-2.54261368728487E-16,0.0));
#10080=DIRECTION('',(-1.0,-2.54261368728487E-16,0.0));
#10081=DIRECTION('',(-1.0,-2.54261368728487E-16,0.0));
#10082=CARTESIAN_POINT('',(7.82692307692307,-12.0,5.19426791527622));
#10083=DIRECTION('',(0.0,0.0,-1.0));
#10084=DIRECTION('',(0.634945397815913,-0.772557015237317,0.0));
#10085=DIRECTION('',(-1.0,-2.54261368728487E-16,0.0));
#10086=DIRECTION('',(-1.0,-2.54261368728487E-16,0.0));
#10087=DIRECTION('',(0.0,0.0,-1.0));
#10088=DIRECTION('',(-1.0,-2.54261368728487E-16,0.0));
#10089=DIRECTION('',(-1.0,-2.54261368728487E-16,0.0));
#10090=DIRECTION('',(-1.0,-2.54261368728487E-16,0.0));
#10091=DIRECTION('',(-1.0,-2.54261368728487E-16,0.0));
#10092=DIRECTION('',(-1.0,-2.54261368728487E-16,0.0));
#10093=DIRECTION('',(-1.0,-2.54261368728487E-16,0.0));
#10094=DIRECTION('',(-1.0,-2.54261368728487E-16,0.0));
#10095=DIRECTION('',(-1.0,-2.54261368728487E-16,0.0));
#10096=DIRECTION('',(-1.0,-2.54261368728487E-16,0.0));
#10097=DIRECTION('',(-1.0,-2.54261368728487E-16,0.0));
#10098=DIRECTION('',(-1.0,-2.54261368728487E-16,0.0));
#10099=DIRECTION('',(-1.0,-2.54261368728487E-16,0.0));
#10100=DIRECTION('',(-1.0,-2.54261368728487E-16,0.0));
#10101=DIRECTION('',(0.0,0.0,-1.0));
#10102=DIRECTION('',(-1.0,-2.57086495047692E-16,0.0));
#10103=DIRECTION('',(0.0,0.0,1.0));
#10104=DIRECTION('',(-1.0,-2.57086495047692E-16,0.0));
#10105=CARTESIAN_POINT('',(7.82692307692307,-12.0,-2.54033479716875));
#10106=DIRECTION('',(0.0,0.0,1.0));
#10107=DIRECTION('',(0.634945397815913,-0.772557015237317,0.0));
#10108=DIRECTION('',(-1.0,-2.57086495047692E-16,0.0));
#10109=CARTESIAN_POINT('',(7.82692307692307,-12.0,-2.54033479716875));
#10110=DIRECTION('',(0.0,0.0,-1.0));
#10111=DIRECTION('',(0.634945397815913,-0.772557015237317,0.0));
#10112=DIRECTION('',(0.0,0.0,1.0));
#10113=DIRECTION('',(-1.0,-2.57086495047692E-16,0.0));
#10114=DIRECTION('',(0.0,0.0,-1.0));
#10115=CARTESIAN_POINT('',(7.82692307692307,-12.0,-2.94876266317244));
#10116=DIRECTION('',(0.0,0.0,1.0));
#10117=DIRECTION('',(0.634945397815913,-0.772557015237317,0.0));
#10118=DIRECTION('',(-1.0,-2.57086495047692E-16,0.0));
#10119=CARTESIAN_POINT('',(7.82692307692307,-12.0,-2.94876266317244));
#10120=DIRECTION('',(0.0,0.0,-1.0));
#10121=DIRECTION('',(0.634945397815913,-0.772557015237317,0.0));
#10122=DIRECTION('',(0.0,0.0,-1.0));
#10123=DIRECTION('',(-1.0,-2.57086495047692E-16,0.0));
#10124=DIRECTION('',(0.0,0.0,1.0));
#10125=CARTESIAN_POINT('',(7.82692307692307,-12.0,-3.63798468705368));
#10126=DIRECTION('',(0.0,0.0,-1.0));
#10127=DIRECTION('',(0.634945397815913,-0.772557015237317,0.0));
#10128=CARTESIAN_POINT('',(7.82692307692307,-12.0,-3.63798468705368));
#10129=DIRECTION('',(0.0,0.0,1.0));
#10130=DIRECTION('',(0.634945397815913,-0.772557015237317,0.0));
#10131=DIRECTION('',(-1.0,-2.57086495047692E-16,0.0));
#10132=DIRECTION('',(0.0,0.0,1.0));
#10133=DIRECTION('',(0.0,0.0,-1.0));
#10134=DIRECTION('',(-1.0,-2.57086495047692E-16,0.0));
#10135=CARTESIAN_POINT('',(7.82692307692307,-12.0,-3.23867351448757));
#10136=DIRECTION('',(0.0,0.0,-1.0));
#10137=DIRECTION('',(0.634945397815913,-0.772557015237317,0.0));
#10138=CARTESIAN_POINT('',(7.82692307692307,-12.0,-3.23867351448757));
#10139=DIRECTION('',(0.0,0.0,1.0));
#10140=DIRECTION('',(0.634945397815913,-0.772557015237317,0.0));
#10141=DIRECTION('',(-1.0,-2.57086495047692E-16,0.0));
#10142=DIRECTION('',(0.0,0.0,1.0));
#10143=DIRECTION('',(0.0,0.0,-1.0));
#10144=DIRECTION('',(-1.0,-2.57086495047692E-16,0.0));
#10145=DIRECTION('',(-1.0,-2.57086495047692E-16,0.0));
#10146=CARTESIAN_POINT('',(7.82692307692307,-12.0,-2.54033479716875));
#10147=DIRECTION('',(0.0,0.0,1.0));
#10148=DIRECTION('',(0.634945397815913,-0.772557015237317,0.0));
#10149=CARTESIAN_POINT('',(7.82692307692307,-12.0,-2.54033479716875));
#10150=DIRECTION('',(0.0,0.0,-1.0));
#10151=DIRECTION('',(0.634945397815913,-0.772557015237317,0.0));
#10152=DIRECTION('',(-1.0,-2.57086495047692E-16,0.0));
#10153=DIRECTION('',(-1.0,-2.57086495047692E-16,0.0));
#10154=DIRECTION('',(-1.0,-2.57086495047692E-16,0.0));
#10155=DIRECTION('',(-1.0,-2.57086495047692E-16,0.0));
#10156=DIRECTION('',(-1.0,-2.57086495047692E-16,0.0));
#10157=DIRECTION('',(-1.0,-2.54261368728487E-16,0.0));
#10158=DIRECTION('',(-1.0,-2.54261368728487E-16,0.0));
#10159=DIRECTION('',(-1.0,-2.54261368728487E-16,0.0));
#10160=DIRECTION('',(-1.0,-2.57086495047692E-16,0.0));
#10161=DIRECTION('',(-1.0,-2.57086495047692E-16,0.0));
#10162=DIRECTION('',(-1.0,-2.57086495047692E-16,0.0));
#10163=DIRECTION('',(-1.0,-2.54261368728487E-16,0.0));
#10164=DIRECTION('',(0.0,0.0,-1.0));
#10165=DIRECTION('',(-1.0,-2.57086495047692E-16,0.0));
#10166=DIRECTION('',(0.0,0.0,1.0));
#10167=DIRECTION('',(-1.0,-2.57086495047692E-16,0.0));
#10168=CARTESIAN_POINT('',(7.82692307692307,-12.0,-4.17404626118353));
#10169=DIRECTION('',(0.0,0.0,1.0));
#10170=DIRECTION('',(0.634945397815913,-0.772557015237317,0.0));
#10171=DIRECTION('',(-1.0,-2.57086495047692E-16,0.0));
#10172=CARTESIAN_POINT('',(7.82692307692307,-12.0,-4.17404626118353));
#10173=DIRECTION('',(0.0,0.0,-1.0));
#10174=DIRECTION('',(0.634945397815913,-0.772557015237317,0.0));
#10175=CARTESIAN_POINT('',(7.82692307692307,-12.0,-4.53506732131179));
#10176=DIRECTION('',(0.0,0.0,-1.0));
#10177=DIRECTION('',(0.634945397815913,-0.772557015237317,0.0));
#10178=CARTESIAN_POINT('',(7.82692307692307,-12.0,-4.53506732131179));
#10179=DIRECTION('',(0.0,0.0,1.0));
#10180=DIRECTION('',(0.634945397815913,-0.772557015237317,0.0));
#10181=DIRECTION('',(-1.0,-2.57086495047692E-16,0.0));
#10182=DIRECTION('',(0.0,0.0,1.0));
#10183=DIRECTION('',(0.0,0.0,-1.0));
#10184=DIRECTION('',(0.0,0.0,-1.0));
#10185=CARTESIAN_POINT('',(7.82692307692307,-12.0,5.7886763274066));
#10186=DIRECTION('',(0.0,0.0,-1.0));
#10187=DIRECTION('',(0.634945397815913,-0.772557015237317,0.0));
#10188=DIRECTION('',(-1.0,-2.57086495047692E-16,0.0));
#10189=DIRECTION('',(-1.0,-2.57086495047692E-16,0.0));
#10190=DIRECTION('',(-1.0,-2.57086495047692E-16,0.0));
#10191=DIRECTION('',(-1.0,-2.57086495047692E-16,0.0));
#10192=DIRECTION('',(-1.0,-2.57086495047692E-16,0.0));
#10193=DIRECTION('',(-1.0,-2.57086495047692E-16,0.0));
#10194=CARTESIAN_POINT('',(7.82692307692307,-12.0,5.7886763274066));
#10195=DIRECTION('',(0.0,0.0,1.0));
#10196=DIRECTION('',(0.634945397815913,-0.772557015237317,0.0));
#10197=DIRECTION('',(-1.0,-2.57086495047692E-16,0.0));
#10198=DIRECTION('',(-1.0,-2.57086495047692E-16,0.0));
#10199=DIRECTION('',(0.0,0.0,1.0));
#10200=DIRECTION('',(-1.0,-2.57086495047692E-16,0.0));
#10201=DIRECTION('',(-1.0,-2.57086495047692E-16,0.0));
#10202=DIRECTION('',(-1.0,-2.57086495047692E-16,0.0));
#10203=DIRECTION('',(-1.0,-2.57086495047692E-16,0.0));
#10204=DIRECTION('',(-1.0,-2.57086495047692E-16,0.0));
#10205=DIRECTION('',(-1.0,-2.57086495047692E-16,0.0));
#10206=DIRECTION('',(-1.0,-2.57086495047692E-16,0.0));
#10207=DIRECTION('',(-1.0,-2.57086495047692E-16,0.0));
#10208=DIRECTION('',(-1.0,-2.57086495047692E-16,0.0));
#10209=DIRECTION('',(-1.0,-2.57086495047692E-16,0.0));
#10210=DIRECTION('',(-1.0,-2.57086495047692E-16,0.0));
#10211=DIRECTION('',(-1.0,-2.57086495047692E-16,0.0));
#10212=DIRECTION('',(-1.0,-2.57086495047692E-16,0.0));
#10213=DIRECTION('',(-1.0,-2.57086495047692E-16,0.0));
#10214=DIRECTION('',(-1.0,-2.57086495047692E-16,0.0));
#10215=CARTESIAN_POINT('',(7.82692307692307,-12.0,-4.94167184862797));
#10216=DIRECTION('',(0.0,0.0,1.0));
#10217=DIRECTION('',(0.634945397815913,-0.772557015237317,0.0));
#10218=DIRECTION('',(-1.0,-2.57086495047692E-16,0.0));
#10219=CARTESIAN_POINT('',(7.82692307692307,-12.0,-4.94167184862797));
#10220=DIRECTION('',(0.0,0.0,-1.0));
#10221=DIRECTION('',(0.634945397815913,-0.772557015237317,0.0));
#10222=DIRECTION('',(0.0,0.0,1.0));
#10223=DIRECTION('',(-1.0,-2.57086495047692E-16,0.0));
#10224=DIRECTION('',(0.0,0.0,-1.0));
#10225=DIRECTION('',(-1.0,-2.57086495047692E-16,0.0));
#10226=DIRECTION('',(-1.0,-2.57086495047692E-16,0.0));
#10227=DIRECTION('',(-1.0,-2.57086495047692E-16,0.0));
#10228=DIRECTION('',(-1.0,-2.57086495047692E-16,0.0));
#10229=DIRECTION('',(-1.0,-2.57086495047692E-16,0.0));
#10230=DIRECTION('',(-1.0,-2.57086495047692E-16,0.0));
#10231=DIRECTION('',(-1.0,-2.57086495047692E-16,0.0));
#10232=DIRECTION('',(-1.0,-2.57086495047692E-16,0.0));
#10233=DIRECTION('',(-1.0,-2.57086495047692E-16,0.0));
#10234=DIRECTION('',(-1.0,-2.57086495047692E-16,0.0));
#10235=DIRECTION('',(-1.0,-2.57086495047692E-16,0.0));
#10236=DIRECTION('',(-1.0,-2.57086495047692E-16,0.0));
#10237=DIRECTION('',(-1.0,-2.57086495047692E-16,0.0));
#10238=DIRECTION('',(-1.0,-2.57086495047692E-16,0.0));
#10239=DIRECTION('',(0.0,0.0,-1.0));
#10240=DIRECTION('',(0.0,0.0,1.0));
#10241=DIRECTION('',(-1.0,-2.57086495047692E-16,0.0));
#10242=CARTESIAN_POINT('',(7.82692307692307,-12.0,-6.38393275045352));
#10243=DIRECTION('',(0.0,0.0,-1.0));
#10244=DIRECTION('',(0.634945397815913,-0.772557015237317,0.0));
#10245=CARTESIAN_POINT('',(7.82692307692307,-12.0,-6.38393275045352));
#10246=DIRECTION('',(0.0,0.0,1.0));
#10247=DIRECTION('',(0.634945397815913,-0.772557015237317,0.0));
#10248=DIRECTION('',(-1.0,-2.57086495047692E-16,0.0));
#10249=CARTESIAN_POINT('',(7.82692307692307,-12.0,3.15577526263278));
#10250=DIRECTION('',(0.0,0.0,-1.0));
#10251=DIRECTION('',(0.634945397815913,-0.772557015237317,0.0));
#10252=DIRECTION('',(0.0,0.0,1.0));
#10253=CARTESIAN_POINT('',(7.82692307692307,-12.0,3.51679632276105));
#10254=DIRECTION('',(0.0,0.0,1.0));
#10255=DIRECTION('',(0.634945397815913,-0.772557015237317,0.0));
#10256=DIRECTION('',(0.0,0.0,-1.0));
#10257=DIRECTION('',(-1.0,-2.57086495047692E-16,0.0));
#10258=DIRECTION('',(0.0,0.0,-1.0));
#10259=DIRECTION('',(-1.0,-2.57086495047692E-16,0.0));
#10260=DIRECTION('',(-1.0,-2.57086495047692E-16,0.0));
#10261=CARTESIAN_POINT('',(7.82692307692307,-12.0,3.15577526263278));
#10262=DIRECTION('',(0.0,0.0,1.0));
#10263=DIRECTION('',(0.634945397815913,-0.772557015237317,0.0));
#10264=CARTESIAN_POINT('',(7.82692307692307,-12.0,3.51679632276105));
#10265=DIRECTION('',(0.0,0.0,-1.0));
#10266=DIRECTION('',(0.634945397815913,-0.772557015237317,0.0));
#10267=DIRECTION('',(-1.0,-2.57086495047692E-16,0.0));
#10268=DIRECTION('',(0.0,0.0,1.0));
#10269=CARTESIAN_POINT('',(7.82692307692307,-12.0,-6.75440237286363));
#10270=DIRECTION('',(1.3179110805335E-16,-0.518329263750967,-0.85518113539728));
#10271=DIRECTION('',(2.31065395837645E-16,-0.85518113539728,0.518329263750967));
#10272=DIRECTION('',(-1.0,-2.54261368728487E-16,0.0));
#10273=CARTESIAN_POINT('',(7.82692307692307,-12.0,-6.75440237286363));
#10274=DIRECTION('',(-1.3179110805335E-16,0.518329263750967,0.85518113539728));
#10275=DIRECTION('',(7.57920984197781E-17,-0.85518113539728,0.518329263750967));
#10276=DIRECTION('',(-1.0,-2.54261368728487E-16,0.0));
#10277=CARTESIAN_POINT('',(7.82692307692307,-12.0,-7.59098296158944));
#10278=DIRECTION('',(0.0,0.0,-1.0));
#10279=DIRECTION('',(0.634945397815913,-0.772557015237317,0.0));
#10280=DIRECTION('',(-1.0,-2.54261368728487E-16,0.0));
#10281=CARTESIAN_POINT('',(7.82692307692307,-12.0,-7.59098296158944));
#10282=DIRECTION('',(0.0,0.0,1.0));
#10283=DIRECTION('',(0.634945397815913,-0.772557015237317,0.0));
#10284=DIRECTION('',(0.0,0.0,-1.0));
#10285=DIRECTION('',(-1.0,-2.54261368728487E-16,0.0));
#10286=DIRECTION('',(0.0,0.0,1.0));
#10287=CARTESIAN_POINT('',(7.82692307692307,-12.0,-7.29195541683674));
#10288=DIRECTION('',(0.0,0.0,1.0));
#10289=DIRECTION('',(0.634945397815913,-0.772557015237317,0.0));
#10290=DIRECTION('',(-1.0,-2.54261368728487E-16,0.0));
#10291=CARTESIAN_POINT('',(7.82692307692307,-12.0,-7.29195541683674));
#10292=DIRECTION('',(0.0,0.0,-1.0));
#10293=DIRECTION('',(0.634945397815913,-0.772557015237317,0.0));
#10294=DIRECTION('',(0.0,0.0,1.0));
#10295=DIRECTION('',(0.0,0.0,-1.0));
#10296=DIRECTION('',(-1.0,-2.54261368728487E-16,0.0));
#10297=CARTESIAN_POINT('',(7.82692307692307,-12.0,-6.46195931607877));
#10298=DIRECTION('',(-1.30283800179289E-16,0.512401080946013,0.858746256029892));
#10299=DIRECTION('',(3.09371563302726E-16,-0.858746256029892,0.512401080946013));
#10300=CARTESIAN_POINT('',(7.82692307692307,-12.0,-6.46195931607877));
#10301=DIRECTION('',(1.30283800179289E-16,-0.512401080946013,-0.858746256029892));
#10302=DIRECTION('',(3.04432256796205E-16,-0.858746256029892,0.512401080946013));
#10303=DIRECTION('',(-1.0,-2.54261368728487E-16,0.0));
#10304=CARTESIAN_POINT('',(7.82692307692307,-12.0,-8.40645290246648));
#10305=DIRECTION('',(-1.28491593045571E-16,0.505352400516576,-0.862913061259438));
#10306=DIRECTION('',(3.10872694793887E-16,-0.862913061259438,-0.505352400516576));
#10307=CARTESIAN_POINT('',(7.82692307692307,-12.0,-8.40645290246648));
#10308=DIRECTION('',(1.28491593045571E-16,-0.505352400516576,0.862913061259438));
#10309=DIRECTION('',(3.05909421803625E-16,-0.862913061259438,-0.505352400516576));
#10310=DIRECTION('',(-1.0,-2.54261368728487E-16,0.0));
#10311=DIRECTION('',(0.0,0.0,1.0));
#10312=DIRECTION('',(0.0,0.0,-1.0));
#10313=DIRECTION('',(-1.0,-2.54261368728487E-16,0.0));
#10314=CARTESIAN_POINT('',(7.82692307692307,-12.0,-8.09002888788292));
#10315=DIRECTION('',(1.29444322949868E-16,-0.50909944989754,0.860707703064183));
#10316=DIRECTION('',(2.32558645036814E-16,-0.860707703064183,-0.50909944989754));
#10317=CARTESIAN_POINT('',(7.82692307692307,-12.0,-8.09002888788292));
#10318=DIRECTION('',(-1.29444322949868E-16,0.50909944989754,-0.860707703064183));
#10319=DIRECTION('',(2.28845703820384E-16,-0.860707703064183,-0.50909944989754));
#10320=CARTESIAN_POINT('',(7.82692307692307,-12.0,-13.6194947962441));
#10321=DIRECTION('',(1.36459211822102E-16,-0.4472406107952,-0.894413682842306));
#10322=DIRECTION('',(-2.81164881786159E-16,0.894413682842306,-0.4472406107952));
#10323=DIRECTION('',(0.0,0.0,1.0));
#10324=CARTESIAN_POINT('',(7.82692307692307,-12.0,-14.5521832915954));
#10325=DIRECTION('',(-1.36824718350971E-16,0.448438546508284,0.893813666266934));
#10326=DIRECTION('',(-4.21464393885683E-16,0.893813666266934,-0.448438546508284));
#10327=DIRECTION('',(0.0,0.0,1.0));
#10328=CARTESIAN_POINT('',(7.82692307692307,-12.0,-18.2507054754481));
#10329=DIRECTION('',(-5.14276633213749E-51,1.65433740011229E-35,-1.0));
#10330=DIRECTION('',(-0.546308724832215,0.83758389261745,1.38564635928869E-35));
#10331=DIRECTION('',(0.0,0.0,1.0));
#10332=CARTESIAN_POINT('',(7.82692307692307,-12.0,-19.0484246548305));
#10333=DIRECTION('',(5.14276633213749E-51,-1.65433740011229E-35,1.0));
#10334=DIRECTION('',(-0.546308724832215,0.83758389261745,1.38564635928869E-35));
#10335=DIRECTION('',(0.0,0.0,-1.0));
#10336=DIRECTION('',(-8.39209559241068E-05,-0.000135389265506563,0.99999998731351));
#10337=CARTESIAN_POINT('',(7.82692307692307,-12.0,-19.0484246548305));
#10338=DIRECTION('',(5.14276633213749E-51,-1.65433740011229E-35,1.0));
#10339=DIRECTION('',(-0.546308724832215,0.83758389261745,1.38564635928869E-35));
#10340=DIRECTION('',(-5.08162815651058E-05,-7.116991846235E-05,-0.999999996176274));
#10341=CARTESIAN_POINT('',(7.82692307692307,-12.0,-21.0003909085483));
#10342=DIRECTION('',(-5.14276633213749E-51,1.65433740011229E-35,-1.0));
#10343=DIRECTION('',(-0.546308724832215,0.83758389261745,1.38564635928869E-35));
#10344=DIRECTION('',(0.0,0.0,-1.0));
#10345=CARTESIAN_POINT('',(7.82692307692307,-12.0,-13.0003909085483));
#10346=DIRECTION('',(5.14276633213749E-51,-1.65433740011229E-35,1.0));
#10347=DIRECTION('',(-0.546308724832215,0.83758389261745,1.38564635928869E-35));
#10348=DIRECTION('',(0.0,0.0,1.0));
#10349=CARTESIAN_POINT('',(7.82692307692307,-12.0,-18.2507054754481));
#10350=DIRECTION('',(-5.00018524934605E-51,1.65433740011229E-35,-1.0));
#10351=DIRECTION('',(-0.546308724832215,0.83758389261745,1.38564635928869E-35));
#10352=DIRECTION('',(1.0,3.05113642474184E-16,0.0));
#10353=DIRECTION('',(1.0,3.05113642474184E-16,0.0));
#10354=DIRECTION('',(0.0,0.0,1.0));
#10355=DIRECTION('',(1.0,3.05113642474184E-16,0.0));
#10356=CARTESIAN_POINT('',(7.82692307692307,-12.0,-14.5521832915954));
#10357=DIRECTION('',(-1.36824718350971E-16,0.448438546508284,0.893813666266934));
#10358=DIRECTION('',(-4.84844341440483E-16,0.893813666266934,-0.448438546508284));
#10359=DIRECTION('',(1.0,3.05113642474184E-16,0.0));
#10360=DIRECTION('',(0.0,0.0,1.0));
#10361=DIRECTION('',(1.0,3.05113642474184E-16,0.0));
#10362=CARTESIAN_POINT('',(7.82692307692307,-12.0,-13.6194947962441));
#10363=DIRECTION('',(1.36459211822102E-16,-0.4472406107952,-0.894413682842305));
#10364=DIRECTION('',(-4.15859843275394E-16,0.894413682842305,-0.4472406107952));
#10365=DIRECTION('',(1.0,3.05113642474184E-16,0.0));
#10366=DIRECTION('',(1.0,3.05113642474184E-16,0.0));
#10367=DIRECTION('',(1.0,3.05113642474184E-16,0.0));
#10368=DIRECTION('',(0.0,0.0,-1.0));
#10369=DIRECTION('',(1.0,3.16414147751006E-16,0.0));
#10370=DIRECTION('',(1.0,3.16414147751006E-16,0.0));
#10371=CARTESIAN_POINT('',(7.82692307692307,-12.0,-21.0003909085483));
#10372=DIRECTION('',(-5.00018524934605E-51,1.65433740011229E-35,-1.0));
#10373=DIRECTION('',(-0.546308724832215,0.83758389261745,1.38564635928869E-35));
#10374=DIRECTION('',(1.0,3.16414147751006E-16,0.0));
#10375=DIRECTION('',(-4.97564942136833E-05,-7.11699184661429E-05,-0.999999996229567));
#10376=DIRECTION('',(1.0,3.05113642474184E-16,0.0));
#10377=CARTESIAN_POINT('',(7.82692307692307,-12.0,-19.0484246548305));
#10378=DIRECTION('',(5.00018524934605E-51,-1.65433740011229E-35,1.0));
#10379=DIRECTION('',(-0.546308724832215,0.83758389261745,1.38564635928869E-35));
#10380=DIRECTION('',(1.0,3.05113642474184E-16,0.0));
#10381=DIRECTION('',(-8.23122020352282E-05,-0.000135389265524667,0.999999987447224));
#10382=DIRECTION('',(1.0,3.05113642474184E-16,0.0));
#10383=DIRECTION('',(1.0,3.05113642474184E-16,0.0));
#10384=DIRECTION('',(1.0,3.05113642474184E-16,0.0));
#10385=DIRECTION('',(0.0,0.0,-1.0));
#10386=DIRECTION('',(1.0,3.05113642474184E-16,0.0));
#10387=CARTESIAN_POINT('',(7.82692307692307,-12.0,-19.0484246548305));
#10388=DIRECTION('',(5.00018524934605E-51,-1.65433740011229E-35,1.0));
#10389=DIRECTION('',(-0.546308724832215,0.83758389261745,1.38564635928869E-35));
#10390=DIRECTION('',(1.0,3.05113642474184E-16,0.0));
#10391=DIRECTION('',(0.0,0.0,1.0));
#10392=CARTESIAN_POINT('',(7.82692307692307,-12.0,-13.0003909085483));
#10393=DIRECTION('',(5.00018524934605E-51,-1.65433740011229E-35,1.0));
#10394=DIRECTION('',(-0.546308724832215,0.83758389261745,1.38564635928869E-35));
#10395=DIRECTION('',(1.0,3.16414147751006E-16,0.0));
#10396=DIRECTION('',(0.0,0.0,1.0));
#10397=CARTESIAN_POINT('',(7.82692307692307,-12.0,22.5));
#10398=DIRECTION('',(0.0,0.0,1.0));
#10399=DIRECTION('',(-0.879291966536774,0.476283148540752,0.0));
#10400=DIRECTION('',(0.0,0.0,1.0));
#10401=CARTESIAN_POINT('',(7.82692307692307,-12.0,-22.5));
#10402=DIRECTION('',(0.0,0.0,-1.0));
#10403=DIRECTION('',(-0.879291966536774,0.476283148540752,0.0));
#10404=DIRECTION('',(0.0,0.0,1.0));
#10405=CARTESIAN_POINT('',(-6.0,-12.5,22.5));
#10406=DIRECTION('',(5.55111512312578E-16,-1.0,5.5511151231258E-16));
#10407=DIRECTION('',(-0.707106781186549,1.4791141972894E-31,0.707106781186547));
#10408=CARTESIAN_POINT('',(-6.0,-12.5,22.5));
#10409=DIRECTION('',(0.0,0.0,1.0));
#10410=DIRECTION('',(0.0,-1.0,0.0));
#10411=CARTESIAN_POINT('',(-6.0,-12.5,22.5));
#10412=DIRECTION('',(-1.0,0.0,0.0));
#10413=DIRECTION('',(0.0,-0.707106781186549,0.707106781186546));
#10414=CARTESIAN_POINT('',(-6.0,-12.5,-22.5));
#10415=DIRECTION('',(-0.0,0.0,-1.0));
#10416=DIRECTION('',(-0.707106781186547,-0.707106781186548,0.0));
#10417=CARTESIAN_POINT('',(-6.0,-12.5,-22.5));
#10418=DIRECTION('',(1.11022302462516E-15,-1.0,0.0));
#10419=DIRECTION('',(0.0,0.0,-1.0));
#10420=CARTESIAN_POINT('',(-6.0,-12.5,-22.5));
#10421=DIRECTION('',(-1.0,2.46519032881566E-32,2.7755575615629E-16));
#10422=DIRECTION('',(-1.96261557335472E-16,-0.707106781186549,-0.707106781186546));
#10423=CARTESIAN_POINT('',(7.82692307692307,-12.0,-23.0));
#10424=DIRECTION('',(0.0,0.0,1.0));
#10425=DIRECTION('',(-0.879291966536774,0.476283148540752,0.0));
#10426=CARTESIAN_POINT('',(-5.99999999999999,-12.0,-22.5));
#10427=DIRECTION('',(5.55111512312575E-16,1.0,0.0));
#10428=DIRECTION('',(0.0,0.0,-1.0));
#10429=DIRECTION('',(-3.06161699786838E-16,1.0,0.0));
#10430=DIRECTION('',(0.0,0.0,1.0));
#10431=CARTESIAN_POINT('',(0.0,-12.5,-22.5));
#10432=DIRECTION('',(-1.0,-2.56205313375036E-16,2.46519032881566E-32));
#10433=DIRECTION('',(1.81164514463513E-16,-0.707106781186549,-0.707106781186546));
#10434=DIRECTION('',(-1.0,0.0,0.0));
#10435=DIRECTION('',(1.0,0.0,0.0));
#10436=CARTESIAN_POINT('',(0.0,-12.5,22.5));
#10437=DIRECTION('',(-1.0,-2.56205313375036E-16,-2.46519032881566E-32));
#10438=DIRECTION('',(1.81164514463513E-16,-0.707106781186549,0.707106781186546));
#10439=CARTESIAN_POINT('',(-6.0,-12.0,22.5));
#10440=DIRECTION('',(0.0,-1.0,0.0));
#10441=DIRECTION('',(0.0,0.0,1.0));
#10442=DIRECTION('',(3.06161699786838E-16,-1.0,0.0));
#10443=CARTESIAN_POINT('',(7.82692307692307,-12.0,23.0));
#10444=DIRECTION('',(0.0,0.0,-1.0));
#10445=DIRECTION('',(-0.879291966536774,0.476283148540752,0.0));
#10446=DIRECTION('',(2.56205313375036E-16,-1.0,0.0));
#10447=DIRECTION('',(0.0,0.0,1.0));
#10448=DIRECTION('',(-2.56205313375036E-16,1.0,0.0));
#10449=DIRECTION('',(0.0,0.0,-1.0));
#10450=DIRECTION('',(0.0,0.0,1.0));
#10451=DIRECTION('',(0.0,0.0,-1.0));
#10452=DIRECTION('',(2.56205313375036E-16,-1.0,0.0));
#10453=DIRECTION('',(0.0,0.0,1.0));
#10454=DIRECTION('',(-2.56205313375036E-16,1.0,0.0));
#10455=DIRECTION('',(-1.0,0.0,0.0));
#10456=DIRECTION('',(0.707106781186549,0.0,-0.707106781186546));
#10457=DIRECTION('',(0.0,0.0,1.0));
#10458=DIRECTION('',(-0.707106781186547,0.0,-0.707106781186548));
#10459=DIRECTION('',(0.0,0.0,1.0));
#10460=DIRECTION('',(0.707106781186547,0.0,-0.707106781186548));
#10461=DIRECTION('',(0.0,0.0,1.0));
#10462=DIRECTION('',(-0.707106781186549,0.0,-0.707106781186546));
#10463=DIRECTION('',(1.0,0.0,0.0));
#10464=DIRECTION('',(-0.287347885566346,0.0,0.957826285221151));
#10465=CARTESIAN_POINT('',(1.8,-6.5,-14.0));
#10466=DIRECTION('',(1.0,2.56205313375036E-16,-2.19128029228059E-32));
#10467=DIRECTION('',(2.1350442781253E-16,-0.833333333333333,0.552770798392566));
#10468=CARTESIAN_POINT('',(2.1,-6.5,-14.0));
#10469=DIRECTION('',(-1.0,-3.19814254812525E-16,-3.62068515648842E-17));
#10470=DIRECTION('',(-2.62308906319784E-16,0.875,-0.484122918275927));
#10471=DIRECTION('',(1.0,1.85037170770859E-16,0.0));
#10472=CARTESIAN_POINT('',(2.80000000000001,-6.5,-14.0));
#10473=DIRECTION('',(1.0,3.08226173017366E-16,1.87502523235675E-17));
#10474=DIRECTION('',(-2.606204745169E-16,0.875,-0.484122918275927));
#10475=DIRECTION('',(-1.0,-1.85037170770859E-16,0.0));
#10476=DIRECTION('',(0.0,0.0,1.0));
#10477=DIRECTION('',(0.287049096607331,0.95683032202444,-0.0455911284299956));
#10478=DIRECTION('',(3.62068515648843E-17,1.04070431133675E-32,-1.0));
#10479=DIRECTION('',(0.987620725642614,1.82746544867572E-16,-0.156860773557814));
#10480=DIRECTION('',(-1.87502523235675E-17,-7.17692337847355E-33,1.0));
#10481=CARTESIAN_POINT('',(4.80000000000001,-6.5,-14.0));
#10482=DIRECTION('',(-1.0,-3.08226173017366E-16,-1.87502523235675E-17));
#10483=DIRECTION('',(-2.606204745169E-16,0.875,-0.484122918275927));
#10484=DIRECTION('',(-0.894427190999916,-2.12788641706909E-16,-0.447213595499958));
#10485=DIRECTION('',(1.87502523235675E-17,7.17692337847355E-33,-1.0));
#10486=DIRECTION('',(3.08226173017366E-16,-1.0,-1.90959271621871E-17));
#10487=DIRECTION('',(1.87502523235675E-17,-1.309768817818E-16,-1.0));
#10488=DIRECTION('',(0.885536407736483,-0.442768203868241,-0.140647034154504));
#10489=DIRECTION('',(0.987620725642614,2.64211872097695E-16,-0.156860773557814));
#10490=CARTESIAN_POINT('',(7.82692307692307,-12.0,-15.4807569171224));
#10491=DIRECTION('',(0.156860773557814,2.94890624895311E-17,0.987620725642614));
#10492=DIRECTION('',(-0.987620725642614,-5.98378491740298E-16,0.156860773557814));
#10493=DIRECTION('',(-0.987620725642614,-2.64211872097695E-16,0.156860773557814));
#10494=DIRECTION('',(-5.2078691986681E-16,1.0,5.28562992494939E-17));
#10495=DIRECTION('',(0.987620725642614,2.53574682306875E-16,-0.156860773557814));
#10496=DIRECTION('',(1.87502523235675E-17,-1.309768817818E-16,-1.0));
#10497=DIRECTION('',(1.0,3.70074341541718E-16,0.0));
#10498=CARTESIAN_POINT('',(2.80000000000001,-6.5,-14.0));
#10499=DIRECTION('',(1.0,5.2078691986681E-16,-1.75939094930777E-16));
#10500=DIRECTION('',(-3.36735105915658E-16,0.833333333333333,0.552770798392566));
#10501=DIRECTION('',(-1.75939094930777E-16,-7.29533932638727E-32,-1.0));
#10502=DIRECTION('',(-1.0,-2.67523620391604E-16,-0.0));
#10503=DIRECTION('',(0.0,0.0,-1.0));
#10504=DIRECTION('',(0.0,0.0,1.0));
#10505=DIRECTION('',(1.0,3.70074341541718E-16,0.0));
#10506=DIRECTION('',(0.287347885566346,0.0,0.957826285221151));
#10507=CARTESIAN_POINT('',(2.1,-6.5,14.0));
#10508=DIRECTION('',(-1.0,-3.19814254812525E-16,3.62068515648842E-17));
#10509=DIRECTION('',(-2.62308906319784E-16,0.875,0.484122918275927));
#10510=CARTESIAN_POINT('',(1.8,-6.5,14.0));
#10511=DIRECTION('',(-1.0,-2.56205313375036E-16,-2.19128029228059E-32));
#10512=DIRECTION('',(2.1350442781253E-16,-0.833333333333333,-0.552770798392566));
#10513=DIRECTION('',(1.0,1.85037170770859E-16,0.0));
#10514=CARTESIAN_POINT('',(2.80000000000001,-6.5,14.0));
#10515=DIRECTION('',(1.0,3.08226173017366E-16,-1.87502523235675E-17));
#10516=DIRECTION('',(-2.606204745169E-16,0.875,0.484122918275927));
#10517=DIRECTION('',(1.0,1.85037170770859E-16,0.0));
#10518=DIRECTION('',(1.0,3.70074341541718E-16,0.0));
#10519=DIRECTION('',(1.87502523235675E-17,-1.309768817818E-16,1.0));
#10520=DIRECTION('',(-0.987620725642614,-2.53574682306875E-16,-0.156860773557814));
#10521=DIRECTION('',(-1.87502523235675E-17,1.309768817818E-16,-1.0));
#10522=DIRECTION('',(0.894427190999916,2.12788641706909E-16,-0.447213595499958));
#10523=DIRECTION('',(-3.62068515648843E-17,-1.04070431133675E-32,-1.0));
#10524=DIRECTION('',(-0.287049096607331,-0.95683032202444,-0.0455911284299956));
#10525=DIRECTION('',(0.0,0.0,-1.0));
#10526=DIRECTION('',(-0.987620725642614,-1.82746544867572E-16,-0.156860773557814));
#10527=DIRECTION('',(-0.885536407736483,0.442768203868241,-0.140647034154504));
#10528=DIRECTION('',(-3.08226173017366E-16,1.0,-1.90959271621871E-17));
#10529=DIRECTION('',(5.2078691986681E-16,-1.0,5.28562992494939E-17));
#10530=DIRECTION('',(-0.987620725642614,-3.65493089735144E-16,-0.156860773557814));
#10531=CARTESIAN_POINT('',(7.82692307692307,-12.0,15.4807569171224));
#10532=DIRECTION('',(-0.156860773557814,-2.94890624895311E-17,0.987620725642614));
#10533=DIRECTION('',(-0.987620725642614,-5.98378491740298E-16,-0.156860773557814));
#10534=DIRECTION('',(-0.987620725642614,-2.64211872097695E-16,-0.156860773557814));
#10535=DIRECTION('',(1.87502523235675E-17,7.17692337847355E-33,1.0));
#10536=DIRECTION('',(0.707106781186549,-9.81307786677361E-16,-0.707106781186546));
#10537=CARTESIAN_POINT('',(7.82692307692307,-12.0,-22.0));
#10538=DIRECTION('',(0.0,0.0,-1.0));
#10539=DIRECTION('',(-0.546308724832215,0.83758389261745,0.0));
#10540=CARTESIAN_POINT('',(7.82692307692307,-12.0,-21.5));
#10541=DIRECTION('',(0.0,0.0,1.0));
#10542=DIRECTION('',(-0.546308724832215,0.83758389261745,0.0));
#10543=DIRECTION('',(-3.06161699786838E-16,1.0,0.0));
#10544=DIRECTION('',(3.06161699786838E-16,-1.0,0.0));
#10545=DIRECTION('',(0.0,0.0,1.0));
#10546=DIRECTION('',(-3.06161699786838E-16,1.0,0.0));
#10547=CARTESIAN_POINT('',(7.82692307692307,-12.0,-11.5));
#10548=DIRECTION('',(0.0,0.0,-1.0));
#10549=DIRECTION('',(-0.546308724832215,0.83758389261745,0.0));
#10550=DIRECTION('',(-0.707106781186552,9.81307786677357E-16,-0.707106781186543));
#10551=CARTESIAN_POINT('',(7.82692307692307,-12.0,21.5));
#10552=DIRECTION('',(0.0,0.0,-1.0));
#10553=DIRECTION('',(-0.546308724832215,0.83758389261745,0.0));
#10554=CARTESIAN_POINT('',(7.82692307692307,-12.0,22.0));
#10555=DIRECTION('',(0.0,0.0,1.0));
#10556=DIRECTION('',(-0.546308724832215,0.83758389261745,0.0));
#10557=DIRECTION('',(-3.06161699786838E-16,1.0,0.0));
#10558=DIRECTION('',(3.06161699786838E-16,-1.0,0.0));
#10559=CARTESIAN_POINT('',(7.82692307692307,-12.0,-11.0));
#10560=DIRECTION('',(0.0,0.0,-1.0));
#10561=DIRECTION('',(0.634945397815913,-0.772557015237317,0.0));
#10562=DIRECTION('',(-0.707106781186547,1.57009245868378E-15,-0.707106781186548));
#10563=DIRECTION('',(-5.55111512312578E-16,1.0,0.0));
#10564=DIRECTION('',(0.707106781186547,-1.57009245868378E-15,-0.707106781186548));
#10565=CARTESIAN_POINT('',(7.82692307692307,-12.0,11.0));
#10566=DIRECTION('',(0.0,0.0,1.0));
#10567=DIRECTION('',(0.634945397815913,-0.772557015237317,0.0));
#10568=CARTESIAN_POINT('',(7.82692307692307,-12.0,11.5));
#10569=DIRECTION('',(0.0,0.0,1.0));
#10570=DIRECTION('',(-0.546308724832215,0.83758389261745,0.0));
#10571=DIRECTION('',(3.06161699786838E-16,-1.0,0.0));
#10572=DIRECTION('',(5.55111512312578E-16,-1.0,0.0));
#10573=DIRECTION('',(0.0,0.0,1.0));
#10574=DIRECTION('',(0.0,0.0,1.0));
#10575=DIRECTION('',(0.0,0.0,-1.0));
#10576=CARTESIAN_POINT('',(4.80000000000001,-6.5,14.0));
#10577=DIRECTION('',(-1.0,-3.08226173017366E-16,1.87502523235675E-17));
#10578=DIRECTION('',(-2.606204745169E-16,0.875,0.484122918275927));
#10579=DIRECTION('',(-1.87502523235675E-17,-7.17692337847355E-33,-1.0));
#10580=DIRECTION('',(0.0,0.0,1.0));
#10581=DIRECTION('',(0.0,0.0,1.0));
#10582=CARTESIAN_POINT('',(2.80000000000001,-6.5,14.0));
#10583=DIRECTION('',(1.0,5.2078691986681E-16,1.75939094930777E-16));
#10584=DIRECTION('',(-3.36735105915658E-16,0.833333333333333,-0.552770798392566));
#10585=DIRECTION('',(1.75939094930777E-16,7.29533932638727E-32,-1.0));
#10586=DIRECTION('',(-1.0,-2.67523620391604E-16,0.0));
#10587=DIRECTION('',(-1.0,-2.67523620391604E-16,0.0));
ENDSEC;
END-ISO-10303-21;
